Unnamed: 0,RecordingTime [ms],Time of Day [h:m:s:ms],Trial,Stimulus,Participant,Color,Tracking Ratio [%],Category Group,Index Right,Index Left,Pupil Diameter Right [mm],Pupil Diameter Left [mm],Point of Regard Right X [px],Point of Regard Right Y [px],Point of Regard Left X [px],Point of Regard Left Y [px],AOI Name Right,AOI Name Left,Gaze Vector Right X,Gaze Vector Right Y,Gaze Vector Right Z,Gaze Vector Left X,Gaze Vector Left Y,Gaze Vector Left Z,Annotation Name,Annotation Description,Annotation Tags,Mouse Position X [px],Mouse Position Y [px],Scroll Direction X,Scroll Direction Y,Content,Port Status,groupe d'enfants
219615,616374.694,11:41:24:583,Trial020,NoImage,20,Indigo,66.1256,Eye,73,73,2.7648,2.5288,665.489934528251,337.0989740347573,670.2419164156919,343.4689247394791,White Space,White Space,0,0,0,0,0,0,-,-,-,-,-,-,-,-,-,
5498,616435.495,11:41:24:644,Trial020,20 eye tracking (ballon gauche).avi,20,DarkCyan,66.1256,Eye,73,73,2.7547,2.6013,657.8998880207691,344.23752658778017,663.8573625442534,346.2245611802496,corps,corps,0.0000,0.0000,0.0000,0.0000,0.0000,0.0000,-,-,-,-,-,-,-,-,,
5501,616494.045,11:41:24:703,Trial020,20 eye tracking (ballon gauche).avi,20,DarkCyan,66.1256,Eye,73,73,2.4642,2.2794,658.576419564711,344.2830460761913,664.070525372601,349.6755463740737,corps,corps,0.0000,0.0000,0.0000,0.0000,0.0000,0.0000,-,-,-,-,-,-,-,-,,
5504,616556.556,11:41:24:765,Trial020,20 eye tracking (ballon gauche).avi,20,DarkCyan,66.1256,Eye,73,73,2.2416,2.2183,660.0515871286007,343.3010922829351,661.714634796711,351.96642514291983,corps,corps,0.0000,0.0000,0.0000,0.0000,0.0000,0.0000,-,-,-,-,-,-,-,-,,
219627,616633.289,11:41:24:842,Trial020,NoImage,20,Indigo,66.1256,Eye,73,73,3.2436,2.1399,660.9517529351364,344.09658434713185,659.0986810783263,350.1897084181492,White Space,White Space,0,0,0,0,0,0,-,-,-,-,-,-,-,-,-,
5510,616731.185,11:41:24:940,Trial020,20 eye tracking (ballon gauche).avi,20,DarkCyan,66.1256,Eye,73,73,2.9360,2.7385,665.8429193892642,345.70503449063875,663.5183038030312,347.63927992947316,corps,corps,0.0000,0.0000,0.0000,0.0000,0.0000,0.0000,-,-,-,-,-,-,-,-,,
219633,616772.562,11:41:24:981,Trial020,NoImage,20,Indigo,66.1256,Eye,73,73,2.6377,2.464,661.4070478093325,344.21825502800056,655.1354678382032,348.90627333618244,White Space,White Space,0,0,0,0,0,0,-,-,-,-,-,-,-,-,-,
5516,616859.114,11:41:25:068,Trial020,20 eye tracking (ballon gauche).avi,20,DarkCyan,66.1256,Eye,73,73,2.4683,2.4707,657.6841393339688,342.2666000938937,645.5340231990295,345.2254642658631,corps,corps,0.0000,0.0000,0.0000,0.0000,0.0000,0.0000,-,-,-,-,-,-,-,-,,
5519,616942.12,11:41:25:151,Trial020,20 eye tracking (ballon gauche).avi,20,DarkCyan,66.1256,Eye,73,73,2.5979,2.3782,658.1392017941704,343.1420667467989,645.7345313599153,346.78119547267636,corps,corps,0.0000,0.0000,0.0000,0.0000,0.0000,0.0000,-,-,-,-,-,-,-,-,,
219642,617011.32,11:41:25:220,Trial020,NoImage,20,Indigo,66.1256,Eye,75,75,2.6243,2.4697,662.8231930716331,345.8244794265009,649.4029313221585,346.3241346481859,White Space,White Space,0,0,0,0,0,0,-,-,-,-,-,-,-,-,-,
219645,617071.059,11:41:25:280,Trial020,NoImage,20,Indigo,66.1256,Eye,74,74,2.7411,2.4793,661.9156463713942,351.1168581274918,651.6833857417832,349.3715137054818,White Space,White Space,0,0,0,0,0,0,-,-,-,-,-,-,-,-,-,
219648,617150.677,11:41:25:359,Trial020,NoImage,20,Indigo,66.1256,Eye,74,74,2.7881,2.5047,655.3425612802233,352.57964946400597,651.4795908935274,345.91917260029464,White Space,White Space,0,0,0,0,0,0,-,-,-,-,-,-,-,-,-,
5531,617210.331,11:41:25:419,Trial020,20 eye tracking (ballon gauche).avi,20,DarkCyan,66.1256,Eye,74,74,2.6853,2.5059,656.4739354132433,352.6209154171969,662.2926458968268,351.1435156988374,corps,corps,0.0000,0.0000,0.0000,0.0000,0.0000,0.0000,-,-,-,-,-,-,-,-,,
5534,617270.066,11:41:25:479,Trial020,20 eye tracking (ballon gauche).avi,20,DarkCyan,66.1256,Eye,9,-,2.6208,2.4843,556.4142724619674,332.92497930430085,560.7783053246549,331.94163904146467,-,-,0.0000,0.0000,0.0000,0.0000,0.0000,0.0000,-,-,-,-,-,-,-,-,,
219657,617329.683,11:41:25:538,Trial020,NoImage,20,Indigo,66.1256,Eye,9,76,2.6208,2.6253,523.4209929327028,346.721933507946,531.6239306181062,351.4465690099934,White Space,White Space,0,0,0,0,0,0,-,-,-,-,-,-,-,-,-,
219660,617400.35,11:41:25:609,Trial020,NoImage,20,Indigo,66.1256,Eye,76,76,3.2834,2.8261,443.4946632219795,369.719532962161,449.6468664860321,369.6020585510988,-,-,0,0,0,0,0,0,-,-,-,-,-,-,-,-,-,
219663,617517.519,11:41:25:726,Trial020,NoImage,20,Indigo,66.1256,Eye,75,75,3.5185,2.8937,393.4429943745333,345.7290004889664,389.563160634594,345.7656042066032,White Space,White Space,0,0,0,0,0,0,-,-,-,-,-,-,-,-,-,
5546,617638.622,11:41:25:847,Trial020,20 eye tracking (ballon gauche).avi,20,DarkCyan,66.1256,Eye,75,75,3.6530,3.0378,348.72243573533234,327.74177669090346,353.3625949852255,327.8939390050645,-,-,0.0000,0.0000,0.0000,0.0000,0.0000,0.0000,-,-,-,-,-,-,-,-,,
219669,617727.545,11:41:25:936,Trial020,NoImage,20,Indigo,66.1256,Eye,75,75,3.7935,3.1602,327.07079750948736,314.23728327802877,330.8841043685923,314.47611453958297,White Space,White Space,0,0,0,0,0,0,-,-,-,-,-,-,-,-,-,
219672,617834.902,11:41:26:044,Trial020,NoImage,20,Indigo,66.1256,Eye,-,-,3.4417,3.0257,303.92862794904875,345.77519928480336,314.1400470799672,345.4624002059997,White Space,White Space,0,0,0,0,0,0,-,-,-,-,-,-,-,-,-,
5555,617926.541,11:41:26:135,Trial020,20 eye tracking (ballon gauche).avi,20,DarkCyan,66.1256,Eye,76,76,3.5104,2.9350,296.50554551291265,327.7355588010163,296.16772456684066,327.62566901784703,-,-,0.0000,0.0000,0.0000,0.0000,0.0000,0.0000,-,-,-,-,-,-,-,-,,
219678,618006.031,11:41:26:215,Trial020,NoImage,20,Indigo,66.1256,Eye,77,77,3.183,2.7307,296.8733774596981,314.19909143610766,292.21534375037555,314.24138362466414,White Space,White Space,0,0,0,0,0,0,-,-,-,-,-,-,-,-,-,
219681,618085.665,11:41:26:294,Trial020,NoImage,20,Indigo,66.1256,Eye,77,77,3.2643,2.7581,284.6912899813723,351.4821117722474,281.1977646993804,354.09744677140117,-,-,0,0,0,0,0,0,-,-,-,-,-,-,-,-,-,
219684,618185.042,11:41:26:394,Trial020,NoImage,20,Indigo,66.1256,Eye,78,78,3.32,2.1244,287.30416805771995,382.3546059848853,284.59482096436454,384.4879627185018,White Space,White Space,0,0,0,0,0,0,-,-,-,-,-,-,-,-,-,
5567,618264.669,11:41:26:473,Trial020,20 eye tracking (ballon gauche).avi,20,DarkCyan,66.1256,Eye,78,78,3.2769,1.9765,319.5899440530838,405.48278346879397,315.8484467557707,411.3063310151038,-,-,0.0000,0.0000,0.0000,0.0000,0.0000,0.0000,-,-,-,-,-,-,-,-,,
219690,618344.18,11:41:26:553,Trial020,NoImage,20,Indigo,66.1256,Eye,79,12,3.2165,2.2906,343.67202522303137,428.16933142615176,339.17372458176607,435.0745526531857,White Space,White Space,0,0,0,0,0,0,-,-,-,-,-,-,-,-,-,
219693,618403.896,11:41:26:613,Trial020,NoImage,20,Indigo,66.1256,Eye,79,12,3.236,2.2906,390.9751190091457,440.5358436217559,395.60098263294327,444.5833742238099,White Space,White Space,0,0,0,0,0,0,-,-,-,-,-,-,-,-,-,
5576,618503.29,11:41:26:712,Trial020,20 eye tracking (ballon gauche).avi,20,DarkCyan,66.1256,Eye,10,12,3.2660,3.1269,418.7756172652364,447.17770575452164,430.56042890162644,453.41123709220005,Pointage D,Pointage D,0.0000,0.0000,0.0000,0.0000,0.0000,0.0000,-,-,-,-,-,-,-,-,,
219699,618744.862,11:41:26:954,Trial020,NoImage,20,Indigo,66.1256,Eye,10,12,3.266,3.1269,372.42187495928533,403.8275786182753,389.54331417564185,408.62743664746756,White Space,White Space,0,0,0,0,0,0,-,-,-,-,-,-,-,-,-,
5582,618876.969,11:41:27:086,Trial020,20 eye tracking (ballon gauche).avi,20,DarkCyan,66.1256,Eye,10,12,3.2660,3.1269,343.1594308170175,371.36931591744604,356.0005102292849,375.09391896527364,-,-,0.0000,0.0000,0.0000,0.0000,0.0000,0.0000,-,-,-,-,-,-,-,-,,
219705,619009.107,11:41:27:218,Trial020,NoImage,20,Indigo,66.1256,Eye,10,12,3.266,3.1269,321.2066775160044,347.020235883843,330.8374870752049,349.9383976956472,White Space,White Space,0,0,0,0,0,0,-,-,-,-,-,-,-,-,-,
219708,619141.24,11:41:27:350,Trial020,NoImage,20,Indigo,66.1256,Eye,10,12,3.266,3.1269,304.7404193391334,328.7323705810257,311.96352650853373,331.0457014658123,White Space,White Space,0,0,0,0,0,0,-,-,-,-,-,-,-,-,-,
5591,619273.328,11:41:27:482,Trial020,20 eye tracking (ballon gauche).avi,20,DarkCyan,66.1256,Eye,10,12,3.2660,3.1269,292.3922199453997,315.0556411760179,297.80955032245,316.91534886554126,-,-,0.0000,0.0000,0.0000,0.0000,0.0000,0.0000,-,-,-,-,-,-,-,-,,
219714,619520.391,11:41:27:729,Trial020,NoImage,20,Indigo,66.1256,Eye,10,12,3.266,3.1269,283.11315921418685,304.8434495430923,287.17615699697456,306.3629398361682,White Space,White Space,0,0,0,0,0,0,-,-,-,-,-,-,-,-,-,
219717,619749.958,11:41:27:959,Trial020,NoImage,20,Indigo,66.1256,Eye,10,12,3.266,3.1269,276.14613736083754,297.1608903759692,279.19338569792836,298.42521762170963,White Space,White Space,0,0,0,0,0,0,-,-,-,-,-,-,-,-,-,
219720,619882.072,11:41:28:091,Trial020,NoImage,20,Indigo,66.1256,Eye,10,12,3.266,3.1269,270.9055254096891,291.3792374904869,273.1909616625073,292.4521924507256,White Space,White Space,0,0,0,0,0,0,-,-,-,-,-,-,-,-,-,
5603,620014.208,11:41:28:223,Trial020,20 eye tracking (ballon gauche).avi,20,DarkCyan,66.1256,Eye,10,12,3.2660,3.1269,266.96422913358117,287.06345886824045,268.6783063231947,287.99288461435293,-,-,0.0000,0.0000,0.0000,0.0000,0.0000,0.0000,-,-,-,-,-,-,-,-,,
219726,620146.335,11:41:28:355,Trial020,NoImage,20,Indigo,66.1256,Eye,10,12,3.266,3.1269,263.9944169081356,283.84093477166454,265.2799748003457,284.6627136071824,White Space,White Space,0,0,0,0,0,0,-,-,-,-,-,-,-,-,-,
5609,620278.445,11:41:28:487,Trial020,20 eye tracking (ballon gauche).avi,20,DarkCyan,66.1256,Eye,10,12,3.2660,3.1269,261.7558365386633,281.40379901825025,262.72000495782095,282.1448426708221,-,-,0.0000,0.0000,0.0000,0.0000,0.0000,0.0000,-,-,-,-,-,-,-,-,,
219732,620410.581,11:41:28:619,Trial020,NoImage,20,Indigo,66.1256,Eye,10,12,3.266,3.1269,260.0754309091367,279.5535702998573,260.79855722350493,280.2340625652196,White Space,White Space,0,0,0,0,0,0,-,-,-,-,-,-,-,-,-,
5615,620542.705,11:41:28:751,Trial020,20 eye tracking (ballon gauche).avi,20,DarkCyan,66.1256,Eye,10,12,3.2660,3.1269,258.8316421112498,278.173024921754,259.37398684702595,278.8081036467092,-,-,0.0000,0.0000,0.0000,0.0000,0.0000,0.0000,-,-,-,-,-,-,-,-,,
219738,620674.8,11:41:28:883,Trial020,NoImage,20,Indigo,66.1256,Eye,10,12,3.266,3.1269,257.9261957546474,277.1342187701495,258.3329543064795,277.7352373397993,White Space,White Space,0,0,0,0,0,0,-,-,-,-,-,-,-,-,-,
5621,620806.941,11:41:29:016,Trial020,20 eye tracking (ballon gauche).avi,20,DarkCyan,66.1256,Eye,10,12,3.2660,3.1269,257.2281464294591,276.3695500237376,257.53321534333327,276.9450234769084,-,-,0.0000,0.0000,0.0000,0.0000,0.0000,0.0000,-,-,-,-,-,-,-,-,,
219744,620939.06,11:41:29:148,Trial020,NoImage,20,Indigo,66.1256,Eye,10,12,3.266,3.1269,256.66205851531913,275.8103925919415,256.8908602007247,276.366707207753,White Space,White Space,0,0,0,0,0,0,-,-,-,-,-,-,-,-,-,
219747,621071.177,11:41:29:280,Trial020,NoImage,20,Indigo,66.1256,Eye,10,12,3.266,3.1269,256.2608054145655,275.4138777791739,256.43240667861966,275.955823266966,White Space,White Space,0,0,0,0,0,0,-,-,-,-,-,-,-,-,-,
5630,621203.308,11:41:29:412,Trial020,20 eye tracking (ballon gauche).avi,20,DarkCyan,66.1256,Eye,10,12,3.2660,3.1269,256.02447927014106,275.06540169321556,256.1531802181818,275.5965703349931,-,-,0.0000,0.0000,0.0000,0.0000,0.0000,0.0000,-,-,-,-,-,-,-,-,,
5633,621335.428,11:41:29:544,Trial020,20 eye tracking (ballon gauche).avi,20,DarkCyan,66.1256,Eye,10,12,3.2660,3.1269,0.0,274.8506497968702,0.0,275.37373580413674,-,-,0.0000,0.0000,0.0000,0.0000,0.0000,0.0000,-,-,-,-,-,-,-,-,,
219756,621467.565,11:41:29:676,Trial020,NoImage,20,Indigo,66.1256,Eye,10,12,3.266,3.1269,0.0,274.70254568924923,0.0,275.21956972063265,White Space,White Space,0,0,0,0,0,0,-,-,-,-,-,-,-,-,-,
219759,621599.664,11:41:29:808,Trial020,NoImage,20,Indigo,66.1256,Eye,10,12,3.266,3.1269,0.0,274.5806465221637,0.0,275.0931240716347,White Space,White Space,0,0,0,0,0,0,-,-,-,-,-,-,-,-,-,
5642,621731.804,11:41:29:940,Trial020,20 eye tracking (ballon gauche).avi,20,DarkCyan,66.1256,Eye,10,12,3.2660,3.1269,0.0,274.48657148482147,0.0,274.99563917285815,-,-,0.0000,0.0000,0.0000,0.0000,0.0000,0.0000,-,-,-,-,-,-,-,-,,
5645,621863.788,11:41:30:072,Trial020,20 eye tracking (ballon gauche).avi,20,DarkCyan,66.1256,Eye,10,12,3.2660,3.1269,0.0,274.4322356605978,0.0,274.93874595255875,-,-,0.0000,0.0000,0.0000,0.0000,0.0000,0.0000,-,-,-,-,-,-,-,-,,
219768,621995.905,11:41:30:205,Trial020,NoImage,20,Indigo,66.1256,Eye,10,12,3.266,3.1269,0.0,274.39735940265643,0.0,274.90195164756057,White Space,White Space,0,0,0,0,0,0,-,-,-,-,-,-,-,-,-,
219771,622128.039,11:41:30:337,Trial020,NoImage,20,Indigo,66.1256,Eye,10,12,3.266,3.1269,0.0,274.37742925696386,0.0,274.8805829665754,White Space,White Space,0,0,0,0,0,0,-,-,-,-,-,-,-,-,-,
219774,622260.16,11:41:30:469,Trial020,NoImage,20,Indigo,66.1256,Eye,10,12,3.266,3.1269,0.0,274.3601739194426,0.0,274.8622487275847,White Space,White Space,0,0,0,0,0,0,-,-,-,-,-,-,-,-,-,
219777,622392.276,11:41:30:601,Trial020,NoImage,20,Indigo,66.1256,Eye,10,12,3.266,3.1269,0.0,274.38894242588367,0.0,274.89020805792364,White Space,White Space,0,0,0,0,0,0,-,-,-,-,-,-,-,-,-,
5660,622524.41,11:41:30:733,Trial020,20 eye tracking (ballon gauche).avi,20,DarkCyan,66.1256,Eye,10,12,3.2660,3.1269,0.0,274.41901870564124,0.0,274.9196774556047,-,-,0.0000,0.0000,0.0000,0.0000,0.0000,0.0000,-,-,-,-,-,-,-,-,,
219783,622656.521,11:41:30:865,Trial020,NoImage,20,Indigo,66.1256,Eye,10,12,3.266,3.1269,0.0,274.4700286522484,0.0,274.9702322406544,White Space,White Space,0,0,0,0,0,0,-,-,-,-,-,-,-,-,-,
219786,622788.664,11:41:30:997,Trial020,NoImage,20,Indigo,66.1256,Eye,10,12,3.266,3.1269,0.0,274.5628537102695,0.0,275.06271592750744,White Space,White Space,0,0,0,0,0,0,-,-,-,-,-,-,-,-,-,
219789,622920.766,11:41:31:129,Trial020,NoImage,20,Indigo,66.1256,Eye,10,12,3.266,3.1269,0.0,274.6565476090289,0.0,275.15615379789085,White Space,White Space,0,0,0,0,0,0,-,-,-,-,-,-,-,-,-,
219792,623052.901,11:41:31:262,Trial020,NoImage,20,Indigo,66.1256,Eye,10,12,3.266,3.1269,0.0,274.7343417745091,0.0,275.233755942089,White Space,White Space,0,0,0,0,0,0,-,-,-,-,-,-,-,-,-,
5675,623185.042,11:41:31:394,Trial020,20 eye tracking (ballon gauche).avi,20,DarkCyan,66.1256,Eye,10,12,3.2660,3.1269,0.0,274.7466852481622,0.0,275.24595539978054,-,-,0.0000,0.0000,0.0000,0.0000,0.0000,0.0000,-,-,-,-,-,-,-,-,,
219798,623317.135,11:41:31:526,Trial020,NoImage,20,Indigo,66.1256,Eye,10,12,3.266,3.1269,0.0,274.74570659537653,0.0,275.2448687350238,White Space,White Space,0,0,0,0,0,0,-,-,-,-,-,-,-,-,-,
5681,623449.278,11:41:31:658,Trial020,20 eye tracking (ballon gauche).avi,20,DarkCyan,66.1256,Eye,10,12,3.2660,3.1269,0.0,274.7979946495448,0.0,275.2970757802137,-,-,0.0000,0.0000,0.0000,0.0000,0.0000,0.0000,-,-,-,-,-,-,-,-,,
5684,623581.395,11:41:31:790,Trial020,20 eye tracking (ballon gauche).avi,20,DarkCyan,66.1256,Eye,10,12,3.2660,3.1269,0.0,274.845479707114,0.0,275.3445000810491,-,-,0.0000,0.0000,0.0000,0.0000,0.0000,0.0000,-,-,-,-,-,-,-,-,,
219807,623713.503,11:41:31:922,Trial020,NoImage,20,Indigo,66.1256,Eye,10,12,3.266,3.1269,0.0,274.8477547594857,0.0,275.3467295658705,White Space,White Space,0,0,0,0,0,0,-,-,-,-,-,-,-,-,-,
219810,623845.632,11:41:32:054,Trial020,NoImage,20,Indigo,66.1256,Eye,10,12,3.266,3.1269,0.0,274.844129737548,0.0,275.34307036826993,White Space,White Space,0,0,0,0,0,0,-,-,-,-,-,-,-,-,-,
219813,623977.757,11:41:32:186,Trial020,NoImage,20,Indigo,66.1256,Eye,10,12,3.266,3.1269,0.0,274.8119186691094,0.0,275.31083366808434,White Space,White Space,0,0,0,0,0,0,-,-,-,-,-,-,-,-,-,
219816,624109.895,11:41:32:319,Trial020,NoImage,20,Indigo,66.1256,Eye,10,12,3.266,3.1269,0.0,274.77632076765593,0.0,275.27521654282054,White Space,White Space,0,0,0,0,0,0,-,-,-,-,-,-,-,-,-,
219819,624242.005,11:41:32:451,Trial020,NoImage,20,Indigo,66.1256,Eye,10,12,3.266,3.1269,0.0,274.73955449189697,0.0,275.2384358492039,White Space,White Space,0,0,0,0,0,0,-,-,-,-,-,-,-,-,-,
5702,624374.116,11:41:32:583,Trial020,20 eye tracking (ballon gauche).avi,20,DarkCyan,66.1256,Eye,10,12,3.2660,3.1269,0.0,274.69733166295464,0.0,275.19620220686824,-,-,0.0000,0.0000,0.0000,0.0000,0.0000,0.0000,-,-,-,-,-,-,-,-,,
5705,624506.25,11:41:32:715,Trial020,20 eye tracking (ballon gauche).avi,20,DarkCyan,66.1256,Eye,10,12,3.2660,3.1269,0.0,274.6675999402408,0.0,275.16646237410947,-,-,0.0000,0.0000,0.0000,0.0000,0.0000,0.0000,-,-,-,-,-,-,-,-,,
219828,624638.917,11:41:32:848,Trial020,NoImage,20,Indigo,66.1256,Eye,10,12,3.266,3.1269,0.0,274.59423396330703,0.0,275.093090314642,White Space,White Space,0,0,0,0,0,0,-,-,-,-,-,-,-,-,-,
5711,624770.536,11:41:32:979,Trial020,20 eye tracking (ballon gauche).avi,20,DarkCyan,66.1256,Eye,10,12,3.2660,3.1269,0.0,274.5557513965181,0.0,275.0546031859527,-,-,0.0000,0.0000,0.0000,0.0000,0.0000,0.0000,-,-,-,-,-,-,-,-,,
219834,624998.538,11:41:33:207,Trial020,NoImage,20,Indigo,66.1256,Eye,10,79,3.266,3.0226,319.17990392665524,298.81550557031954,316.77878382236224,296.0419946262313,White Space,White Space,0,0,0,0,0,0,-,-,-,-,-,-,-,-,-,
5717,625061.5,11:41:33:270,Trial020,20 eye tracking (ballon gauche).avi,20,DarkCyan,66.1256,Eye,79,79,5.2164,3.2075,413.1655426552204,308.4077566838995,401.89047862756297,311.10670798703126,corps,corps,0.0000,0.0000,0.0000,0.0000,0.0000,0.0000,-,-,-,-,-,-,-,-,,
219840,625117.898,11:41:33:327,Trial020,NoImage,20,Indigo,66.1256,Eye,79,79,3.6056,3.1416,474.89589620793197,313.0905263545464,461.27605021237525,312.9406382611708,White Space,White Space,0,0,0,0,0,0,-,-,-,-,-,-,-,-,-,
219843,625208.776,11:41:33:417,Trial020,NoImage,20,Indigo,66.1256,Eye,80,80,4.7109,2.8543,515.7559697929627,319.7214372788237,515.788060800025,322.05295340418627,White Space,White Space,0,0,0,0,0,0,-,-,-,-,-,-,-,-,-,
5726,625257.036,11:41:33:466,Trial020,20 eye tracking (ballon gauche).avi,20,DarkCyan,66.1256,Eye,80,80,4.3237,2.7242,545.6192872505811,327.279237160833,548.5553571449656,331.84509311341054,corps,corps,0.0000,0.0000,0.0000,0.0000,0.0000,0.0000,-,-,-,-,-,-,-,-,,
219849,625319.231,11:41:33:528,Trial020,NoImage,20,Indigo,66.1256,Eye,80,80,4.0225,2.5493,568.3103617652653,332.1611320483002,574.3706426060164,334.4575128878925,White Space,White Space,0,0,0,0,0,0,-,-,-,-,-,-,-,-,-,
5732,625421.575,11:41:33:630,Trial020,20 eye tracking (ballon gauche).avi,20,DarkCyan,66.1256,Eye,80,80,3.3581,2.5478,580.5348016186676,334.7968067441936,598.4242777328511,334.0465447840489,corps,corps,0.0000,0.0000,0.0000,0.0000,0.0000,0.0000,-,-,-,-,-,-,-,-,,
219855,625476.442,11:41:33:685,Trial020,NoImage,20,Indigo,66.1256,Eye,80,80,3.2396,2.8706,594.3078562093991,339.674663763933,612.6586269618649,342.7246742131623,White Space,White Space,0,0,0,0,0,0,-,-,-,-,-,-,-,-,-,
5738,625535.523,11:41:33:744,Trial020,20 eye tracking (ballon gauche).avi,20,DarkCyan,66.1256,Eye,82,81,3.0210,2.7144,610.5563795765834,346.6243964678294,625.8593764222862,347.0373251894111,corps,corps,0.0000,0.0000,0.0000,0.0000,0.0000,0.0000,-,-,-,-,-,-,-,-,,
219861,625595.259,11:41:33:804,Trial020,NoImage,20,Indigo,66.1256,Eye,81,81,2.7894,2.628,619.6085242975158,348.56469333383166,626.6815367991204,345.0144719168629,White Space,White Space,0,0,0,0,0,0,-,-,-,-,-,-,-,-,-,
5744,625654.901,11:41:33:864,Trial020,20 eye tracking (ballon gauche).avi,20,DarkCyan,66.1256,Eye,83,82,3.6594,2.4860,625.7172792937687,349.94849909297585,635.3441045304256,347.6947007779037,corps,corps,0.0000,0.0000,0.0000,0.0000,0.0000,0.0000,-,-,-,-,-,-,-,-,,
219867,625714.518,11:41:33:923,Trial020,NoImage,20,Indigo,66.1256,Eye,83,82,3.6207,2.4688,616.2171165755285,355.6753665649099,618.7841221456071,348.80379355626604,White Space,White Space,0,0,0,0,0,0,-,-,-,-,-,-,-,-,-,
5750,625774.283,11:41:33:983,Trial020,20 eye tracking (ballon gauche).avi,20,DarkCyan,66.1256,Eye,83,82,3.6901,2.5209,619.0828996977191,353.30015741380595,629.9341741934755,352.158407669162,corps,corps,0.0000,0.0000,0.0000,0.0000,0.0000,0.0000,-,-,-,-,-,-,-,-,,
219873,625853.788,11:41:34:062,Trial020,NoImage,20,Indigo,66.1256,Eye,83,82,3.6627,2.5248,628.7392627474411,351.5571129314651,637.1224093821602,354.19388803370987,White Space,White Space,0,0,0,0,0,0,-,-,-,-,-,-,-,-,-,
219876,625913.414,11:41:34:122,Trial020,NoImage,20,Indigo,66.1256,Eye,83,82,3.6375,2.4951,628.1543333833054,355.9403239345709,641.9335522537531,357.3333124599703,White Space,White Space,0,0,0,0,0,0,-,-,-,-,-,-,-,-,-,
5759,625973.147,11:41:34:182,Trial020,20 eye tracking (ballon gauche).avi,20,DarkCyan,66.1256,Eye,82,82,3.7164,2.5697,635.7251853827779,356.2014731318832,645.4823069714795,358.79403039121524,corps,corps,0.0000,0.0000,0.0000,0.0000,0.0000,0.0000,-,-,-,-,-,-,-,-,,
219882,626032.763,11:41:34:241,Trial020,NoImage,20,Indigo,66.1256,Eye,82,82,3.7815,2.55,637.9408721774346,356.34354824839727,649.5965655358802,364.40403735362224,White Space,White Space,0,0,0,0,0,0,-,-,-,-,-,-,-,-,-,
219885,626092.409,11:41:34:301,Trial020,NoImage,20,Indigo,66.1256,Eye,82,82,3.8408,2.6126,640.1772764777357,362.2884389258571,638.9006908657649,367.6503069209811,White Space,White Space,0,0,0,0,0,0,-,-,-,-,-,-,-,-,-,
219888,626157.196,11:41:34:366,Trial020,NoImage,20,Indigo,66.1256,Eye,82,82,3.839,2.6796,640.4191513826663,365.5352942346955,636.5747097081289,365.2409835681254,White Space,White Space,0,0,0,0,0,0,-,-,-,-,-,-,-,-,-,
5771,626211.8,11:41:34:420,Trial020,20 eye tracking (ballon gauche).avi,20,DarkCyan,66.1256,Eye,82,82,3.8543,2.6821,643.9273424148952,370.1472029254015,638.5148427011718,369.208802596943,corps,corps,0.0000,0.0000,0.0000,0.0000,0.0000,0.0000,-,-,-,-,-,-,-,-,,
5774,626271.542,11:41:34:480,Trial020,20 eye tracking (ballon gauche).avi,20,DarkCyan,66.1256,Eye,82,82,3.7444,2.6045,640.0841622490627,370.06382733787217,634.5780157799677,370.7990396883469,corps,corps,0.0000,0.0000,0.0000,0.0000,0.0000,0.0000,-,-,-,-,-,-,-,-,,
219897,626331.147,11:41:34:540,Trial020,NoImage,20,Indigo,66.1256,Eye,82,82,3.7953,2.6694,645.5548564661236,374.429274075468,635.8017303254892,371.50309460248013,White Space,White Space,0,0,0,0,0,0,-,-,-,-,-,-,-,-,-,
5780,626392.336,11:41:34:601,Trial020,20 eye tracking (ballon gauche).avi,20,DarkCyan,66.1256,Eye,11,13,3.7983,2.5763,548.0600403383245,349.62324065833974,540.7451957328486,347.55331557953224,-,-,0.0000,0.0000,0.0000,0.0000,0.0000,0.0000,-,-,-,-,-,-,-,-,,
5783,626450.527,11:41:34:659,Trial020,20 eye tracking (ballon gauche).avi,20,DarkCyan,66.1256,Eye,11,13,3.7983,2.5763,474.9299124143772,330.99747676588953,469.4437789602703,329.56974248271734,-,-,0.0000,0.0000,0.0000,0.0000,0.0000,0.0000,-,-,-,-,-,-,-,-,,
5786,626517.457,11:41:34:726,Trial020,20 eye tracking (ballon gauche).avi,20,DarkCyan,66.1256,Eye,85,83,4.0333,3.0864,512.6407586828542,328.6689480175152,510.5727219647244,331.23808328115024,corps,corps,0.0000,0.0000,0.0000,0.0000,0.0000,0.0000,-,-,-,-,-,-,-,-,,
5789,626569.898,11:41:34:779,Trial020,20 eye tracking (ballon gauche).avi,20,DarkCyan,66.1256,Eye,85,83,4.3495,3.3332,545.7127923023722,343.38421537478393,549.0568559481675,345.19886940724854,corps,corps,0.0000,0.0000,0.0000,0.0000,0.0000,0.0000,-,-,-,-,-,-,-,-,,
5792,626639.564,11:41:34:848,Trial020,20 eye tracking (ballon gauche).avi,20,DarkCyan,66.1256,Eye,83,83,4.2124,3.3198,571.9763756945476,350.6688967886459,574.7766094173496,349.78018183039444,corps,corps,0.0000,0.0000,0.0000,0.0000,0.0000,0.0000,-,-,-,-,-,-,-,-,,
5795,626742.863,11:41:34:952,Trial020,20 eye tracking (ballon gauche).avi,20,DarkCyan,66.1256,Eye,83,83,4.2393,3.2785,589.1147077733978,351.9645872049187,597.9092136410568,354.14806129942514,corps,corps,0.0000,0.0000,0.0000,0.0000,0.0000,0.0000,-,-,-,-,-,-,-,-,,
219918,626789.992,11:41:34:999,Trial020,NoImage,20,Indigo,66.1256,Eye,83,83,4.2455,3.2059,608.0520155764668,354.6497656768858,612.6679095809678,360.3977912096171,White Space,White Space,0,0,0,0,0,0,-,-,-,-,-,-,-,-,-,
5801,626868.151,11:41:35:077,Trial020,20 eye tracking (ballon gauche).avi,20,DarkCyan,66.1256,Eye,83,83,4.0605,3.1456,617.3076879800602,356.5292493870979,616.3502353459191,360.8894642205054,corps,corps,0.0000,0.0000,0.0000,0.0000,0.0000,0.0000,-,-,-,-,-,-,-,-,,
5804,626928.134,11:41:35:137,Trial020,20 eye tracking (ballon gauche).avi,20,DarkCyan,66.1256,Eye,83,83,3.9688,3.1835,620.8766660234372,357.73888963233355,624.0631404352018,358.15709434824964,corps,corps,0.0000,0.0000,0.0000,0.0000,0.0000,0.0000,-,-,-,-,-,-,-,-,,
219927,627007.384,11:41:35:216,Trial020,NoImage,20,Indigo,66.1256,Eye,83,83,3.8774,3.0781,631.4529966697719,356.50845212005976,625.6394970468551,359.8955528209992,White Space,White Space,0,0,0,0,0,0,-,-,-,-,-,-,-,-,-,
219930,627067.132,11:41:35:276,Trial020,NoImage,20,Indigo,66.1256,Eye,83,83,3.7635,2.9893,647.734524579595,360.2604237400639,636.1736627613035,358.566946538217,White Space,White Space,0,0,0,0,0,0,-,-,-,-,-,-,-,-,-,
219933,627126.75,11:41:35:335,Trial020,NoImage,20,Indigo,66.1256,Eye,83,83,3.7907,3.0358,646.9365817205006,360.29229032519953,641.6708717420028,358.62114468173525,White Space,White Space,0,0,0,0,0,0,-,-,-,-,-,-,-,-,-,
5816,627198.123,11:41:35:407,Trial020,20 eye tracking (ballon gauche).avi,20,DarkCyan,66.1256,Eye,83,83,3.7865,3.0727,651.1537589169599,354.3157858057789,645.8543534738039,356.2992324437011,corps,corps,0.0000,0.0000,0.0000,0.0000,0.0000,0.0000,-,-,-,-,-,-,-,-,,
219939,627246.135,11:41:35:455,Trial020,NoImage,20,Indigo,66.1256,Eye,83,83,3.8426,3.0506,655.9696478266192,356.2307982850445,650.5765822416197,358.17353001106244,White Space,White Space,0,0,0,0,0,0,-,-,-,-,-,-,-,-,-,
219942,627317.265,11:41:35:526,Trial020,NoImage,20,Indigo,66.1256,Eye,83,83,3.8547,2.9404,651.133471484228,358.4648945362979,650.2135439653275,357.3297223177182,White Space,White Space,0,0,0,0,0,0,-,-,-,-,-,-,-,-,-,
5825,627365.373,11:41:35:574,Trial020,20 eye tracking (ballon gauche).avi,20,DarkCyan,66.1256,Eye,83,83,3.6960,2.9424,650.4971374026667,353.57497059011905,646.7331876514651,359.87345172961085,corps,corps,0.0000,0.0000,0.0000,0.0000,0.0000,0.0000,-,-,-,-,-,-,-,-,,
219948,627425.131,11:41:35:634,Trial020,NoImage,20,Indigo,66.1256,Eye,84,84,3.7622,2.9741,658.4735375285917,353.4590199196511,648.0745294160679,363.46328648378545,White Space,White Space,0,0,0,0,0,0,-,-,-,-,-,-,-,-,-,
5831,627484.747,11:41:35:693,Trial020,20 eye tracking (ballon gauche).avi,20,DarkCyan,66.1256,Eye,84,84,3.7830,2.9065,659.1150787076821,357.06949349021636,650.4246173843843,362.85198238635763,corps,corps,0.0000,0.0000,0.0000,0.0000,0.0000,0.0000,-,-,-,-,-,-,-,-,,
5834,627544.521,11:41:35:753,Trial020,20 eye tracking (ballon gauche).avi,20,DarkCyan,66.1256,Eye,84,84,3.8043,2.9442,655.1557111738047,357.980097480947,640.6238119548124,359.663323410997,corps,corps,0.0000,0.0000,0.0000,0.0000,0.0000,0.0000,-,-,-,-,-,-,-,-,,
219957,627604.122,11:41:35:813,Trial020,NoImage,20,Indigo,66.1256,Eye,84,84,3.7602,2.9422,643.8756737002628,358.7708044389811,640.972968097733,357.86584194771103,White Space,White Space,0,0,0,0,0,0,-,-,-,-,-,-,-,-,-,
5840,627663.761,11:41:35:872,Trial020,20 eye tracking (ballon gauche).avi,20,DarkCyan,66.1256,Eye,12,14,3.7249,2.9622,546.6173759944581,337.9023121552039,544.4403467925607,337.34829981268484,-,-,0.0000,0.0000,0.0000,0.0000,0.0000,0.0000,-,-,-,-,-,-,-,-,,
219963,627723.498,11:41:35:932,Trial020,NoImage,20,Indigo,66.1256,Eye,12,14,3.7249,2.9622,473.69487406786527,322.27967952982516,472.0621021664423,321.9888797988693,White Space,White Space,0,0,0,0,0,0,-,-,-,-,-,-,-,-,-,
5846,627928.708,11:41:36:137,Trial020,20 eye tracking (ballon gauche).avi,20,DarkCyan,66.1256,Eye,12,14,3.7249,2.9622,419.0110575621666,310.5274007945441,417.78647863609933,310.4340105222606,-,-,0.0000,0.0000,0.0000,0.0000,0.0000,0.0000,-,-,-,-,-,-,-,-,,
5849,628060.823,11:41:36:269,Trial020,20 eye tracking (ballon gauche).avi,20,DarkCyan,66.1256,Eye,12,14,3.7249,2.9622,377.9690260068892,301.67358102199427,377.0505918123387,301.7282478437151,-,-,0.0000,0.0000,0.0000,0.0000,0.0000,0.0000,-,-,-,-,-,-,-,-,,
219972,628307.771,11:41:36:516,Trial020,NoImage,20,Indigo,66.1256,Eye,12,14,3.7249,2.9622,347.1890949129077,295.0228629666804,346.5002692669949,295.1885726089045,White Space,White Space,0,0,0,0,0,0,-,-,-,-,-,-,-,-,-,
5855,628541.067,11:41:36:750,Trial020,20 eye tracking (ballon gauche).avi,20,DarkCyan,66.1256,Eye,12,14,3.7249,2.9622,324.11355969937006,290.0592597586076,323.5969404649354,290.30825151620905,-,-,0.0000,0.0000,0.0000,0.0000,0.0000,0.0000,-,-,-,-,-,-,-,-,,
219978,628673.161,11:41:36:882,Trial020,NoImage,20,Indigo,66.1256,Eye,12,14,3.7249,2.9622,306.7794880759529,286.3763501270282,306.39202365012693,286.6878034711628,White Space,White Space,0,0,0,0,0,0,-,-,-,-,-,-,-,-,-,
219981,628805.176,11:41:37:014,Trial020,NoImage,20,Indigo,66.1256,Eye,12,14,3.7249,2.9622,293.8079876171092,283.5950896407517,293.5173892977397,283.9533891747861,White Space,White Space,0,0,0,0,0,0,-,-,-,-,-,-,-,-,-,
219984,629055.594,11:41:37:264,Trial020,NoImage,20,Indigo,66.1256,Eye,12,14,3.7249,2.9622,284.09609210819934,281.52233757153135,283.8781433686722,281.91577174799056,White Space,White Space,0,0,0,0,0,0,-,-,-,-,-,-,-,-,-,
2,629713.188,11:41:37:922,Trial021,21 neutre4.avi,20,DarkCyan,71.5875,Eye,-,-,4.8752,1.6303,366.299010616404,296.35994059046465,363.3250787522472,300.2195549098528,-,-,0.0000,0.0000,0.0000,0.0000,0.0000,0.0000,-,-,-,-,-,-,-,-,,
219990,629772.956,11:41:37:982,Trial021,NoImage,20,Indigo,71.5875,Eye,-,1,4.9155,1.6303,429.26613794573325,307.638810739197,427.3544889046889,313.5942660898806,White Space,White Space,0,0,0,0,0,0,-,-,-,-,-,-,-,-,-,
8,629832.698,11:41:38:042,Trial021,21 neutre4.avi,20,DarkCyan,71.5875,Eye,-,1,4.8539,1.6303,554.8905302756953,303.67283070168986,561.8610373410806,310.3451734813021,-,-,0.0000,0.0000,0.0000,0.0000,0.0000,0.0000,-,-,-,-,-,-,-,-,,
219996,629892.439,11:41:38:102,Trial021,NoImage,20,Indigo,71.5875,Eye,-,1,5.2412,6.9864,569.918766338136,312.04304924596266,575.0245595600023,321.3909707460684,White Space,White Space,0,0,0,0,0,0,-,-,-,-,-,-,-,-,-,
14,629952.075,11:41:38:161,Trial021,21 neutre4.avi,20,DarkCyan,0.0,Eye,-,1,5.6964,2.3285,581.1899433849668,318.3207131541672,584.8972012241936,329.67531869464307,-,-,0.0000,0.0000,0.0000,0.0000,0.0000,0.0000,-,-,-,-,-,-,-,-,,
220002,630011.832,11:41:38:221,Trial021,NoImage,20,Indigo,0.0,Eye,-,1,5.5439,2.3285,589.6433261700897,323.02896108532065,592.3016824723371,335.8885796560741,White Space,White Space,0,0,0,0,0,0,-,-,-,-,-,-,-,-,-,
220005,630071.588,11:41:38:281,Trial021,NoImage,20,Indigo,0.0,Eye,-,1,5.1602,3.2543,595.9833632589321,326.5601470336857,597.8550434084447,340.54852537714737,White Space,White Space,0,0,0,0,0,0,-,-,-,-,-,-,-,-,-,
23,630131.304,11:41:38:340,Trial021,21 neutre4.avi,20,DarkCyan,71.5875,Eye,-,1,5.3126,3.6276,709.9486599061386,329.28978422718205,698.9805343079372,340.72712807102846,-,-,0.0000,0.0000,0.0000,0.0000,0.0000,0.0000,-,-,-,-,-,-,-,-,,
220011,630191.073,11:41:38:400,Trial021,NoImage,20,Indigo,71.5875,Eye,-,-,5.2259,5.7461,596.0812696974778,318.58548172511956,587.8551754988268,324.46308514034246,White Space,White Space,0,0,0,0,0,0,-,-,-,-,-,-,-,-,-,
220014,630250.69,11:41:38:460,Trial021,NoImage,20,Indigo,71.5875,Eye,-,2,5.3297,4.1673,510.6895829540314,307.7310538267143,504.52001230504317,312.26396591406495,White Space,White Space,0,0,0,0,0,0,-,-,-,-,-,-,-,-,-,
220017,630310.321,11:41:38:519,Trial021,NoImage,20,Indigo,71.5875,Eye,-,2,5.0497,4.7548,446.6345717067521,299.60565371431403,442.007393720011,303.13004730576046,White Space,White Space,0,0,0,0,0,0,-,-,-,-,-,-,-,-,-,
35,630370.072,11:41:38:579,Trial021,21 neutre4.avi,20,DarkCyan,71.5875,Eye,-,2,4.9379,4.7548,398.6011194783192,293.4862883815469,395.1307359882634,296.2542931010651,-,-,0.0000,0.0000,0.0000,0.0000,0.0000,0.0000,-,-,-,-,-,-,-,-,,
38,630429.803,11:41:38:639,Trial021,21 neutre4.avi,20,DarkCyan,71.5875,Eye,-,2,4.6329,5.0640,466.15196501707044,322.0968686755306,460.86478890928845,324.707289657858,-,-,0.0000,0.0000,0.0000,0.0000,0.0000,0.0000,-,-,-,-,-,-,-,-,,
220026,630489.44,11:41:38:699,Trial021,NoImage,20,Indigo,71.5875,Eye,-,2,4.8083,5.064,490.6102227604422,342.2943607748202,484.04959734511647,342.99061624585187,White Space,White Space,0,0,0,0,0,0,-,-,-,-,-,-,-,-,-,
44,630549.188,11:41:38:758,Trial021,21 neutre4.avi,20,DarkCyan,71.5875,Eye,-,2,4.3427,5.0640,431.509558830915,325.4487342986381,426.58908976942064,326.09563542784537,-,-,0.0000,0.0000,0.0000,0.0000,0.0000,0.0000,-,-,-,-,-,-,-,-,,
47,630608.827,11:41:38:818,Trial021,21 neutre4.avi,20,DarkCyan,71.5875,Eye,1,2,4.6544,5.0640,387.1451110860761,312.6915316874764,383.45475928995535,313.30141706031526,-,-,0.0000,0.0000,0.0000,0.0000,0.0000,0.0000,-,-,-,-,-,-,-,-,,
220035,630668.441,11:41:38:878,Trial021,NoImage,20,Indigo,71.5875,Eye,1,2,4.6544,5.064,353.8891955812998,303.12848659329654,351.12143173420924,303.71061014885913,-,-,0,0,0,0,0,0,-,-,-,-,-,-,-,-,-,
220038,630988.432,11:41:39:198,Trial021,NoImage,20,Indigo,71.5875,Eye,1,2,4.5322,5.064,435.7658243279725,315.8129212589882,421.3365746736017,316.4560920024717,White Space,White Space,0,0,0,0,0,0,-,-,-,-,-,-,-,-,-,
220041,631048.05,11:41:39:257,Trial021,NoImage,20,Indigo,71.5875,Eye,1,2,4.3375,2.8759,489.0626035316857,334.54573858210387,483.0249124163957,333.4511746952215,White Space,White Space,0,0,0,0,0,0,-,-,-,-,-,-,-,-,-,
59,631107.699,11:41:39:317,Trial021,21 neutre4.avi,20,DarkCyan,71.5875,Eye,1,2,3.9735,4.6893,466.7626706839292,346.376437112702,455.19396052704485,346.4582020699576,-,-,0.0000,0.0000,0.0000,0.0000,0.0000,0.0000,-,-,-,-,-,-,-,-,,
62,631167.315,11:41:39:376,Trial021,21 neutre4.avi,20,DarkCyan,71.5875,Eye,1,1,3.5947,2.3938,407.11972721367886,354.72184524172644,398.44319459601564,359.6039882726457,-,-,0.0000,0.0000,0.0000,0.0000,0.0000,0.0000,-,-,-,-,-,-,-,-,,
220050,631226.917,11:41:39:436,Trial021,NoImage,20,Indigo,71.5875,Eye,1,1,3.2785,4.2892,359.4332921770102,360.35466335123624,352.9258927137627,364.6628467955351,-,-,0,0,0,0,0,0,-,-,-,-,-,-,-,-,-,
68,631286.673,11:41:39:496,Trial021,21 neutre4.avi,20,DarkCyan,71.5875,Eye,2,3,2.9118,1.8027,323.3572844568867,366.93506336234935,318.47673485945114,373.5168083748675,-,-,0.0000,0.0000,0.0000,0.0000,0.0000,0.0000,-,-,-,-,-,-,-,-,,
71,631346.302,11:41:39:555,Trial021,21 neutre4.avi,20,DarkCyan,71.5875,Eye,2,2,2.5922,3.8504,303.84267328082177,343.9008990981596,300.1822610827451,348.9619173834816,-,-,0.0000,0.0000,0.0000,0.0000,0.0000,0.0000,-,-,-,-,-,-,-,-,,
74,631405.925,11:41:39:615,Trial021,21 neutre4.avi,20,DarkCyan,71.5875,Eye,2,2,2.8958,3.8504,290.72819605435666,326.6313056486866,287.9828869057991,330.5517788886116,-,-,0.0000,0.0000,0.0000,0.0000,0.0000,0.0000,-,-,-,-,-,-,-,-,,
220062,631465.534,11:41:39:675,Trial021,NoImage,20,Indigo,71.5875,Eye,3,2,3.6221,3.6319,281.3822333494633,313.7046558988568,279.3232514880452,316.7697203547339,White Space,White Space,0,0,0,0,0,0,-,-,-,-,-,-,-,-,-,
220065,631670.62,11:41:39:880,Trial021,NoImage,20,Indigo,71.5875,Eye,2,3,3.1663,3.6319,274.43249465082505,304.0057666100967,272.88825825476147,306.429274477938,White Space,White Space,0,0,0,0,0,0,-,-,-,-,-,-,-,-,-,
83,631914.043,11:41:40:123,Trial021,21 neutre4.avi,20,DarkCyan,71.5875,Eye,2,3,3.1663,3.6319,269.2409007787125,296.7380089641657,268.0827234816648,298.6803493909801,-,-,0.0000,0.0000,0.0000,0.0000,0.0000,0.0000,-,-,-,-,-,-,-,-,,
86,632353.105,11:41:40:562,Trial021,21 neutre4.avi,20,DarkCyan,71.5875,Eye,2,3,3.1663,3.6319,265.3013006547723,291.305148159031,264.4326676819866,292.8866130050752,-,-,0.0000,0.0000,0.0000,0.0000,0.0000,0.0000,-,-,-,-,-,-,-,-,,
220074,632809.529,11:41:41:019,Trial021,NoImage,20,Indigo,71.5875,Eye,2,3,3.1663,3.6319,262.33610561957306,287.2440504230285,261.6846308899837,288.5548585834951,White Space,White Space,0,0,0,0,0,0,-,-,-,-,-,-,-,-,-,
92,633153.271,11:41:41:362,Trial021,21 neutre4.avi,20,DarkCyan,71.5875,Eye,2,3,3.1663,3.6319,260.12034762530413,284.2221570591549,259.6317415781121,285.3299727054383,-,-,0.0000,0.0000,0.0000,0.0000,0.0000,0.0000,-,-,-,-,-,-,-,-,,
220080,633474.017,11:41:41:683,Trial021,NoImage,20,Indigo,71.5875,Eye,3,4,3.5235,3.1343,439.62968149712725,298.9246977360813,436.4939699515959,295.24675194023365,White Space,White Space,0,0,0,0,0,0,-,-,-,-,-,-,-,-,-,
98,633533.626,11:41:41:743,Trial021,21 neutre4.avi,20,DarkCyan,71.5875,Eye,3,4,3.4978,3.1377,567.3189242188405,308.2591250409592,578.0053222715057,310.28062109714784,-,-,0.0000,0.0000,0.0000,0.0000,0.0000,0.0000,-,-,-,-,-,-,-,-,,
101,633593.377,11:41:41:802,Trial021,21 neutre4.avi,20,DarkCyan,71.5875,Eye,4,3,3.2325,2.9831,662.8821639666482,316.85588697077844,673.1863739045644,323.5912260747388,-,-,0.0000,0.0000,0.0000,0.0000,0.0000,0.0000,-,-,-,-,-,-,-,-,,
104,633653.005,11:41:41:862,Trial021,21 neutre4.avi,20,DarkCyan,71.5875,Eye,4,3,2.9763,2.7990,743.4314459025727,324.6767195023678,739.7334378685584,328.953443806625,-,-,0.0000,0.0000,0.0000,0.0000,0.0000,0.0000,-,-,-,-,-,-,-,-,,
220092,633712.639,11:41:41:922,Trial021,NoImage,20,Indigo,71.5875,Eye,4,4,3.7207,2.679,768.7078589713186,338.50869833855864,768.9390726216342,338.7936044982926,White Space,White Space,0,0,0,0,0,0,-,-,-,-,-,-,-,-,-,
220095,633772.388,11:41:41:981,Trial021,NoImage,20,Indigo,71.5875,Eye,4,4,3.5091,2.372,788.5244663250747,341.91989791836994,782.7186442785281,346.9071971762442,White Space,White Space,0,0,0,0,0,0,-,-,-,-,-,-,-,-,-,
113,633831.996,11:41:42:041,Trial021,21 neutre4.avi,20,DarkCyan,71.5875,Eye,3,-,3.3578,2.5046,654.8328887089274,325.2007723261268,650.4785221740175,329.0659562954659,-,-,0.0000,0.0000,0.0000,0.0000,0.0000,0.0000,-,-,-,-,-,-,-,-,,
220101,633891.631,11:41:42:101,Trial021,NoImage,20,Indigo,71.5875,Eye,5,-,3.3578,2.911,697.3076357215048,333.97555151862167,702.1270096177559,333.484520630408,White Space,White Space,0,0,0,0,0,0,-,-,-,-,-,-,-,-,-,
119,633951.385,11:41:42:160,Trial021,21 neutre4.avi,20,DarkCyan,71.5875,Eye,4,-,3.3578,2.8556,707.5158764963977,340.58340395263025,724.5904721142367,340.92921639347963,-,-,0.0000,0.0000,0.0000,0.0000,0.0000,0.0000,-,-,-,-,-,-,-,-,,
220107,634132.439,11:41:42:342,Trial021,NoImage,20,Indigo,71.5875,Eye,4,4,3.3578,2.7973,594.0162301318715,324.19111056218156,606.8221768452506,324.57517941875204,White Space,White Space,0,0,0,0,0,0,-,-,-,-,-,-,-,-,-,
220110,634264.581,11:41:42:474,Trial021,NoImage,20,Indigo,71.5875,Eye,4,4,3.3578,2.7973,508.8762484426736,311.9205764432367,518.480708477708,312.33333761159804,White Space,White Space,0,0,0,0,0,0,-,-,-,-,-,-,-,-,-,
128,634510.376,11:41:42:719,Trial021,21 neutre4.avi,20,DarkCyan,71.5875,Eye,4,4,3.3578,2.7973,445.04159029443395,302.7345638976546,452.24493532070977,303.168844299859,-,-,0.0000,0.0000,0.0000,0.0000,0.0000,0.0000,-,-,-,-,-,-,-,-,,
131,634741.933,11:41:42:951,Trial021,21 neutre4.avi,20,DarkCyan,71.5875,Eye,4,4,3.3578,2.7973,397.125013665402,295.868094890245,402.5275224351088,296.31851471783176,-,-,0.0000,0.0000,0.0000,0.0000,0.0000,0.0000,-,-,-,-,-,-,-,-,,
220119,634874.064,11:41:43:083,Trial021,NoImage,20,Indigo,71.5875,Eye,4,4,3.3578,2.7973,361.2079537202292,290.69305155090416,365.25983529750937,291.15557594752767,White Space,White Space,0,0,0,0,0,0,-,-,-,-,-,-,-,-,-,
137,635006.189,11:41:43:215,Trial021,21 neutre4.avi,20,DarkCyan,71.5875,Eye,4,4,3.3578,2.7973,334.234073315285,286.80128743845086,337.27298449824514,287.27289026185196,-,-,0.0000,0.0000,0.0000,0.0000,0.0000,0.0000,-,-,-,-,-,-,-,-,,
220125,635138.311,11:41:43:347,Trial021,NoImage,20,Indigo,71.5875,Eye,4,4,3.3578,2.7973,313.99322741931616,283.85812650310277,316.2724108065362,284.33653814658703,White Space,White Space,0,0,0,0,0,0,-,-,-,-,-,-,-,-,-,
143,635482.18,11:41:43:691,Trial021,21 neutre4.avi,20,DarkCyan,71.5875,Eye,4,4,3.3578,2.7973,298.8094685649348,281.67536551707883,300.51885610534976,282.15888377562544,-,-,0.0000,0.0000,0.0000,0.0000,0.0000,0.0000,-,-,-,-,-,-,-,-,,
220131,635614.302,11:41:43:823,Trial021,NoImage,20,Indigo,71.5875,Eye,4,4,3.3578,2.7973,287.43843483220553,280.07531126619784,288.7204754875168,280.56265948604124,White Space,White Space,0,0,0,0,0,0,-,-,-,-,-,-,-,-,-,
220134,635746.422,11:41:43:956,Trial021,NoImage,20,Indigo,71.5875,Eye,4,4,3.3578,2.7973,278.89998605107724,278.87407692819295,279.86151654256076,279.36429761900894,White Space,White Space,0,0,0,0,0,0,-,-,-,-,-,-,-,-,-,
220137,635878.564,11:41:44:088,Trial021,NoImage,20,Indigo,71.5875,Eye,4,4,3.3578,2.7973,272.51051201288345,278.02670069724354,273.231659881496,278.519075741289,White Space,White Space,0,0,0,0,0,0,-,-,-,-,-,-,-,-,-,
155,636074.095,11:41:44:283,Trial021,21 neutre4.avi,20,DarkCyan,71.5875,Eye,6,6,3.6667,2.8957,267.7075771186276,277.3976425775874,268.24843802008706,277.89163338655493,-,-,0.0000,0.0000,0.0000,0.0000,0.0000,0.0000,-,-,-,-,-,-,-,-,,
158,636133.702,11:41:44:343,Trial021,21 neutre4.avi,20,DarkCyan,71.5875,Eye,5,5,4.3042,3.4174,373.7385597932656,303.75935728263806,375.8916429060595,300.6739310106994,-,-,0.0000,0.0000,0.0000,0.0000,0.0000,0.0000,-,-,-,-,-,-,-,-,,
161,636193.328,11:41:44:402,Trial021,21 neutre4.avi,20,DarkCyan,71.5875,Eye,5,5,4.2140,3.2522,457.93127403937166,312.7027841233501,456.4580330587598,317.9341983829713,-,-,0.0000,0.0000,0.0000,0.0000,0.0000,0.0000,-,-,-,-,-,-,-,-,,
164,636252.954,11:41:44:462,Trial021,21 neutre4.avi,20,DarkCyan,71.5875,Eye,5,-,4.0423,2.8116,480.82278556048414,321.4131751911595,485.81100649441566,329.3566715432695,-,-,0.0000,0.0000,0.0000,0.0000,0.0000,0.0000,-,-,-,-,-,-,-,-,,
167,636312.615,11:41:44:522,Trial021,21 neutre4.avi,20,DarkCyan,71.5875,Eye,5,5,4.0423,3.4969,423.9583283930066,309.9096688857107,427.6994940934553,315.9920006757266,-,-,0.0000,0.0000,0.0000,0.0000,0.0000,0.0000,-,-,-,-,-,-,-,-,,
220155,636372.214,11:41:44:581,Trial021,NoImage,20,Indigo,71.5875,Eye,5,6,4.1992,3.2768,424.78568995980015,322.09775806022174,432.2339161413014,323.7483780062243,White Space,White Space,0,0,0,0,0,0,-,-,-,-,-,-,-,-,-,
173,636431.823,11:41:44:641,Trial021,21 neutre4.avi,20,DarkCyan,71.5875,Eye,6,6,4.2693,3.3372,421.1585264439827,337.0095978404191,429.51176398482323,332.3984709545005,-,-,0.0000,0.0000,0.0000,0.0000,0.0000,0.0000,-,-,-,-,-,-,-,-,,
220161,636491.576,11:41:44:701,Trial021,NoImage,20,Indigo,71.5875,Eye,6,6,4.1728,3.2588,420.73793562904683,344.27583105140974,426.52345096375984,342.6827574264144,White Space,White Space,0,0,0,0,0,0,-,-,-,-,-,-,-,-,-,
179,636551.204,11:41:44:760,Trial021,21 neutre4.avi,20,DarkCyan,71.5875,Eye,6,6,4.0668,3.0400,414.24059615983856,349.0419218164154,428.5969705676164,355.59756552921306,-,-,0.0000,0.0000,0.0000,0.0000,0.0000,0.0000,-,-,-,-,-,-,-,-,,
220167,636610.851,11:41:44:820,Trial021,NoImage,20,Indigo,71.5875,Eye,8,7,3.9153,2.9068,410.2983559767747,354.5985530612075,421.52540054355995,359.3534557433268,White Space,White Space,0,0,0,0,0,0,-,-,-,-,-,-,-,-,-,
185,636670.571,11:41:44:880,Trial021,21 neutre4.avi,20,DarkCyan,71.5875,Eye,7,7,3.9089,2.8225,492.20210422078395,369.8614445838933,494.95767088962964,366.6322643049159,-,-,0.0000,0.0000,0.0000,0.0000,0.0000,0.0000,-,-,-,-,-,-,-,-,,
220173,636730.198,11:41:44:939,Trial021,NoImage,20,Indigo,71.5875,Eye,7,7,3.5977,2.6897,549.861099518993,375.8368769768461,544.1546225978894,376.04685971487356,White Space,White Space,0,0,0,0,0,0,-,-,-,-,-,-,-,-,-,
191,636789.827,11:41:44:999,Trial021,21 neutre4.avi,20,DarkCyan,71.5875,Eye,7,7,3.5088,2.5181,597.3454096935627,380.4804999030704,591.7375770011992,374.74365380642337,-,-,0.0000,0.0000,0.0000,0.0000,0.0000,0.0000,-,-,-,-,-,-,-,-,,
194,636849.578,11:41:45:059,Trial021,21 neutre4.avi,20,DarkCyan,71.5875,Eye,9,8,3.3633,2.3813,632.0820250223147,406.31930645935313,625.2053663789318,402.9575426720474,-,-,0.0000,0.0000,0.0000,0.0000,0.0000,0.0000,-,-,-,-,-,-,-,-,,
197,636909.207,11:41:45:118,Trial021,21 neutre4.avi,20,DarkCyan,71.5875,Eye,8,8,3.0507,2.9992,657.9715581447856,404.79437516024086,657.2596731896078,403.3604105521981,-,-,0.0000,0.0000,0.0000,0.0000,0.0000,0.0000,-,-,-,-,-,-,-,-,,
200,636968.819,11:41:45:178,Trial021,21 neutre4.avi,20,DarkCyan,71.5875,Eye,8,8,3.0304,2.9996,669.2556313172572,403.1341523244848,670.9849584309776,400.9559508944853,-,-,0.0000,0.0000,0.0000,0.0000,0.0000,0.0000,-,-,-,-,-,-,-,-,,
220188,637028.574,11:41:45:238,Trial021,NoImage,20,Indigo,71.5875,Eye,9,9,2.7953,2.984,662.6585480439796,399.9654465880182,677.9162611510761,401.46718889229396,White Space,White Space,0,0,0,0,0,0,-,-,-,-,-,-,-,-,-,
206,637088.201,11:41:45:297,Trial021,21 neutre4.avi,20,DarkCyan,71.5875,Eye,9,9,2.9734,3.0108,668.5640845329152,400.0927726742131,681.0007568101139,401.39840996357117,-,-,0.0000,0.0000,0.0000,0.0000,0.0000,0.0000,-,-,-,-,-,-,-,-,,
220194,637147.955,11:41:45:357,Trial021,NoImage,20,Indigo,71.5875,Eye,11,10,2.9734,3.0962,675.9110317047551,393.11956594925783,688.0199027797814,400.66145567581617,White Space,White Space,0,0,0,0,0,0,-,-,-,-,-,-,-,-,-,
212,637207.569,11:41:45:417,Trial021,21 neutre4.avi,20,DarkCyan,71.5875,Eye,10,10,4.0320,3.0936,735.6036849516476,398.3779961290715,741.9358031856332,404.87643571337975,-,-,0.0000,0.0000,0.0000,0.0000,0.0000,0.0000,-,-,-,-,-,-,-,-,,
215,637267.305,11:41:45:476,Trial021,21 neutre4.avi,20,DarkCyan,71.5875,Eye,10,10,4.1376,3.2921,782.4687532813949,399.0182248684799,778.6407247646347,406.9689260833739,-,-,0.0000,0.0000,0.0000,0.0000,0.0000,0.0000,-,-,-,-,-,-,-,-,,
220203,637326.938,11:41:45:536,Trial021,NoImage,20,Indigo,71.5875,Eye,10,10,4.1473,3.2812,811.2795321176312,406.3732643789031,808.1473300350676,409.270827212748,White Space,White Space,0,0,0,0,0,0,-,-,-,-,-,-,-,-,-,
221,637386.575,11:41:45:596,Trial021,21 neutre4.avi,20,DarkCyan,71.5875,Eye,10,10,4.0770,3.2476,832.8106221245108,410.86914345272896,828.3305220505299,411.97712764936614,-,-,0.0000,0.0000,0.0000,0.0000,0.0000,0.0000,-,-,-,-,-,-,-,-,,
224,637446.339,11:41:45:655,Trial021,21 neutre4.avi,20,DarkCyan,71.5875,Eye,10,10,4.1254,3.3333,848.5802312911225,413.6343517703519,851.0688861417557,411.77323661836533,-,-,0.0000,0.0000,0.0000,0.0000,0.0000,0.0000,-,-,-,-,-,-,-,-,,
220212,637505.935,11:41:45:715,Trial021,NoImage,20,Indigo,71.5875,Eye,10,10,4.0737,3.3639,861.4953010602175,418.50895567528033,875.8049888857923,412.0007844064468,White Space,White Space,0,0,0,0,0,0,-,-,-,-,-,-,-,-,-,
230,637565.685,11:41:45:775,Trial021,21 neutre4.avi,20,DarkCyan,71.5875,Eye,10,10,4.0423,3.2778,869.3489923591173,423.92378374400664,876.7072940138214,409.63664350851025,-,-,0.0000,0.0000,0.0000,0.0000,0.0000,0.0000,-,-,-,-,-,-,-,-,,
220218,637625.304,11:41:45:834,Trial021,NoImage,20,Indigo,71.5875,Eye,6,6,4.0737,3.2899,715.5329284234833,386.6379914253266,721.0516546645115,376.04734577463773,White Space,White Space,0,0,0,0,0,0,-,-,-,-,-,-,-,-,-,
236,637684.945,11:41:45:894,Trial021,21 neutre4.avi,20,DarkCyan,71.5875,Eye,6,6,4.0737,3.2899,600.15369601169,358.6912570099291,604.292740692461,350.8729822978459,-,-,0.0000,0.0000,0.0000,0.0000,0.0000,0.0000,-,-,-,-,-,-,-,-,,
220224,637744.695,11:41:45:954,Trial021,NoImage,20,Indigo,71.5875,Eye,11,11,3.8633,3.1226,669.8648020304294,370.74702303145597,667.2775038300223,361.8449237652883,White Space,White Space,0,0,0,0,0,0,-,-,-,-,-,-,-,-,-,
220227,637804.309,11:41:46:013,Trial021,NoImage,20,Indigo,71.5875,Eye,11,11,3.894,3.2687,714.9547588085418,378.59988367232336,713.6801574005195,367.73671495070056,White Space,White Space,0,0,0,0,0,0,-,-,-,-,-,-,-,-,-,
245,637864.055,11:41:46:073,Trial021,21 neutre4.avi,20,DarkCyan,71.5875,Eye,11,11,3.9290,3.2502,752.1169168134643,386.21144421578003,751.7303508008556,377.3373556384643,-,-,0.0000,0.0000,0.0000,0.0000,0.0000,0.0000,-,-,-,-,-,-,-,-,,
220233,637923.676,11:41:46:133,Trial021,NoImage,20,Indigo,71.5875,Eye,11,11,3.9982,3.2003,780.0294350413507,391.8867271807242,771.1133989873684,383.0634757224672,White Space,White Space,0,0,0,0,0,0,-,-,-,-,-,-,-,-,-,
251,637983.313,11:41:46:192,Trial021,21 neutre4.avi,20,DarkCyan,71.5875,Eye,13,11,3.9775,3.2176,746.5526743237823,389.0173732042885,745.7338824253649,385.5795750318275,-,-,0.0000,0.0000,0.0000,0.0000,0.0000,0.0000,-,-,-,-,-,-,-,-,,
220239,638043.061,11:41:46:252,Trial021,NoImage,20,Indigo,71.5875,Eye,12,12,4.0387,3.2621,701.6506363309809,393.6941282579374,713.525751236992,391.01869944902825,White Space,White Space,0,0,0,0,0,0,-,-,-,-,-,-,-,-,-,
220242,638102.676,11:41:46:312,Trial021,NoImage,20,Indigo,71.5875,Eye,12,12,3.9135,3.0908,672.7355432346968,394.6381943578792,686.7665750374367,392.4119661970451,White Space,White Space,0,0,0,0,0,0,-,-,-,-,-,-,-,-,-,
260,638162.305,11:41:46:371,Trial021,21 neutre4.avi,20,DarkCyan,71.5875,Eye,12,12,3.9284,3.0099,655.2462359675566,398.7956180358637,653.0645866489929,396.735934264646,-,-,0.0000,0.0000,0.0000,0.0000,0.0000,0.0000,-,-,-,-,-,-,-,-,,
263,638222.058,11:41:46:431,Trial021,21 neutre4.avi,20,DarkCyan,71.5875,Eye,12,12,4.0873,3.1702,637.213917628289,403.4446959067601,643.6527834994309,403.4226281408189,-,-,0.0000,0.0000,0.0000,0.0000,0.0000,0.0000,-,-,-,-,-,-,-,-,,
220251,638281.681,11:41:46:491,Trial021,NoImage,20,Indigo,71.5875,Eye,12,12,3.9794,3.0494,625.0644082460981,405.3339170226916,623.5593055193402,408.78091000756393,White Space,White Space,0,0,0,0,0,0,-,-,-,-,-,-,-,-,-,
220254,638341.44,11:41:46:551,Trial021,NoImage,20,Indigo,71.5875,Eye,12,12,3.936,2.9968,608.012108317301,404.4427898956933,615.6546338928802,408.57522385130045,White Space,White Space,0,0,0,0,0,0,-,-,-,-,-,-,-,-,-,
220257,638401.047,11:41:46:610,Trial021,NoImage,20,Indigo,71.5875,Eye,12,12,3.9509,3.0685,599.896257336463,404.2921171644262,605.0173955797555,408.49245101340955,White Space,White Space,0,0,0,0,0,0,-,-,-,-,-,-,-,-,-,
275,638460.685,11:41:46:670,Trial021,21 neutre4.avi,20,DarkCyan,71.5875,Eye,12,12,3.9982,3.1809,588.1584451649193,411.1017321140039,598.4739335004382,405.32017093479755,-,-,0.0000,0.0000,0.0000,0.0000,0.0000,0.0000,-,-,-,-,-,-,-,-,,
278,638520.427,11:41:46:730,Trial021,21 neutre4.avi,20,DarkCyan,71.5875,Eye,12,12,4.1492,3.1794,587.997250223787,405.961543592688,592.9569669153537,404.1900981060434,-,-,0.0000,0.0000,0.0000,0.0000,0.0000,0.0000,-,-,-,-,-,-,-,-,,
281,638580.053,11:41:46:789,Trial021,21 neutre4.avi,20,DarkCyan,71.5875,Eye,12,12,4.1373,3.1928,584.1090513615803,415.5680044692116,591.99436772372,410.15150106015983,-,-,0.0000,0.0000,0.0000,0.0000,0.0000,0.0000,-,-,-,-,-,-,-,-,,
284,638639.787,11:41:46:849,Trial021,21 neutre4.avi,20,DarkCyan,71.5875,Eye,12,12,4.0827,3.2213,588.1618646613362,419.9400509510462,584.0629469819418,411.81135022837987,-,-,0.0000,0.0000,0.0000,0.0000,0.0000,0.0000,-,-,-,-,-,-,-,-,,
220272,638699.417,11:41:46:909,Trial021,NoImage,20,Indigo,71.5875,Eye,12,12,4.1252,3.1007,582.022407204732,418.00703970394716,587.555883772662,415.30313620223495,White Space,White Space,0,0,0,0,0,0,-,-,-,-,-,-,-,-,-,
290,638759.042,11:41:46:968,Trial021,21 neutre4.avi,20,DarkCyan,71.5875,Eye,12,12,4.1177,3.1618,568.2891593608772,418.7805370699568,584.6577036042036,410.59654047772165,-,-,0.0000,0.0000,0.0000,0.0000,0.0000,0.0000,-,-,-,-,-,-,-,-,,
293,638818.798,11:41:47:028,Trial021,21 neutre4.avi,20,DarkCyan,71.5875,Eye,13,13,3.9970,3.1599,565.4183763516113,417.33875821946793,574.748772145268,411.4614711091788,-,-,0.0000,0.0000,0.0000,0.0000,0.0000,0.0000,-,-,-,-,-,-,-,-,,
220281,638878.415,11:41:47:088,Trial021,NoImage,20,Indigo,71.5875,Eye,13,13,4.0143,3.1749,557.7338472265991,416.027768661666,567.1441230723156,407.8721584827016,White Space,White Space,0,0,0,0,0,0,-,-,-,-,-,-,-,-,-,
299,638938.031,11:41:47:147,Trial021,21 neutre4.avi,20,DarkCyan,71.5875,Eye,13,13,4.0114,3.1894,556.151781404587,414.14072461262504,559.6378377443416,403.9049978282177,-,-,0.0000,0.0000,0.0000,0.0000,0.0000,0.0000,-,-,-,-,-,-,-,-,,
220287,638997.798,11:41:47:207,Trial021,NoImage,20,Indigo,71.5875,Eye,13,13,3.9874,3.1504,544.1365445277457,411.9353106602828,548.3647801575169,403.8643807235942,White Space,White Space,0,0,0,0,0,0,-,-,-,-,-,-,-,-,-,
305,639057.42,11:41:47:267,Trial021,21 neutre4.avi,20,DarkCyan,71.5875,Eye,15,13,4.0448,3.2289,585.4035568187783,417.2671006907276,581.6000656619441,414.1634338382562,-,-,0.0000,0.0000,0.0000,0.0000,0.0000,0.0000,-,-,-,-,-,-,-,-,,
308,639117.17,11:41:47:326,Trial021,21 neutre4.avi,20,DarkCyan,71.5875,Eye,14,14,3.9268,3.2310,672.763266097463,420.33627802302954,679.9428697335952,418.3272606251446,-,-,0.0000,0.0000,0.0000,0.0000,0.0000,0.0000,-,-,-,-,-,-,-,-,,
311,639176.784,11:41:47:386,Trial021,21 neutre4.avi,20,DarkCyan,71.5875,Eye,14,14,3.9925,3.2184,751.2865958794129,426.14299699780895,753.145011103056,427.7772761676635,-,-,0.0000,0.0000,0.0000,0.0000,0.0000,0.0000,-,-,-,-,-,-,-,-,,
220299,639236.526,11:41:47:446,Trial021,NoImage,20,Indigo,71.5875,Eye,14,14,3.8683,3.2659,797.6603122925831,429.47091647279586,802.9752594025786,431.22718428330967,White Space,White Space,0,0,0,0,0,0,-,-,-,-,-,-,-,-,-,
220302,639296.15,11:41:47:505,Trial021,NoImage,20,Indigo,71.5875,Eye,14,14,3.9669,3.2209,832.6837618859803,438.69057634662727,840.6874749335692,438.3583888481001,White Space,White Space,0,0,0,0,0,0,-,-,-,-,-,-,-,-,-,
320,639355.905,11:41:47:565,Trial021,21 neutre4.avi,20,DarkCyan,71.5875,Eye,14,14,3.8666,3.2087,862.588562215793,444.0810659134546,861.1579556042774,442.98359087098476,-,-,0.0000,0.0000,0.0000,0.0000,0.0000,0.0000,-,-,-,-,-,-,-,-,,
220308,639415.667,11:41:47:625,Trial021,NoImage,20,Indigo,71.5875,Eye,15,15,3.646,3.1399,890.2262308480456,443.6651538018832,887.3305946821202,448.1519463826289,White Space,White Space,0,0,0,0,0,0,-,-,-,-,-,-,-,-,-,
326,639475.272,11:41:47:684,Trial021,21 neutre4.avi,20,DarkCyan,71.5875,Eye,15,15,3.5849,3.0557,898.9501913192789,448.5806712520628,899.9665683729471,447.66085443673956,-,-,0.0000,0.0000,0.0000,0.0000,0.0000,0.0000,-,-,-,-,-,-,-,-,,
220314,639535.027,11:41:47:744,Trial021,NoImage,20,Indigo,71.5875,Eye,16,16,3.4024,2.967,911.7372945106802,443.4152165406089,918.5370172110543,442.56890260265783,White Space,White Space,0,0,0,0,0,0,-,-,-,-,-,-,-,-,-,
332,639594.639,11:41:47:804,Trial021,21 neutre4.avi,20,DarkCyan,71.5875,Eye,16,16,3.4377,2.9938,916.2429729897924,441.50142801786006,932.7468229586962,438.5410925733381,-,-,0.0000,0.0000,0.0000,0.0000,0.0000,0.0000,-,-,-,-,-,-,-,-,,
220320,639654.282,11:41:47:863,Trial021,NoImage,20,Indigo,71.5875,Eye,16,16,3.3763,3.0401,933.287699407696,439.5048997517201,945.1272788130343,441.41483003267984,White Space,White Space,0,0,0,0,0,0,-,-,-,-,-,-,-,-,-,
338,639714.059,11:41:47:923,Trial021,21 neutre4.avi,20,DarkCyan,71.5875,Eye,16,16,3.3121,2.9104,947.1048278329283,431.9948482143601,946.2413033120313,439.42524588796545,-,-,0.0000,0.0000,0.0000,0.0000,0.0000,0.0000,-,-,-,-,-,-,-,-,,
220326,639773.759,11:41:47:983,Trial021,NoImage,20,Indigo,71.5875,Eye,17,17,3.2374,2.9225,952.8041572684733,431.01442562484,947.2605010177281,434.95772448167816,White Space,White Space,0,0,0,0,0,0,-,-,-,-,-,-,-,-,-,
344,639833.393,11:41:48:042,Trial021,21 neutre4.avi,20,DarkCyan,71.5875,Eye,17,17,3.2423,2.8314,949.6513939953729,428.50240181080966,947.9553645413357,436.846114610769,-,-,0.0000,0.0000,0.0000,0.0000,0.0000,0.0000,-,-,-,-,-,-,-,-,,
220332,639893.152,11:41:48:102,Trial021,NoImage,20,Indigo,71.5875,Eye,17,17,3.2655,2.8927,942.4893994790073,431.5650260452494,939.2827187157077,438.4072758620426,White Space,White Space,0,0,0,0,0,0,-,-,-,-,-,-,-,-,-,
350,639952.782,11:41:48:162,Trial021,21 neutre4.avi,20,DarkCyan,71.5875,Eye,17,17,3.2312,2.9397,941.3166862663606,426.3470829655851,939.1264058729812,432.3496479692219,-,-,0.0000,0.0000,0.0000,0.0000,0.0000,0.0000,-,-,-,-,-,-,-,-,,
220338,640012.536,11:41:48:222,Trial021,NoImage,20,Indigo,71.5875,Eye,17,17,3.4368,2.9709,938.1774712820647,426.6665540507263,946.2348969147747,430.22321943404955,White Space,White Space,0,0,0,0,0,0,-,-,-,-,-,-,-,-,-,
220341,640072.133,11:41:48:281,Trial021,NoImage,20,Indigo,71.5875,Eye,18,18,3.4771,3.1006,940.9122740293878,445.866726974628,930.6641295461418,450.76949135876663,White Space,White Space,0,0,0,0,0,0,-,-,-,-,-,-,-,-,-,
359,640131.89,11:41:48:341,Trial021,21 neutre4.avi,20,DarkCyan,71.5875,Eye,18,18,3.5627,3.1858,936.8560511923005,470.81688577473057,930.9748001471894,465.27874134148715,-,-,0.0000,0.0000,0.0000,0.0000,0.0000,0.0000,-,-,-,-,-,-,-,-,,
220347,640191.518,11:41:48:401,Trial021,NoImage,20,Indigo,71.5875,Eye,18,18,3.6266,3.2311,935.3434551954274,485.96999983961786,921.462375285701,480.97689530809663,White Space,White Space,0,0,0,0,0,0,-,-,-,-,-,-,-,-,-,
365,640251.276,11:41:48:460,Trial021,21 neutre4.avi,20,DarkCyan,71.5875,Eye,18,18,3.6672,3.3043,929.2871823071218,496.33514770789776,913.2204133367316,486.4102538876454,-,-,0.0000,0.0000,0.0000,0.0000,0.0000,0.0000,-,-,-,-,-,-,-,-,,
368,640310.894,11:41:48:520,Trial021,21 neutre4.avi,20,DarkCyan,71.5875,Eye,19,19,3.6847,3.2917,923.5394007034379,509.8827678314132,914.1798782451494,499.1676623038176,-,-,0.0000,0.0000,0.0000,0.0000,0.0000,0.0000,-,-,-,-,-,-,-,-,,
371,640370.627,11:41:48:580,Trial021,21 neutre4.avi,20,DarkCyan,71.5875,Eye,19,19,3.6641,3.3157,923.9970522868772,521.885253593608,919.55967515933,509.4364567731573,-,-,0.0000,0.0000,0.0000,0.0000,0.0000,0.0000,-,-,-,-,-,-,-,-,,
220359,640430.266,11:41:48:639,Trial021,NoImage,20,Indigo,0.0,Eye,21,19,3.7976,3.3344,924.3402909744566,530.8871179152541,923.5945228449655,517.1380526251621,-,-,0,0,0,0,0,0,-,-,-,-,-,-,-,-,-,
220362,640489.897,11:41:48:699,Trial021,NoImage,20,Indigo,0.0,Eye,21,19,3.7503,3.3885,924.5977199901413,537.6385161564888,926.6206586091921,522.9142495141657,-,-,0,0,0,0,0,0,-,-,-,-,-,-,-,-,-,
380,640549.665,11:41:48:759,Trial021,21 neutre4.avi,20,DarkCyan,0.0,Eye,21,19,3.8961,3.2329,924.7907917519046,542.7020648374146,928.8902604323621,527.2463971809184,-,-,0.0000,0.0000,0.0000,0.0000,0.0000,0.0000,-,-,-,-,-,-,-,-,,
383,640609.253,11:41:48:818,Trial021,21 neutre4.avi,20,DarkCyan,0.0,Eye,20,20,3.8286,3.2450,,,,,-,-,0.0000,0.0000,0.0000,0.0000,0.0000,0.0000,-,-,-,-,-,-,-,-,,
386,640668.885,11:41:48:878,Trial021,21 neutre4.avi,20,DarkCyan,0.0,Eye,20,20,3.7333,3.1031,,,,,-,-,0.0000,0.0000,0.0000,0.0000,0.0000,0.0000,-,-,-,-,-,-,-,-,,
220374,640728.64,11:41:48:938,Trial021,NoImage,20,Indigo,0.0,Eye,20,20,3.6256,3.0428,,,,,White Space,White Space,0,0,0,0,0,0,-,-,-,-,-,-,-,-,-,
392,640788.268,11:41:48:997,Trial021,21 neutre4.avi,20,DarkCyan,0.0,Eye,20,20,3.6458,3.0514,,,,,-,-,0.0000,0.0000,0.0000,0.0000,0.0000,0.0000,-,-,-,-,-,-,-,-,,
395,640848.003,11:41:49:057,Trial021,21 neutre4.avi,20,DarkCyan,0.0,Eye,20,20,3.5893,3.0587,,,,,-,-,0.0000,0.0000,0.0000,0.0000,0.0000,0.0000,-,-,-,-,-,-,-,-,,
398,640907.619,11:41:49:117,Trial021,21 neutre4.avi,20,DarkCyan,0.0,Eye,20,20,3.7097,3.0803,,,,,-,-,0.0000,0.0000,0.0000,0.0000,0.0000,0.0000,-,-,-,-,-,-,-,-,,
220386,640967.254,11:41:49:176,Trial021,NoImage,20,Indigo,0.0,Eye,20,20,3.7666,3.098,,,,,White Space,White Space,0,0,0,0,0,0,-,-,-,-,-,-,-,-,-,
404,641027.001,11:41:49:236,Trial021,21 neutre4.avi,20,DarkCyan,0.0,Eye,20,20,3.8121,3.0791,,,,,-,-,0.0000,0.0000,0.0000,0.0000,0.0000,0.0000,-,-,-,-,-,-,-,-,,
220392,641086.636,11:41:49:296,Trial021,NoImage,20,Indigo,0.0,Eye,20,20,3.776,3.1258,,,,,White Space,White Space,0,0,0,0,0,0,-,-,-,-,-,-,-,-,-,
220395,641146.384,11:41:49:355,Trial021,NoImage,20,Indigo,71.5875,Eye,20,20,3.8133,3.1121,683.1253074425025,448.0302552375104,699.7041916781209,447.86191632983343,White Space,White Space,0,0,0,0,0,0,-,-,-,-,-,-,-,-,-,
413,641206.0,11:41:49:415,Trial021,21 neutre4.avi,20,DarkCyan,71.5875,Eye,20,20,3.8154,3.1860,676.4416814915504,438.4173411624019,682.9967306649025,444.44935603629915,-,-,0.0000,0.0000,0.0000,0.0000,0.0000,0.0000,-,-,-,-,-,-,-,-,,
416,641265.616,11:41:49:475,Trial021,21 neutre4.avi,20,DarkCyan,71.5875,Eye,20,20,3.7834,3.1531,663.2208160650111,435.0023518763913,669.6505696621158,443.92197615570666,-,-,0.0000,0.0000,0.0000,0.0000,0.0000,0.0000,-,-,-,-,-,-,-,-,,
419,641325.255,11:41:49:534,Trial021,21 neutre4.avi,20,DarkCyan,71.5875,Eye,20,20,4.0009,3.2320,661.6473335790364,430.0149324313087,661.1016096443798,441.05711828253516,-,-,0.0000,0.0000,0.0000,0.0000,0.0000,0.0000,-,-,-,-,-,-,-,-,,
220407,641385.005,11:41:49:594,Trial021,NoImage,20,Indigo,71.5875,Eye,20,20,3.8665,3.2205,651.7288210602972,425.22504223753447,655.5266481611427,435.2587807766079,White Space,White Space,0,0,0,0,0,0,-,-,-,-,-,-,-,-,-,
220410,641444.621,11:41:49:654,Trial021,NoImage,20,Indigo,71.5875,Eye,20,20,3.8848,3.228,648.6278969562072,424.2787690607802,644.3540145586843,431.8604368122801,White Space,White Space,0,0,0,0,0,0,-,-,-,-,-,-,-,-,-,
220413,641504.367,11:41:49:713,Trial021,NoImage,20,Indigo,71.5875,Eye,20,20,3.9909,3.2649,651.2665038994384,425.0296589918911,642.3961086069495,430.68402749521215,White Space,White Space,0,0,0,0,0,0,-,-,-,-,-,-,-,-,-,
431,641563.995,11:41:49:773,Trial021,21 neutre4.avi,20,DarkCyan,71.5875,Eye,20,20,3.8132,3.1445,643.2180969819888,421.95825113915953,640.6925116492412,428.04036844036096,-,-,0.0000,0.0000,0.0000,0.0000,0.0000,0.0000,-,-,-,-,-,-,-,-,,
220419,641623.626,11:41:49:833,Trial021,NoImage,20,Indigo,71.5875,Eye,20,20,3.9583,3.2555,646.0243629746174,423.44317159834577,645.4143757185193,425.0986257496837,White Space,White Space,0,0,0,0,0,0,-,-,-,-,-,-,-,-,-,
220422,641683.404,11:41:49:893,Trial021,NoImage,20,Indigo,71.5875,Eye,20,20,4.0281,3.1861,648.2405205717694,425.3333201434952,641.3862949444677,425.02818107543993,White Space,White Space,0,0,0,0,0,0,-,-,-,-,-,-,-,-,-,
440,641742.986,11:41:49:952,Trial021,21 neutre4.avi,20,DarkCyan,71.5875,Eye,20,20,3.8150,3.1995,644.688311053119,428.03907809955706,636.1059879836291,428.6531437251401,-,-,0.0000,0.0000,0.0000,0.0000,0.0000,0.0000,-,-,-,-,-,-,-,-,,
220428,641802.741,11:41:50:012,Trial021,NoImage,20,Indigo,71.5875,Eye,20,20,3.8882,3.21,648.268682587012,428.4095954666273,635.7595000948311,430.47774474758785,White Space,White Space,0,0,0,0,0,0,-,-,-,-,-,-,-,-,-,
446,641862.365,11:41:50:071,Trial021,21 neutre4.avi,20,DarkCyan,71.5875,Eye,20,20,3.8370,3.1736,644.0923940369225,430.7644763053832,638.1201767027045,432.817761673707,-,-,0.0000,0.0000,0.0000,0.0000,0.0000,0.0000,-,-,-,-,-,-,-,-,,
449,641921.998,11:41:50:131,Trial021,21 neutre4.avi,20,DarkCyan,71.5875,Eye,21,21,3.9887,3.2341,640.2648813817814,439.29013181809984,636.6743862357481,437.01081944272596,-,-,0.0000,0.0000,0.0000,0.0000,0.0000,0.0000,-,-,-,-,-,-,-,-,,
220437,641981.746,11:41:50:191,Trial021,NoImage,20,Indigo,71.5875,Eye,21,21,3.9606,3.2893,639.0281317594586,441.07294879948046,633.3791233766125,446.85672480492497,White Space,White Space,0,0,0,0,0,0,-,-,-,-,-,-,-,-,-,
455,642041.353,11:41:50:250,Trial021,21 neutre4.avi,20,DarkCyan,71.5875,Eye,21,21,3.9878,3.2761,639.6578975697788,450.73405803301375,630.0769655379426,451.71176941698235,-,-,0.0000,0.0000,0.0000,0.0000,0.0000,0.0000,-,-,-,-,-,-,-,-,,
220443,642100.987,11:41:50:310,Trial021,NoImage,20,Indigo,71.5875,Eye,21,21,3.9802,3.1605,621.1417306233963,456.41187504741595,625.9572293538938,455.2259031040501,White Space,White Space,0,0,0,0,0,0,-,-,-,-,-,-,-,-,-,
461,642160.737,11:41:50:370,Trial021,21 neutre4.avi,20,DarkCyan,71.5875,Eye,21,21,3.9296,3.2306,610.2582098573674,456.69989794526896,620.7225912262609,456.57077430607376,-,-,0.0000,0.0000,0.0000,0.0000,0.0000,0.0000,-,-,-,-,-,-,-,-,,
464,642220.365,11:41:50:429,Trial021,21 neutre4.avi,20,DarkCyan,71.5875,Eye,21,21,3.9856,3.2292,606.0366126573822,455.7397777118734,616.1450700103932,452.0375271580986,-,-,0.0000,0.0000,0.0000,0.0000,0.0000,0.0000,-,-,-,-,-,-,-,-,,
467,642280.106,11:41:50:489,Trial021,21 neutre4.avi,20,DarkCyan,71.5875,Eye,21,21,4.0446,3.2606,611.2942265192929,459.7043232878668,616.1925165419077,458.39074267433466,-,-,0.0000,0.0000,0.0000,0.0000,0.0000,0.0000,-,-,-,-,-,-,-,-,,
220455,642339.727,11:41:50:549,Trial021,NoImage,20,Indigo,71.5875,Eye,21,21,3.9483,3.2087,613.3878002275962,458.75651221537896,617.5327633724512,460.4251703375077,White Space,White Space,0,0,0,0,0,0,-,-,-,-,-,-,-,-,-,
473,642399.36,11:41:50:608,Trial021,21 neutre4.avi,20,DarkCyan,71.5875,Eye,21,21,3.9326,3.2473,605.824978354562,457.19648183478824,617.7061537830615,458.7294255228532,-,-,0.0000,0.0000,0.0000,0.0000,0.0000,0.0000,-,-,-,-,-,-,-,-,,
476,642459.109,11:41:50:668,Trial021,21 neutre4.avi,20,DarkCyan,71.5875,Eye,21,21,3.8905,3.2473,617.0880456455675,457.2366437500353,609.178162697582,464.5884110709839,-,-,0.0000,0.0000,0.0000,0.0000,0.0000,0.0000,-,-,-,-,-,-,-,-,,
220464,642518.757,11:41:50:728,Trial021,NoImage,20,Indigo,71.5875,Eye,21,21,3.8892,3.1574,619.5051719918645,461.20040398873476,615.1929389864953,463.8917660252583,White Space,White Space,0,0,0,0,0,0,-,-,-,-,-,-,-,-,-,
482,642578.474,11:41:50:788,Trial021,21 neutre4.avi,20,DarkCyan,71.5875,Eye,21,21,3.8414,3.1235,617.4609684486724,464.8674783138709,609.2080075040791,462.42233388832165,-,-,0.0000,0.0000,0.0000,0.0000,0.0000,0.0000,-,-,-,-,-,-,-,-,,
220470,642638.097,11:41:50:847,Trial021,NoImage,20,Indigo,71.5875,Eye,21,21,3.912,2.976,620.0067536836867,468.91710128590006,605.611055895083,460.11197433123147,White Space,White Space,0,0,0,0,0,0,-,-,-,-,-,-,-,-,-,
488,642697.728,11:41:50:907,Trial021,21 neutre4.avi,20,DarkCyan,71.5875,Eye,21,21,3.9060,2.9647,618.9526255980592,466.8473026176254,604.8467680178484,459.4170138009276,-,-,0.0000,0.0000,0.0000,0.0000,0.0000,0.0000,-,-,-,-,-,-,-,-,,
220476,642757.481,11:41:50:967,Trial021,NoImage,20,Indigo,71.5875,Eye,21,21,3.8663,3.1942,624.3078587104493,465.76845205591843,606.8845763823869,456.7121711256145,White Space,White Space,0,0,0,0,0,0,-,-,-,-,-,-,-,-,-,
494,642817.107,11:41:51:026,Trial021,21 neutre4.avi,20,DarkCyan,71.5875,Eye,21,21,3.8211,3.0216,629.3810335320613,464.54931878444523,609.7354145700613,457.1622618418278,-,-,0.0000,0.0000,0.0000,0.0000,0.0000,0.0000,-,-,-,-,-,-,-,-,,
497,642876.719,11:41:51:086,Trial021,21 neutre4.avi,20,DarkCyan,71.5875,Eye,21,21,3.8002,3.0852,633.9347226491942,462.5545463983308,616.5456321966865,458.43412202399804,-,-,0.0000,0.0000,0.0000,0.0000,0.0000,0.0000,-,-,-,-,-,-,-,-,,
220485,642936.471,11:41:51:146,Trial021,NoImage,20,Indigo,71.5875,Eye,21,21,3.7395,3.0533,632.3999001372235,460.5628308326949,621.633848317651,460.6760558296978,White Space,White Space,0,0,0,0,0,0,-,-,-,-,-,-,-,-,-,
503,642996.097,11:41:51:205,Trial021,21 neutre4.avi,20,DarkCyan,71.5875,Eye,21,21,3.8070,3.2013,629.2576646646013,459.91889348317505,612.8618387648932,456.6694923478118,-,-,0.0000,0.0000,0.0000,0.0000,0.0000,0.0000,-,-,-,-,-,-,-,-,,
220491,643055.851,11:41:51:265,Trial021,NoImage,20,Indigo,71.5875,Eye,21,21,3.8432,3.2021,631.2795094722456,465.4078310117716,606.2493008004578,456.39111081529353,White Space,White Space,0,0,0,0,0,0,-,-,-,-,-,-,-,-,-,
509,643115.477,11:41:51:325,Trial021,21 neutre4.avi,20,DarkCyan,71.5875,Eye,21,21,3.8693,3.0211,635.5088891867384,462.6958024238164,613.908011250589,455.11615458379947,-,-,0.0000,0.0000,0.0000,0.0000,0.0000,0.0000,-,-,-,-,-,-,-,-,,
512,643175.083,11:41:51:384,Trial021,21 neutre4.avi,20,DarkCyan,71.5875,Eye,21,21,3.8532,3.0592,630.5537102036667,463.2594856595118,614.7281370692922,459.4114542673497,-,-,0.0000,0.0000,0.0000,0.0000,0.0000,0.0000,-,-,-,-,-,-,-,-,,
220500,643234.842,11:41:51:444,Trial021,NoImage,20,Indigo,71.5875,Eye,21,21,3.891,3.1886,634.4202975066498,464.7369147017282,611.365872254585,462.1485738008175,White Space,White Space,0,0,0,0,0,0,-,-,-,-,-,-,-,-,-,
518,643294.456,11:41:51:504,Trial021,21 neutre4.avi,20,DarkCyan,71.5875,Eye,21,21,3.9015,3.1480,628.7993434929801,469.1247716464258,616.5998642305907,457.2326880626591,-,-,0.0000,0.0000,0.0000,0.0000,0.0000,0.0000,-,-,-,-,-,-,-,-,,
521,643354.221,11:41:51:563,Trial021,21 neutre4.avi,20,DarkCyan,71.5875,Eye,21,21,3.8765,2.9877,623.7175207251609,467.558611349682,623.1629203174355,457.32168568755657,-,-,0.0000,0.0000,0.0000,0.0000,0.0000,0.0000,-,-,-,-,-,-,-,-,,
524,643413.842,11:41:51:623,Trial021,21 neutre4.avi,20,DarkCyan,71.5875,Eye,21,21,3.7976,2.9308,626.229589480055,464.87858725591644,626.0088942518706,461.518244001476,-,-,0.0000,0.0000,0.0000,0.0000,0.0000,0.0000,-,-,-,-,-,-,-,-,,
527,643473.46,11:41:51:683,Trial021,21 neutre4.avi,20,DarkCyan,71.5875,Eye,21,21,3.7407,3.0623,623.9621804827394,460.84725478374907,623.6265734565657,462.74824252895183,-,-,0.0000,0.0000,0.0000,0.0000,0.0000,0.0000,-,-,-,-,-,-,-,-,,
220515,643533.212,11:41:51:742,Trial021,NoImage,20,Indigo,71.5875,Eye,21,21,3.853,2.9887,617.1629090834225,458.22032833291405,615.7401621657353,461.1350230765092,White Space,White Space,0,0,0,0,0,0,-,-,-,-,-,-,-,-,-,
220518,643592.829,11:41:51:802,Trial021,NoImage,20,Indigo,71.5875,Eye,21,21,3.7591,2.8538,620.4612553113584,458.51457440904994,622.5835699743889,461.9198762136244,White Space,White Space,0,0,0,0,0,0,-,-,-,-,-,-,-,-,-,
536,643652.623,11:41:51:862,Trial021,21 neutre4.avi,20,DarkCyan,71.5875,Eye,21,21,3.7524,2.9707,633.9445163374791,458.26910081093166,624.0780271723281,463.70687519881744,-,-,0.0000,0.0000,0.0000,0.0000,0.0000,0.0000,-,-,-,-,-,-,-,-,,
220524,643712.202,11:41:51:921,Trial021,NoImage,20,Indigo,71.5875,Eye,21,21,3.7013,2.9943,624.7277541113442,459.095491679678,621.9001728259635,467.85166306701484,White Space,White Space,0,0,0,0,0,0,-,-,-,-,-,-,-,-,-,
220527,643771.828,11:41:51:981,Trial021,NoImage,20,Indigo,71.5875,Eye,21,21,3.4728,2.9712,630.9031039559193,461.3514499222364,617.8170803271373,465.50493283248505,White Space,White Space,0,0,0,0,0,0,-,-,-,-,-,-,-,-,-,
545,643831.583,11:41:52:041,Trial021,21 neutre4.avi,20,DarkCyan,71.5875,Eye,21,21,3.6577,2.9301,629.8808795594924,460.1615042437357,622.195516909254,468.4378987488191,-,-,0.0000,0.0000,0.0000,0.0000,0.0000,0.0000,-,-,-,-,-,-,-,-,,
220533,643891.204,11:41:52:100,Trial021,NoImage,20,Indigo,71.5875,Eye,21,21,3.6824,2.9579,625.5463528553355,461.30808648227344,620.4502504309509,465.3251640473265,White Space,White Space,0,0,0,0,0,0,-,-,-,-,-,-,-,-,-,
220536,643950.96,11:41:52:160,Trial021,NoImage,20,Indigo,71.5875,Eye,21,21,3.7043,2.9707,621.0319461957821,464.08268123872017,621.7360317621751,463.1232634989085,White Space,White Space,0,0,0,0,0,0,-,-,-,-,-,-,-,-,-,
220539,644010.577,11:41:52:220,Trial021,NoImage,20,Indigo,71.5875,Eye,21,21,3.7533,2.976,621.891180323662,459.01186453859486,626.0654657618131,462.523360085992,White Space,White Space,0,0,0,0,0,0,-,-,-,-,-,-,-,-,-,
220542,644070.199,11:41:52:279,Trial021,NoImage,20,Indigo,71.5875,Eye,21,21,3.7864,3.0548,620.3821430310319,460.0824611004454,621.70288949674,462.7988576683151,White Space,White Space,0,0,0,0,0,0,-,-,-,-,-,-,-,-,-,
560,644129.954,11:41:52:339,Trial021,21 neutre4.avi,20,DarkCyan,71.5875,Eye,21,21,3.6199,2.7840,623.9099627780801,463.58998851488303,631.6995352185963,464.0471255485395,-,-,0.0000,0.0000,0.0000,0.0000,0.0000,0.0000,-,-,-,-,-,-,-,-,,
563,644189.581,11:41:52:399,Trial021,21 neutre4.avi,20,DarkCyan,71.5875,Eye,21,21,3.7412,2.9776,633.9571927258652,463.92059817423717,629.3382894525919,463.0933130373932,-,-,0.0000,0.0000,0.0000,0.0000,0.0000,0.0000,-,-,-,-,-,-,-,-,,
220551,644249.195,11:41:52:458,Trial021,NoImage,20,Indigo,71.5875,Eye,21,21,3.8138,2.7338,633.0994540530421,461.50190470224743,631.9705034356008,461.29734752469295,White Space,White Space,0,0,0,0,0,0,-,-,-,-,-,-,-,-,-,
569,644308.944,11:41:52:518,Trial021,21 neutre4.avi,20,DarkCyan,71.5875,Eye,21,21,3.7945,2.7080,629.1550663242023,462.87457012916275,628.6622008944299,459.1636794413657,-,-,0.0000,0.0000,0.0000,0.0000,0.0000,0.0000,-,-,-,-,-,-,-,-,,
572,644368.579,11:41:52:578,Trial021,21 neutre4.avi,20,DarkCyan,71.5875,Eye,21,21,3.8306,2.8577,629.873746118363,461.3838693632814,630.364382435612,461.51725038004,-,-,0.0000,0.0000,0.0000,0.0000,0.0000,0.0000,-,-,-,-,-,-,-,-,,
220560,644428.333,11:41:52:637,Trial021,NoImage,20,Indigo,71.5875,Eye,22,22,3.7778,2.9453,625.0622276662278,457.69776962889625,624.2493224979773,455.8089588458771,White Space,White Space,0,0,0,0,0,0,-,-,-,-,-,-,-,-,-,
220563,644487.974,11:41:52:697,Trial021,NoImage,20,Indigo,71.5875,Eye,22,22,3.6924,2.9991,621.4663464063094,452.4181968079023,625.8698849139126,450.68625500830433,White Space,White Space,0,0,0,0,0,0,-,-,-,-,-,-,-,-,-,
581,644547.576,11:41:52:757,Trial021,21 neutre4.avi,20,DarkCyan,71.5875,Eye,22,22,3.6604,3.0258,616.7045826826063,451.36363435383777,634.2747238951545,446.40471290251907,-,-,0.0000,0.0000,0.0000,0.0000,0.0000,0.0000,-,-,-,-,-,-,-,-,,
220569,644607.317,11:41:52:816,Trial021,NoImage,20,Indigo,71.5875,Eye,22,22,3.8262,2.9729,619.8036872796031,445.83995156321123,623.7922929935324,445.98956975472095,White Space,White Space,0,0,0,0,0,0,-,-,-,-,-,-,-,-,-,
587,644666.934,11:41:52:876,Trial021,21 neutre4.avi,20,DarkCyan,71.5875,Eye,24,22,3.6511,3.0068,621.9531720135473,442.8281265515948,610.5356236622837,444.7494827618012,-,-,0.0000,0.0000,0.0000,0.0000,0.0000,0.0000,-,-,-,-,-,-,-,-,,
590,644726.569,11:41:52:936,Trial021,21 neutre4.avi,20,DarkCyan,71.5875,Eye,23,23,3.7068,2.9325,622.6390471832973,437.375284173284,612.1047763130744,441.65943637593534,-,-,0.0000,0.0000,0.0000,0.0000,0.0000,0.0000,-,-,-,-,-,-,-,-,,
220578,644786.338,11:41:52:995,Trial021,NoImage,20,Indigo,71.5875,Eye,23,23,3.5861,2.9545,618.3621429154668,433.0520164671498,618.3631544544497,435.7395476210301,White Space,White Space,0,0,0,0,0,0,-,-,-,-,-,-,-,-,-,
220581,644845.929,11:41:53:055,Trial021,NoImage,20,Indigo,71.5875,Eye,23,23,3.5867,2.9243,618.8756678630625,427.50944969065523,623.2785845901777,428.57859292399996,White Space,White Space,0,0,0,0,0,0,-,-,-,-,-,-,-,-,-,
599,644905.568,11:41:53:115,Trial021,21 neutre4.avi,20,DarkCyan,71.5875,Eye,23,23,3.3380,2.7866,623.5887813334921,428.3153943826674,625.1807127542294,424.7299335558242,-,-,0.0000,0.0000,0.0000,0.0000,0.0000,0.0000,-,-,-,-,-,-,-,-,,
220587,644965.313,11:41:53:174,Trial021,NoImage,20,Indigo,71.5875,Eye,23,23,3.2515,2.7238,633.2111692906377,425.6509420442768,633.9545271197449,422.2631341619076,White Space,White Space,0,0,0,0,0,0,-,-,-,-,-,-,-,-,-,
220590,645024.942,11:41:53:234,Trial021,NoImage,20,Indigo,71.5875,Eye,23,23,3.2789,2.7072,622.2584919128257,423.4114051654118,634.3879986398184,419.20136561448226,White Space,White Space,0,0,0,0,0,0,-,-,-,-,-,-,-,-,-,
220593,645084.68,11:41:53:294,Trial021,NoImage,20,Indigo,71.5875,Eye,24,24,3.282,2.6914,629.4436292623478,423.57207237660646,641.3925341292558,419.67416159589055,White Space,White Space,0,0,0,0,0,0,-,-,-,-,-,-,-,-,-,
220596,645144.304,11:41:53:353,Trial021,NoImage,20,Indigo,71.5875,Eye,24,24,3.1326,2.5634,637.6463147594897,424.3365396380099,641.8570864434311,417.87165582458124,White Space,White Space,0,0,0,0,0,0,-,-,-,-,-,-,-,-,-,
614,645203.932,11:41:53:413,Trial021,21 neutre4.avi,20,DarkCyan,71.5875,Eye,24,24,3.1537,2.6200,643.83645731281,427.7546690541608,639.7978815893708,415.1012357802463,-,-,0.0000,0.0000,0.0000,0.0000,0.0000,0.0000,-,-,-,-,-,-,-,-,,
617,645263.685,11:41:53:473,Trial021,21 neutre4.avi,20,DarkCyan,71.5875,Eye,24,24,3.1308,2.4848,648.4137335319662,421.93444192642255,642.683914888698,418.0779158240306,-,-,0.0000,0.0000,0.0000,0.0000,0.0000,0.0000,-,-,-,-,-,-,-,-,,
220605,645323.31,11:41:53:532,Trial021,NoImage,20,Indigo,71.5875,Eye,7,24,3.1129,2.3588,652.5210880919283,421.8073401569026,644.2074468093649,418.39689638461743,White Space,White Space,0,0,0,0,0,0,-,-,-,-,-,-,-,-,-,
623,645383.06,11:41:53:592,Trial021,21 neutre4.avi,20,DarkCyan,71.5875,Eye,7,-,3.1129,2.5434,553.2209404045111,385.2283445535642,546.9857094425887,382.79522125028376,-,-,0.0000,0.0000,0.0000,0.0000,0.0000,0.0000,-,-,-,-,-,-,-,-,,
220611,645442.663,11:41:53:652,Trial021,NoImage,20,Indigo,71.5875,Eye,25,25,3.4302,2.5653,575.3860591185335,396.8009257078595,580.1039370698763,392.9590365724874,White Space,White Space,0,0,0,0,0,0,-,-,-,-,-,-,-,-,-,
220614,645502.294,11:41:53:711,Trial021,NoImage,20,Indigo,71.5875,Eye,25,25,3.2573,2.7112,598.0066940894973,400.13582575911374,600.0834115026404,400.31317777895214,White Space,White Space,0,0,0,0,0,0,-,-,-,-,-,-,-,-,-,
220617,645562.047,11:41:53:771,Trial021,NoImage,20,Indigo,71.5875,Eye,25,25,3.285,2.7468,602.5311064654799,402.247184957313,613.6503868292377,402.1308779849118,White Space,White Space,0,0,0,0,0,0,-,-,-,-,-,-,-,-,-,
635,645621.715,11:41:53:831,Trial021,21 neutre4.avi,20,DarkCyan,71.5875,Eye,25,25,3.2688,2.7319,613.0647775860335,408.41541979041006,623.9223624201564,403.9565130323092,-,-,0.0000,0.0000,0.0000,0.0000,0.0000,0.0000,-,-,-,-,-,-,-,-,,
220623,645681.302,11:41:53:890,Trial021,NoImage,20,Indigo,71.5875,Eye,25,25,3.3886,2.6319,624.2712856164072,407.7880524375299,628.3199730883564,405.9469145555536,White Space,White Space,0,0,0,0,0,0,-,-,-,-,-,-,-,-,-,
641,645741.044,11:41:53:950,Trial021,21 neutre4.avi,20,DarkCyan,71.5875,Eye,25,25,3.3566,2.6746,629.0113762618564,410.54349865471767,633.1607170320956,409.56641076835433,-,-,0.0000,0.0000,0.0000,0.0000,0.0000,0.0000,-,-,-,-,-,-,-,-,,
220629,645800.675,11:41:54:010,Trial021,NoImage,20,Indigo,71.5875,Eye,25,25,3.275,2.6517,630.2323780068992,409.4831072912208,635.540167291753,411.43647489557634,White Space,White Space,0,0,0,0,0,0,-,-,-,-,-,-,-,-,-,
647,645860.433,11:41:54:070,Trial021,21 neutre4.avi,20,DarkCyan,71.5875,Eye,25,25,3.2451,2.6681,632.2831586796472,410.4272406735338,639.7497997116184,419.7125749245082,-,-,0.0000,0.0000,0.0000,0.0000,0.0000,0.0000,-,-,-,-,-,-,-,-,,
220635,645920.043,11:41:54:129,Trial021,NoImage,20,Indigo,71.5875,Eye,25,25,3.0924,2.7065,639.7458033278209,406.59914438763553,635.4418612011445,415.13117661817626,White Space,White Space,0,0,0,0,0,0,-,-,-,-,-,-,-,-,-,
220638,645979.664,11:41:54:189,Trial021,NoImage,20,Indigo,71.5875,Eye,25,25,3.1439,2.7416,641.35375031893,405.46707590734,630.8207921359,414.7895639784192,White Space,White Space,0,0,0,0,0,0,-,-,-,-,-,-,-,-,-,
656,646138.789,11:41:54:348,Trial022,22 neutre visage gris.jpg,20,DarkCyan,63.4832,Eye,1,1,3.2231,2.5746,643.6213434881644,401.9100575555785,632.4947290660627,412.88400976478135,neutre fichier b,neutre fichier b,0.0000,0.0000,0.0000,0.0000,0.0000,0.0000,-,-,-,-,-,-,-,-,,
659,646198.545,11:41:54:407,Trial022,22 neutre visage gris.jpg,20,DarkCyan,63.4832,Eye,1,1,3.2016,2.5676,643.3158869632388,410.7328533118574,629.3190010960742,413.5200593547257,neutre fichier b,neutre fichier b,0.0000,0.0000,0.0000,0.0000,0.0000,0.0000,-,-,-,-,-,-,-,-,,
220647,646258.159,11:41:54:467,Trial022,NoImage,20,Indigo,63.4832,Eye,1,1,3.0858,2.5098,568.1028337958019,402.67404183538116,557.6863247042959,410.65020625004206,White Space,White Space,0,0,0,0,0,0,-,-,-,-,-,-,-,-,-,
665,646317.774,11:41:54:527,Trial022,22 neutre visage gris.jpg,20,DarkCyan,63.4832,Eye,1,1,3.0559,2.3785,501.3872946856221,401.5220864903331,484.374282013878,406.00237699062586,White Space,White Space,0.0000,0.0000,0.0000,0.0000,0.0000,0.0000,-,-,-,-,-,-,-,-,,
220653,646377.534,11:41:54:586,Trial022,NoImage,20,Indigo,63.4832,Eye,1,1,3.0325,2.3399,449.99424250801326,395.4895207464811,434.28048315052035,401.78768788510484,White Space,White Space,0,0,0,0,0,0,-,-,-,-,-,-,-,-,-,
671,646437.155,11:41:54:646,Trial022,22 neutre visage gris.jpg,20,DarkCyan,63.4832,Eye,2,2,2.9606,2.3022,408.16664533286615,386.9153727590718,391.5392015837536,396.8100639693271,White Space,White Space,0.0000,0.0000,0.0000,0.0000,0.0000,0.0000,-,-,-,-,-,-,-,-,,
674,646496.896,11:41:54:706,Trial022,22 neutre visage gris.jpg,20,DarkCyan,63.4832,Eye,2,2,3.0385,2.4121,449.0651581890936,386.7818859791629,447.6862333062886,397.75226410347057,yeux neutre,yeux neutre,0.0000,0.0000,0.0000,0.0000,0.0000,0.0000,-,-,-,-,-,-,-,-,,
220662,646556.531,11:41:54:765,Trial022,NoImage,20,Indigo,63.4832,Eye,2,2,3.1944,2.423,485.49394325875454,392.8141413088743,477.1057952316712,393.5372632274329,White Space,White Space,0,0,0,0,0,0,-,-,-,-,-,-,-,-,-,
680,646616.152,11:41:54:825,Trial022,22 neutre visage gris.jpg,20,DarkCyan,63.4832,Eye,2,2,3.1916,2.4829,514.3184947890122,388.76424192887333,502.14196899101677,383.55046645058366,yeux neutre,yeux neutre,0.0000,0.0000,0.0000,0.0000,0.0000,0.0000,-,-,-,-,-,-,-,-,,
683,646675.9,11:41:54:885,Trial022,22 neutre visage gris.jpg,20,DarkCyan,63.4832,Eye,2,2,3.2423,2.6195,521.7716388775127,393.06362621367265,516.5723718427495,383.1719614112582,yeux neutre,yeux neutre,0.0000,0.0000,0.0000,0.0000,0.0000,0.0000,-,-,-,-,-,-,-,-,,
686,646735.516,11:41:54:944,Trial022,22 neutre visage gris.jpg,20,DarkCyan,63.4832,Eye,2,2,3.1102,2.5813,533.8368019245579,396.1671608313935,528.2827894958432,389.9057858239018,yeux neutre,yeux neutre,0.0000,0.0000,0.0000,0.0000,0.0000,0.0000,-,-,-,-,-,-,-,-,,
220674,646795.15,11:41:55:004,Trial022,NoImage,20,Indigo,63.4832,Eye,2,2,3.3157,2.6016,543.385141456432,391.0597056137201,541.8573354832959,386.2179431331115,White Space,White Space,0,0,0,0,0,0,-,-,-,-,-,-,-,-,-,
220677,646854.892,11:41:55:064,Trial022,NoImage,20,Indigo,63.4832,Eye,2,2,3.287,2.5972,541.4544825061853,384.6467953385413,544.5467253877121,386.66202557520853,White Space,White Space,0,0,0,0,0,0,-,-,-,-,-,-,-,-,-,
695,646914.522,11:41:55:123,Trial022,22 neutre visage gris.jpg,20,DarkCyan,63.4832,Eye,2,2,3.2895,2.6028,541.66850289644,381.74620316161474,549.4134567483038,383.34749745318925,yeux neutre,yeux neutre,0.0000,0.0000,0.0000,0.0000,0.0000,0.0000,-,-,-,-,-,-,-,-,,
220683,646974.271,11:41:55:183,Trial022,NoImage,20,Indigo,63.4832,Eye,3,3,3.1574,2.6319,540.0553947740347,383.53116394878174,552.0525068399878,383.2957500184273,White Space,White Space,0,0,0,0,0,0,-,-,-,-,-,-,-,-,-,
220686,647033.889,11:41:55:243,Trial022,NoImage,20,Indigo,63.4832,Eye,3,3,3.2042,2.6125,544.6479544137252,377.0128885682814,558.0269784449221,384.76857125629044,White Space,White Space,0,0,0,0,0,0,-,-,-,-,-,-,-,-,-,
220689,647093.516,11:41:55:302,Trial022,NoImage,20,Indigo,63.4832,Eye,3,3,3.0828,2.5721,537.3096364889844,377.62819566549774,556.7531327159747,381.18781179919273,White Space,White Space,0,0,0,0,0,0,-,-,-,-,-,-,-,-,-,
707,647153.268,11:41:55:362,Trial022,22 neutre visage gris.jpg,20,DarkCyan,63.4832,Eye,4,4,3.1726,2.5566,593.6371129666727,379.07249156785593,607.2035634912879,384.8236152776313,yeux neutre,yeux neutre,0.0000,0.0000,0.0000,0.0000,0.0000,0.0000,-,-,-,-,-,-,-,-,,
710,647212.89,11:41:55:422,Trial022,22 neutre visage gris.jpg,20,DarkCyan,63.4832,Eye,4,4,3.1637,2.5774,632.3670600617056,377.84979937512196,644.1020563707376,386.64034426522954,yeux neutre,yeux neutre,0.0000,0.0000,0.0000,0.0000,0.0000,0.0000,-,-,-,-,-,-,-,-,,
220698,647272.516,11:41:55:481,Trial022,NoImage,20,Indigo,63.4832,Eye,4,4,3.213,2.4768,670.0141007993658,377.81895862444543,670.035903832779,386.567319493062,White Space,White Space,0,0,0,0,0,0,-,-,-,-,-,-,-,-,-,
716,647332.266,11:41:55:541,Trial022,22 neutre visage gris.jpg,20,DarkCyan,63.4832,Eye,4,4,3.1535,2.6117,693.6533101950542,378.8540629075127,691.2655193653807,385.81396021042684,yeux neutre,yeux neutre,0.0000,0.0000,0.0000,0.0000,0.0000,0.0000,-,-,-,-,-,-,-,-,,
719,647391.889,11:41:55:601,Trial022,22 neutre visage gris.jpg,20,DarkCyan,63.4832,Eye,4,4,3.1380,2.6600,714.9440876844825,380.321655704648,709.8173872195897,384.88618139787303,yeux neutre,yeux neutre,0.0000,0.0000,0.0000,0.0000,0.0000,0.0000,-,-,-,-,-,-,-,-,,
220707,647451.512,11:41:55:660,Trial022,NoImage,20,Indigo,63.4832,Eye,4,4,3.2077,2.5719,726.6817277308407,385.0951806058593,727.5796451017092,382.50494723916313,White Space,White Space,0,0,0,0,0,0,-,-,-,-,-,-,-,-,-,
725,647511.251,11:41:55:720,Trial022,22 neutre visage gris.jpg,20,DarkCyan,63.4832,Eye,4,4,3.3093,2.6836,727.5732974516294,384.1019791483759,737.1217410704519,380.5133369786965,yeux neutre,yeux neutre,0.0000,0.0000,0.0000,0.0000,0.0000,0.0000,-,-,-,-,-,-,-,-,,
220713,647570.879,11:41:55:780,Trial022,NoImage,20,Indigo,63.4832,Eye,4,4,3.226,2.6415,733.7663331614593,384.2129301333336,741.9533676571164,383.34774629080425,White Space,White Space,0,0,0,0,0,0,-,-,-,-,-,-,-,-,-,
220716,647630.635,11:41:55:839,Trial022,NoImage,20,Indigo,63.4832,Eye,4,4,3.1775,2.6872,748.4815734016049,385.98923982395496,741.4083491840983,384.77843030958826,White Space,White Space,0,0,0,0,0,0,-,-,-,-,-,-,-,-,-,
734,647690.253,11:41:55:899,Trial022,22 neutre visage gris.jpg,20,DarkCyan,63.4832,Eye,1,1,3.2524,2.6253,624.8515408946074,358.3193822576625,619.5466227314774,357.5359846478209,-,-,0.0000,0.0000,0.0000,0.0000,0.0000,0.0000,-,-,-,-,-,-,-,-,,
220722,647749.879,11:41:55:959,Trial022,NoImage,20,Indigo,63.4832,Eye,1,1,2.7902,2.6253,532.1277841050589,337.591885963428,528.1490954827115,337.12904728198026,White Space,White Space,0,0,0,0,0,0,-,-,-,-,-,-,-,-,-,
220725,647809.633,11:41:56:018,Trial022,NoImage,20,Indigo,63.4832,Eye,5,5,3.4181,2.6978,567.5976890883087,353.9491585701068,558.404633365923,357.2411955696496,White Space,White Space,0,0,0,0,0,0,-,-,-,-,-,-,-,-,-,
743,647869.25,11:41:56:078,Trial022,22 neutre visage gris.jpg,20,DarkCyan,63.4832,Eye,5,5,3.5124,2.7819,603.3459079811354,372.66424652622453,588.3059873598286,373.76605830632394,neutre fichier b,neutre fichier b,0.0000,0.0000,0.0000,0.0000,0.0000,0.0000,-,-,-,-,-,-,-,-,,
220731,647928.87,11:41:56:138,Trial022,NoImage,20,Indigo,63.4832,Eye,5,5,3.5309,2.7887,626.255228925205,380.48898963433174,610.4963987051152,383.4652900355472,White Space,White Space,0,0,0,0,0,0,-,-,-,-,-,-,-,-,-,
220734,647988.624,11:41:56:197,Trial022,NoImage,20,Indigo,63.4832,Eye,5,5,3.3689,2.6925,630.8692087594767,389.6315925604422,625.999172893331,394.15263643058967,White Space,White Space,0,0,0,0,0,0,-,-,-,-,-,-,-,-,-,
220737,648048.247,11:41:56:257,Trial022,NoImage,20,Indigo,63.4832,Eye,5,5,3.5361,2.779,631.1205608001263,397.33368468576606,637.5756156266743,397.43604325508966,White Space,White Space,0,0,0,0,0,0,-,-,-,-,-,-,-,-,-,
755,648108.001,11:41:56:317,Trial022,22 neutre visage gris.jpg,20,DarkCyan,63.4832,Eye,5,5,3.5265,2.7418,641.4220911494926,404.0366199199536,636.6417316504792,408.7184849432952,neutre fichier b,neutre fichier b,0.0000,0.0000,0.0000,0.0000,0.0000,0.0000,-,-,-,-,-,-,-,-,,
758,648167.617,11:41:56:376,Trial022,22 neutre visage gris.jpg,20,DarkCyan,63.4832,Eye,6,6,3.4412,2.7216,647.9344518121775,414.27583775137464,636.4701461247327,412.8349148261776,neutre fichier b,neutre fichier b,0.0000,0.0000,0.0000,0.0000,0.0000,0.0000,-,-,-,-,-,-,-,-,,
220746,648227.241,11:41:56:436,Trial022,NoImage,20,Indigo,63.4832,Eye,6,6,3.4409,2.759,648.3461446263531,418.14944595161467,643.3820844868015,414.77807171558294,White Space,White Space,0,0,0,0,0,0,-,-,-,-,-,-,-,-,-,
220749,648287.0,11:41:56:496,Trial022,NoImage,20,Indigo,63.4832,Eye,6,6,3.4206,2.6603,642.3081603884957,421.3882047983012,649.7765587521402,420.4542361916856,White Space,White Space,0,0,0,0,0,0,-,-,-,-,-,-,-,-,-,
220752,648346.624,11:41:56:555,Trial022,NoImage,20,Indigo,63.4832,Eye,6,7,3.454,2.4804,643.7802366366022,423.80990232015495,651.7214254576271,429.5130291453883,White Space,White Space,0,0,0,0,0,0,-,-,-,-,-,-,-,-,-,
220755,648406.364,11:41:56:615,Trial022,NoImage,20,Indigo,63.4832,Eye,6,7,3.4321,2.5996,647.4492389820252,432.6670321608926,659.8169724463759,432.25838906295877,White Space,White Space,0,0,0,0,0,0,-,-,-,-,-,-,-,-,-,
220758,648465.994,11:41:56:675,Trial022,NoImage,20,Indigo,63.4832,Eye,7,7,3.4487,2.5689,653.3117309063975,437.1172608054034,664.2276503529588,436.06480490987195,White Space,White Space,0,0,0,0,0,0,-,-,-,-,-,-,-,-,-,
220761,648525.61,11:41:56:734,Trial022,NoImage,20,Indigo,63.4832,Eye,7,7,3.4599,2.6032,649.8399146851011,439.050618410542,665.515742971781,437.0677148958523,White Space,White Space,0,0,0,0,0,0,-,-,-,-,-,-,-,-,-,
220764,648585.372,11:41:56:794,Trial022,NoImage,20,Indigo,63.4832,Eye,7,7,3.4173,2.7302,657.1658281520699,445.1621917652069,665.8145388116859,442.0509441530539,White Space,White Space,0,0,0,0,0,0,-,-,-,-,-,-,-,-,-,
782,648644.992,11:41:56:854,Trial022,22 neutre visage gris.jpg,20,DarkCyan,63.4832,Eye,7,7,3.4731,2.6475,662.5950055644871,445.46865955315127,657.7850419570069,448.449057517739,bouche neutre,bouche neutre,0.0000,0.0000,0.0000,0.0000,0.0000,0.0000,-,-,-,-,-,-,-,-,,
785,648704.614,11:41:56:913,Trial022,22 neutre visage gris.jpg,20,DarkCyan,63.4832,Eye,7,7,3.4062,2.6139,666.3058007297623,445.41067667000283,654.8174049309409,450.6836730858397,bouche neutre,bouche neutre,0.0000,0.0000,0.0000,0.0000,0.0000,0.0000,-,-,-,-,-,-,-,-,,
220773,648764.359,11:41:56:973,Trial022,NoImage,20,Indigo,63.4832,Eye,8,7,3.449,2.785,668.5628517595012,448.16440050642683,657.0987937962753,451.70478682612185,White Space,White Space,0,0,0,0,0,0,-,-,-,-,-,-,-,-,-,
791,648823.978,11:41:57:033,Trial022,22 neutre visage gris.jpg,20,DarkCyan,63.4832,Eye,8,8,3.5082,2.6187,635.6697687305247,431.4554388887691,644.08602067627,433.96829619285813,yeux neutre,yeux neutre,0.0000,0.0000,0.0000,0.0000,0.0000,0.0000,-,-,-,-,-,-,-,-,,
220779,648883.728,11:41:57:093,Trial022,NoImage,20,Indigo,63.4832,Eye,8,8,3.376,2.5795,621.2235912896531,414.0760635487404,632.0728072441972,420.7665163508118,White Space,White Space,0,0,0,0,0,0,-,-,-,-,-,-,-,-,-,
797,648943.364,11:41:57:152,Trial022,22 neutre visage gris.jpg,20,DarkCyan,63.4832,Eye,8,8,3.4102,2.6268,605.4363003391219,403.9333556049588,612.1250474843216,411.7371151887658,yeux neutre,yeux neutre,0.0000,0.0000,0.0000,0.0000,0.0000,0.0000,-,-,-,-,-,-,-,-,,
800,649002.984,11:41:57:212,Trial022,22 neutre visage gris.jpg,20,DarkCyan,63.4832,Eye,8,8,3.3740,2.7834,597.8549301242846,399.454943054738,604.6225038367654,406.20818354130546,yeux neutre,yeux neutre,0.0000,0.0000,0.0000,0.0000,0.0000,0.0000,-,-,-,-,-,-,-,-,,
220788,649062.735,11:41:57:272,Trial022,NoImage,20,Indigo,63.4832,Eye,9,8,3.3901,2.5038,576.9089288335161,392.1665443620562,585.1215349841659,395.7192088109282,White Space,White Space,0,0,0,0,0,0,-,-,-,-,-,-,-,-,-,
806,649122.357,11:41:57:331,Trial022,22 neutre visage gris.jpg,20,DarkCyan,63.4832,Eye,9,9,3.2913,2.6893,557.4660895755493,387.121034630722,560.9102028522468,388.7968898830222,yeux neutre,yeux neutre,0.0000,0.0000,0.0000,0.0000,0.0000,0.0000,-,-,-,-,-,-,-,-,,
220794,649181.974,11:41:57:391,Trial022,NoImage,20,Indigo,63.4832,Eye,9,9,3.4214,2.6383,553.4014806560438,380.8702034087823,561.9835037818503,388.4360079706457,White Space,White Space,0,0,0,0,0,0,-,-,-,-,-,-,-,-,-,
220797,649241.723,11:41:57:451,Trial022,NoImage,20,Indigo,63.4832,Eye,9,9,3.4116,2.5994,542.7067114206448,379.15456981297,543.1190509622809,385.4963885191592,White Space,White Space,0,0,0,0,0,0,-,-,-,-,-,-,-,-,-,
220800,649301.351,11:41:57:510,Trial022,NoImage,20,Indigo,63.4832,Eye,9,9,3.4588,2.6848,528.9736590180611,378.3893600656353,526.0485339838283,382.4165243838975,White Space,White Space,0,0,0,0,0,0,-,-,-,-,-,-,-,-,-,
220803,649361.106,11:41:57:570,Trial022,NoImage,20,Indigo,63.4832,Eye,9,9,3.405,2.5459,524.0562338880578,380.0147970957748,527.7266560709254,381.61000245791575,White Space,White Space,0,0,0,0,0,0,-,-,-,-,-,-,-,-,-,
220806,649420.728,11:41:57:630,Trial022,NoImage,20,Indigo,63.4832,Eye,9,9,3.4532,2.6774,524.697695186399,376.36672618396386,526.7597054887086,372.649802656549,White Space,White Space,0,0,0,0,0,0,-,-,-,-,-,-,-,-,-,
824,649480.353,11:41:57:689,Trial022,22 neutre visage gris.jpg,20,DarkCyan,63.4832,Eye,9,9,3.5070,2.6983,531.5546839788276,373.969245185514,529.6013182714894,373.6416476591174,yeux neutre,yeux neutre,0.0000,0.0000,0.0000,0.0000,0.0000,0.0000,-,-,-,-,-,-,-,-,,
220812,649540.102,11:41:57:749,Trial022,NoImage,20,Indigo,63.4832,Eye,10,9,3.5709,2.7097,532.130289635304,374.1481417312705,538.8397140573067,378.7567510879779,White Space,White Space,0,0,0,0,0,0,-,-,-,-,-,-,-,-,-,
830,649599.727,11:41:57:809,Trial022,22 neutre visage gris.jpg,20,DarkCyan,63.4832,Eye,10,9,3.5410,2.6055,454.3160038734287,383.3906929412762,459.3480721899306,387.54672663523627,-,-,0.0000,0.0000,0.0000,0.0000,0.0000,0.0000,-,-,-,-,-,-,-,-,,
833,649659.475,11:41:57:868,Trial022,22 neutre visage gris.jpg,20,DarkCyan,63.4832,Eye,-,-,3.4459,2.6617,403.69921633894376,356.5989249830129,407.47326757632015,359.8406597794164,-,-,0.0000,0.0000,0.0000,0.0000,0.0000,0.0000,-,-,-,-,-,-,-,-,,
220821,649719.098,11:41:57:928,Trial022,NoImage,20,Indigo,63.4832,Eye,-,-,3.5469,2.4982,366.0499251118952,336.4910873725151,368.8804635399275,339.04709799575113,-,-,0,0,0,0,0,0,-,-,-,-,-,-,-,-,-,
220824,649778.722,11:41:57:988,Trial022,NoImage,20,Indigo,63.4832,Eye,-,-,3.4034,2.6427,337.87895987903033,321.37172129798284,340.00186370005457,323.4134387913433,White Space,White Space,0,0,0,0,0,0,-,-,-,-,-,-,-,-,-,
842,649838.467,11:41:58:047,Trial022,22 neutre visage gris.jpg,20,DarkCyan,0.0,Eye,-,-,3.4360,2.5352,316.75073595438164,310.0321967420836,318.3429138201498,311.6881943880374,-,-,0.0000,0.0000,0.0000,0.0000,0.0000,0.0000,-,-,-,-,-,-,-,-,,
845,649898.083,11:41:58:107,Trial022,22 neutre visage gris.jpg,20,DarkCyan,0.0,Eye,-,-,3.3265,2.3887,300.90456801089516,301.5275533251592,302.0987014102212,302.89426108555796,-,-,0.0000,0.0000,0.0000,0.0000,0.0000,0.0000,-,-,-,-,-,-,-,-,,
220833,649957.713,11:41:58:166,Trial022,NoImage,20,Indigo,0.0,Eye,-,-,3.3697,2.4499,289.0199420532802,295.1490707624659,289.91554210277485,296.29881110869843,White Space,White Space,0,0,0,0,0,0,-,-,-,-,-,-,-,-,-,
851,650017.464,11:41:58:226,Trial022,22 neutre visage gris.jpg,20,DarkCyan,0.0,Eye,-,-,3.4350,2.3523,,,,,-,-,0.0000,0.0000,0.0000,0.0000,0.0000,0.0000,-,-,-,-,-,-,-,-,,
854,650077.092,11:41:58:286,Trial022,22 neutre visage gris.jpg,20,DarkCyan,0.0,Eye,-,-,3.3427,2.3660,,,,,-,-,0.0000,0.0000,0.0000,0.0000,0.0000,0.0000,-,-,-,-,-,-,-,-,,
220842,650136.837,11:41:58:346,Trial022,NoImage,20,Indigo,0.0,Eye,-,-,3.3498,2.3447,,,,,White Space,White Space,0,0,0,0,0,0,-,-,-,-,-,-,-,-,-,
860,650196.464,11:41:58:405,Trial022,22 neutre visage gris.jpg,20,DarkCyan,0.0,Eye,-,-,3.3346,2.4115,,,,,-,-,0.0000,0.0000,0.0000,0.0000,0.0000,0.0000,-,-,-,-,-,-,-,-,,
220848,650256.081,11:41:58:465,Trial022,NoImage,20,Indigo,0.0,Eye,-,-,3.3392,2.2375,,,,,White Space,White Space,0,0,0,0,0,0,-,-,-,-,-,-,-,-,-,
866,650315.834,11:41:58:525,Trial022,22 neutre visage gris.jpg,20,DarkCyan,63.4832,Eye,-,-,3.4233,2.3337,268.0306156881302,283.9929651230173,268.4030586066023,284.762486475343,-,-,0.0000,0.0000,0.0000,0.0000,0.0000,0.0000,-,-,-,-,-,-,-,-,,
869,650375.463,11:41:58:584,Trial022,22 neutre visage gris.jpg,20,DarkCyan,63.4832,Eye,-,-,3.2703,2.2955,264.2873179650293,282.01554331051364,264.56665015388336,282.71739385069134,-,-,0.0000,0.0000,0.0000,0.0000,0.0000,0.0000,-,-,-,-,-,-,-,-,,
220857,650435.195,11:41:58:644,Trial022,NoImage,20,Indigo,63.4832,Eye,-,-,3.3904,2.1483,261.4504677514788,280.5101361386869,261.65996689311936,281.1612335697536,White Space,White Space,0,0,0,0,0,0,-,-,-,-,-,-,-,-,-,
220860,650494.825,11:41:58:704,Trial022,NoImage,20,Indigo,63.4832,Eye,-,-,3.3426,2.2624,259.3431499796079,279.3965172204533,259.50027433583836,280.00954981968675,White Space,White Space,0,0,0,0,0,0,-,-,-,-,-,-,-,-,-,
878,650554.447,11:41:58:763,Trial022,22 neutre visage gris.jpg,20,DarkCyan,63.4832,Eye,-,-,3.3489,2.0961,257.70900184237684,278.5554335901758,257.8268451095497,279.13991756553435,-,-,0.0000,0.0000,0.0000,0.0000,0.0000,0.0000,-,-,-,-,-,-,-,-,,
220866,650614.197,11:41:58:823,Trial022,NoImage,20,Indigo,63.4832,Eye,-,-,3.3173,2.2023,256.48940316765965,277.9161186611898,256.5777856180393,278.47919116864216,White Space,White Space,0,0,0,0,0,0,-,-,-,-,-,-,-,-,-,
884,650673.835,11:41:58:883,Trial022,22 neutre visage gris.jpg,20,DarkCyan,63.4832,Eye,-,-,3.3748,2.2988,0.0,277.46167753179043,0.0,278.0086914383131,-,-,0.0000,0.0000,0.0000,0.0000,0.0000,0.0000,-,-,-,-,-,-,-,-,,
220872,650733.456,11:41:58:942,Trial022,NoImage,20,Indigo,63.4832,Eye,-,-,3.3743,2.1752,0.0,277.0858764656606,0.0,277.620846421486,White Space,White Space,0,0,0,0,0,0,-,-,-,-,-,-,-,-,-,
890,650793.206,11:41:59:002,Trial022,22 neutre visage gris.jpg,20,DarkCyan,63.4832,Eye,-,-,3.3853,2.2853,0.0,276.83084828284655,0.0,277.3567852756491,-,-,0.0000,0.0000,0.0000,0.0000,0.0000,0.0000,-,-,-,-,-,-,-,-,,
220878,650852.824,11:41:59:062,Trial022,NoImage,20,Indigo,0.0,Eye,-,-,3.4045,2.2676,0.0,276.639577145736,0.0,277.1587394162713,White Space,White Space,0,0,0,0,0,0,-,-,-,-,-,-,-,-,-,
896,650912.569,11:41:59:121,Trial022,22 neutre visage gris.jpg,20,DarkCyan,0.0,Eye,-,-,3.3913,2.2282,0.0,276.4961237929031,0.0,277.01020502173805,-,-,0.0000,0.0000,0.0000,0.0000,0.0000,0.0000,-,-,-,-,-,-,-,-,,
220884,650972.201,11:41:59:181,Trial022,NoImage,20,Indigo,0.0,Eye,-,-,3.3633,2.303,0.0,276.38853377827843,0.0,276.8988042258381,White Space,White Space,0,0,0,0,0,0,-,-,-,-,-,-,-,-,-,
902,651031.823,11:41:59:241,Trial022,22 neutre visage gris.jpg,20,DarkCyan,0.0,Eye,-,-,3.3809,2.1722,,,,,-,-,0.0000,0.0000,0.0000,0.0000,0.0000,0.0000,-,-,-,-,-,-,-,-,,
220890,651091.568,11:41:59:300,Trial022,NoImage,20,Indigo,0.0,Eye,-,-,3.3965,2.243,,,,,White Space,White Space,0,0,0,0,0,0,-,-,-,-,-,-,-,-,-,
908,651151.192,11:41:59:360,Trial022,22 neutre visage gris.jpg,20,DarkCyan,0.0,Eye,-,-,3.3966,2.0673,,,,,-,-,0.0000,0.0000,0.0000,0.0000,0.0000,0.0000,-,-,-,-,-,-,-,-,,
220896,651210.825,11:41:59:420,Trial022,NoImage,20,Indigo,0.0,Eye,-,-,3.377,2.1188,,,,,White Space,White Space,0,0,0,0,0,0,-,-,-,-,-,-,-,-,-,
914,651270.57,11:41:59:479,Trial022,22 neutre visage gris.jpg,20,DarkCyan,0.0,Eye,-,-,3.3562,2.2167,,,,,-,-,0.0000,0.0000,0.0000,0.0000,0.0000,0.0000,-,-,-,-,-,-,-,-,,
917,651330.195,11:41:59:539,Trial022,22 neutre visage gris.jpg,20,DarkCyan,0.0,Eye,-,-,3.3221,2.1038,,,,,-,-,0.0000,0.0000,0.0000,0.0000,0.0000,0.0000,-,-,-,-,-,-,-,-,,
220905,651389.943,11:41:59:599,Trial022,NoImage,20,Indigo,0.0,Eye,-,-,3.328,2.2152,,,,,White Space,White Space,0,0,0,0,0,0,-,-,-,-,-,-,-,-,-,
220908,651449.569,11:41:59:658,Trial022,NoImage,20,Indigo,0.0,Eye,-,-,3.3776,2.2296,,,,,White Space,White Space,0,0,0,0,0,0,-,-,-,-,-,-,-,-,-,
926,651509.181,11:41:59:718,Trial022,22 neutre visage gris.jpg,20,DarkCyan,0.0,Eye,-,-,3.4387,2.1859,,,,,-,-,0.0000,0.0000,0.0000,0.0000,0.0000,0.0000,-,-,-,-,-,-,-,-,,
929,651568.937,11:41:59:778,Trial022,22 neutre visage gris.jpg,20,DarkCyan,0.0,Eye,-,-,3.4043,2.2411,,,,,-,-,0.0000,0.0000,0.0000,0.0000,0.0000,0.0000,-,-,-,-,-,-,-,-,,
932,651628.557,11:41:59:837,Trial022,22 neutre visage gris.jpg,20,DarkCyan,0.0,Eye,-,-,3.4175,2.1268,,,,,-,-,0.0000,0.0000,0.0000,0.0000,0.0000,0.0000,-,-,-,-,-,-,-,-,,
935,651688.306,11:41:59:897,Trial022,22 neutre visage gris.jpg,20,DarkCyan,0.0,Eye,-,-,3.3237,2.1267,,,,,-,-,0.0000,0.0000,0.0000,0.0000,0.0000,0.0000,-,-,-,-,-,-,-,-,,
938,651747.939,11:41:59:957,Trial022,22 neutre visage gris.jpg,20,DarkCyan,63.4832,Eye,-,-,3.3373,2.0767,0.0,276.16289468319627,0.0,276.6627249111449,-,-,0.0000,0.0000,0.0000,0.0000,0.0000,0.0000,-,-,-,-,-,-,-,-,,
220926,651807.562,11:42:00:016,Trial022,NoImage,20,Indigo,63.4832,Eye,-,-,3.3251,2.013,0.0,276.1309821095682,0.0,276.6305643064631,White Space,White Space,0,0,0,0,0,0,-,-,-,-,-,-,-,-,-,
944,651867.311,11:42:00:076,Trial022,22 neutre visage gris.jpg,20,DarkCyan,63.4832,Eye,-,-,3.3901,2.0974,0.0,276.12578330440533,0.0,276.6251794780099,-,-,0.0000,0.0000,0.0000,0.0000,0.0000,0.0000,-,-,-,-,-,-,-,-,,
220932,651926.926,11:42:00:136,Trial022,NoImage,20,Indigo,63.4832,Eye,-,-,3.2993,2.0761,0.0,276.12542667328904,0.0,276.624683329426,White Space,White Space,0,0,0,0,0,0,-,-,-,-,-,-,-,-,-,
220935,651986.548,11:42:00:195,Trial022,NoImage,20,Indigo,63.4832,Eye,-,-,3.3159,2.1397,0.0,276.11499924071285,0.0,276.61415125874896,White Space,White Space,0,0,0,0,0,0,-,-,-,-,-,-,-,-,-,
953,652046.308,11:42:00:255,Trial022,22 neutre visage gris.jpg,20,DarkCyan,63.4832,Eye,-,-,3.2370,2.1080,0.0,276.0741791467325,0.0,276.57325268619303,White Space,White Space,0.0000,0.0000,0.0000,0.0000,0.0000,0.0000,-,-,-,-,-,-,-,-,,
956,652597.268,11:42:00:806,Trial023,23 bonbons triste vs joie2.avi,20,DarkCyan,56.9239,Information,1,1,-,-,0.0,276.04356407624726,0.0,276.5425787567761,-,-,-,-,-,-,-,-,-,-,-,-,-,-,-,bonbons triste vs joie2.avi,,
220944,652643.055,11:42:00:852,Trial023,NoImage,20,Indigo,56.9239,Eye,1,1,3.4316,2.5297,343.0517199192057,306.01307974747857,350.01000837623815,305.63771579320115,White Space,White Space,0,0,0,0,0,0,-,-,-,-,-,-,-,-,-,
220947,652702.682,11:42:00:911,Trial023,NoImage,20,Indigo,56.9239,Eye,1,1,3.3278,2.4574,414.2026989893337,328.8401712051287,423.0670874712173,326.04291716170746,White Space,White Space,0,0,0,0,0,0,-,-,-,-,-,-,-,-,-,
220950,652762.292,11:42:00:971,Trial023,NoImage,20,Indigo,56.9239,Eye,1,1,3.3158,2.4305,475.17042688469246,343.20097552167323,474.48270654722415,341.5149151350624,White Space,White Space,0,0,0,0,0,0,-,-,-,-,-,-,-,-,-,
968,652822.047,11:42:01:031,Trial023,23 bonbons triste vs joie2.avi,20,DarkCyan,56.9239,Eye,2,2,3.2963,2.4582,519.9725792090225,354.70830752376156,514.7219752288845,355.12002324422286,-,-,0.0000,0.0000,0.0000,0.0000,0.0000,0.0000,-,-,-,-,-,-,-,-,,
220956,652881.675,11:42:01:090,Trial023,NoImage,20,Indigo,56.9239,Eye,2,2,3.2403,2.42,554.4753960850704,365.5917250427318,549.9177404577378,369.7205993806597,White Space,White Space,0,0,0,0,0,0,-,-,-,-,-,-,-,-,-,
974,652941.429,11:42:01:150,Trial023,23 bonbons triste vs joie2.avi,20,DarkCyan,56.9239,Eye,3,3,3.2736,2.3912,584.607075659186,372.49046688885466,571.3831580461408,381.4356327742906,-,-,0.0000,0.0000,0.0000,0.0000,0.0000,0.0000,-,-,-,-,-,-,-,-,,
220962,653001.043,11:42:01:210,Trial023,NoImage,20,Indigo,56.9239,Eye,3,3,3.0492,2.5039,598.9619036986891,384.7910712730383,592.4303056758627,384.8065388633678,White Space,White Space,0,0,0,0,0,0,-,-,-,-,-,-,-,-,-,
220965,653060.664,11:42:01:269,Trial023,NoImage,20,Indigo,56.9239,Eye,3,3,3.2324,2.3124,612.7471282916135,387.23365473646584,605.6713676974758,388.9770913494439,White Space,White Space,0,0,0,0,0,0,-,-,-,-,-,-,-,-,-,
983,653120.418,11:42:01:329,Trial023,23 bonbons triste vs joie2.avi,20,DarkCyan,56.9239,Eye,3,3,3.2176,2.3115,610.3369585275141,395.61180095853086,613.7905631129034,392.6277230315153,-,-,0.0000,0.0000,0.0000,0.0000,0.0000,0.0000,-,-,-,-,-,-,-,-,,
986,653180.046,11:42:01:389,Trial023,23 bonbons triste vs joie2.avi,20,DarkCyan,56.9239,Eye,3,3,3.2763,2.4371,618.8833643543542,396.60449470484957,625.7114646622075,397.4825675125842,-,-,0.0000,0.0000,0.0000,0.0000,0.0000,0.0000,-,-,-,-,-,-,-,-,,
220974,653239.667,11:42:01:448,Trial023,NoImage,20,Indigo,56.9239,Eye,3,3,3.1415,2.3467,618.9266873383897,401.92598047815227,629.0251795425462,399.519430216327,White Space,White Space,0,0,0,0,0,0,-,-,-,-,-,-,-,-,-,
992,653299.414,11:42:01:508,Trial023,23 bonbons triste vs joie2.avi,20,DarkCyan,56.9239,Eye,3,3,3.1039,2.5313,622.1922770871445,406.2180232015626,626.4507572851246,401.40454083597956,-,-,0.0000,0.0000,0.0000,0.0000,0.0000,0.0000,-,-,-,-,-,-,-,-,,
220980,653359.038,11:42:01:568,Trial023,NoImage,20,Indigo,56.9239,Eye,3,3,3.1461,2.4628,625.7516798385166,401.96756617648424,636.5962044040651,400.1331805316806,White Space,White Space,0,0,0,0,0,0,-,-,-,-,-,-,-,-,-,
998,653418.793,11:42:01:628,Trial023,23 bonbons triste vs joie2.avi,20,DarkCyan,56.9239,Eye,1,1,3.1698,2.4348,532.317358528159,370.3167470203795,540.4507519523205,369.0656673127103,-,-,0.0000,0.0000,0.0000,0.0000,0.0000,0.0000,-,-,-,-,-,-,-,-,,
220986,653478.416,11:42:01:687,Trial023,NoImage,20,Indigo,56.9239,Eye,1,3,3.1698,2.4348,569.4558190156034,378.5802138039096,575.6042029041167,382.103767757106,White Space,White Space,0,0,0,0,0,0,-,-,-,-,-,-,-,-,-,
1004,653538.032,11:42:01:747,Trial023,23 bonbons triste vs joie2.avi,20,DarkCyan,56.9239,Eye,4,4,3.4074,2.9379,585.4900320934387,389.824196243056,591.7120874412497,389.06710329083245,-,-,0.0000,0.0000,0.0000,0.0000,0.0000,0.0000,-,-,-,-,-,-,-,-,,
220992,653597.775,11:42:01:807,Trial023,NoImage,20,Indigo,56.9239,Eye,4,4,3.2927,2.9498,599.8252861508897,395.29846937698153,605.6526239259765,393.2936879883359,White Space,White Space,0,0,0,0,0,0,-,-,-,-,-,-,-,-,-,
1010,653657.391,11:42:01:866,Trial023,23 bonbons triste vs joie2.avi,20,DarkCyan,56.9239,Eye,4,4,3.2300,2.9304,613.5925265497154,400.71621339143235,612.4695437330523,395.0904445951806,-,-,0.0000,0.0000,0.0000,0.0000,0.0000,0.0000,-,-,-,-,-,-,-,-,,
1013,653717.157,11:42:01:926,Trial023,23 bonbons triste vs joie2.avi,20,DarkCyan,56.9239,Eye,4,4,3.2484,2.9429,621.5471685689723,403.2886912418454,632.0826226208865,397.5797913274735,-,-,0.0000,0.0000,0.0000,0.0000,0.0000,0.0000,-,-,-,-,-,-,-,-,,
1016,653776.787,11:42:01:986,Trial023,23 bonbons triste vs joie2.avi,20,DarkCyan,56.9239,Eye,4,4,3.1916,2.8727,626.2809515913742,406.7278272452013,628.6481025459693,403.27540715062497,-,-,0.0000,0.0000,0.0000,0.0000,0.0000,0.0000,-,-,-,-,-,-,-,-,,
221004,653836.405,11:42:02:045,Trial023,NoImage,20,Indigo,56.9239,Eye,4,4,3.3433,2.8864,629.8256428063578,410.3931393848201,633.2429390090534,408.5364931113305,White Space,White Space,0,0,0,0,0,0,-,-,-,-,-,-,-,-,-,
221007,653896.153,11:42:02:105,Trial023,NoImage,20,Indigo,56.9239,Eye,3,4,3.2376,2.8479,632.0464866211472,409.14449354476415,636.5702882574652,406.75234247117396,White Space,White Space,0,0,0,0,0,0,-,-,-,-,-,-,-,-,-,
221010,653955.785,11:42:02:165,Trial023,NoImage,20,Indigo,56.9239,Eye,2,2,3.2683,2.8401,537.0668985232782,375.61791243526613,540.4597497505166,373.94850865600694,White Space,White Space,0,0,0,0,0,0,-,-,-,-,-,-,-,-,-,
1028,654015.402,11:42:02:224,Trial023,23 bonbons triste vs joie2.avi,20,DarkCyan,56.9239,Eye,2,2,3.2683,2.8401,465.845267760814,350.4512185594617,468.38990618124285,349.3238752509508,-,-,0.0000,0.0000,0.0000,0.0000,0.0000,0.0000,-,-,-,-,-,-,-,-,,
1031,654221.349,11:42:02:430,Trial023,23 bonbons triste vs joie2.avi,20,DarkCyan,56.9239,Eye,2,2,3.2683,2.8401,412.4375447858956,331.59235138590174,414.34602360121727,330.87155343045197,-,-,0.0000,0.0000,0.0000,0.0000,0.0000,0.0000,-,-,-,-,-,-,-,-,,
221019,654353.5,11:42:02:562,Trial023,NoImage,20,Indigo,56.9239,Eye,2,2,3.2683,2.8401,372.3975005433804,317.4322607312128,373.8288596548716,317.01637179055894,White Space,White Space,0,0,0,0,0,0,-,-,-,-,-,-,-,-,-,
221022,654485.598,11:42:02:694,Trial023,NoImage,20,Indigo,56.9239,Eye,2,2,3.2683,2.8401,342.3302206221764,306.78687179661426,343.40373995579483,306.5996646170573,White Space,White Space,0,0,0,0,0,0,-,-,-,-,-,-,-,-,-,
221025,654617.723,11:42:02:826,Trial023,NoImage,20,Indigo,56.9239,Eye,2,2,3.2683,2.8401,319.709687047552,298.7966585048203,320.5148265477658,298.78096264608604,White Space,White Space,0,0,0,0,0,0,-,-,-,-,-,-,-,-,-,
221028,654749.841,11:42:02:959,Trial023,NoImage,20,Indigo,56.9239,Eye,2,2,3.2683,2.8401,302.72963402752595,292.7975808462816,303.33348865268636,292.9105184781643,White Space,White Space,0,0,0,0,0,0,-,-,-,-,-,-,-,-,-,
1046,654881.965,11:42:03:091,Trial023,23 bonbons triste vs joie2.avi,20,DarkCyan,56.9239,Eye,2,2,3.2683,2.8401,289.9818398028562,288.3230446081862,290.43473077172644,288.5324573580317,-,-,0.0000,0.0000,0.0000,0.0000,0.0000,0.0000,-,-,-,-,-,-,-,-,,
1049,655014.088,11:42:03:223,Trial023,23 bonbons triste vs joie2.avi,20,DarkCyan,56.9239,Eye,2,2,3.2683,2.8401,280.4308818346314,284.9079042676029,280.7705500612841,285.18967335592043,-,-,0.0000,0.0000,0.0000,0.0000,0.0000,0.0000,-,-,-,-,-,-,-,-,,
221037,655146.213,11:42:03:355,Trial023,NoImage,20,Indigo,56.9239,Eye,2,2,3.2683,2.8401,273.182178299839,282.3394391886172,273.43692946982856,282.6754755307888,White Space,White Space,0,0,0,0,0,0,-,-,-,-,-,-,-,-,-,
1055,655278.331,11:42:03:487,Trial023,23 bonbons triste vs joie2.avi,20,DarkCyan,56.9239,Eye,2,2,3.2683,2.8401,267.7602164482204,280.4695830715013,267.9512798257125,280.84631985406344,-,-,0.0000,0.0000,0.0000,0.0000,0.0000,0.0000,-,-,-,-,-,-,-,-,,
221043,655410.455,11:42:03:619,Trial023,NoImage,20,Indigo,56.9239,Eye,2,2,3.2683,2.8401,263.7138858793549,279.01128106973687,263.85718341247406,279.4185431825919,White Space,White Space,0,0,0,0,0,0,-,-,-,-,-,-,-,-,-,
1061,655542.608,11:42:03:751,Trial023,23 bonbons triste vs joie2.avi,20,DarkCyan,56.9239,Eye,2,2,3.2683,2.8401,260.70119381249043,277.9034172338873,260.80866696232977,278.3335733444621,-,-,0.0000,0.0000,0.0000,0.0000,0.0000,0.0000,-,-,-,-,-,-,-,-,,
221049,655674.722,11:42:03:883,Trial023,NoImage,20,Indigo,56.9239,Eye,2,2,3.2683,2.8401,258.46241087555154,277.0646940404332,258.54301573793106,277.5120206492977,White Space,White Space,0,0,0,0,0,0,-,-,-,-,-,-,-,-,-,
1067,655806.815,11:42:04:016,Trial023,23 bonbons triste vs joie2.avi,20,DarkCyan,56.9239,Eye,2,2,3.2683,2.8401,256.74608173052354,276.4393882860038,256.80653537730814,276.8995927685856,-,-,0.0000,0.0000,0.0000,0.0000,0.0000,0.0000,-,-,-,-,-,-,-,-,,
221055,655938.938,11:42:04:148,Trial023,NoImage,20,Indigo,56.9239,Eye,2,2,3.2683,2.8401,0.0,275.98880542343187,0.0,276.45866831130166,White Space,White Space,0,0,0,0,0,0,-,-,-,-,-,-,-,-,-,
1073,656071.061,11:42:04:280,Trial023,23 bonbons triste vs joie2.avi,20,DarkCyan,56.9239,Eye,2,2,3.2683,2.8401,0.0,275.65444465015645,0.0,276.13155134199224,-,-,0.0000,0.0000,0.0000,0.0000,0.0000,0.0000,-,-,-,-,-,-,-,-,,
221061,656203.197,11:42:04:412,Trial023,NoImage,20,Indigo,56.9239,Eye,2,2,3.2683,2.8401,0.0,275.44322858943764,0.0,275.9257681342479,White Space,White Space,0,0,0,0,0,0,-,-,-,-,-,-,-,-,-,
1079,656335.311,11:42:04:544,Trial023,23 bonbons triste vs joie2.avi,20,DarkCyan,56.9239,Eye,2,2,3.2683,2.8401,0.0,275.27545125427747,0.0,275.7620654388186,-,-,0.0000,0.0000,0.0000,0.0000,0.0000,0.0000,-,-,-,-,-,-,-,-,,
1082,656467.457,11:42:04:676,Trial023,23 bonbons triste vs joie2.avi,20,DarkCyan,56.9239,Eye,2,2,3.2683,2.8401,0.0,275.1759841325332,0.0,275.6656542968725,-,-,0.0000,0.0000,0.0000,0.0000,0.0000,0.0000,-,-,-,-,-,-,-,-,,
221070,656599.556,11:42:04:808,Trial023,NoImage,20,Indigo,56.9239,Eye,2,2,3.2683,2.8401,0.0,275.0976415251468,0.0,275.5896036743347,White Space,White Space,0,0,0,0,0,0,-,-,-,-,-,-,-,-,-,
1088,656731.682,11:42:04:940,Trial023,23 bonbons triste vs joie2.avi,20,DarkCyan,56.9239,Eye,2,2,3.2683,2.8401,0.0,275.0584190238651,0.0,275.55210016168945,-,-,0.0000,0.0000,0.0000,0.0000,0.0000,0.0000,-,-,-,-,-,-,-,-,,
221076,656863.801,11:42:05:073,Trial023,NoImage,20,Indigo,56.9239,Eye,2,2,3.2683,2.8401,0.0,275.01298678386786,0.0,275.5079571631696,White Space,White Space,0,0,0,0,0,0,-,-,-,-,-,-,-,-,-,
1094,656995.929,11:42:05:205,Trial023,23 bonbons triste vs joie2.avi,20,DarkCyan,56.9239,Eye,2,2,3.2683,2.8401,0.0,274.9565817091024,0.0,275.4525190195121,-,-,0.0000,0.0000,0.0000,0.0000,0.0000,0.0000,-,-,-,-,-,-,-,-,,
221082,657128.051,11:42:05:337,Trial023,NoImage,20,Indigo,56.9239,Eye,2,2,3.2683,2.8401,0.0,274.8814304896765,0.0,275.3780929984173,White Space,White Space,0,0,0,0,0,0,-,-,-,-,-,-,-,-,-,
1100,657260.175,11:42:05:469,Trial023,23 bonbons triste vs joie2.avi,20,DarkCyan,56.9239,Eye,2,2,3.2683,2.8401,0.0,274.8186827738105,0.0,275.3158891812995,-,-,0.0000,0.0000,0.0000,0.0000,0.0000,0.0000,-,-,-,-,-,-,-,-,,
1103,657392.315,11:42:05:601,Trial023,23 bonbons triste vs joie2.avi,20,DarkCyan,56.9239,Eye,2,2,3.2683,2.8401,0.0,274.75394654455863,0.0,275.2515608761088,-,-,0.0000,0.0000,0.0000,0.0000,0.0000,0.0000,-,-,-,-,-,-,-,-,,
221091,657524.419,11:42:05:733,Trial023,NoImage,20,Indigo,56.9239,Eye,2,2,3.2683,2.8401,0.0,274.713806007889,0.0,275.2117262824851,White Space,White Space,0,0,0,0,0,0,-,-,-,-,-,-,-,-,-,
1109,657656.54,11:42:05:865,Trial023,23 bonbons triste vs joie2.avi,20,DarkCyan,56.9239,Eye,2,2,3.2683,2.8401,0.0,274.7006490882145,0.0,275.198798820095,-,-,0.0000,0.0000,0.0000,0.0000,0.0000,0.0000,-,-,-,-,-,-,-,-,,
1112,657788.662,11:42:05:997,Trial023,23 bonbons triste vs joie2.avi,20,DarkCyan,56.9239,Eye,2,2,3.2683,2.8401,0.0,274.71655277886407,0.0,275.21487460370787,-,-,0.0000,0.0000,0.0000,0.0000,0.0000,0.0000,-,-,-,-,-,-,-,-,,
221100,657920.787,11:42:06:130,Trial023,NoImage,20,Indigo,56.9239,Eye,2,2,3.2683,2.8401,0.0,274.7490456577723,0.0,275.2474965523386,White Space,White Space,0,0,0,0,0,0,-,-,-,-,-,-,-,-,-,
221103,658052.91,11:42:06:262,Trial023,NoImage,20,Indigo,56.9239,Eye,2,2,3.2683,2.8401,0.0,274.80077068954495,0.0,275.2993183864031,White Space,White Space,0,0,0,0,0,0,-,-,-,-,-,-,-,-,-,
1121,658185.034,11:42:06:394,Trial023,23 bonbons triste vs joie2.avi,20,DarkCyan,56.9239,Eye,2,2,3.2683,2.8401,0.0,274.85666840462767,0.0,275.35528870320474,-,-,0.0000,0.0000,0.0000,0.0000,0.0000,0.0000,-,-,-,-,-,-,-,-,,
1124,658317.159,11:42:06:526,Trial023,23 bonbons triste vs joie2.avi,20,DarkCyan,56.9239,Eye,2,2,3.2683,2.8401,0.0,274.8704214298564,0.0,275.3690961797226,-,-,0.0000,0.0000,0.0000,0.0000,0.0000,0.0000,-,-,-,-,-,-,-,-,,
221112,658449.28,11:42:06:658,Trial023,NoImage,20,Indigo,56.9239,Eye,2,2,3.2683,2.8401,0.0,274.8877231888444,0.0,275.38643877717755,White Space,White Space,0,0,0,0,0,0,-,-,-,-,-,-,-,-,-,
1130,658581.434,11:42:06:790,Trial023,23 bonbons triste vs joie2.avi,20,DarkCyan,56.9239,Eye,2,2,3.2683,2.8401,0.0,274.88257850995274,0.0,275.381324727136,-,-,0.0000,0.0000,0.0000,0.0000,0.0000,0.0000,-,-,-,-,-,-,-,-,,
221118,658713.438,11:42:06:922,Trial023,NoImage,20,Indigo,56.9239,Eye,2,2,3.2683,2.8401,0.0,274.8751648074816,0.0,275.37393399630247,White Space,White Space,0,0,0,0,0,0,-,-,-,-,-,-,-,-,-,
221121,658845.524,11:42:07:054,Trial023,NoImage,20,Indigo,56.9239,Eye,2,2,3.2683,2.8401,0.0,274.8684154321583,0.0,275.36720184970744,White Space,White Space,0,0,0,0,0,0,-,-,-,-,-,-,-,-,-,
221124,658977.645,11:42:07:186,Trial023,NoImage,20,Indigo,56.9239,Eye,2,2,3.2683,2.8401,0.0,274.80112872480396,0.0,275.29992806389924,White Space,White Space,0,0,0,0,0,0,-,-,-,-,-,-,-,-,-,
221127,659109.766,11:42:07:318,Trial023,NoImage,20,Indigo,56.9239,Eye,2,2,3.2683,2.8401,0.0,274.7246338053412,0.0,275.22344283559613,White Space,White Space,0,0,0,0,0,0,-,-,-,-,-,-,-,-,-,
221130,659241.879,11:42:07:451,Trial023,NoImage,20,Indigo,56.9239,Eye,2,2,3.2683,2.8401,0.0,274.65475191941937,0.0,275.153568218044,White Space,White Space,0,0,0,0,0,0,-,-,-,-,-,-,-,-,-,
221133,659374.019,11:42:07:583,Trial023,NoImage,20,Indigo,56.9239,Eye,2,2,3.2683,2.8401,0.0,274.5324801834994,0.0,275.0313019334013,White Space,White Space,0,0,0,0,0,0,-,-,-,-,-,-,-,-,-,
221136,659506.142,11:42:07:715,Trial023,NoImage,20,Indigo,56.9239,Eye,2,2,3.2683,2.8401,0.0,274.47349555910336,0.0,274.9723213974632,White Space,White Space,0,0,0,0,0,0,-,-,-,-,-,-,-,-,-,
221139,659638.264,11:42:07:847,Trial023,NoImage,20,Indigo,56.9239,Eye,2,2,3.2683,2.8401,0.0,274.432304218934,0.0,274.9311331236374,White Space,White Space,0,0,0,0,0,0,-,-,-,-,-,-,-,-,-,
1157,659770.389,11:42:07:979,Trial023,23 bonbons triste vs joie2.avi,20,DarkCyan,56.9239,Eye,2,2,3.2683,2.8401,0.0,274.40431427749587,0.0,274.9031454819568,-,-,0.0000,0.0000,0.0000,0.0000,0.0000,0.0000,-,-,-,-,-,-,-,-,,
221145,659902.503,11:42:08:111,Trial023,NoImage,20,Indigo,56.9239,Eye,2,2,3.2683,2.8401,0.0,274.4088769995158,0.0,274.907709928795,White Space,White Space,0,0,0,0,0,0,-,-,-,-,-,-,-,-,-,
221148,660034.623,11:42:08:243,Trial023,NoImage,20,Indigo,56.9239,Eye,2,2,3.2683,2.8401,0.0,274.43013007666264,0.0,274.92896429955545,White Space,White Space,0,0,0,0,0,0,-,-,-,-,-,-,-,-,-,
221151,660166.74,11:42:08:375,Trial023,NoImage,20,Indigo,56.9239,Eye,2,2,3.2683,2.8401,0.0,274.4639643140028,0.0,274.96279950710584,White Space,White Space,0,0,0,0,0,0,-,-,-,-,-,-,-,-,-,
221154,660298.867,11:42:08:508,Trial023,NoImage,20,Indigo,56.9239,Eye,2,2,3.2683,2.8401,0.0,274.51497651271006,0.0,275.0138124334708,White Space,White Space,0,0,0,0,0,0,-,-,-,-,-,-,-,-,-,
221157,660430.989,11:42:08:640,Trial023,NoImage,20,Indigo,56.9239,Eye,2,2,3.2683,2.8401,0.0,274.5607720014355,0.0,275.0596084679395,White Space,White Space,0,0,0,0,0,0,-,-,-,-,-,-,-,-,-,
1175,660563.115,11:42:08:772,Trial023,23 bonbons triste vs joie2.avi,20,DarkCyan,56.9239,Eye,2,2,3.2683,2.8401,0.0,274.60324481692516,0.0,275.1020816927366,-,-,0.0000,0.0000,0.0000,0.0000,0.0000,0.0000,-,-,-,-,-,-,-,-,,
221163,660695.241,11:42:08:904,Trial023,NoImage,20,Indigo,56.9239,Eye,2,2,3.2683,2.8401,0.0,274.6463079120111,0.0,275.1451450948031,White Space,White Space,0,0,0,0,0,0,-,-,-,-,-,-,-,-,-,
1181,660918.407,11:42:09:127,Trial023,23 bonbons triste vs joie2.avi,20,DarkCyan,56.9239,Eye,5,5,3.4717,2.7674,380.8336613133336,314.1647759557662,379.99331139957445,313.5573679962978,-,-,0.0000,0.0000,0.0000,0.0000,0.0000,0.0000,-,-,-,-,-,-,-,-,,
221169,660978.028,11:42:09:187,Trial023,NoImage,20,Indigo,56.9239,Eye,5,5,3.2117,2.6835,472.3108551487558,341.73556886536386,470.49244999015264,338.00662427368303,White Space,White Space,0,0,0,0,0,0,-,-,-,-,-,-,-,-,-,
221172,661037.65,11:42:09:246,Trial023,NoImage,20,Indigo,56.9239,Eye,5,5,3.0553,2.3545,551.2164618786954,359.82267512142636,545.2590412206766,356.21835531555746,White Space,White Space,0,0,0,0,0,0,-,-,-,-,-,-,-,-,-,
1190,661097.392,11:42:09:306,Trial023,23 bonbons triste vs joie2.avi,20,DarkCyan,56.9239,Eye,5,5,3.0713,2.0820,601.8604878997406,377.15606351267746,593.8442380392207,373.15528186430043,-,-,0.0000,0.0000,0.0000,0.0000,0.0000,0.0000,-,-,-,-,-,-,-,-,,
1193,661157.034,11:42:09:366,Trial023,23 bonbons triste vs joie2.avi,20,DarkCyan,56.9239,Eye,6,6,3.1758,2.6969,683.4615403130425,390.67688971673084,671.8701649852891,386.8124680698231,-,-,0.0000,0.0000,0.0000,0.0000,0.0000,0.0000,-,-,-,-,-,-,-,-,,
1196,661216.659,11:42:09:425,Trial023,23 bonbons triste vs joie2.avi,20,DarkCyan,56.9239,Eye,6,6,2.9226,2.6189,741.1903951908118,405.7047363986576,734.3043862980849,398.8829848065241,-,-,0.0000,0.0000,0.0000,0.0000,0.0000,0.0000,-,-,-,-,-,-,-,-,,
221184,661276.412,11:42:09:485,Trial023,NoImage,20,Indigo,56.9239,Eye,6,6,2.9579,2.3211,787.2076892739535,417.4828238529194,781.118207690394,406.3872015752188,White Space,White Space,0,0,0,0,0,0,-,-,-,-,-,-,-,-,-,
221187,661336.014,11:42:09:545,Trial023,NoImage,20,Indigo,56.9239,Eye,5,5,3.2501,2.2779,824.5839109007318,423.6624678577872,820.3560186917426,417.6104388559178,White Space,White Space,0,0,0,0,0,0,-,-,-,-,-,-,-,-,-,
1205,661395.643,11:42:09:604,Trial023,23 bonbons triste vs joie2.avi,20,DarkCyan,56.9239,Eye,7,7,3.2655,2.2245,848.9799128626956,430.07349428003687,839.037667118894,427.01372232029655,-,-,0.0000,0.0000,0.0000,0.0000,0.0000,0.0000,-,-,-,-,-,-,-,-,,
221193,661455.406,11:42:09:664,Trial023,NoImage,20,Indigo,56.9239,Eye,7,7,3.1531,2.1145,865.7124475879666,434.1987438665737,864.1422331903677,436.1782043708601,White Space,White Space,0,0,0,0,0,0,-,-,-,-,-,-,-,-,-,
1211,661515.035,11:42:09:724,Trial023,23 bonbons triste vs joie2.avi,20,DarkCyan,56.9239,Eye,7,7,3.1008,2.3133,884.8298537170374,442.5806172572298,883.1669367537862,447.0674441582973,-,-,0.0000,0.0000,0.0000,0.0000,0.0000,0.0000,-,-,-,-,-,-,-,-,,
221199,661574.778,11:42:09:784,Trial023,NoImage,20,Indigo,56.9239,Eye,7,7,3.1221,2.3137,903.4206870607361,442.049183913739,896.6649540327373,446.29745445945633,White Space,White Space,0,0,0,0,0,0,-,-,-,-,-,-,-,-,-,
1217,661634.392,11:42:09:843,Trial023,23 bonbons triste vs joie2.avi,20,DarkCyan,56.9239,Eye,6,6,3.1729,2.1426,851.6598424964833,435.5318743928081,853.0090710892389,434.89491821937236,-,-,0.0000,0.0000,0.0000,0.0000,0.0000,0.0000,-,-,-,-,-,-,-,-,,
221205,661694.018,11:42:09:903,Trial023,NoImage,20,Indigo,56.9239,Eye,8,8,3.3671,2.3873,810.4914824865979,427.12987198142196,811.4580586523576,434.5288041469961,White Space,White Space,0,0,0,0,0,0,-,-,-,-,-,-,-,-,-,
1223,661753.771,11:42:09:963,Trial023,23 bonbons triste vs joie2.avi,20,DarkCyan,56.9239,Eye,8,8,3.4063,2.1938,782.0490851575961,427.49108629419106,785.227379660361,429.33955847607587,-,-,0.0000,0.0000,0.0000,0.0000,0.0000,0.0000,-,-,-,-,-,-,-,-,,
221211,661813.416,11:42:10:022,Trial023,NoImage,20,Indigo,56.9239,Eye,8,8,3.3019,2.2869,758.5391871758991,425.18954681673347,763.5998760144886,426.89627272674016,White Space,White Space,0,0,0,0,0,0,-,-,-,-,-,-,-,-,-,
1229,661873.011,11:42:10:082,Trial023,23 bonbons triste vs joie2.avi,20,DarkCyan,56.9239,Eye,9,9,3.3781,2.2621,731.6604175457109,418.90394576845955,729.0722716035144,419.0823854375003,-,-,0.0000,0.0000,0.0000,0.0000,0.0000,0.0000,-,-,-,-,-,-,-,-,,
1232,661932.757,11:42:10:141,Trial023,23 bonbons triste vs joie2.avi,20,DarkCyan,56.9239,Eye,9,9,3.3756,2.2535,704.7491151989356,418.3836559530034,711.4304349280853,411.49002585165596,-,-,0.0000,0.0000,0.0000,0.0000,0.0000,0.0000,-,-,-,-,-,-,-,-,,
1235,661992.394,11:42:10:201,Trial023,23 bonbons triste vs joie2.avi,20,DarkCyan,56.9239,Eye,9,9,3.3736,2.1920,692.9125314810847,411.6266346848975,690.6987006819958,410.74492789588686,-,-,0.0000,0.0000,0.0000,0.0000,0.0000,0.0000,-,-,-,-,-,-,-,-,,
1238,662052.02,11:42:10:261,Trial023,23 bonbons triste vs joie2.avi,20,DarkCyan,56.9239,Eye,9,9,3.3686,2.2227,679.4368420168441,408.2542819632252,674.7766580389908,404.28510580771507,-,-,0.0000,0.0000,0.0000,0.0000,0.0000,0.0000,-,-,-,-,-,-,-,-,,
1241,662111.769,11:42:10:321,Trial023,23 bonbons triste vs joie2.avi,20,DarkCyan,56.9239,Eye,9,9,3.4309,2.3001,669.747451438243,400.2446113547785,669.9649155368976,406.48995142906267,-,-,0.0000,0.0000,0.0000,0.0000,0.0000,0.0000,-,-,-,-,-,-,-,-,,
1244,662171.381,11:42:10:380,Trial023,23 bonbons triste vs joie2.avi,20,DarkCyan,56.9239,Eye,10,10,3.4001,2.0792,624.9145246605005,405.33367405391385,627.1417618509054,410.6855189028605,-,-,0.0000,0.0000,0.0000,0.0000,0.0000,0.0000,-,-,-,-,-,-,-,-,,
221232,662231.142,11:42:10:440,Trial023,NoImage,20,Indigo,56.9239,Eye,10,10,3.388,2.2116,591.2735534788868,410.21635129735097,595.33982385045,413.52670588684714,White Space,White Space,0,0,0,0,0,0,-,-,-,-,-,-,-,-,-,
221235,662290.758,11:42:10:499,Trial023,NoImage,20,Indigo,56.9239,Eye,10,10,3.585,2.163,565.9126209380735,415.15968278274636,570.2903307538389,422.22169603320424,White Space,White Space,0,0,0,0,0,0,-,-,-,-,-,-,-,-,-,
1253,662350.392,11:42:10:559,Trial023,23 bonbons triste vs joie2.avi,20,DarkCyan,56.9239,Eye,11,11,3.6423,2.3454,557.1982521262727,421.1333176685583,552.1808607726987,430.326130149679,-,-,0.0000,0.0000,0.0000,0.0000,0.0000,0.0000,-,-,-,-,-,-,-,-,,
1256,662410.141,11:42:10:619,Trial023,23 bonbons triste vs joie2.avi,20,DarkCyan,56.9239,Eye,11,11,3.6020,2.3581,537.8264927825779,424.38726577199867,538.3795392359467,433.66256199381377,-,-,0.0000,0.0000,0.0000,0.0000,0.0000,0.0000,-,-,-,-,-,-,-,-,,
221244,662469.751,11:42:10:678,Trial023,NoImage,20,Indigo,56.9239,Eye,11,11,3.5698,2.1624,525.6263535117125,427.8570491780567,535.261959936219,436.54355457098455,White Space,White Space,0,0,0,0,0,0,-,-,-,-,-,-,-,-,-,
221247,662529.385,11:42:10:738,Trial023,NoImage,20,Indigo,56.9239,Eye,11,11,3.5427,2.248,509.8016039740889,435.5844962589298,516.515616047968,434.17195765626417,White Space,White Space,0,0,0,0,0,0,-,-,-,-,-,-,-,-,-,
1265,662589.136,11:42:10:798,Trial023,23 bonbons triste vs joie2.avi,20,DarkCyan,56.9239,Eye,11,11,3.5963,2.1266,508.7460651017675,438.8936238587004,522.939500903582,433.60175025771974,-,-,0.0000,0.0000,0.0000,0.0000,0.0000,0.0000,-,-,-,-,-,-,-,-,,
1268,662648.753,11:42:10:857,Trial023,23 bonbons triste vs joie2.avi,20,DarkCyan,56.9239,Eye,-,-,3.3475,2.3800,511.4187923045034,446.3484192871395,528.6427323402247,446.61505221320374,-,-,0.0000,0.0000,0.0000,0.0000,0.0000,0.0000,-,-,-,-,-,-,-,-,,
221256,662708.381,11:42:10:917,Trial023,NoImage,20,Indigo,56.9239,Eye,3,-,3.5273,2.6045,446.240302913061,403.49216697538554,459.1582579398519,403.8168511958672,White Space,White Space,0,0,0,0,0,0,-,-,-,-,-,-,-,-,-,
1274,662768.117,11:42:10:977,Trial023,23 bonbons triste vs joie2.avi,20,DarkCyan,56.9239,Eye,12,12,3.9717,3.2750,521.8127880854946,416.3539574864903,537.7692581695882,422.83533876726074,-,-,0.0000,0.0000,0.0000,0.0000,0.0000,0.0000,-,-,-,-,-,-,-,-,,
221262,662827.743,11:42:11:036,Trial023,NoImage,20,Indigo,56.9239,Eye,12,10,3.9482,3.4123,583.5071182771507,436.66480256456987,599.5844252857064,440.41134247536723,White Space,White Space,0,0,0,0,0,0,-,-,-,-,-,-,-,-,-,
1280,662887.505,11:42:11:096,Trial023,23 bonbons triste vs joie2.avi,20,DarkCyan,56.9239,Eye,12,13,3.9347,3.5499,629.4177977957512,440.77009424398324,645.8945698911747,450.88298091235924,-,-,0.0000,0.0000,0.0000,0.0000,0.0000,0.0000,-,-,-,-,-,-,-,-,,
1283,662947.131,11:42:11:156,Trial023,23 bonbons triste vs joie2.avi,20,DarkCyan,56.9239,Eye,12,13,3.8833,3.5137,667.1463580813969,453.0207003202944,685.9294803665937,454.9121687137703,-,-,0.0000,0.0000,0.0000,0.0000,0.0000,0.0000,-,-,-,-,-,-,-,-,,
221271,663006.735,11:42:11:215,Trial023,NoImage,20,Indigo,56.9239,Eye,12,13,3.8159,3.501,697.9403093547422,460.54627540968016,710.1781370785019,458.2744818840675,White Space,White Space,0,0,0,0,0,0,-,-,-,-,-,-,-,-,-,
221274,663066.489,11:42:11:275,Trial023,NoImage,20,Indigo,56.9239,Eye,12,13,3.8112,3.4544,719.3281331292077,464.8758958584245,730.3648990764209,461.75133076521695,White Space,White Space,0,0,0,0,0,0,-,-,-,-,-,-,-,-,-,
1292,663126.113,11:42:11:335,Trial023,23 bonbons triste vs joie2.avi,20,DarkCyan,56.9239,Eye,12,13,3.8062,3.3638,736.2763727198624,467.68874154153986,749.895722598033,465.44887725812424,-,-,0.0000,0.0000,0.0000,0.0000,0.0000,0.0000,-,-,-,-,-,-,-,-,,
221280,663185.876,11:42:11:395,Trial023,NoImage,20,Indigo,56.9239,Eye,12,13,3.7167,3.3639,742.3333591397651,473.06724009420833,750.2622105581247,469.9874752106302,White Space,White Space,0,0,0,0,0,0,-,-,-,-,-,-,-,-,-,
1298,663245.5,11:42:11:454,Trial023,23 bonbons triste vs joie2.avi,20,DarkCyan,56.9239,Eye,12,13,3.5917,3.2539,753.7970661053351,478.1415216951579,759.2429497334247,476.19566255604974,-,-,0.0000,0.0000,0.0000,0.0000,0.0000,0.0000,-,-,-,-,-,-,-,-,,
1301,663305.115,11:42:11:514,Trial023,23 bonbons triste vs joie2.avi,20,DarkCyan,56.9239,Eye,10,11,3.5635,3.1051,745.9116376735075,472.2592378730257,746.7602142098507,469.73774250448315,-,-,0.0000,0.0000,0.0000,0.0000,0.0000,0.0000,-,-,-,-,-,-,-,-,,
1304,663364.859,11:42:11:574,Trial023,23 bonbons triste vs joie2.avi,20,DarkCyan,56.9239,Eye,13,14,3.4994,3.0382,712.3149388895175,451.44543119565486,711.0365107459337,450.04898922816426,-,-,0.0000,0.0000,0.0000,0.0000,0.0000,0.0000,-,-,-,-,-,-,-,-,,
1307,663424.501,11:42:11:633,Trial023,23 bonbons triste vs joie2.avi,20,DarkCyan,56.9239,Eye,13,14,3.3856,3.1374,675.2639449874647,425.361690904071,675.6969955298376,429.22820260596103,-,-,0.0000,0.0000,0.0000,0.0000,0.0000,0.0000,-,-,-,-,-,-,-,-,,
221295,663484.114,11:42:11:693,Trial023,NoImage,20,Indigo,56.9239,Eye,13,14,3.5641,3.1151,662.2632610112697,410.52134578781335,657.0870183849413,414.19963641056256,White Space,White Space,0,0,0,0,0,0,-,-,-,-,-,-,-,-,-,
1313,663543.864,11:42:11:753,Trial023,23 bonbons triste vs joie2.avi,20,DarkCyan,56.9239,Eye,13,14,3.4962,3.0798,652.8851145372481,398.4719760084472,640.4880481496414,399.47226575857763,-,-,0.0000,0.0000,0.0000,0.0000,0.0000,0.0000,-,-,-,-,-,-,-,-,,
221301,663603.487,11:42:11:812,Trial023,NoImage,20,Indigo,56.9239,Eye,13,14,3.4891,2.9705,641.7892268027924,390.7192570285543,628.0292214569173,393.02657198778195,White Space,White Space,0,0,0,0,0,0,-,-,-,-,-,-,-,-,-,
1319,663663.239,11:42:11:872,Trial023,23 bonbons triste vs joie2.avi,20,DarkCyan,56.9239,Eye,13,14,3.4521,3.1792,635.6425944320182,386.5920324230421,621.1006832665414,387.49967521208583,-,-,0.0000,0.0000,0.0000,0.0000,0.0000,0.0000,-,-,-,-,-,-,-,-,,
221307,663722.864,11:42:11:932,Trial023,NoImage,20,Indigo,56.9239,Eye,11,12,3.5992,3.0677,659.0532134795051,385.1150797715342,638.400652608872,385.22345609293666,White Space,White Space,0,0,0,0,0,0,-,-,-,-,-,-,-,-,-,
1325,663782.487,11:42:11:991,Trial023,23 bonbons triste vs joie2.avi,20,DarkCyan,56.9239,Eye,14,15,3.4196,3.1496,738.0210890242658,375.7254997761617,718.280750891408,374.4888098122653,-,-,0.0000,0.0000,0.0000,0.0000,0.0000,0.0000,-,-,-,-,-,-,-,-,,
1328,663842.236,11:42:12:051,Trial023,23 bonbons triste vs joie2.avi,20,DarkCyan,56.9239,Eye,14,15,3.4548,3.1469,791.3943427120989,370.66220213766724,776.1269146194682,371.9864085367048,-,-,0.0000,0.0000,0.0000,0.0000,0.0000,0.0000,-,-,-,-,-,-,-,-,,
221316,663901.851,11:42:12:111,Trial023,NoImage,20,Indigo,56.9239,Eye,14,15,3.394,3.1647,838.1261019461385,364.2294244556714,817.3533530835575,370.3246775079295,White Space,White Space,0,0,0,0,0,0,-,-,-,-,-,-,-,-,-,
1334,663961.486,11:42:12:170,Trial023,23 bonbons triste vs joie2.avi,20,DarkCyan,56.9239,Eye,14,15,3.4230,3.1674,859.2043923602826,365.1845133434295,855.9729179432696,362.55275852941116,-,-,0.0000,0.0000,0.0000,0.0000,0.0000,0.0000,-,-,-,-,-,-,-,-,,
221322,664021.237,11:42:12:230,Trial023,NoImage,20,Indigo,56.9239,Eye,14,15,3.3466,3.1365,884.7864642024647,359.06561566023083,877.3200209577475,359.6263975296128,White Space,White Space,0,0,0,0,0,0,-,-,-,-,-,-,-,-,-,
221325,664080.857,11:42:12:290,Trial023,NoImage,20,Indigo,56.9239,Eye,14,15,3.474,3.1441,907.9676448803241,354.5793395917611,900.7406918185513,352.8295340890799,White Space,White Space,0,0,0,0,0,0,-,-,-,-,-,-,-,-,-,
1343,664140.592,11:42:12:349,Trial023,23 bonbons triste vs joie2.avi,20,DarkCyan,56.9239,Eye,14,15,3.3615,3.1655,927.4773930556505,353.71888884126554,919.4371670319044,349.8090981559963,-,-,0.0000,0.0000,0.0000,0.0000,0.0000,0.0000,-,-,-,-,-,-,-,-,,
221331,664200.22,11:42:12:409,Trial023,NoImage,20,Indigo,56.9239,Eye,14,15,3.2617,3.0651,937.0221566761193,355.66779484740783,928.6267732188819,347.775011511839,White Space,White Space,0,0,0,0,0,0,-,-,-,-,-,-,-,-,-,
1349,664259.855,11:42:12:469,Trial023,23 bonbons triste vs joie2.avi,20,DarkCyan,56.9239,Eye,14,15,3.2210,2.9864,947.7338418640488,352.0756709443274,940.980018760577,346.6992390616943,-,-,0.0000,0.0000,0.0000,0.0000,0.0000,0.0000,-,-,-,-,-,-,-,-,,
221337,664319.606,11:42:12:528,Trial023,NoImage,20,Indigo,56.9239,Eye,14,15,3.1816,2.8688,949.7307645903842,351.5530115700722,955.3531511218442,347.6928780225066,White Space,White Space,0,0,0,0,0,0,-,-,-,-,-,-,-,-,-,
1355,664379.222,11:42:12:588,Trial023,23 bonbons triste vs joie2.avi,20,DarkCyan,56.9239,Eye,4,3,3.2728,3.0013,774.7794431646881,332.3359178188515,778.9962330632832,329.56552718411075,-,-,0.0000,0.0000,0.0000,0.0000,0.0000,0.0000,-,-,-,-,-,-,-,-,,
221343,664438.963,11:42:12:648,Trial023,NoImage,20,Indigo,56.9239,Eye,15,16,3.5446,2.6204,774.5060752045433,337.3616037294583,777.3807367108406,334.36197322728884,White Space,White Space,0,0,0,0,0,0,-,-,-,-,-,-,-,-,-,
1361,664498.595,11:42:12:707,Trial023,23 bonbons triste vs joie2.avi,20,DarkCyan,56.9239,Eye,15,16,3.6770,2.8415,773.9065409079868,341.76807776944753,771.4840726951747,342.5918571685281,-,-,0.0000,0.0000,0.0000,0.0000,0.0000,0.0000,-,-,-,-,-,-,-,-,,
1364,664558.218,11:42:12:767,Trial023,23 bonbons triste vs joie2.avi,20,DarkCyan,56.9239,Eye,15,16,3.7699,2.8411,759.19762872426,346.05599898487264,773.3351154646774,344.340499310317,-,-,0.0000,0.0000,0.0000,0.0000,0.0000,0.0000,-,-,-,-,-,-,-,-,,
221352,664617.992,11:42:12:827,Trial023,NoImage,20,Indigo,56.9239,Eye,15,16,3.6569,2.7578,762.084434158231,348.7877818797872,760.4605227290491,351.8095780907754,White Space,White Space,0,0,0,0,0,0,-,-,-,-,-,-,-,-,-,
221355,664677.581,11:42:12:886,Trial023,NoImage,20,Indigo,56.9239,Eye,15,16,3.6498,2.7969,761.6369231565512,356.01108324401616,770.4343213193378,352.4097366580372,White Space,White Space,0,0,0,0,0,0,-,-,-,-,-,-,-,-,-,
1373,664737.219,11:42:12:946,Trial023,23 bonbons triste vs joie2.avi,20,DarkCyan,0.0,Eye,15,16,3.6289,2.7512,761.3012899052914,361.42855926718795,777.9146702620543,352.8598555834836,-,-,0.0000,0.0000,0.0000,0.0000,0.0000,0.0000,-,-,-,-,-,-,-,-,,
221361,664796.964,11:42:13:006,Trial023,NoImage,20,Indigo,0.0,Eye,15,16,3.7767,2.7759,761.0495649668464,365.49166628456675,783.5249319690917,353.19744477756836,White Space,White Space,0,0,0,0,0,0,-,-,-,-,-,-,-,-,-,
221364,664856.601,11:42:13:065,Trial023,NoImage,20,Indigo,0.0,Eye,13,14,3.7431,2.8442,760.8607712630128,368.53899654760085,787.7326282493697,353.45063667313195,White Space,White Space,0,0,0,0,0,0,-,-,-,-,-,-,-,-,-,
1382,664916.336,11:42:13:125,Trial023,23 bonbons triste vs joie2.avi,20,DarkCyan,56.9239,Eye,16,17,3.8153,2.8620,739.9102535056708,378.8794921742755,764.0693961999568,362.3186682034986,-,-,0.0000,0.0000,0.0000,0.0000,0.0000,0.0000,-,-,-,-,-,-,-,-,,
1385,664975.96,11:42:13:185,Trial023,23 bonbons triste vs joie2.avi,20,DarkCyan,56.9239,Eye,16,17,3.7281,2.7987,723.5076633422552,386.1849331170487,741.8696020368037,373.2166419180913,-,-,0.0000,0.0000,0.0000,0.0000,0.0000,0.0000,-,-,-,-,-,-,-,-,,
221373,665035.589,11:42:13:244,Trial023,NoImage,20,Indigo,56.9239,Eye,14,15,3.6306,2.7169,712.517533979502,387.22637832448083,723.9528774510435,379.6277775604939,White Space,White Space,0,0,0,0,0,0,-,-,-,-,-,-,-,-,-,
1391,665095.343,11:42:13:304,Trial023,23 bonbons triste vs joie2.avi,20,DarkCyan,56.9239,Eye,17,18,3.4140,2.6237,714.6494280449394,401.4401082024408,730.1057661217174,390.93250665846773,-,-,0.0000,0.0000,0.0000,0.0000,0.0000,0.0000,-,-,-,-,-,-,-,-,,
1394,665154.969,11:42:13:364,Trial023,23 bonbons triste vs joie2.avi,20,DarkCyan,56.9239,Eye,17,18,3.4409,2.6221,729.9909100308271,415.380953004426,734.5845292515813,401.72092465570336,-,-,0.0000,0.0000,0.0000,0.0000,0.0000,0.0000,-,-,-,-,-,-,-,-,,
221382,665214.707,11:42:13:423,Trial023,NoImage,20,Indigo,56.9239,Eye,17,18,3.5026,2.6544,742.2568270256556,420.17522665516304,739.1904685710743,410.91658246474765,White Space,White Space,0,0,0,0,0,0,-,-,-,-,-,-,-,-,-,
221385,665274.329,11:42:13:483,Trial023,NoImage,20,Indigo,56.9239,Eye,18,19,3.4554,2.7264,712.9634126193491,414.17847653018515,709.232423659342,409.72425441878505,White Space,White Space,0,0,0,0,0,0,-,-,-,-,-,-,-,-,-,
1403,665333.96,11:42:13:543,Trial023,23 bonbons triste vs joie2.avi,20,DarkCyan,56.9239,Eye,18,19,3.5667,2.6996,696.6582533091367,407.76027510053,698.1041524890389,406.045949313239,-,-,0.0000,0.0000,0.0000,0.0000,0.0000,0.0000,-,-,-,-,-,-,-,-,,
1406,665393.711,11:42:13:602,Trial023,23 bonbons triste vs joie2.avi,20,DarkCyan,56.9239,Eye,18,19,3.5212,2.7904,692.478977372416,404.5281362127549,695.5991424854903,402.25716396807553,-,-,0.0000,0.0000,0.0000,0.0000,0.0000,0.0000,-,-,-,-,-,-,-,-,,
221394,665453.349,11:42:13:662,Trial023,NoImage,20,Indigo,56.9239,Eye,18,19,3.6364,2.6661,679.5755856362647,405.99174980214093,688.1029285251494,397.9324065155791,White Space,White Space,0,0,0,0,0,0,-,-,-,-,-,-,-,-,-,
221397,665512.956,11:42:13:722,Trial023,NoImage,20,Indigo,56.9239,Eye,18,19,3.5994,2.6408,681.6720146054537,402.1937401607629,677.6758118702611,397.29487752652796,White Space,White Space,0,0,0,0,0,0,-,-,-,-,-,-,-,-,-,
1415,665572.694,11:42:13:781,Trial023,23 bonbons triste vs joie2.avi,20,DarkCyan,56.9239,Eye,18,19,3.6364,2.6736,672.8339004814443,398.14193394016087,675.5019589248396,395.10683482042265,-,-,0.0000,0.0000,0.0000,0.0000,0.0000,0.0000,-,-,-,-,-,-,-,-,,
221403,665632.335,11:42:13:841,Trial023,NoImage,20,Indigo,56.9239,Eye,18,19,3.7229,2.6051,674.979764786472,396.25561149093613,660.6669090280643,392.53856393861395,White Space,White Space,0,0,0,0,0,0,-,-,-,-,-,-,-,-,-,
1421,665692.083,11:42:13:901,Trial023,23 bonbons triste vs joie2.avi,20,DarkCyan,56.9239,Eye,18,19,3.6314,2.6275,667.9664655978181,397.63831138246314,669.2399319466089,389.44033790140395,-,-,0.0000,0.0000,0.0000,0.0000,0.0000,0.0000,-,-,-,-,-,-,-,-,,
221409,665751.73,11:42:13:960,Trial023,NoImage,20,Indigo,56.9239,Eye,18,19,3.6169,2.6911,670.488822070894,388.3677148752724,665.1980932961752,391.97790299554197,White Space,White Space,0,0,0,0,0,0,-,-,-,-,-,-,-,-,-,
1427,665811.323,11:42:14:020,Trial023,23 bonbons triste vs joie2.avi,20,DarkCyan,56.9239,Eye,18,19,3.6580,2.8454,669.955523164152,390.104777936551,667.2716662602572,388.25097016253744,-,-,0.0000,0.0000,0.0000,0.0000,0.0000,0.0000,-,-,-,-,-,-,-,-,,
221415,665871.069,11:42:14:080,Trial023,NoImage,20,Indigo,56.9239,Eye,18,19,3.6392,2.6379,669.9435605846144,389.3006879748028,666.590018703566,389.7971779621017,White Space,White Space,0,0,0,0,0,0,-,-,-,-,-,-,-,-,-,
1433,665930.703,11:42:14:139,Trial023,23 bonbons triste vs joie2.avi,20,DarkCyan,56.9239,Eye,16,17,3.6990,2.8621,690.8960168920573,398.61624264833307,695.6443946881665,400.7879292512026,-,-,0.0000,0.0000,0.0000,0.0000,0.0000,0.0000,-,-,-,-,-,-,-,-,,
221421,665990.34,11:42:14:199,Trial023,NoImage,20,Indigo,56.9239,Eye,19,20,3.6697,2.809,750.306694506131,411.85490598427253,764.3900447528754,416.63314023266736,White Space,White Space,0,0,0,0,0,0,-,-,-,-,-,-,-,-,-,
221424,666050.074,11:42:14:259,Trial023,NoImage,20,Indigo,56.9239,Eye,19,20,3.6407,2.7435,791.4571151239228,427.839244585635,795.9127979571301,428.2108943437554,White Space,White Space,0,0,0,0,0,0,-,-,-,-,-,-,-,-,-,
1442,666109.691,11:42:14:318,Trial023,23 bonbons triste vs joie2.avi,20,DarkCyan,56.9239,Eye,19,20,3.6586,2.7825,822.1494866649081,437.81022799691374,830.6371860261361,438.99251353004485,-,-,0.0000,0.0000,0.0000,0.0000,0.0000,0.0000,-,-,-,-,-,-,-,-,,
221430,666169.437,11:42:14:378,Trial023,NoImage,20,Indigo,56.9239,Eye,19,20,3.6628,2.7477,855.433727463468,447.4975352236495,857.1499672160912,446.0219605388987,White Space,White Space,0,0,0,0,0,0,-,-,-,-,-,-,-,-,-,
1448,666229.069,11:42:14:438,Trial023,23 bonbons triste vs joie2.avi,20,DarkCyan,56.9239,Eye,19,20,3.5184,2.7147,887.7264417232793,451.05052522646065,874.4296066281544,451.44709461879455,-,-,0.0000,0.0000,0.0000,0.0000,0.0000,0.0000,-,-,-,-,-,-,-,-,,
1451,666288.696,11:42:14:497,Trial023,23 bonbons triste vs joie2.avi,20,DarkCyan,56.9239,Eye,19,20,3.5106,2.7933,895.4166487270542,451.8585891714391,885.5561847926733,459.51621883016105,-,-,0.0000,0.0000,0.0000,0.0000,0.0000,0.0000,-,-,-,-,-,-,-,-,,
1454,666348.445,11:42:14:557,Trial023,23 bonbons triste vs joie2.avi,20,DarkCyan,56.9239,Eye,19,20,3.5298,2.7688,906.8168452379706,454.13886891666067,901.8104527751022,462.67741737221485,-,-,0.0000,0.0000,0.0000,0.0000,0.0000,0.0000,-,-,-,-,-,-,-,-,,
221442,666408.058,11:42:14:617,Trial023,NoImage,20,Indigo,56.9239,Eye,17,18,3.428,2.6906,918.2904761732505,458.3546090199012,910.1309381362005,465.46232254857244,White Space,White Space,0,0,0,0,0,0,-,-,-,-,-,-,-,-,-,
1460,666467.813,11:42:14:677,Trial023,23 bonbons triste vs joie2.avi,20,DarkCyan,56.9239,Eye,17,18,3.3928,2.7659,886.3133249487414,450.8821242124179,883.0279832807025,458.8725549650207,-,-,0.0000,0.0000,0.0000,0.0000,0.0000,0.0000,-,-,-,-,-,-,-,-,,
221448,666527.433,11:42:14:736,Trial023,NoImage,20,Indigo,56.9239,Eye,20,21,3.499,2.7543,825.7455280146964,443.00772699263933,825.9063973511963,451.2511444284568,White Space,White Space,0,0,0,0,0,0,-,-,-,-,-,-,-,-,-,
1466,666587.059,11:42:14:796,Trial023,23 bonbons triste vs joie2.avi,20,DarkCyan,56.9239,Eye,20,21,3.4632,2.6471,785.9250852430705,440.5973638458028,785.3291738505691,445.79124865660305,-,-,0.0000,0.0000,0.0000,0.0000,0.0000,0.0000,-,-,-,-,-,-,-,-,,
1469,666646.818,11:42:14:856,Trial023,23 bonbons triste vs joie2.avi,20,DarkCyan,56.9239,Eye,20,21,3.5057,2.6821,755.9342450210004,427.37142995691715,758.1575247391173,438.17121088917276,-,-,0.0000,0.0000,0.0000,0.0000,0.0000,0.0000,-,-,-,-,-,-,-,-,,
221457,666706.431,11:42:14:915,Trial023,NoImage,20,Indigo,56.9239,Eye,20,21,3.5216,2.594,721.4078562687778,419.1963676023313,736.9960708101637,432.7659783575477,White Space,White Space,0,0,0,0,0,0,-,-,-,-,-,-,-,-,-,
221460,666766.059,11:42:14:975,Trial023,NoImage,20,Indigo,56.9239,Eye,21,22,3.4882,2.6397,708.0822874990577,413.20582814475506,715.1273331477266,422.5829849340278,White Space,White Space,0,0,0,0,0,0,-,-,-,-,-,-,-,-,-,
221463,666825.816,11:42:15:035,Trial023,NoImage,20,Indigo,56.9239,Eye,21,22,3.4063,2.6649,700.7267959358139,408.7438722638715,701.0242863383482,418.6844811330625,White Space,White Space,0,0,0,0,0,0,-,-,-,-,-,-,-,-,-,
1481,666885.427,11:42:15:094,Trial023,23 bonbons triste vs joie2.avi,20,DarkCyan,56.9239,Eye,21,22,3.5449,2.6278,693.6233987706624,409.01439671113314,696.2153295686066,412.3700971733994,-,-,0.0000,0.0000,0.0000,0.0000,0.0000,0.0000,-,-,-,-,-,-,-,-,,
221469,666945.178,11:42:15:154,Trial023,NoImage,20,Indigo,56.9239,Eye,21,22,3.5999,2.7725,685.1019244855447,405.17398520665245,695.7888149922395,407.6781242739768,White Space,White Space,0,0,0,0,0,0,-,-,-,-,-,-,-,-,-,
1487,667004.791,11:42:15:214,Trial023,23 bonbons triste vs joie2.avi,20,DarkCyan,56.9239,Eye,21,22,3.6313,2.6535,673.4625561459283,402.4507359705958,695.5961673337225,408.68342729723446,-,-,0.0000,0.0000,0.0000,0.0000,0.0000,0.0000,-,-,-,-,-,-,-,-,,
1490,667064.553,11:42:15:273,Trial023,23 bonbons triste vs joie2.avi,20,DarkCyan,56.9239,Eye,21,22,3.6815,2.7963,673.3956137988273,400.49945925399857,695.1575382995642,405.30969093799274,-,-,0.0000,0.0000,0.0000,0.0000,0.0000,0.0000,-,-,-,-,-,-,-,-,,
1493,667124.183,11:42:15:333,Trial023,23 bonbons triste vs joie2.avi,20,DarkCyan,56.9239,Eye,21,22,3.6488,2.8042,668.4385586011002,401.04534512062355,689.1364506911594,401.1853363945808,-,-,0.0000,0.0000,0.0000,0.0000,0.0000,0.0000,-,-,-,-,-,-,-,-,,
1496,667183.809,11:42:15:393,Trial023,23 bonbons triste vs joie2.avi,20,DarkCyan,56.9239,Eye,21,22,3.7011,2.8443,665.3773938797809,404.0736953460015,686.9849735589178,395.65328066240755,-,-,0.0000,0.0000,0.0000,0.0000,0.0000,0.0000,-,-,-,-,-,-,-,-,,
1499,667243.541,11:42:15:452,Trial023,23 bonbons triste vs joie2.avi,20,DarkCyan,56.9239,Eye,21,22,3.7695,2.7875,661.9171285575296,402.10525662325983,679.7430416453835,395.9294463036782,-,-,0.0000,0.0000,0.0000,0.0000,0.0000,0.0000,-,-,-,-,-,-,-,-,,
1502,667303.171,11:42:15:512,Trial023,23 bonbons triste vs joie2.avi,20,DarkCyan,56.9239,Eye,21,22,3.6312,2.7633,661.8733169784838,403.9397772905291,668.3032465007956,393.038314208069,-,-,0.0000,0.0000,0.0000,0.0000,0.0000,0.0000,-,-,-,-,-,-,-,-,,
221490,667362.806,11:42:15:572,Trial023,NoImage,20,Indigo,56.9239,Eye,21,22,3.7637,2.7312,663.1303387436254,402.1111481210314,662.7272753462562,398.7599174954947,White Space,White Space,0,0,0,0,0,0,-,-,-,-,-,-,-,-,-,
1508,667422.553,11:42:15:631,Trial023,23 bonbons triste vs joie2.avi,20,DarkCyan,56.9239,Eye,21,22,3.7233,2.7399,660.5662566716185,397.42145641697266,658.4013887626668,402.54244326622927,-,-,0.0000,0.0000,0.0000,0.0000,0.0000,0.0000,-,-,-,-,-,-,-,-,,
221496,667482.179,11:42:15:691,Trial023,NoImage,20,Indigo,56.9239,Eye,21,22,3.6833,2.6847,657.7277121006229,399.54331191421727,660.1245540070058,393.2268191384511,White Space,White Space,0,0,0,0,0,0,-,-,-,-,-,-,-,-,-,
1514,667541.915,11:42:15:751,Trial023,23 bonbons triste vs joie2.avi,20,DarkCyan,56.9239,Eye,21,22,3.5782,2.7301,659.137374196172,398.11964758171234,661.0666950453048,397.650778339109,-,-,0.0000,0.0000,0.0000,0.0000,0.0000,0.0000,-,-,-,-,-,-,-,-,,
221502,667601.543,11:42:15:810,Trial023,NoImage,20,Indigo,56.9239,Eye,21,22,3.6574,2.7861,652.745532759742,400.7061864214094,657.680552694002,394.9490519024804,White Space,White Space,0,0,0,0,0,0,-,-,-,-,-,-,-,-,-,
1520,667661.17,11:42:15:870,Trial023,23 bonbons triste vs joie2.avi,20,DarkCyan,56.9239,Eye,19,20,3.6805,2.6431,627.5870337756888,409.0164236554668,633.3505968904623,405.89170328058776,-,-,0.0000,0.0000,0.0000,0.0000,0.0000,0.0000,-,-,-,-,-,-,-,-,,
221508,667720.919,11:42:15:930,Trial023,NoImage,20,Indigo,56.9239,Eye,22,23,3.6851,2.6535,609.6023715139742,423.0983070469189,604.2916425211537,421.19713327568434,White Space,White Space,0,0,0,0,0,0,-,-,-,-,-,-,-,-,-,
1526,667780.541,11:42:15:989,Trial023,23 bonbons triste vs joie2.avi,20,DarkCyan,56.9239,Eye,22,23,3.6586,2.7345,595.2911595832455,429.01520783553235,583.2355706167288,432.97400479596246,-,-,0.0000,0.0000,0.0000,0.0000,0.0000,0.0000,-,-,-,-,-,-,-,-,,
221514,667840.287,11:42:16:049,Trial023,NoImage,20,Indigo,56.9239,Eye,22,23,3.664,2.6855,569.7091604341956,433.65260212472737,568.1342083614859,443.64844409793034,White Space,White Space,0,0,0,0,0,0,-,-,-,-,-,-,-,-,-,
1532,667899.92,11:42:16:109,Trial023,23 bonbons triste vs joie2.avi,20,DarkCyan,56.9239,Eye,22,23,3.5731,2.6254,556.967165737396,439.9392793730591,559.512368045861,444.7657590873295,-,-,0.0000,0.0000,0.0000,0.0000,0.0000,0.0000,-,-,-,-,-,-,-,-,,
221520,667959.541,11:42:16:168,Trial023,NoImage,20,Indigo,56.9239,Eye,22,23,3.7467,2.6972,553.4473018020763,442.343619408139,551.695235266765,446.8656573975726,White Space,White Space,0,0,0,0,0,0,-,-,-,-,-,-,-,-,-,
1538,668019.291,11:42:16:228,Trial023,23 bonbons triste vs joie2.avi,20,DarkCyan,56.9239,Eye,22,23,3.8137,2.6556,549.0191070907917,444.9754231099308,542.3749694891164,453.21921023845186,-,-,0.0000,0.0000,0.0000,0.0000,0.0000,0.0000,-,-,-,-,-,-,-,-,,
1541,668078.908,11:42:16:288,Trial023,23 bonbons triste vs joie2.avi,20,DarkCyan,56.9239,Eye,20,21,3.7694,2.6815,543.8264641995918,447.99144386789993,537.3255367113508,456.45764188819163,-,-,0.0000,0.0000,0.0000,0.0000,0.0000,0.0000,-,-,-,-,-,-,-,-,,
221529,668138.533,11:42:16:347,Trial023,NoImage,20,Indigo,56.9239,Eye,23,24,3.6713,2.6035,563.3836700140499,434.6039024193309,563.4709094465188,445.8342695556689,White Space,White Space,0,0,0,0,0,0,-,-,-,-,-,-,-,-,-,
221532,668198.287,11:42:16:407,Trial023,NoImage,20,Indigo,56.9239,Eye,23,24,3.6837,2.7461,582.0431953428543,428.28914122336874,586.688243285465,436.2327388122206,White Space,White Space,0,0,0,0,0,0,-,-,-,-,-,-,-,-,-,
221535,668257.912,11:42:16:467,Trial023,NoImage,20,Indigo,56.9239,Eye,23,24,3.5979,2.5619,594.7905307905178,423.307447065765,599.8341166487177,431.5490160747284,White Space,White Space,0,0,0,0,0,0,-,-,-,-,-,-,-,-,-,
1553,668317.651,11:42:16:526,Trial023,23 bonbons triste vs joie2.avi,20,DarkCyan,0.0,Eye,23,24,3.5260,2.6231,604.3510323762654,419.5711764475622,609.6935216711571,428.03622402160926,-,-,0.0000,0.0000,0.0000,0.0000,0.0000,0.0000,-,-,-,-,-,-,-,-,,
1556,668377.281,11:42:16:586,Trial023,23 bonbons triste vs joie2.avi,20,DarkCyan,0.0,Eye,23,24,3.5205,2.5167,611.5214085655759,416.7689734839101,617.0880754379867,425.40162998176993,-,-,0.0000,0.0000,0.0000,0.0000,0.0000,0.0000,-,-,-,-,-,-,-,-,,
221544,668436.903,11:42:16:646,Trial023,NoImage,20,Indigo,0.0,Eye,23,24,3.3831,2.4728,616.899190707559,414.667321261171,622.633990763109,423.4256844518904,White Space,White Space,0,0,0,0,0,0,-,-,-,-,-,-,-,-,-,
221547,668496.658,11:42:16:705,Trial023,NoImage,20,Indigo,0.0,Eye,5,-,3.5184,2.4866,,,,,White Space,White Space,0,0,0,0,0,0,-,-,-,-,-,-,-,-,-,
221550,668556.283,11:42:16:765,Trial023,NoImage,20,Indigo,0.0,Eye,24,25,3.6468,2.5317,,,,,White Space,White Space,0,0,0,0,0,0,-,-,-,-,-,-,-,-,-,
1568,668616.043,11:42:16:825,Trial023,23 bonbons triste vs joie2.avi,20,DarkCyan,0.0,Eye,24,25,3.3335,2.6414,,,,,-,-,0.0000,0.0000,0.0000,0.0000,0.0000,0.0000,-,-,-,-,-,-,-,-,,
1571,668675.643,11:42:16:884,Trial023,23 bonbons triste vs joie2.avi,20,DarkCyan,0.0,Eye,24,25,3.2596,2.7267,,,,,-,-,0.0000,0.0000,0.0000,0.0000,0.0000,0.0000,-,-,-,-,-,-,-,-,,
1574,668735.263,11:42:16:944,Trial023,23 bonbons triste vs joie2.avi,20,DarkCyan,56.9239,Eye,24,25,3.2915,2.6453,618.1443577443498,404.92637559329654,619.7663128367197,417.02821566346535,-,-,0.0000,0.0000,0.0000,0.0000,0.0000,0.0000,-,-,-,-,-,-,-,-,,
221562,668795.029,11:42:17:004,Trial023,NoImage,20,Indigo,56.9239,Eye,24,25,3.2509,2.689,622.9402262469273,405.8999026020918,619.7999024071082,411.67514827495245,White Space,White Space,0,0,0,0,0,0,-,-,-,-,-,-,-,-,-,
1580,668854.663,11:42:17:063,Trial023,23 bonbons triste vs joie2.avi,20,DarkCyan,56.9239,Eye,6,4,3.2856,2.5944,529.4209846762707,372.7705295571342,527.0657417964064,377.2266733377131,-,-,0.0000,0.0000,0.0000,0.0000,0.0000,0.0000,-,-,-,-,-,-,-,-,,
221568,668914.265,11:42:17:123,Trial023,NoImage,20,Indigo,56.9239,Eye,6,4,3.2856,2.5944,459.308011920327,347.94488902117934,457.54157976042876,351.4117063825469,White Space,White Space,0,0,0,0,0,0,-,-,-,-,-,-,-,-,-,
1586,668974.015,11:42:17:183,Trial023,23 bonbons triste vs joie2.avi,20,DarkCyan,56.9239,Eye,6,26,3.2856,2.7829,503.6430245272077,363.74460989143785,502.0378532329737,365.67127919634817,-,-,0.0000,0.0000,0.0000,0.0000,0.0000,0.0000,-,-,-,-,-,-,-,-,,
1589,669033.629,11:42:17:242,Trial023,23 bonbons triste vs joie2.avi,20,DarkCyan,56.9239,Eye,25,26,3.0255,2.9137,534.0309759461405,368.68165394976137,528.4690555183965,370.39891235426546,-,-,0.0000,0.0000,0.0000,0.0000,0.0000,0.0000,-,-,-,-,-,-,-,-,,
1592,669093.29,11:42:17:302,Trial023,23 bonbons triste vs joie2.avi,20,DarkCyan,56.9239,Eye,25,26,3.2242,3.1006,567.41087623586,377.2899179230597,557.7158147970163,380.8682278581876,-,-,0.0000,0.0000,0.0000,0.0000,0.0000,0.0000,-,-,-,-,-,-,-,-,,
221580,669153.021,11:42:17:362,Trial023,NoImage,20,Indigo,56.9239,Eye,25,26,3.2165,3.0632,595.0984430859321,380.79009480953357,581.4937408575654,387.27562653913543,White Space,White Space,0,0,0,0,0,0,-,-,-,-,-,-,-,-,-,
1598,669212.629,11:42:17:421,Trial023,23 bonbons triste vs joie2.avi,20,DarkCyan,56.9239,Eye,25,26,3.1944,3.1362,612.1499325192532,389.9824124642068,591.3740433033265,392.2549042532696,-,-,0.0000,0.0000,0.0000,0.0000,0.0000,0.0000,-,-,-,-,-,-,-,-,,
1601,669272.388,11:42:17:481,Trial023,23 bonbons triste vs joie2.avi,20,DarkCyan,56.9239,Eye,25,26,3.1137,2.9372,627.03307068117,399.8294183387922,599.9857509912891,396.99688661636725,-,-,0.0000,0.0000,0.0000,0.0000,0.0000,0.0000,-,-,-,-,-,-,-,-,,
221589,669331.998,11:42:17:541,Trial023,NoImage,20,Indigo,56.9239,Eye,25,26,3.1644,2.9429,628.6335920327787,403.6670904000949,610.7709708084977,395.14366203852825,White Space,White Space,0,0,0,0,0,0,-,-,-,-,-,-,-,-,-,
1607,669391.63,11:42:17:600,Trial023,23 bonbons triste vs joie2.avi,20,DarkCyan,56.9239,Eye,25,26,3.2151,2.9657,632.3498901946915,403.81625472334605,616.2580512215271,399.468181916796,-,-,0.0000,0.0000,0.0000,0.0000,0.0000,0.0000,-,-,-,-,-,-,-,-,,
1610,669530.883,11:42:17:740,Trial024,24 a triste joie.jpg,20,DarkCyan,92.3422,Eye,-,1,3.1359,2.9314,632.7980469275316,404.89370516051315,625.460361155806,400.5829110239933,White Space,White Space,0.0000,0.0000,0.0000,0.0000,0.0000,0.0000,-,-,-,-,-,-,-,-,,
221598,669590.629,11:42:17:800,Trial024,NoImage,20,Indigo,92.3422,Eye,-,1,3.0896,2.982,637.3416340402221,407.12435939630006,635.7495598951771,398.7191696132647,White Space,White Space,0,0,0,0,0,0,-,-,-,-,-,-,-,-,-,
1616,669650.245,11:42:17:859,Trial024,24 a triste joie.jpg,20,DarkCyan,92.3422,Eye,1,1,3.0169,2.9424,540.3601560984207,373.70504804139796,539.1661004896368,367.5258652300549,-,-,0.0000,0.0000,0.0000,0.0000,0.0000,0.0000,-,-,-,-,-,-,-,-,,
221604,669709.879,11:42:17:919,Trial024,NoImage,20,Indigo,92.3422,Eye,1,1,3.0169,2.9424,467.6189006540311,348.70245729522827,466.7233589474433,344.19277971265444,White Space,White Space,0,0,0,0,0,0,-,-,-,-,-,-,-,-,-,
1622,669769.616,11:42:17:979,Trial024,24 a triste joie.jpg,20,DarkCyan,92.3422,Eye,1,1,3.0169,2.9424,413.07672656787827,329.93556958004956,412.4050702879374,326.67802091905264,-,-,0.0000,0.0000,0.0000,0.0000,0.0000,0.0000,-,-,-,-,-,-,-,-,,
221610,669998.7,11:42:18:208,Trial024,NoImage,20,Indigo,92.3422,Eye,1,1,3.0169,2.9424,372.2534152719235,315.82460811969395,371.74967306196777,313.5061561498797,White Space,White Space,0,0,0,0,0,0,-,-,-,-,-,-,-,-,-,
1628,670194.984,11:42:18:404,Trial024,24 a triste joie.jpg,20,DarkCyan,92.3422,Eye,1,1,2.9761,2.4597,409.2429694633484,331.0594210602961,411.9452775068579,334.3066906108224,yeux triste,yeux triste,0.0000,0.0000,0.0000,0.0000,0.0000,0.0000,-,-,-,-,-,-,-,-,,
221616,670254.606,11:42:18:464,Trial024,NoImage,20,Indigo,0.0,Eye,1,1,2.6306,2.2138,436.98513510691714,342.4855307657477,442.0919808405256,349.90709145652943,White Space,White Space,0,0,0,0,0,0,-,-,-,-,-,-,-,-,-,
1634,670314.237,11:42:18:523,Trial024,24 a triste joie.jpg,20,DarkCyan,0.0,Eye,1,1,2.2255,1.9641,457.7917593395937,351.0551130448364,464.7020083407763,361.6073920908097,yeux triste,yeux triste,0.0000,0.0000,0.0000,0.0000,0.0000,0.0000,-,-,-,-,-,-,-,-,,
221622,670373.994,11:42:18:583,Trial024,NoImage,20,Indigo,0.0,Eye,1,2,2.7382,2.4713,473.39672751410103,357.4822997541529,481.65952896596434,370.3826175665199,White Space,White Space,0,0,0,0,0,0,-,-,-,-,-,-,-,-,-,
1640,670433.606,11:42:18:643,Trial024,24 a triste joie.jpg,20,DarkCyan,0.0,Eye,1,2,2.6767,2.2661,,,,,yeux triste,yeux triste,0.0000,0.0000,0.0000,0.0000,0.0000,0.0000,-,-,-,-,-,-,-,-,,
1643,670493.231,11:42:18:702,Trial024,24 a triste joie.jpg,20,DarkCyan,0.0,Eye,1,2,2.6249,2.2037,,,,,yeux triste,yeux triste,0.0000,0.0000,0.0000,0.0000,0.0000,0.0000,-,-,-,-,-,-,-,-,,
221631,670552.978,11:42:18:762,Trial024,NoImage,20,Indigo,0.0,Eye,1,2,2.5577,2.2386,,,,,White Space,White Space,0,0,0,0,0,0,-,-,-,-,-,-,-,-,-,
221634,670612.602,11:42:18:822,Trial024,NoImage,20,Indigo,0.0,Eye,2,2,2.5386,2.2549,,,,,White Space,White Space,0,0,0,0,0,0,-,-,-,-,-,-,-,-,-,
1652,670672.359,11:42:18:881,Trial024,24 a triste joie.jpg,20,DarkCyan,0.0,Eye,2,3,2.5426,2.2610,,,,,triste gauche,triste gauche,0.0000,0.0000,0.0000,0.0000,0.0000,0.0000,-,-,-,-,-,-,-,-,,
1655,670731.981,11:42:18:941,Trial024,24 a triste joie.jpg,20,DarkCyan,0.0,Eye,2,3,2.5878,2.1922,,,,,triste gauche,triste gauche,0.0000,0.0000,0.0000,0.0000,0.0000,0.0000,-,-,-,-,-,-,-,-,,
221643,670791.601,11:42:19:001,Trial024,NoImage,20,Indigo,0.0,Eye,3,4,2.6208,2.3281,,,,,White Space,White Space,0,0,0,0,0,0,-,-,-,-,-,-,-,-,-,
1661,670851.346,11:42:19:060,Trial024,24 a triste joie.jpg,20,DarkCyan,0.0,Eye,3,4,2.5808,2.3289,,,,,bouche triste,bouche triste,0.0000,0.0000,0.0000,0.0000,0.0000,0.0000,-,-,-,-,-,-,-,-,,
1664,670910.981,11:42:19:120,Trial024,24 a triste joie.jpg,20,DarkCyan,92.3422,Eye,3,4,2.6058,2.2860,423.66109986635706,419.2424657144678,443.5688208945795,428.2307842423056,bouche triste,bouche triste,0.0000,0.0000,0.0000,0.0000,0.0000,0.0000,-,-,-,-,-,-,-,-,,
221652,670970.733,11:42:19:180,Trial024,NoImage,20,Indigo,92.3422,Eye,4,4,2.7007,2.366,477.0057790085851,423.99477294003964,485.834512169581,435.5823838087371,White Space,White Space,0,0,0,0,0,0,-,-,-,-,-,-,-,-,-,
221655,671030.355,11:42:19:239,Trial024,NoImage,20,Indigo,92.3422,Eye,4,5,2.6335,2.3604,568.5973077804662,429.440072170488,571.3714345959772,439.37398415028144,White Space,White Space,0,0,0,0,0,0,-,-,-,-,-,-,-,-,-,
1673,671089.977,11:42:19:299,Trial024,24 a triste joie.jpg,20,DarkCyan,92.3422,Eye,4,5,2.7229,2.4336,637.0397858474065,436.0124130473482,635.6106931529049,436.93057498681816,bouche joie,bouche joie,0.0000,0.0000,0.0000,0.0000,0.0000,0.0000,-,-,-,-,-,-,-,-,,
221661,671149.72,11:42:19:359,Trial024,NoImage,20,Indigo,92.3422,Eye,4,5,2.842,2.5371,690.0068503864662,435.36276627674226,685.5918809362381,436.6267622416431,White Space,White Space,0,0,0,0,0,0,-,-,-,-,-,-,-,-,-,
1679,671209.344,11:42:19:418,Trial024,24 a triste joie.jpg,20,DarkCyan,92.3422,Eye,4,5,2.7124,2.4831,717.6272386918381,436.62609451529016,722.5757816450495,434.52480900409057,bouche joie,bouche joie,0.0000,0.0000,0.0000,0.0000,0.0000,0.0000,-,-,-,-,-,-,-,-,,
221667,671268.968,11:42:19:478,Trial024,NoImage,20,Indigo,92.3422,Eye,4,5,2.7046,2.405,743.6045261437858,435.5999549624048,745.1279469994872,438.47305726887674,White Space,White Space,0,0,0,0,0,0,-,-,-,-,-,-,-,-,-,
221670,671328.718,11:42:19:538,Trial024,NoImage,20,Indigo,92.3422,Eye,5,6,2.6302,2.4628,762.2378425546533,433.39628390650984,761.7015734401663,439.1093348838591,White Space,White Space,0,0,0,0,0,0,-,-,-,-,-,-,-,-,-,
221673,671388.338,11:42:19:597,Trial024,NoImage,20,Indigo,92.3422,Eye,5,6,2.6719,2.4136,778.6828272944463,433.5913865964328,780.3657668086728,435.5613163246141,White Space,White Space,0,0,0,0,0,0,-,-,-,-,-,-,-,-,-,
221676,671448.09,11:42:19:657,Trial024,NoImage,20,Indigo,92.3422,Eye,5,6,2.5996,2.5305,789.6928342544127,435.28084647893917,790.7150079727571,434.2713514766403,White Space,White Space,0,0,0,0,0,0,-,-,-,-,-,-,-,-,-,
1694,671507.721,11:42:19:717,Trial024,24 a triste joie.jpg,20,DarkCyan,92.3422,Eye,5,6,2.5739,2.3816,791.2657932210327,432.5838001893332,799.0960068951007,431.6813017837855,bouche joie,bouche joie,0.0000,0.0000,0.0000,0.0000,0.0000,0.0000,-,-,-,-,-,-,-,-,,
1697,671567.345,11:42:19:776,Trial024,24 a triste joie.jpg,20,DarkCyan,92.3422,Eye,5,6,2.5221,2.4742,804.9523538978748,435.31726234142263,811.6800425133252,430.9767585149337,bouche joie,bouche joie,0.0000,0.0000,0.0000,0.0000,0.0000,0.0000,-,-,-,-,-,-,-,-,,
1700,671627.091,11:42:19:836,Trial024,24 a triste joie.jpg,20,DarkCyan,92.3422,Eye,5,6,2.5643,2.4247,818.5627988581364,433.5923832853683,820.5086314492964,432.8605900475921,bouche joie,bouche joie,0.0000,0.0000,0.0000,0.0000,0.0000,0.0000,-,-,-,-,-,-,-,-,,
221688,671686.726,11:42:19:896,Trial024,NoImage,20,Indigo,92.3422,Eye,5,6,2.5918,2.403,820.1038712338274,432.0458956129268,823.2290339925229,431.18565383235887,White Space,White Space,0,0,0,0,0,0,-,-,-,-,-,-,-,-,-,
221691,671746.341,11:42:19:955,Trial024,NoImage,20,Indigo,92.3422,Eye,5,6,2.5816,2.286,821.6769748132423,434.0440420999592,831.4425593749628,431.88562329468755,White Space,White Space,0,0,0,0,0,0,-,-,-,-,-,-,-,-,-,
1709,671806.079,11:42:20:015,Trial024,24 a triste joie.jpg,20,DarkCyan,92.3422,Eye,6,6,2.5501,2.4944,825.4505881584557,432.019937895581,833.8660204298717,430.6315361364572,bouche joie,bouche joie,0.0000,0.0000,0.0000,0.0000,0.0000,0.0000,-,-,-,-,-,-,-,-,,
221697,671865.712,11:42:20:075,Trial024,NoImage,20,Indigo,92.3422,Eye,6,7,2.6753,2.3732,820.4001994706114,428.4370908534728,833.1996607534617,424.5794075032729,White Space,White Space,0,0,0,0,0,0,-,-,-,-,-,-,-,-,-,
221700,671925.452,11:42:20:134,Trial024,NoImage,20,Indigo,92.3422,Eye,6,7,2.6818,2.4044,819.0459630254766,423.7292808643199,833.1379097393044,419.9720866187213,White Space,White Space,0,0,0,0,0,0,-,-,-,-,-,-,-,-,-,
1718,671985.086,11:42:20:194,Trial024,24 a triste joie.jpg,20,DarkCyan,92.3422,Eye,7,7,2.6239,2.3524,789.6439386158665,426.6212476157883,803.8576869783052,418.44685156334447,joie droite,joie droite,0.0000,0.0000,0.0000,0.0000,0.0000,0.0000,-,-,-,-,-,-,-,-,,
221706,672044.713,11:42:20:254,Trial024,NoImage,20,Indigo,92.3422,Eye,7,8,2.6487,2.3793,707.7952289385283,420.69204114913896,720.705011582405,412.0213601542046,White Space,White Space,0,0,0,0,0,0,-,-,-,-,-,-,-,-,-,
1724,672104.462,11:42:20:313,Trial024,24 a triste joie.jpg,20,DarkCyan,92.3422,Eye,7,8,2.5907,2.3794,644.1668360912383,418.8816012571287,650.7020859765508,408.8522069269808,yeux triste,yeux triste,0.0000,0.0000,0.0000,0.0000,0.0000,0.0000,-,-,-,-,-,-,-,-,,
1727,672164.084,11:42:20:373,Trial024,24 a triste joie.jpg,20,DarkCyan,92.3422,Eye,7,8,2.6050,2.2359,592.4634383124019,411.5098524123183,604.8591440567786,404.47322115314125,yeux triste,yeux triste,0.0000,0.0000,0.0000,0.0000,0.0000,0.0000,-,-,-,-,-,-,-,-,,
1730,672223.708,11:42:20:433,Trial024,24 a triste joie.jpg,20,DarkCyan,92.3422,Eye,7,8,2.6341,2.3265,555.3447464492962,408.337248495628,563.7890095408733,404.1455393255832,triste gauche,triste gauche,0.0000,0.0000,0.0000,0.0000,0.0000,0.0000,-,-,-,-,-,-,-,-,,
1733,672283.452,11:42:20:492,Trial024,24 a triste joie.jpg,20,DarkCyan,92.3422,Eye,8,9,2.5398,2.4265,530.729229553081,398.9551796838407,546.7178119847915,400.2687456768555,yeux triste,yeux triste,0.0000,0.0000,0.0000,0.0000,0.0000,0.0000,-,-,-,-,-,-,-,-,,
1736,672343.071,11:42:20:552,Trial024,24 a triste joie.jpg,20,DarkCyan,92.3422,Eye,8,9,2.6532,2.3663,522.6664685298081,391.70838790596457,531.390844629394,397.4880722951838,yeux triste,yeux triste,0.0000,0.0000,0.0000,0.0000,0.0000,0.0000,-,-,-,-,-,-,-,-,,
1739,672402.7,11:42:20:612,Trial024,24 a triste joie.jpg,20,DarkCyan,92.3422,Eye,8,9,2.6372,2.3325,519.447296960246,387.6439873360695,521.302197396347,391.8616191239718,yeux triste,yeux triste,0.0000,0.0000,0.0000,0.0000,0.0000,0.0000,-,-,-,-,-,-,-,-,,
1742,672462.444,11:42:20:671,Trial024,24 a triste joie.jpg,20,DarkCyan,92.3422,Eye,8,9,2.5933,2.3656,514.6820217383962,389.5924112586189,519.7900842128156,388.16921987547386,yeux triste,yeux triste,0.0000,0.0000,0.0000,0.0000,0.0000,0.0000,-,-,-,-,-,-,-,-,,
1745,672522.071,11:42:20:731,Trial024,24 a triste joie.jpg,20,DarkCyan,92.3422,Eye,8,9,2.6151,2.3849,509.42039584796623,387.5256005246235,521.4597293237596,391.02180282850355,yeux triste,yeux triste,0.0000,0.0000,0.0000,0.0000,0.0000,0.0000,-,-,-,-,-,-,-,-,,
1748,672581.694,11:42:20:791,Trial024,24 a triste joie.jpg,20,DarkCyan,92.3422,Eye,8,9,2.7260,2.3703,515.9767950734008,388.1688574113208,514.1358883468356,385.57673002010546,yeux triste,yeux triste,0.0000,0.0000,0.0000,0.0000,0.0000,0.0000,-,-,-,-,-,-,-,-,,
221736,672641.441,11:42:20:850,Trial024,NoImage,20,Indigo,92.3422,Eye,8,9,2.6564,2.2966,520.2221279945247,390.8032962029857,519.2177703909452,385.58404220939025,White Space,White Space,0,0,0,0,0,0,-,-,-,-,-,-,-,-,-,
1754,672701.075,11:42:20:910,Trial024,24 a triste joie.jpg,20,DarkCyan,92.3422,Eye,8,9,2.6059,2.3789,518.0507581597985,389.36627624842885,522.5737954047005,385.7253390797349,yeux triste,yeux triste,0.0000,0.0000,0.0000,0.0000,0.0000,0.0000,-,-,-,-,-,-,-,-,,
1757,672760.819,11:42:20:970,Trial024,24 a triste joie.jpg,20,DarkCyan,0.0,Eye,9,10,2.7735,2.4415,516.422230783754,388.2885112825112,525.090814165017,385.83131173249336,bouche triste,bouche triste,0.0000,0.0000,0.0000,0.0000,0.0000,0.0000,-,-,-,-,-,-,-,-,,
1760,672820.443,11:42:21:029,Trial024,24 a triste joie.jpg,20,DarkCyan,0.0,Eye,9,10,2.8258,2.4655,515.2008352517205,387.48018755807294,526.9785782352544,385.9107912220622,bouche triste,bouche triste,0.0000,0.0000,0.0000,0.0000,0.0000,0.0000,-,-,-,-,-,-,-,-,,
221748,672880.066,11:42:21:089,Trial024,NoImage,20,Indigo,0.0,Eye,9,10,2.7818,2.4208,514.2847886026955,386.8739447647443,528.3944012879324,385.97040083923883,White Space,White Space,0,0,0,0,0,0,-,-,-,-,-,-,-,-,-,
1766,672939.816,11:42:21:149,Trial024,24 a triste joie.jpg,20,DarkCyan,0.0,Eye,9,10,2.8594,2.4510,,,,,bouche triste,bouche triste,0.0000,0.0000,0.0000,0.0000,0.0000,0.0000,-,-,-,-,-,-,-,-,,
1769,672999.436,11:42:21:208,Trial024,24 a triste joie.jpg,20,DarkCyan,0.0,Eye,9,10,2.8676,2.4330,,,,,bouche triste,bouche triste,0.0000,0.0000,0.0000,0.0000,0.0000,0.0000,-,-,-,-,-,-,-,-,,
221757,673059.191,11:42:21:268,Trial024,NoImage,20,Indigo,0.0,Eye,9,10,2.8575,2.4193,,,,,White Space,White Space,0,0,0,0,0,0,-,-,-,-,-,-,-,-,-,
1775,673118.805,11:42:21:328,Trial024,24 a triste joie.jpg,20,DarkCyan,0.0,Eye,9,10,2.8075,2.4324,,,,,bouche triste,bouche triste,0.0000,0.0000,0.0000,0.0000,0.0000,0.0000,-,-,-,-,-,-,-,-,,
1778,673178.433,11:42:21:387,Trial024,24 a triste joie.jpg,20,DarkCyan,0.0,Eye,9,10,2.9337,2.3978,,,,,bouche triste,bouche triste,0.0000,0.0000,0.0000,0.0000,0.0000,0.0000,-,-,-,-,-,-,-,-,,
221766,673238.19,11:42:21:447,Trial024,NoImage,20,Indigo,0.0,Eye,9,10,2.9062,2.4371,,,,,White Space,White Space,0,0,0,0,0,0,-,-,-,-,-,-,-,-,-,
1784,673297.811,11:42:21:507,Trial024,24 a triste joie.jpg,20,DarkCyan,0.0,Eye,9,10,2.8118,2.4435,,,,,bouche triste,bouche triste,0.0000,0.0000,0.0000,0.0000,0.0000,0.0000,-,-,-,-,-,-,-,-,,
1787,673357.438,11:42:21:566,Trial024,24 a triste joie.jpg,20,DarkCyan,0.0,Eye,9,10,2.7422,2.3712,,,,,bouche triste,bouche triste,0.0000,0.0000,0.0000,0.0000,0.0000,0.0000,-,-,-,-,-,-,-,-,,
1790,673417.18,11:42:21:626,Trial024,24 a triste joie.jpg,20,DarkCyan,0.0,Eye,9,10,2.8373,2.4523,,,,,bouche triste,bouche triste,0.0000,0.0000,0.0000,0.0000,0.0000,0.0000,-,-,-,-,-,-,-,-,,
221778,673476.81,11:42:21:686,Trial024,NoImage,20,Indigo,0.0,Eye,9,10,2.7434,2.4211,,,,,White Space,White Space,0,0,0,0,0,0,-,-,-,-,-,-,-,-,-,
221781,673536.555,11:42:21:746,Trial024,NoImage,20,Indigo,0.0,Eye,9,10,2.8713,2.3654,,,,,White Space,White Space,0,0,0,0,0,0,-,-,-,-,-,-,-,-,-,
1799,673596.181,11:42:21:805,Trial024,24 a triste joie.jpg,20,DarkCyan,0.0,Eye,10,10,2.7349,2.2580,,,,,triste gauche,triste gauche,0.0000,0.0000,0.0000,0.0000,0.0000,0.0000,-,-,-,-,-,-,-,-,,
1802,673655.799,11:42:21:865,Trial024,24 a triste joie.jpg,20,DarkCyan,0.0,Eye,10,11,2.6966,2.3482,,,,,triste gauche,triste gauche,0.0000,0.0000,0.0000,0.0000,0.0000,0.0000,-,-,-,-,-,-,-,-,,
221790,673715.551,11:42:21:925,Trial024,NoImage,20,Indigo,0.0,Eye,10,11,2.7662,2.2871,,,,,White Space,White Space,0,0,0,0,0,0,-,-,-,-,-,-,-,-,-,
1808,673775.182,11:42:21:984,Trial024,24 a triste joie.jpg,20,DarkCyan,0.0,Eye,11,12,2.6199,2.3098,,,,,triste gauche,triste gauche,0.0000,0.0000,0.0000,0.0000,0.0000,0.0000,-,-,-,-,-,-,-,-,,
221796,673834.928,11:42:22:044,Trial024,NoImage,20,Indigo,0.0,Eye,11,12,2.6256,2.3139,,,,,White Space,White Space,0,0,0,0,0,0,-,-,-,-,-,-,-,-,-,
221799,673894.553,11:42:22:104,Trial024,NoImage,20,Indigo,0.0,Eye,11,12,2.6543,2.2789,,,,,White Space,White Space,0,0,0,0,0,0,-,-,-,-,-,-,-,-,-,
1817,673954.173,11:42:22:163,Trial024,24 a triste joie.jpg,20,DarkCyan,0.0,Eye,11,12,2.6409,2.2975,,,,,triste gauche,triste gauche,0.0000,0.0000,0.0000,0.0000,0.0000,0.0000,-,-,-,-,-,-,-,-,,
1820,674013.925,11:42:22:223,Trial024,24 a triste joie.jpg,20,DarkCyan,0.0,Eye,11,12,2.5484,2.2036,,,,,yeux triste,yeux triste,0.0000,0.0000,0.0000,0.0000,0.0000,0.0000,-,-,-,-,-,-,-,-,,
221808,674073.541,11:42:22:283,Trial024,NoImage,20,Indigo,0.0,Eye,11,12,2.6468,2.239,,,,,White Space,White Space,0,0,0,0,0,0,-,-,-,-,-,-,-,-,-,
221811,674133.302,11:42:22:342,Trial024,NoImage,20,Indigo,0.0,Eye,12,12,2.6382,2.3081,,,,,White Space,White Space,0,0,0,0,0,0,-,-,-,-,-,-,-,-,-,
1829,674192.915,11:42:22:402,Trial024,24 a triste joie.jpg,20,DarkCyan,0.0,Eye,12,13,2.6222,2.3045,,,,,yeux joie,yeux joie,0.0000,0.0000,0.0000,0.0000,0.0000,0.0000,-,-,-,-,-,-,-,-,,
1832,674252.539,11:42:22:462,Trial024,24 a triste joie.jpg,20,DarkCyan,0.0,Eye,12,13,2.5646,2.3062,,,,,yeux joie,yeux joie,0.0000,0.0000,0.0000,0.0000,0.0000,0.0000,-,-,-,-,-,-,-,-,,
221820,674312.284,11:42:22:521,Trial024,NoImage,20,Indigo,0.0,Eye,12,13,2.5357,2.2445,,,,,White Space,White Space,0,0,0,0,0,0,-,-,-,-,-,-,-,-,-,
221823,674371.918,11:42:22:581,Trial024,NoImage,20,Indigo,0.0,Eye,12,13,2.5578,2.2504,,,,,White Space,White Space,0,0,0,0,0,0,-,-,-,-,-,-,-,-,-,
221826,674431.669,11:42:22:641,Trial024,NoImage,20,Indigo,0.0,Eye,13,13,2.5908,2.2136,,,,,White Space,White Space,0,0,0,0,0,0,-,-,-,-,-,-,-,-,-,
221829,674491.295,11:42:22:700,Trial024,NoImage,20,Indigo,0.0,Eye,13,14,2.5356,2.3351,,,,,White Space,White Space,0,0,0,0,0,0,-,-,-,-,-,-,-,-,-,
221832,674550.91,11:42:22:760,Trial024,NoImage,20,Indigo,0.0,Eye,13,14,2.5558,2.262,,,,,White Space,White Space,0,0,0,0,0,0,-,-,-,-,-,-,-,-,-,
1850,674610.656,11:42:22:820,Trial024,24 a triste joie.jpg,20,DarkCyan,0.0,Eye,13,14,2.4240,2.3030,,,,,yeux joie,yeux joie,0.0000,0.0000,0.0000,0.0000,0.0000,0.0000,-,-,-,-,-,-,-,-,,
221838,674670.28,11:42:22:879,Trial024,NoImage,20,Indigo,0.0,Eye,13,14,2.5004,2.2261,,,,,White Space,White Space,0,0,0,0,0,0,-,-,-,-,-,-,-,-,-,
221841,674729.905,11:42:22:939,Trial024,NoImage,20,Indigo,0.0,Eye,13,14,2.4599,2.275,,,,,White Space,White Space,0,0,0,0,0,0,-,-,-,-,-,-,-,-,-,
1859,674789.663,11:42:22:999,Trial024,24 a triste joie.jpg,20,DarkCyan,0.0,Eye,13,14,2.4487,2.3069,,,,,yeux joie,yeux joie,0.0000,0.0000,0.0000,0.0000,0.0000,0.0000,-,-,-,-,-,-,-,-,,
221847,674849.277,11:42:23:058,Trial024,NoImage,20,Indigo,0.0,Eye,13,14,2.4627,2.2784,,,,,White Space,White Space,0,0,0,0,0,0,-,-,-,-,-,-,-,-,-,
221850,674909.03,11:42:23:118,Trial024,NoImage,20,Indigo,92.3422,Eye,13,14,2.5209,2.2751,808.9172071383757,376.63524011296755,760.8936524534581,369.99244165603113,White Space,White Space,0,0,0,0,0,0,-,-,-,-,-,-,-,-,-,
1868,674968.66,11:42:23:178,Trial024,24 a triste joie.jpg,20,DarkCyan,92.3422,Eye,13,14,2.3650,2.2752,797.2419931562943,374.3889955117184,766.7002619357207,370.3735372448645,yeux joie,yeux joie,0.0000,0.0000,0.0000,0.0000,0.0000,0.0000,-,-,-,-,-,-,-,-,,
221856,675028.282,11:42:23:237,Trial024,NoImage,20,Indigo,92.3422,Eye,13,14,2.5599,2.3577,782.0587571976384,373.73583815897246,760.7545389741875,374.524262630978,White Space,White Space,0,0,0,0,0,0,-,-,-,-,-,-,-,-,-,
1874,675088.034,11:42:23:297,Trial024,24 a triste joie.jpg,20,DarkCyan,92.3422,Eye,14,15,2.6158,2.3678,779.2296392494599,374.89199446683364,759.6100823539432,377.7061955677888,yeux joie,yeux joie,0.0000,0.0000,0.0000,0.0000,0.0000,0.0000,-,-,-,-,-,-,-,-,,
221862,675147.65,11:42:23:357,Trial024,NoImage,20,Indigo,92.3422,Eye,14,15,2.4948,2.4007,775.2010772381012,374.98605602334095,757.1952528049226,379.58016817315547,White Space,White Space,0,0,0,0,0,0,-,-,-,-,-,-,-,-,-,
221865,675207.274,11:42:23:416,Trial024,NoImage,20,Indigo,92.3422,Eye,14,15,2.5712,2.2749,781.6791999593623,371.77483772851906,769.3669952584569,383.77361869094574,White Space,White Space,0,0,0,0,0,0,-,-,-,-,-,-,-,-,-,
1883,675267.02,11:42:23:476,Trial024,24 a triste joie.jpg,20,DarkCyan,92.3422,Eye,15,15,2.5171,2.1978,722.5612856216002,375.4725386029519,710.4688172374829,382.2998823132398,yeux triste,yeux triste,0.0000,0.0000,0.0000,0.0000,0.0000,0.0000,-,-,-,-,-,-,-,-,,
1886,675326.654,11:42:23:536,Trial024,24 a triste joie.jpg,20,DarkCyan,92.3422,Eye,15,16,2.5201,2.3013,647.1834154655658,378.93859995175757,643.9930322546326,385.6099142929237,yeux triste,yeux triste,0.0000,0.0000,0.0000,0.0000,0.0000,0.0000,-,-,-,-,-,-,-,-,,
1889,675386.266,11:42:23:595,Trial024,24 a triste joie.jpg,20,DarkCyan,92.3422,Eye,15,16,2.6140,2.3332,604.8526465168925,380.1765081619051,585.5623358823767,383.96786676674657,yeux triste,yeux triste,0.0000,0.0000,0.0000,0.0000,0.0000,0.0000,-,-,-,-,-,-,-,-,,
1892,675446.026,11:42:23:655,Trial024,24 a triste joie.jpg,20,DarkCyan,92.3422,Eye,15,16,2.5539,2.3054,566.6540868392219,374.27871643025486,558.5630724084544,384.01486196518476,yeux triste,yeux triste,0.0000,0.0000,0.0000,0.0000,0.0000,0.0000,-,-,-,-,-,-,-,-,,
221880,676023.794,11:42:24:233,Trial025,NoImage,20,Indigo,87.2717,Information,1,1,-,-,538.005167080969,369.8553726315171,538.3136248030128,384.0501083640134,-,-,-,-,-,-,-,-,-,-,-,-,-,-,-,punition orale triste vs joie2.avi,-,
1898,676082.508,11:42:24:292,Trial025,25 punition orale triste vs joie2.avi,20,DarkCyan,87.2717,Eye,1,1,2.8146,2.4615,519.899145885716,371.14882073925395,519.074616837234,384.2275847268693,-,-,0.0000,0.0000,0.0000,0.0000,0.0000,0.0000,-,-,-,-,-,-,-,-,,
1901,676142.153,11:42:24:351,Trial025,25 punition orale triste vs joie2.avi,20,DarkCyan,87.2717,Eye,1,1,2.9908,2.5519,518.2403748389396,374.50351249594866,514.2454646607081,382.04029951462434,-,-,0.0000,0.0000,0.0000,0.0000,0.0000,0.0000,-,-,-,-,-,-,-,-,,
221889,676201.897,11:42:24:411,Trial025,NoImage,20,Indigo,87.2717,Eye,1,1,2.9504,2.6361,506.947058932133,379.88441138417136,499.4205318689495,383.07055867955415,White Space,White Space,0,0,0,0,0,0,-,-,-,-,-,-,-,-,-,
1907,676261.522,11:42:24:471,Trial025,25 punition orale triste vs joie2.avi,20,DarkCyan,87.2717,Eye,2,2,2.9721,2.5935,536.8376437828385,387.2050793065093,529.3431799125074,380.65370538968716,-,-,0.0000,0.0000,0.0000,0.0000,0.0000,0.0000,-,-,-,-,-,-,-,-,,
221895,676321.139,11:42:24:530,Trial025,NoImage,20,Indigo,87.2717,Eye,2,2,3.2322,2.6225,567.2007183182385,392.350542392432,561.0509726759191,387.8021134944895,White Space,White Space,0,0,0,0,0,0,-,-,-,-,-,-,-,-,-,
1913,676380.88,11:42:24:590,Trial025,25 punition orale triste vs joie2.avi,20,DarkCyan,87.2717,Eye,3,3,3.1157,2.6966,590.6697732382058,396.8422640783145,574.7968692675723,393.34072177957285,-,-,0.0000,0.0000,0.0000,0.0000,0.0000,0.0000,-,-,-,-,-,-,-,-,,
1916,676440.514,11:42:24:650,Trial025,25 punition orale triste vs joie2.avi,20,DarkCyan,87.2717,Eye,3,3,3.0071,2.6607,608.5982883557917,400.02732795236983,594.5186265606493,397.64999220722115,-,-,0.0000,0.0000,0.0000,0.0000,0.0000,0.0000,-,-,-,-,-,-,-,-,,
221904,676500.269,11:42:24:709,Trial025,NoImage,20,Indigo,87.2717,Eye,3,3,3.2279,2.7116,624.0187396236506,400.48254585931653,603.9979828191273,399.9796172833853,White Space,White Space,0,0,0,0,0,0,-,-,-,-,-,-,-,-,-,
221907,676559.9,11:42:24:769,Trial025,NoImage,20,Indigo,87.2717,Eye,3,3,3.1521,2.7314,620.5006748024825,400.24110159512264,623.7725469560336,406.36697249441335,White Space,White Space,0,0,0,0,0,0,-,-,-,-,-,-,-,-,-,
221910,676619.497,11:42:24:829,Trial025,NoImage,20,Indigo,87.2717,Eye,3,3,3.1104,2.4937,629.1740288846399,403.1602115744613,636.0162478173648,401.42074781913783,White Space,White Space,0,0,0,0,0,0,-,-,-,-,-,-,-,-,-,
1928,676679.261,11:42:24:888,Trial025,25 punition orale triste vs joie2.avi,20,DarkCyan,87.2717,Eye,3,3,2.9948,2.6406,631.7847147409025,405.5788043277975,642.2827650965038,399.7607267801861,-,-,0.0000,0.0000,0.0000,0.0000,0.0000,0.0000,-,-,-,-,-,-,-,-,,
221916,676738.883,11:42:24:948,Trial025,NoImage,20,Indigo,87.2717,Eye,3,3,3.0494,2.53,634.5730517963858,404.9689565651326,652.3530810803214,398.8398760236326,White Space,White Space,0,0,0,0,0,0,-,-,-,-,-,-,-,-,-,
221919,676798.636,11:42:25:008,Trial025,NoImage,20,Indigo,87.2717,Eye,3,3,2.9123,2.5022,633.7218405508861,400.5010304839471,646.5709996383598,399.8469935504513,White Space,White Space,0,0,0,0,0,0,-,-,-,-,-,-,-,-,-,
221922,676858.267,11:42:25:067,Trial025,NoImage,20,Indigo,87.2717,Eye,1,1,2.9985,2.5452,537.248243491096,368.71090661664056,546.8851128067013,368.34508844245215,White Space,White Space,0,0,0,0,0,0,-,-,-,-,-,-,-,-,-,
221925,676917.875,11:42:25:127,Trial025,NoImage,20,Indigo,87.2717,Eye,1,1,3.6662,2.5452,464.8633758647226,344.8917035483547,472.0910278514266,344.74204944364686,White Space,White Space,0,0,0,0,0,0,-,-,-,-,-,-,-,-,-,
1943,677123.58,11:42:25:333,Trial025,25 punition orale triste vs joie2.avi,20,DarkCyan,87.2717,Eye,1,1,3.2930,2.5452,410.5771317964406,327.04028191422475,415.9978707864685,327.0527508616273,-,-,0.0000,0.0000,0.0000,0.0000,0.0000,0.0000,-,-,-,-,-,-,-,-,,
1946,677368.002,11:42:25:577,Trial025,25 punition orale triste vs joie2.avi,20,DarkCyan,87.2717,Eye,1,1,3.2930,2.5452,369.86665667228516,313.66571384575235,373.9322109148061,313.79977508223766,-,-,0.0000,0.0000,0.0000,0.0000,0.0000,0.0000,-,-,-,-,-,-,-,-,,
1949,677598.326,11:42:25:808,Trial025,25 punition orale triste vs joie2.avi,20,DarkCyan,87.2717,Eye,1,1,3.2930,2.5452,339.31751515519136,303.6439003813159,342.366680837082,303.86915583461337,-,-,0.0000,0.0000,0.0000,0.0000,0.0000,0.0000,-,-,-,-,-,-,-,-,,
221937,677730.442,11:42:25:940,Trial025,NoImage,20,Indigo,87.2717,Eye,1,1,3.293,2.5452,316.4166132471128,296.0895559262107,318.7034875085308,296.38320704211725,White Space,White Space,0,0,0,0,0,0,-,-,-,-,-,-,-,-,-,
1955,677978.364,11:42:26:188,Trial025,25 punition orale triste vs joie2.avi,20,DarkCyan,87.2717,Eye,1,1,3.2930,2.5452,299.26607684307754,290.43776784261246,300.9812325391411,290.78271570547577,-,-,0.0000,0.0000,0.0000,0.0000,0.0000,0.0000,-,-,-,-,-,-,-,-,,
1958,678300.109,11:42:26:509,Trial025,25 punition orale triste vs joie2.avi,20,DarkCyan,87.2717,Eye,4,4,3.0963,2.6748,387.4583287614047,313.6017106349771,394.18456344069483,317.3806860677895,-,-,0.0000,0.0000,0.0000,0.0000,0.0000,0.0000,-,-,-,-,-,-,-,-,,
221946,678359.738,11:42:26:569,Trial025,NoImage,20,Indigo,87.2717,Eye,4,4,2.7752,2.4555,454.2488284402016,333.4552857561369,456.17743983876244,333.6667887634161,White Space,White Space,0,0,0,0,0,0,-,-,-,-,-,-,-,-,-,
1964,678419.471,11:42:26:629,Trial025,25 punition orale triste vs joie2.avi,20,DarkCyan,87.2717,Eye,4,4,2.4988,2.2156,504.9148486027327,347.10088320323956,509.71807123544875,346.2189236013638,-,-,0.0000,0.0000,0.0000,0.0000,0.0000,0.0000,-,-,-,-,-,-,-,-,,
1967,678479.103,11:42:26:688,Trial025,25 punition orale triste vs joie2.avi,20,DarkCyan,87.2717,Eye,4,4,3.1590,2.3074,530.5303148015437,356.960606704055,545.5876534046082,353.35519190725347,-,-,0.0000,0.0000,0.0000,0.0000,0.0000,0.0000,-,-,-,-,-,-,-,-,,
1970,678538.719,11:42:26:748,Trial025,25 punition orale triste vs joie2.avi,20,DarkCyan,87.2717,Eye,4,4,2.9600,2.3666,563.1150120039784,366.77458721580734,565.6545274839905,362.85489556711894,-,-,0.0000,0.0000,0.0000,0.0000,0.0000,0.0000,-,-,-,-,-,-,-,-,,
1973,678598.474,11:42:26:808,Trial025,25 punition orale triste vs joie2.avi,20,DarkCyan,87.2717,Eye,5,5,2.7278,2.3408,587.0769892042074,372.5481647401011,584.3479379623933,369.95813301710325,-,-,0.0000,0.0000,0.0000,0.0000,0.0000,0.0000,-,-,-,-,-,-,-,-,,
221961,678658.097,11:42:26:867,Trial025,NoImage,20,Indigo,87.2717,Eye,5,5,2.3296,1.9773,602.9813325413297,370.67463156861925,599.2943910022618,370.6256149977011,White Space,White Space,0,0,0,0,0,0,-,-,-,-,-,-,-,-,-,
1979,678717.712,11:42:26:927,Trial025,25 punition orale triste vs joie2.avi,20,DarkCyan,87.2717,Eye,5,5,2.2090,1.9569,615.7256183548099,378.1554131692609,610.6318803653065,375.4227955078067,-,-,0.0000,0.0000,0.0000,0.0000,0.0000,0.0000,-,-,-,-,-,-,-,-,,
1982,678777.466,11:42:26:987,Trial025,25 punition orale triste vs joie2.avi,20,DarkCyan,87.2717,Eye,-,5,2.4405,1.9698,625.5770187830695,372.8128507330931,625.5066469931709,373.83230181993366,-,-,0.0000,0.0000,0.0000,0.0000,0.0000,0.0000,-,-,-,-,-,-,-,-,,
221970,678837.099,11:42:27:046,Trial025,NoImage,20,Indigo,87.2717,Eye,6,5,2.9984,1.956,630.5647753649413,375.3108793631542,624.673936550762,376.2229991210796,White Space,White Space,0,0,0,0,0,0,-,-,-,-,-,-,-,-,-,
221973,678896.878,11:42:27:106,Trial025,NoImage,20,Indigo,87.2717,Eye,6,5,3.0193,1.9586,643.2960462478188,375.3953673255786,626.0198993780133,379.2674590253858,White Space,White Space,0,0,0,0,0,0,-,-,-,-,-,-,-,-,-,
1991,678956.46,11:42:27:166,Trial025,25 punition orale triste vs joie2.avi,20,DarkCyan,87.2717,Eye,6,5,2.9780,1.8707,642.9936534451747,379.92650950679155,616.681005778029,381.90321565221655,-,-,0.0000,0.0000,0.0000,0.0000,0.0000,0.0000,-,-,-,-,-,-,-,-,,
1994,679016.086,11:42:27:225,Trial025,25 punition orale triste vs joie2.avi,20,DarkCyan,87.2717,Eye,6,5,3.0154,1.8326,647.3684655514461,379.20268960353843,626.2883447158413,380.1163631327956,-,-,0.0000,0.0000,0.0000,0.0000,0.0000,0.0000,-,-,-,-,-,-,-,-,,
221982,679075.832,11:42:27:285,Trial025,NoImage,20,Indigo,87.2717,Eye,6,5,2.9639,1.8099,642.0501127939538,382.81537461674935,633.9573947811768,383.08516640064363,White Space,White Space,0,0,0,0,0,0,-,-,-,-,-,-,-,-,-,
221985,679135.469,11:42:27:345,Trial025,NoImage,20,Indigo,87.2717,Eye,6,5,3.0148,1.9647,640.8235240585507,383.676701833933,639.3275790188832,384.6658962550908,White Space,White Space,0,0,0,0,0,0,-,-,-,-,-,-,-,-,-,
2003,679195.224,11:42:27:404,Trial025,25 punition orale triste vs joie2.avi,20,DarkCyan,87.2717,Eye,6,5,3.0875,1.8024,646.4537521180713,387.14281443876155,640.1769234965552,390.9417391755022,-,-,0.0000,0.0000,0.0000,0.0000,0.0000,0.0000,-,-,-,-,-,-,-,-,,
221991,679254.836,11:42:27:464,Trial025,NoImage,20,Indigo,87.2717,Eye,6,5,3.0101,1.9675,644.5710627795366,382.2184575132512,637.293318363911,392.66410497460055,White Space,White Space,0,0,0,0,0,0,-,-,-,-,-,-,-,-,-,
2009,679314.46,11:42:27:524,Trial025,25 punition orale triste vs joie2.avi,20,DarkCyan,87.2717,Eye,6,5,2.9141,1.9229,640.9189218542383,382.17089117362207,632.6099902371517,394.3041596287772,-,-,0.0000,0.0000,0.0000,0.0000,0.0000,0.0000,-,-,-,-,-,-,-,-,,
221997,679374.217,11:42:27:583,Trial025,NoImage,20,Indigo,87.2717,Eye,6,5,2.8565,1.9795,641.4929219142392,384.1360208624952,636.2574436412941,389.25644173691495,White Space,White Space,0,0,0,0,0,0,-,-,-,-,-,-,-,-,-,
222000,679433.843,11:42:27:643,Trial025,NoImage,20,Indigo,87.2717,Eye,6,5,2.9893,1.8573,640.7095140475573,381.06279667784463,632.8817976519107,383.9194113670174,White Space,White Space,0,0,0,0,0,0,-,-,-,-,-,-,-,-,-,
2018,679493.471,11:42:27:703,Trial025,25 punition orale triste vs joie2.avi,20,DarkCyan,0.0,Eye,6,5,3.0505,1.9514,640.1219581475458,378.75787853935674,630.3500631598731,379.91663858959424,-,-,0.0000,0.0000,0.0000,0.0000,0.0000,0.0000,-,-,-,-,-,-,-,-,,
2021,679553.208,11:42:27:762,Trial025,25 punition orale triste vs joie2.avi,20,DarkCyan,0.0,Eye,6,5,3.0827,1.7985,639.6812912225372,377.0291899354908,628.4512622908451,376.9145590065269,-,-,0.0000,0.0000,0.0000,0.0000,0.0000,0.0000,-,-,-,-,-,-,-,-,,
2024,679612.834,11:42:27:822,Trial025,25 punition orale triste vs joie2.avi,20,DarkCyan,0.0,Eye,6,5,3.0603,2.1279,639.3507910287808,375.7326734825914,627.0271616390739,374.66299931922634,-,-,0.0000,0.0000,0.0000,0.0000,0.0000,0.0000,-,-,-,-,-,-,-,-,,
2027,679672.584,11:42:27:882,Trial025,25 punition orale triste vs joie2.avi,20,DarkCyan,0.0,Eye,6,5,3.0348,1.7524,,,,,-,-,0.0000,0.0000,0.0000,0.0000,0.0000,0.0000,-,-,-,-,-,-,-,-,,
222015,679732.213,11:42:27:941,Trial025,NoImage,20,Indigo,0.0,Eye,6,5,3.0795,1.8508,,,,,White Space,White Space,0,0,0,0,0,0,-,-,-,-,-,-,-,-,-,
222018,679791.822,11:42:28:001,Trial025,NoImage,20,Indigo,0.0,Eye,6,5,3.1111,1.8701,,,,,White Space,White Space,0,0,0,0,0,0,-,-,-,-,-,-,-,-,-,
222021,679851.569,11:42:28:061,Trial025,NoImage,20,Indigo,0.0,Eye,6,6,3.076,1.7901,,,,,White Space,White Space,0,0,0,0,0,0,-,-,-,-,-,-,-,-,-,
222024,679911.205,11:42:28:120,Trial025,NoImage,20,Indigo,0.0,Eye,6,6,3.1312,1.7207,,,,,White Space,White Space,0,0,0,0,0,0,-,-,-,-,-,-,-,-,-,
2042,679970.834,11:42:28:180,Trial025,25 punition orale triste vs joie2.avi,20,DarkCyan,0.0,Eye,6,6,3.0497,1.6469,,,,,-,-,0.0000,0.0000,0.0000,0.0000,0.0000,0.0000,-,-,-,-,-,-,-,-,,
222030,680030.597,11:42:28:240,Trial025,NoImage,20,Indigo,0.0,Eye,7,7,3.0623,1.811,,,,,White Space,White Space,0,0,0,0,0,0,-,-,-,-,-,-,-,-,-,
222033,680090.195,11:42:28:299,Trial025,NoImage,20,Indigo,0.0,Eye,7,7,2.9208,1.811,,,,,White Space,White Space,0,0,0,0,0,0,-,-,-,-,-,-,-,-,-,
2051,680149.943,11:42:28:359,Trial025,25 punition orale triste vs joie2.avi,20,DarkCyan,0.0,Eye,7,7,2.9685,1.9474,,,,,-,-,0.0000,0.0000,0.0000,0.0000,0.0000,0.0000,-,-,-,-,-,-,-,-,,
222039,680209.567,11:42:28:419,Trial025,NoImage,20,Indigo,87.2717,Eye,7,7,3.2446,1.9474,625.8077979590262,404.08244852880927,648.3993643526843,387.7955406867739,White Space,White Space,0,0,0,0,0,0,-,-,-,-,-,-,-,-,-,
2057,680269.203,11:42:28:478,Trial025,25 punition orale triste vs joie2.avi,20,DarkCyan,87.2717,Eye,7,7,3.1890,2.7788,616.7832302833077,398.8193149089761,643.1133224088445,383.1735188595122,-,-,0.0000,0.0000,0.0000,0.0000,0.0000,0.0000,-,-,-,-,-,-,-,-,,
222045,680328.954,11:42:28:538,Trial025,NoImage,20,Indigo,87.2717,Eye,7,7,3.136,2.8344,612.2818457956597,395.34722180832,637.8940640119457,386.2885065292218,White Space,White Space,0,0,0,0,0,0,-,-,-,-,-,-,-,-,-,
2063,680388.56,11:42:28:598,Trial025,25 punition orale triste vs joie2.avi,20,DarkCyan,87.2717,Eye,5,6,3.3128,2.9035,619.2521226692543,396.2058867724896,635.3487428294167,392.25161209467643,-,-,0.0000,0.0000,0.0000,0.0000,0.0000,0.0000,-,-,-,-,-,-,-,-,,
222051,680448.318,11:42:28:658,Trial025,NoImage,20,Indigo,87.2717,Eye,8,8,3.2994,2.866,560.1624191477081,406.7031489641354,588.2096657610844,401.1109393567508,White Space,White Space,0,0,0,0,0,0,-,-,-,-,-,-,-,-,-,
2069,680507.947,11:42:28:717,Trial025,25 punition orale triste vs joie2.avi,20,DarkCyan,87.2717,Eye,8,8,3.4108,2.8169,526.6438562411971,415.0443033265992,541.9995525458218,407.4675476853641,-,-,0.0000,0.0000,0.0000,0.0000,0.0000,0.0000,-,-,-,-,-,-,-,-,,
222057,680567.575,11:42:28:777,Trial025,NoImage,20,Indigo,87.2717,Eye,8,8,3.39,2.8862,489.03817438227065,423.20298419756017,503.46699231849084,412.2695792312786,White Space,White Space,0,0,0,0,0,0,-,-,-,-,-,-,-,-,-,
2075,680627.322,11:42:28:837,Trial025,25 punition orale triste vs joie2.avi,20,DarkCyan,87.2717,Eye,8,8,3.4136,2.8670,473.65834117044903,429.64907277008626,480.9090341711358,418.2253649493571,-,-,0.0000,0.0000,0.0000,0.0000,0.0000,0.0000,-,-,-,-,-,-,-,-,,
2078,680686.932,11:42:28:896,Trial025,25 punition orale triste vs joie2.avi,20,DarkCyan,87.2717,Eye,8,8,3.4590,2.8577,445.6217680917972,431.20308795622583,453.62883924936034,423.74786240431183,-,-,0.0000,0.0000,0.0000,0.0000,0.0000,0.0000,-,-,-,-,-,-,-,-,,
222066,680746.56,11:42:28:956,Trial025,NoImage,20,Indigo,87.2717,Eye,8,8,3.4388,2.8064,432.00961211649303,432.2746742904242,435.24733111766307,429.41150430987665,White Space,White Space,0,0,0,0,0,0,-,-,-,-,-,-,-,-,-,
222069,680806.312,11:42:29:016,Trial025,NoImage,20,Indigo,87.2717,Eye,8,8,3.4496,2.7625,417.73539044100335,430.482662121195,421.6766556499008,435.04540269082787,White Space,White Space,0,0,0,0,0,0,-,-,-,-,-,-,-,-,-,
222072,680865.943,11:42:29:075,Trial025,NoImage,20,Indigo,87.2717,Eye,6,7,3.45,2.8534,418.38814523480846,430.12906413421797,409.57528972390764,435.476938263407,White Space,White Space,0,0,0,0,0,0,-,-,-,-,-,-,-,-,-,
2090,680925.694,11:42:29:135,Trial025,25 punition orale triste vs joie2.avi,20,DarkCyan,87.2717,Eye,9,9,3.3913,2.7867,415.44973443715605,432.55880037391825,416.52985628005604,437.7716897205063,-,-,0.0000,0.0000,0.0000,0.0000,0.0000,0.0000,-,-,-,-,-,-,-,-,,
222078,680985.306,11:42:29:195,Trial025,NoImage,20,Indigo,87.2717,Eye,9,9,3.4538,2.7566,414.1164824146489,436.3931685786042,413.6653347458071,437.15410738086877,White Space,White Space,0,0,0,0,0,0,-,-,-,-,-,-,-,-,-,
2096,681044.944,11:42:29:254,Trial025,25 punition orale triste vs joie2.avi,20,DarkCyan,87.2717,Eye,9,9,3.4788,2.7172,414.25921494102846,442.02447774109555,415.0395519078614,442.1288274150726,-,-,0.0000,0.0000,0.0000,0.0000,0.0000,0.0000,-,-,-,-,-,-,-,-,,
222084,681104.688,11:42:29:314,Trial025,NoImage,20,Indigo,87.2717,Eye,9,9,3.4095,2.7153,426.12492398314305,446.0612217203498,412.5436687037519,443.7379055584841,White Space,White Space,0,0,0,0,0,0,-,-,-,-,-,-,-,-,-,
2102,681164.313,11:42:29:374,Trial025,25 punition orale triste vs joie2.avi,20,DarkCyan,87.2717,Eye,7,8,3.4058,2.7427,429.2615181712936,449.1899317314016,414.47296578430763,445.78260032343525,-,-,0.0000,0.0000,0.0000,0.0000,0.0000,0.0000,-,-,-,-,-,-,-,-,,
2105,681224.046,11:42:29:433,Trial025,25 punition orale triste vs joie2.avi,20,DarkCyan,87.2717,Eye,10,10,3.2370,2.6850,528.0302876650926,438.47675697737844,528.1982537445945,439.77707328941347,-,-,0.0000,0.0000,0.0000,0.0000,0.0000,0.0000,-,-,-,-,-,-,-,-,,
222093,681283.677,11:42:29:493,Trial025,NoImage,20,Indigo,87.2717,Eye,10,10,3.2833,2.6793,603.7370016271047,437.2852023051368,606.5522727629073,433.03566064763766,White Space,White Space,0,0,0,0,0,0,-,-,-,-,-,-,-,-,-,
2111,681343.308,11:42:29:553,Trial025,25 punition orale triste vs joie2.avi,20,DarkCyan,87.2717,Eye,10,10,3.1666,2.7820,662.9693799265858,427.30690527211425,666.8185448142924,431.4194198881251,-,-,0.0000,0.0000,0.0000,0.0000,0.0000,0.0000,-,-,-,-,-,-,-,-,,
222099,681402.935,11:42:29:612,Trial025,NoImage,20,Indigo,87.2717,Eye,10,10,3.1664,2.7905,707.0187201714366,421.8222090831714,708.9134335048961,427.49450736307284,White Space,White Space,0,0,0,0,0,0,-,-,-,-,-,-,-,-,-,
2117,681462.682,11:42:29:672,Trial025,25 punition orale triste vs joie2.avi,20,DarkCyan,87.2717,Eye,10,10,3.1600,2.7901,750.5912920486732,418.60155315806236,746.0550217821918,421.02509647243653,-,-,0.0000,0.0000,0.0000,0.0000,0.0000,0.0000,-,-,-,-,-,-,-,-,,
222105,681522.299,11:42:29:732,Trial025,NoImage,20,Indigo,87.2717,Eye,10,10,3.1951,2.7169,775.7602166770575,412.22385343377016,766.6355365468883,414.0533203860065,White Space,White Space,0,0,0,0,0,0,-,-,-,-,-,-,-,-,-,
2123,681582.049,11:42:29:791,Trial025,25 punition orale triste vs joie2.avi,20,DarkCyan,87.2717,Eye,11,11,3.0936,2.8560,804.9608990208403,409.2907364575909,799.715942394939,411.10989605300915,-,-,0.0000,0.0000,0.0000,0.0000,0.0000,0.0000,-,-,-,-,-,-,-,-,,
2126,681641.678,11:42:29:851,Trial025,25 punition orale triste vs joie2.avi,20,DarkCyan,87.2717,Eye,11,11,3.0491,2.7631,827.344571360661,403.6693652281111,814.9248207103996,411.28343622881385,-,-,0.0000,0.0000,0.0000,0.0000,0.0000,0.0000,-,-,-,-,-,-,-,-,,
222114,681701.304,11:42:29:911,Trial025,NoImage,20,Indigo,87.2717,Eye,11,11,3.1187,2.8103,837.2724204252547,402.28696437531414,824.1530657879255,405.4634701050842,White Space,White Space,0,0,0,0,0,0,-,-,-,-,-,-,-,-,-,
2132,681761.055,11:42:29:970,Trial025,25 punition orale triste vs joie2.avi,20,DarkCyan,87.2717,Eye,11,11,3.0290,2.7855,839.3165668879755,405.61790751428555,835.3269914145823,402.89172905322414,-,-,0.0000,0.0000,0.0000,0.0000,0.0000,0.0000,-,-,-,-,-,-,-,-,,
2135,681820.672,11:42:30:030,Trial025,25 punition orale triste vs joie2.avi,20,DarkCyan,87.2717,Eye,9,10,3.0601,2.8192,835.1889941084643,402.55464030212795,831.8412211857566,398.1071610652949,-,-,0.0000,0.0000,0.0000,0.0000,0.0000,0.0000,-,-,-,-,-,-,-,-,,
2138,681880.42,11:42:30:090,Trial025,25 punition orale triste vs joie2.avi,20,DarkCyan,87.2717,Eye,12,12,3.0573,2.7073,815.3904995156532,387.3301812891871,817.3515019753662,378.2080270648754,-,-,0.0000,0.0000,0.0000,0.0000,0.0000,0.0000,-,-,-,-,-,-,-,-,,
222126,681940.052,11:42:30:149,Trial025,NoImage,20,Indigo,87.2717,Eye,12,12,2.9828,2.6732,806.2188974469177,375.23468451707004,813.0457374707808,365.9331925300217,White Space,White Space,0,0,0,0,0,0,-,-,-,-,-,-,-,-,-,
2144,681999.691,11:42:30:209,Trial025,25 punition orale triste vs joie2.avi,20,DarkCyan,87.2717,Eye,12,12,2.9692,2.6340,805.9137502204537,358.9505493584756,802.0740008464438,356.2594893088314,-,-,0.0000,0.0000,0.0000,0.0000,0.0000,0.0000,-,-,-,-,-,-,-,-,,
222132,682059.408,11:42:30:269,Trial025,NoImage,20,Indigo,87.2717,Eye,12,12,2.9142,2.6523,787.6802322066977,347.4455854538553,791.9412611238786,348.84841907669033,White Space,White Space,0,0,0,0,0,0,-,-,-,-,-,-,-,-,-,
2150,682119.031,11:42:30:328,Trial025,25 punition orale triste vs joie2.avi,20,DarkCyan,87.2717,Eye,10,11,2.8923,2.6147,784.8356315321164,345.43196127872477,789.0081196885195,339.5166844354485,-,-,0.0000,0.0000,0.0000,0.0000,0.0000,0.0000,-,-,-,-,-,-,-,-,,
2153,682178.656,11:42:30:388,Trial025,25 punition orale triste vs joie2.avi,20,DarkCyan,87.2717,Eye,13,13,3.0333,2.6260,692.9773560421771,349.5305541146694,698.2600029634922,347.2133972585959,-,-,0.0000,0.0000,0.0000,0.0000,0.0000,0.0000,-,-,-,-,-,-,-,-,,
2156,682238.416,11:42:30:448,Trial025,25 punition orale triste vs joie2.avi,20,DarkCyan,87.2717,Eye,13,13,3.0542,2.6348,617.9913776025776,350.35941011713595,628.5052283533307,354.91091249787013,-,-,0.0000,0.0000,0.0000,0.0000,0.0000,0.0000,-,-,-,-,-,-,-,-,,
2159,682298.045,11:42:30:507,Trial025,25 punition orale triste vs joie2.avi,20,DarkCyan,87.2717,Eye,13,13,3.2308,2.7308,557.2539959731124,358.41806119412485,575.4606075367409,358.95557876115777,-,-,0.0000,0.0000,0.0000,0.0000,0.0000,0.0000,-,-,-,-,-,-,-,-,,
222147,682357.773,11:42:30:567,Trial025,NoImage,20,Indigo,87.2717,Eye,13,13,3.1817,2.7253,527.5493756073444,365.6598168453663,529.5629048241058,360.0840616269819,White Space,White Space,0,0,0,0,0,0,-,-,-,-,-,-,-,-,-,
2165,682417.408,11:42:30:627,Trial025,25 punition orale triste vs joie2.avi,20,DarkCyan,87.2717,Eye,14,14,3.2938,2.7990,554.4778760965334,373.5714970681496,547.6515935519387,367.81207626113195,-,-,0.0000,0.0000,0.0000,0.0000,0.0000,0.0000,-,-,-,-,-,-,-,-,,
2168,682477.037,11:42:30:686,Trial025,25 punition orale triste vs joie2.avi,20,DarkCyan,87.2717,Eye,14,14,3.3411,2.8750,567.5440167615072,377.44743298273437,574.4873727410543,375.33507281730607,-,-,0.0000,0.0000,0.0000,0.0000,0.0000,0.0000,-,-,-,-,-,-,-,-,,
2171,682536.789,11:42:30:746,Trial025,25 punition orale triste vs joie2.avi,20,DarkCyan,87.2717,Eye,12,13,3.2908,2.9123,588.7932491969513,382.31961838212925,586.4088234309986,378.8209219293747,-,-,0.0000,0.0000,0.0000,0.0000,0.0000,0.0000,-,-,-,-,-,-,-,-,,
2174,682596.407,11:42:30:806,Trial025,25 punition orale triste vs joie2.avi,20,DarkCyan,87.2717,Eye,15,15,3.3906,2.8893,640.2218499109488,376.85549368859597,632.8397486910059,371.22863141817515,-,-,0.0000,0.0000,0.0000,0.0000,0.0000,0.0000,-,-,-,-,-,-,-,-,,
222162,682656.148,11:42:30:865,Trial025,NoImage,20,Indigo,87.2717,Eye,15,15,3.338,2.934,676.1529954992438,368.674526290139,673.3581881266088,364.33104867028936,White Space,White Space,0,0,0,0,0,0,-,-,-,-,-,-,-,-,-,
2180,682715.782,11:42:30:925,Trial025,25 punition orale triste vs joie2.avi,20,DarkCyan,87.2717,Eye,16,16,3.3639,2.9043,711.2249170682552,367.3357245171394,710.5981144358909,362.8265955661649,-,-,0.0000,0.0000,0.0000,0.0000,0.0000,0.0000,-,-,-,-,-,-,-,-,,
222168,682775.408,11:42:30:985,Trial025,NoImage,20,Indigo,87.2717,Eye,16,16,3.3089,2.9985,721.4161207151636,362.41136691726837,740.916543045877,355.7730540136571,White Space,White Space,0,0,0,0,0,0,-,-,-,-,-,-,-,-,-,
2186,682835.16,11:42:31:044,Trial025,25 punition orale triste vs joie2.avi,20,DarkCyan,87.2717,Eye,16,16,3.4500,3.0229,744.5844947360209,364.14786210511977,756.0812082789519,351.1684667821633,-,-,0.0000,0.0000,0.0000,0.0000,0.0000,0.0000,-,-,-,-,-,-,-,-,,
2189,682894.782,11:42:31:104,Trial025,25 punition orale triste vs joie2.avi,20,DarkCyan,87.2717,Eye,16,16,3.3395,2.9539,756.0080023627995,359.8876057111128,756.1752079455969,351.6583400136022,-,-,0.0000,0.0000,0.0000,0.0000,0.0000,0.0000,-,-,-,-,-,-,-,-,,
2192,682954.388,11:42:31:164,Trial025,25 punition orale triste vs joie2.avi,20,DarkCyan,87.2717,Eye,16,16,3.3522,3.0686,761.6116493611735,355.85290479429557,760.3541574375909,354.3093196241221,-,-,0.0000,0.0000,0.0000,0.0000,0.0000,0.0000,-,-,-,-,-,-,-,-,,
222180,683014.154,11:42:31:223,Trial025,NoImage,20,Indigo,87.2717,Eye,16,16,3.4352,3.0565,773.6980233204213,348.78559315995966,768.4015685374003,353.3302122866832,White Space,White Space,0,0,0,0,0,0,-,-,-,-,-,-,-,-,-,
222183,683073.775,11:42:31:283,Trial025,NoImage,20,Indigo,87.2717,Eye,16,16,3.3663,3.0114,783.2994530668516,347.3469173840244,774.1355192409169,350.0122818041205,White Space,White Space,0,0,0,0,0,0,-,-,-,-,-,-,-,-,-,
222186,683133.445,11:42:31:343,Trial025,NoImage,20,Indigo,87.2717,Eye,16,16,3.4201,2.9851,793.4000510578283,349.7951441986758,780.2545855012734,341.9390125323955,White Space,White Space,0,0,0,0,0,0,-,-,-,-,-,-,-,-,-,
2204,683193.142,11:42:31:402,Trial025,25 punition orale triste vs joie2.avi,20,DarkCyan,87.2717,Eye,16,16,3.4460,2.9764,799.6375126832368,349.57573902554424,783.8040458440556,335.6579922749255,-,-,0.0000,0.0000,0.0000,0.0000,0.0000,0.0000,-,-,-,-,-,-,-,-,,
222192,683252.767,11:42:31:462,Trial025,NoImage,20,Indigo,87.2717,Eye,16,16,3.3417,2.9354,797.2556341089894,347.11789440916164,779.2990137539595,336.15564295447115,White Space,White Space,0,0,0,0,0,0,-,-,-,-,-,-,-,-,-,
2210,683312.521,11:42:31:522,Trial025,25 punition orale triste vs joie2.avi,20,DarkCyan,87.2717,Eye,16,16,3.3524,2.9038,787.3393213096903,344.5657886606599,784.0184940966781,342.00006189765855,-,-,0.0000,0.0000,0.0000,0.0000,0.0000,0.0000,-,-,-,-,-,-,-,-,,
2213,683372.146,11:42:31:581,Trial025,25 punition orale triste vs joie2.avi,20,DarkCyan,87.2717,Eye,16,16,3.3177,2.9116,779.1643140436088,341.63461789913316,780.4546732580022,339.23735268225204,-,-,0.0000,0.0000,0.0000,0.0000,0.0000,0.0000,-,-,-,-,-,-,-,-,,
222201,683431.774,11:42:31:641,Trial025,NoImage,20,Indigo,87.2717,Eye,16,16,3.3957,2.9506,773.8516944670573,343.98019872369764,783.3631758348847,341.3948063702671,White Space,White Space,0,0,0,0,0,0,-,-,-,-,-,-,-,-,-,
2219,683491.515,11:42:31:701,Trial025,25 punition orale triste vs joie2.avi,20,DarkCyan,87.2717,Eye,14,15,3.3932,2.9854,775.444958922342,341.6367057062152,793.2883662454659,342.16354633243867,-,-,0.0000,0.0000,0.0000,0.0000,0.0000,0.0000,-,-,-,-,-,-,-,-,,
222207,683551.141,11:42:31:760,Trial025,NoImage,20,Indigo,87.2717,Eye,17,17,3.3783,2.9433,778.6005603524543,336.22526540527775,786.0888821549097,340.51472715464945,White Space,White Space,0,0,0,0,0,0,-,-,-,-,-,-,-,-,-,
222210,683610.768,11:42:31:820,Trial025,NoImage,20,Indigo,87.2717,Eye,17,17,3.3855,2.9548,780.288613353917,345.0194950886111,784.1458776506605,339.81351498893684,White Space,White Space,0,0,0,0,0,0,-,-,-,-,-,-,-,-,-,
222213,683670.519,11:42:31:880,Trial025,NoImage,20,Indigo,87.2717,Eye,17,17,3.3852,3.007,781.3050201135555,345.2482546526645,779.6912173519715,336.5162636234597,White Space,White Space,0,0,0,0,0,0,-,-,-,-,-,-,-,-,-,
222216,683730.137,11:42:31:939,Trial025,NoImage,20,Indigo,87.2717,Eye,17,17,3.3999,2.8947,775.4788449577593,343.2100969134088,773.1338406087986,338.81678182961974,White Space,White Space,0,0,0,0,0,0,-,-,-,-,-,-,-,-,-,
222219,683789.884,11:42:31:999,Trial025,NoImage,20,Indigo,87.2717,Eye,17,17,3.413,2.9472,780.9238692792801,340.4820419673183,773.5812732126004,337.3335672946079,White Space,White Space,0,0,0,0,0,0,-,-,-,-,-,-,-,-,-,
2237,683849.513,11:42:32:059,Trial025,25 punition orale triste vs joie2.avi,20,DarkCyan,87.2717,Eye,17,17,3.4907,3.0156,786.2355376820298,341.77069058745076,769.7946992144103,340.26985017095546,-,-,0.0000,0.0000,0.0000,0.0000,0.0000,0.0000,-,-,-,-,-,-,-,-,,
222225,683909.139,11:42:32:118,Trial025,NoImage,20,Indigo,87.2717,Eye,17,17,3.4023,3.1063,779.0008300327244,338.5133678774981,775.0158599594649,339.8182251463541,White Space,White Space,0,0,0,0,0,0,-,-,-,-,-,-,-,-,-,
2243,683968.89,11:42:32:178,Trial025,25 punition orale triste vs joie2.avi,20,DarkCyan,87.2717,Eye,17,17,3.4533,3.1420,777.485847355611,337.8722042618867,778.0492729314578,339.780050731634,-,-,0.0000,0.0000,0.0000,0.0000,0.0000,0.0000,-,-,-,-,-,-,-,-,,
222231,684028.503,11:42:32:238,Trial025,NoImage,20,Indigo,87.2717,Eye,17,17,3.4587,3.0465,780.6500158530039,339.92180868735255,786.0762736120188,335.1050057245847,White Space,White Space,0,0,0,0,0,0,-,-,-,-,-,-,-,-,-,
222234,684088.249,11:42:32:297,Trial025,NoImage,20,Indigo,87.2717,Eye,17,17,3.482,3.0319,788.145885962349,338.0112102416136,789.3810496702171,337.42932161462,White Space,White Space,0,0,0,0,0,0,-,-,-,-,-,-,-,-,-,
222237,684147.888,11:42:32:357,Trial025,NoImage,20,Indigo,87.2717,Eye,17,17,3.4591,3.0419,790.479973131462,335.55608225124666,791.846829238707,339.445542884235,White Space,White Space,0,0,0,0,0,0,-,-,-,-,-,-,-,-,-,
2255,684207.509,11:42:32:417,Trial025,25 punition orale triste vs joie2.avi,20,DarkCyan,87.2717,Eye,17,17,3.5022,3.1249,787.454064379823,335.26071007558477,781.7510403128117,342.75989973797897,-,-,0.0000,0.0000,0.0000,0.0000,0.0000,0.0000,-,-,-,-,-,-,-,-,,
2258,684267.259,11:42:32:476,Trial025,25 punition orale triste vs joie2.avi,20,DarkCyan,87.2717,Eye,17,17,3.5198,3.0465,783.2100364491032,335.7340487628882,787.8820262620591,340.067421804211,-,-,0.0000,0.0000,0.0000,0.0000,0.0000,0.0000,-,-,-,-,-,-,-,-,,
222246,684326.87,11:42:32:536,Trial025,NoImage,20,Indigo,87.2717,Eye,17,17,3.507,3.1226,779.5121658770257,336.306895162815,791.5635225539686,340.9433828442148,White Space,White Space,0,0,0,0,0,0,-,-,-,-,-,-,-,-,-,
2264,684386.497,11:42:32:596,Trial025,25 punition orale triste vs joie2.avi,20,DarkCyan,87.2717,Eye,17,17,3.5253,3.1488,780.8836903651179,336.82793454623356,787.6154783679751,342.0980921131457,-,-,0.0000,0.0000,0.0000,0.0000,0.0000,0.0000,-,-,-,-,-,-,-,-,,
2267,684446.253,11:42:32:655,Trial025,25 punition orale triste vs joie2.avi,20,DarkCyan,87.2717,Eye,17,17,3.5512,3.1383,780.8811639823128,339.17064673883027,796.6955193131502,339.34858760683534,-,-,0.0000,0.0000,0.0000,0.0000,0.0000,0.0000,-,-,-,-,-,-,-,-,,
222255,684505.882,11:42:32:715,Trial025,NoImage,20,Indigo,87.2717,Eye,17,17,3.4796,3.0116,777.7316260856874,338.7096742859294,799.7710048715595,339.1344985299014,White Space,White Space,0,0,0,0,0,0,-,-,-,-,-,-,-,-,-,
2273,684565.63,11:42:32:775,Trial025,25 punition orale triste vs joie2.avi,20,DarkCyan,87.2717,Eye,17,17,3.4743,2.9708,783.7638297364498,340.6812937560517,798.1203275748232,337.41027541387206,-,-,0.0000,0.0000,0.0000,0.0000,0.0000,0.0000,-,-,-,-,-,-,-,-,,
222261,684625.246,11:42:32:834,Trial025,NoImage,20,Indigo,87.2717,Eye,17,17,3.4702,3.0078,782.7211348868572,339.8626324531554,798.6117051928879,336.22391846073,White Space,White Space,0,0,0,0,0,0,-,-,-,-,-,-,-,-,-,
222264,684684.868,11:42:32:894,Trial025,NoImage,20,Indigo,87.2717,Eye,17,17,3.5195,3.0241,785.1527562367567,340.77162402492314,797.3327735870364,337.4721073151543,White Space,White Space,0,0,0,0,0,0,-,-,-,-,-,-,-,-,-,
2282,684744.626,11:42:32:954,Trial025,25 punition orale triste vs joie2.avi,20,DarkCyan,87.2717,Eye,17,17,3.3908,2.9466,779.293330647409,340.0899601045783,795.2000684733141,337.5939332309492,-,-,0.0000,0.0000,0.0000,0.0000,0.0000,0.0000,-,-,-,-,-,-,-,-,,
2285,684804.278,11:42:33:013,Trial025,25 punition orale triste vs joie2.avi,20,DarkCyan,87.2717,Eye,-,-,3.4063,2.9418,646.1697770842449,323.3208767087705,658.0998304536737,321.5735660794821,-,-,0.0000,0.0000,0.0000,0.0000,0.0000,0.0000,-,-,-,-,-,-,-,-,,
2288,684863.876,11:42:33:073,Trial025,25 punition orale triste vs joie2.avi,20,DarkCyan,87.2717,Eye,18,18,3.6842,3.0507,685.8228732302512,324.10927075622766,689.3393703116336,327.4030957442129,-,-,0.0000,0.0000,0.0000,0.0000,0.0000,0.0000,-,-,-,-,-,-,-,-,,
222276,684923.615,11:42:33:133,Trial025,NoImage,20,Indigo,87.2717,Eye,18,18,3.6568,3.1554,715.5727257160054,329.3247341677015,720.2709599536657,332.7232584574253,White Space,White Space,0,0,0,0,0,0,-,-,-,-,-,-,-,-,-,
2294,684983.232,11:42:33:192,Trial025,25 punition orale triste vs joie2.avi,20,DarkCyan,87.2717,Eye,18,18,3.7852,3.1618,738.3994149889061,335.2971332852647,730.081080435711,336.77853585869923,-,-,0.0000,0.0000,0.0000,0.0000,0.0000,0.0000,-,-,-,-,-,-,-,-,,
2297,685042.992,11:42:33:252,Trial025,25 punition orale triste vs joie2.avi,20,DarkCyan,87.2717,Eye,18,18,3.6832,3.1727,749.4786914502769,337.6014234521243,744.7373939862405,340.15912881953716,-,-,0.0000,0.0000,0.0000,0.0000,0.0000,0.0000,-,-,-,-,-,-,-,-,,
222285,685102.62,11:42:33:312,Trial025,NoImage,20,Indigo,87.2717,Eye,18,18,3.7859,3.1557,757.0350056847165,336.136778697227,761.4484767352938,340.59763546581445,White Space,White Space,0,0,0,0,0,0,-,-,-,-,-,-,-,-,-,
2303,685162.224,11:42:33:371,Trial025,25 punition orale triste vs joie2.avi,20,DarkCyan,87.2717,Eye,18,18,3.7265,3.0843,766.8306262336965,334.3265463779219,767.8969605304438,339.82272269507433,-,-,0.0000,0.0000,0.0000,0.0000,0.0000,0.0000,-,-,-,-,-,-,-,-,,
2306,685221.982,11:42:33:431,Trial025,25 punition orale triste vs joie2.avi,20,DarkCyan,87.2717,Eye,18,18,3.6597,3.1909,776.8654170270901,338.5524036563927,775.5275453476784,337.597329746341,-,-,0.0000,0.0000,0.0000,0.0000,0.0000,0.0000,-,-,-,-,-,-,-,-,,
2309,685281.609,11:42:33:491,Trial025,25 punition orale triste vs joie2.avi,20,DarkCyan,87.2717,Eye,18,18,3.7112,3.1051,778.3633347929356,340.282628609901,777.4939931926624,340.39638133026654,-,-,0.0000,0.0000,0.0000,0.0000,0.0000,0.0000,-,-,-,-,-,-,-,-,,
2312,685341.365,11:42:33:551,Trial025,25 punition orale triste vs joie2.avi,20,DarkCyan,87.2717,Eye,15,16,3.6958,3.1707,772.6779403605194,340.918043482555,774.4230157900025,343.17333715409865,-,-,0.0000,0.0000,0.0000,0.0000,0.0000,0.0000,-,-,-,-,-,-,-,-,,
222300,685400.99,11:42:33:610,Trial025,NoImage,20,Indigo,87.2717,Eye,19,19,3.7467,3.1957,712.5662956481792,354.4517770695672,720.1664257435468,357.2650455412232,White Space,White Space,0,0,0,0,0,0,-,-,-,-,-,-,-,-,-,
222303,685460.607,11:42:33:670,Trial025,NoImage,20,Indigo,87.2717,Eye,19,19,3.6726,3.1432,673.91393826015,365.37672899233024,680.3501184789393,366.71408928916236,White Space,White Space,0,0,0,0,0,0,-,-,-,-,-,-,-,-,-,
2321,685520.356,11:42:33:730,Trial025,25 punition orale triste vs joie2.avi,20,DarkCyan,87.2717,Eye,20,20,3.7664,3.1672,639.8456697036103,378.1327369666855,638.6358414401099,377.7746323254058,-,-,0.0000,0.0000,0.0000,0.0000,0.0000,0.0000,-,-,-,-,-,-,-,-,,
2324,685579.978,11:42:33:789,Trial025,25 punition orale triste vs joie2.avi,20,DarkCyan,87.2717,Eye,20,20,3.8057,3.0742,610.5887223603194,390.85445752043444,610.8589626322154,384.5029650342251,-,-,0.0000,0.0000,0.0000,0.0000,0.0000,0.0000,-,-,-,-,-,-,-,-,,
222312,685639.613,11:42:33:849,Trial025,NoImage,20,Indigo,87.2717,Eye,20,20,3.7049,3.1456,583.9313592593801,400.71362049298324,587.402770515381,388.42618930556154,White Space,White Space,0,0,0,0,0,0,-,-,-,-,-,-,-,-,-,
222315,685699.357,11:42:33:909,Trial025,NoImage,20,Indigo,87.2717,Eye,20,20,3.889,3.0947,573.5047841265579,407.5695883259552,566.7180843127456,390.365996087301,White Space,White Space,0,0,0,0,0,0,-,-,-,-,-,-,-,-,-,
2333,685758.971,11:42:33:968,Trial025,25 punition orale triste vs joie2.avi,20,DarkCyan,87.2717,Eye,20,20,3.8143,3.1578,552.7857646393842,411.1552757148794,557.6891065266283,399.02986688065914,-,-,0.0000,0.0000,0.0000,0.0000,0.0000,0.0000,-,-,-,-,-,-,-,-,,
222321,685818.728,11:42:34:028,Trial025,NoImage,20,Indigo,87.2717,Eye,20,20,3.8625,3.206,542.160436898605,412.4071724214705,544.6463546045675,404.102515171661,White Space,White Space,0,0,0,0,0,0,-,-,-,-,-,-,-,-,-,
222324,685878.359,11:42:34:088,Trial025,NoImage,20,Indigo,87.2717,Eye,20,20,3.8224,3.2553,536.0212736989702,412.9436858294308,530.957200301176,412.5587518007846,White Space,White Space,0,0,0,0,0,0,-,-,-,-,-,-,-,-,-,
2342,685937.982,11:42:34:147,Trial025,25 punition orale triste vs joie2.avi,20,DarkCyan,87.2717,Eye,20,20,3.9084,3.2200,531.1215711827259,415.07142394515876,523.6965824046522,412.7323776438971,-,-,0.0000,0.0000,0.0000,0.0000,0.0000,0.0000,-,-,-,-,-,-,-,-,,
222330,685997.714,11:42:34:207,Trial025,NoImage,20,Indigo,87.2717,Eye,20,20,4.0051,3.3535,522.6337486723312,413.94702209069226,519.8785399626845,413.861530795065,White Space,White Space,0,0,0,0,0,0,-,-,-,-,-,-,-,-,-,
222333,686057.344,11:42:34:267,Trial025,NoImage,20,Indigo,87.2717,Eye,20,20,3.9486,3.3367,523.7345116834399,414.5196727456304,514.8332615900082,415.6335645031331,White Space,White Space,0,0,0,0,0,0,-,-,-,-,-,-,-,-,-,
2351,686117.098,11:42:34:326,Trial025,25 punition orale triste vs joie2.avi,20,DarkCyan,87.2717,Eye,20,20,3.9680,3.3367,523.4826768049312,413.4445277230365,511.57833392601833,417.402685993551,-,-,0.0000,0.0000,0.0000,0.0000,0.0000,0.0000,-,-,-,-,-,-,-,-,,
222339,686176.719,11:42:34:386,Trial025,NoImage,20,Indigo,87.2717,Eye,20,20,3.9109,3.2175,521.3712488434203,413.5894581294033,506.27810479900944,415.172296314067,White Space,White Space,0,0,0,0,0,0,-,-,-,-,-,-,-,-,-,
222342,686236.351,11:42:34:446,Trial025,NoImage,20,Indigo,87.2717,Eye,20,20,3.8654,3.1734,520.7340255190671,411.67750135061374,506.04028726917636,414.93627161557106,White Space,White Space,0,0,0,0,0,0,-,-,-,-,-,-,-,-,-,
2360,686296.083,11:42:34:505,Trial025,25 punition orale triste vs joie2.avi,20,DarkCyan,87.2717,Eye,20,20,3.8664,3.2425,516.159078820292,411.7487548988783,508.31975566561925,416.7848941370336,-,-,0.0000,0.0000,0.0000,0.0000,0.0000,0.0000,-,-,-,-,-,-,-,-,,
2363,686355.715,11:42:34:565,Trial025,25 punition orale triste vs joie2.avi,20,DarkCyan,87.2717,Eye,20,20,3.9695,3.3096,523.9198947465853,411.79389210485726,505.4802749741731,420.6525987819374,-,-,0.0000,0.0000,0.0000,0.0000,0.0000,0.0000,-,-,-,-,-,-,-,-,,
2366,686415.327,11:42:34:625,Trial025,25 punition orale triste vs joie2.avi,20,DarkCyan,87.2717,Eye,20,20,4.0214,3.3011,525.7188305779927,416.5335733030613,500.7695241177871,418.3347766486514,-,-,0.0000,0.0000,0.0000,0.0000,0.0000,0.0000,-,-,-,-,-,-,-,-,,
222354,686475.092,11:42:34:684,Trial025,NoImage,20,Indigo,87.2717,Eye,20,20,4.0366,3.3027,514.7884290359985,419.88466649133807,494.3188953236644,418.9421037372953,White Space,White Space,0,0,0,0,0,0,-,-,-,-,-,-,-,-,-,
2372,686534.709,11:42:34:744,Trial025,25 punition orale triste vs joie2.avi,20,DarkCyan,87.2717,Eye,20,20,3.9800,3.2746,507.69495865763514,420.9741306999616,492.3302820774712,419.18440764164916,-,-,0.0000,0.0000,0.0000,0.0000,0.0000,0.0000,-,-,-,-,-,-,-,-,,
222360,686594.459,11:42:34:804,Trial025,NoImage,20,Indigo,87.2717,Eye,20,20,4.0743,3.3281,507.3272723074606,416.693632709452,488.1712407904784,418.4758020688558,White Space,White Space,0,0,0,0,0,0,-,-,-,-,-,-,-,-,-,
2378,686654.087,11:42:34:863,Trial025,25 punition orale triste vs joie2.avi,20,DarkCyan,87.2717,Eye,21,21,4.0117,3.2843,502.1373197956565,418.5497417100097,477.1632350270276,421.0409376595633,-,-,0.0000,0.0000,0.0000,0.0000,0.0000,0.0000,-,-,-,-,-,-,-,-,,
2381,686713.711,11:42:34:923,Trial025,25 punition orale triste vs joie2.avi,20,DarkCyan,87.2717,Eye,21,21,4.0797,3.2576,494.0041380447161,420.5198284765172,468.78394154288725,426.0211800272994,-,-,0.0000,0.0000,0.0000,0.0000,0.0000,0.0000,-,-,-,-,-,-,-,-,,
222369,686773.466,11:42:34:983,Trial025,NoImage,20,Indigo,87.2717,Eye,21,21,4.1147,3.3171,481.5107426243504,419.4495342905956,466.4173246710809,425.43201697770337,White Space,White Space,0,0,0,0,0,0,-,-,-,-,-,-,-,-,-,
2387,686833.1,11:42:35:042,Trial025,25 punition orale triste vs joie2.avi,20,DarkCyan,87.2717,Eye,21,21,4.0782,3.3799,473.15585561886655,421.39848052678394,463.87378675916955,422.1378862075876,-,-,0.0000,0.0000,0.0000,0.0000,0.0000,0.0000,-,-,-,-,-,-,-,-,,
222375,686892.701,11:42:35:102,Trial025,NoImage,20,Indigo,87.2717,Eye,21,21,4.2043,3.3068,471.77568596941114,423.7454071040506,463.7925344237359,418.51491704724765,White Space,White Space,0,0,0,0,0,0,-,-,-,-,-,-,-,-,-,
222378,686952.457,11:42:35:162,Trial025,NoImage,20,Indigo,87.2717,Eye,21,21,4.1699,3.3955,478.1825197871892,419.04835701996205,471.4852488073831,419.1059757520296,White Space,White Space,0,0,0,0,0,0,-,-,-,-,-,-,-,-,-,
2396,687012.073,11:42:35:221,Trial025,25 punition orale triste vs joie2.avi,20,DarkCyan,87.2717,Eye,21,21,4.1066,3.4097,481.33329559038964,422.2463203281564,471.94979915405065,422.36836781906925,-,-,0.0000,0.0000,0.0000,0.0000,0.0000,0.0000,-,-,-,-,-,-,-,-,,
222384,687071.83,11:42:35:281,Trial025,NoImage,20,Indigo,87.2717,Eye,22,22,4.0184,3.3165,500.2053113306755,421.5405214245671,481.6497773785709,421.7697343948159,White Space,White Space,0,0,0,0,0,0,-,-,-,-,-,-,-,-,-,
2402,687131.443,11:42:35:341,Trial025,25 punition orale triste vs joie2.avi,20,DarkCyan,87.2717,Eye,22,22,4.0408,3.3431,514.7762369990584,417.92218405693114,494.33810878720226,422.2907097714587,-,-,0.0000,0.0000,0.0000,0.0000,0.0000,0.0000,-,-,-,-,-,-,-,-,,
2405,687191.066,11:42:35:400,Trial025,25 punition orale triste vs joie2.avi,20,DarkCyan,87.2717,Eye,22,22,3.9930,3.2582,512.909311670711,419.2026090695762,509.15124515950106,427.0898195130815,-,-,0.0000,0.0000,0.0000,0.0000,0.0000,0.0000,-,-,-,-,-,-,-,-,,
2408,687250.827,11:42:35:460,Trial025,25 punition orale triste vs joie2.avi,20,DarkCyan,87.2717,Eye,22,22,3.9866,3.2093,523.5064863545795,418.5140468637893,515.9374195376278,427.1384073663918,-,-,0.0000,0.0000,0.0000,0.0000,0.0000,0.0000,-,-,-,-,-,-,-,-,,
2411,687310.456,11:42:35:520,Trial025,25 punition orale triste vs joie2.avi,20,DarkCyan,87.2717,Eye,22,22,4.0774,3.2936,532.991335556764,420.96301643345583,521.1776758691186,425.56491893453995,-,-,0.0000,0.0000,0.0000,0.0000,0.0000,0.0000,-,-,-,-,-,-,-,-,,
222399,687370.082,11:42:35:579,Trial025,NoImage,20,Indigo,87.2717,Eye,22,22,3.9999,3.3354,533.5884105313684,421.8974800079882,535.1250340351328,420.57656117240094,White Space,White Space,0,0,0,0,0,0,-,-,-,-,-,-,-,-,-,
2417,687429.818,11:42:35:639,Trial025,25 punition orale triste vs joie2.avi,20,DarkCyan,87.2717,Eye,22,22,3.9955,3.3152,552.3195334243486,422.2865721296962,541.2348005721725,422.07000797162453,-,-,0.0000,0.0000,0.0000,0.0000,0.0000,0.0000,-,-,-,-,-,-,-,-,,
2420,687489.445,11:42:35:699,Trial025,25 punition orale triste vs joie2.avi,20,DarkCyan,87.2717,Eye,22,22,4.0168,3.3074,559.4821944641409,419.20864838298036,544.8379851219747,422.51596652090996,-,-,0.0000,0.0000,0.0000,0.0000,0.0000,0.0000,-,-,-,-,-,-,-,-,,
222408,687549.202,11:42:35:758,Trial025,NoImage,20,Indigo,87.2717,Eye,19,20,4.0092,3.2149,495.67203943911056,417.5805526518051,477.9543179296883,423.22541836443554,White Space,White Space,0,0,0,0,0,0,-,-,-,-,-,-,-,-,-,
2426,687608.825,11:42:35:818,Trial025,25 punition orale triste vs joie2.avi,20,DarkCyan,87.2717,Eye,19,20,3.9861,3.1398,419.74136559200474,416.2920071989344,406.45307445993797,418.28175295978406,-,-,0.0000,0.0000,0.0000,0.0000,0.0000,0.0000,-,-,-,-,-,-,-,-,,
2429,687668.453,11:42:35:878,Trial025,25 punition orale triste vs joie2.avi,20,DarkCyan,87.2717,Eye,19,20,4.0993,3.3014,365.1373576394648,418.08275008065533,355.17113929041477,417.99769834927787,-,-,0.0000,0.0000,0.0000,0.0000,0.0000,0.0000,-,-,-,-,-,-,-,-,,
222417,687728.18,11:42:35:937,Trial025,NoImage,20,Indigo,87.2717,Eye,23,23,4.1085,3.1725,334.6185203393584,381.57278551856706,327.14385657757083,381.6337062459674,-,-,0,0,0,0,0,0,-,-,-,-,-,-,-,-,-,
2435,687787.818,11:42:35:997,Trial025,25 punition orale triste vs joie2.avi,20,DarkCyan,87.2717,Eye,23,23,4.1308,3.1997,312.52888563909613,354.1566856512732,306.9228878177555,354.3270857227569,-,-,0.0000,0.0000,0.0000,0.0000,0.0000,0.0000,-,-,-,-,-,-,-,-,,
222423,687847.562,11:42:36:057,Trial025,NoImage,20,Indigo,87.2717,Eye,23,23,4.1828,3.2227,296.13330227910114,333.6060905246987,291.9288039130957,333.8586001042449,White Space,White Space,0,0,0,0,0,0,-,-,-,-,-,-,-,-,-,
2441,687907.191,11:42:36:116,Trial025,25 punition orale triste vs joie2.avi,20,DarkCyan,87.2717,Eye,23,23,4.1346,3.1643,283.98318637467804,318.1767880297603,280.82981260017397,318.4908797403534,-,-,0.0000,0.0000,0.0000,0.0000,0.0000,0.0000,-,-,-,-,-,-,-,-,,
222429,687966.821,11:42:36:176,Trial025,NoImage,20,Indigo,87.2717,Eye,23,23,4.0482,3.2383,274.8417058786504,306.6121750790266,272.4766755477723,306.97245338790486,White Space,White Space,0,0,0,0,0,0,-,-,-,-,-,-,-,-,-,
222432,688026.559,11:42:36:236,Trial025,NoImage,20,Indigo,87.2717,Eye,23,23,4.0849,3.2327,268.0113808164918,297.9650009301262,266.2376080683332,298.3599191877184,White Space,White Space,0,0,0,0,0,0,-,-,-,-,-,-,-,-,-,
2450,688086.188,11:42:36:295,Trial025,25 punition orale triste vs joie2.avi,20,DarkCyan,87.2717,Eye,23,23,4.0881,3.2911,262.87534050568047,291.4770119302254,261.5450109445615,291.897910149353,-,-,0.0000,0.0000,0.0000,0.0000,0.0000,0.0000,-,-,-,-,-,-,-,-,,
222438,688145.938,11:42:36:355,Trial025,NoImage,20,Indigo,87.2717,Eye,23,23,4.133,3.3235,258.98491552588524,286.58772367369903,257.9871683550461,287.02810686397817,White Space,White Space,0,0,0,0,0,0,-,-,-,-,-,-,-,-,-,
2456,688205.565,11:42:36:415,Trial025,25 punition orale triste vs joie2.avi,20,DarkCyan,87.2717,Eye,23,23,4.0516,3.2776,256.042379772619,282.9137834758279,0.0,283.36878039447066,-,-,0.0000,0.0000,0.0000,0.0000,0.0000,0.0000,-,-,-,-,-,-,-,-,,
2459,688265.176,11:42:36:474,Trial025,25 punition orale triste vs joie2.avi,20,DarkCyan,87.2717,Eye,23,23,4.0611,3.2111,0.0,280.13756214550193,0.0,280.60351936041747,-,-,0.0000,0.0000,0.0000,0.0000,0.0000,0.0000,-,-,-,-,-,-,-,-,,
222447,688324.93,11:42:36:534,Trial025,NoImage,20,Indigo,87.2717,Eye,23,23,3.945,3.2817,0.0,278.0335378441811,0.0,278.50771528130116,White Space,White Space,0,0,0,0,0,0,-,-,-,-,-,-,-,-,-,
222450,688384.558,11:42:36:594,Trial025,NoImage,20,Indigo,87.2717,Eye,23,23,3.9068,3.2248,0.0,276.44447270708235,0.0,276.9248153108558,White Space,White Space,0,0,0,0,0,0,-,-,-,-,-,-,-,-,-,
2468,688444.186,11:42:36:653,Trial025,25 punition orale triste vs joie2.avi,20,DarkCyan,87.2717,Eye,-,-,3.9017,3.2769,264.2586891025815,318.44077977131843,274.67069517360557,316.93431910212354,-,-,0.0000,0.0000,0.0000,0.0000,0.0000,0.0000,-,-,-,-,-,-,-,-,,
2471,688503.938,11:42:36:713,Trial025,25 punition orale triste vs joie2.avi,20,DarkCyan,87.2717,Eye,24,24,3.8674,3.1660,361.7777259353625,342.90430677154745,362.92644817203114,336.8602803839828,-,-,0.0000,0.0000,0.0000,0.0000,0.0000,0.0000,-,-,-,-,-,-,-,-,,
2474,688563.541,11:42:36:773,Trial025,25 punition orale triste vs joie2.avi,20,DarkCyan,87.2717,Eye,24,24,3.7684,3.0120,438.67679536501083,356.6418838648929,437.6093919540102,354.6379913926842,-,-,0.0000,0.0000,0.0000,0.0000,0.0000,0.0000,-,-,-,-,-,-,-,-,,
2477,688623.292,11:42:36:832,Trial025,25 punition orale triste vs joie2.avi,20,DarkCyan,87.2717,Eye,24,24,3.7906,3.0287,504.36813398614925,368.3436298138506,493.93810849177953,370.7478945365775,-,-,0.0000,0.0000,0.0000,0.0000,0.0000,0.0000,-,-,-,-,-,-,-,-,,
222465,688682.933,11:42:36:892,Trial025,NoImage,20,Indigo,87.2717,Eye,25,25,3.6844,2.9448,574.5018466341961,368.69577219561296,565.1132332734556,367.9915275685137,White Space,White Space,0,0,0,0,0,0,-,-,-,-,-,-,-,-,-,
2483,688742.556,11:42:36:952,Trial025,25 punition orale triste vs joie2.avi,20,DarkCyan,87.2717,Eye,25,25,3.7034,2.9472,622.1501991274557,370.1949092806132,610.235325294079,369.5369332276607,-,-,0.0000,0.0000,0.0000,0.0000,0.0000,0.0000,-,-,-,-,-,-,-,-,,
2486,688802.307,11:42:37:012,Trial025,25 punition orale triste vs joie2.avi,20,DarkCyan,87.2717,Eye,25,25,3.7660,3.0853,651.2579000247006,368.0833130926104,645.0233113017385,368.050689997658,-,-,0.0000,0.0000,0.0000,0.0000,0.0000,0.0000,-,-,-,-,-,-,-,-,,
222474,688861.923,11:42:37:071,Trial025,NoImage,20,Indigo,87.2717,Eye,25,25,3.796,3.0844,674.44008856811,368.2907679342598,678.7248429856259,366.94353729425023,White Space,White Space,0,0,0,0,0,0,-,-,-,-,-,-,-,-,-,
222477,688921.549,11:42:37:131,Trial025,NoImage,20,Indigo,87.2717,Eye,25,25,3.8389,3.205,686.1198394614654,362.1254401384709,711.7570021739032,367.59081212154945,White Space,White Space,0,0,0,0,0,0,-,-,-,-,-,-,-,-,-,
2495,688981.3,11:42:37:191,Trial025,25 punition orale triste vs joie2.avi,20,DarkCyan,87.2717,Eye,25,25,3.9157,3.2041,705.0641675726582,360.2399020103923,722.9387340184418,364.1216879975914,-,-,0.0000,0.0000,0.0000,0.0000,0.0000,0.0000,-,-,-,-,-,-,-,-,,
222483,689040.965,11:42:37:250,Trial025,NoImage,20,Indigo,87.2717,Eye,25,25,3.8986,3.2369,723.4554977029774,361.6455764761981,731.377698412723,359.6361722576689,White Space,White Space,0,0,0,0,0,0,-,-,-,-,-,-,-,-,-,
2501,689100.662,11:42:37:310,Trial025,25 punition orale triste vs joie2.avi,20,DarkCyan,87.2717,Eye,25,25,3.9910,3.2344,735.5262571298631,354.51378491227257,751.9982208320994,358.45548198332466,-,-,0.0000,0.0000,0.0000,0.0000,0.0000,0.0000,-,-,-,-,-,-,-,-,,
2504,689160.282,11:42:37:369,Trial025,25 punition orale triste vs joie2.avi,20,DarkCyan,87.2717,Eye,26,26,4.0350,3.2779,747.075884472524,357.68442052730927,754.6059429568043,358.86279761376494,-,-,0.0000,0.0000,0.0000,0.0000,0.0000,0.0000,-,-,-,-,-,-,-,-,,
222492,689219.919,11:42:37:429,Trial025,NoImage,20,Indigo,87.2717,Eye,26,26,4.0258,3.3289,763.8465852974956,357.98130195235046,758.1087152185626,358.8999791769214,White Space,White Space,0,0,0,0,0,0,-,-,-,-,-,-,-,-,-,
222495,689279.671,11:42:37:489,Trial025,NoImage,20,Indigo,87.2717,Eye,26,26,4.22,3.4144,761.9708824051761,357.87602564374134,762.6035958783021,359.2630646312569,White Space,White Space,0,0,0,0,0,0,-,-,-,-,-,-,-,-,-,
2513,689339.301,11:42:37:549,Trial025,25 punition orale triste vs joie2.avi,20,DarkCyan,87.2717,Eye,26,26,4.1032,3.4279,761.0251034757651,351.8924830487758,767.4834713294099,356.292625697296,-,-,0.0000,0.0000,0.0000,0.0000,0.0000,0.0000,-,-,-,-,-,-,-,-,,
222501,689399.03,11:42:37:608,Trial025,NoImage,20,Indigo,87.2717,Eye,26,26,4.1334,3.4133,764.6968692064634,354.60191325087834,769.951190216212,356.8491834886711,White Space,White Space,0,0,0,0,0,0,-,-,-,-,-,-,-,-,-,
2519,689458.661,11:42:37:668,Trial025,25 punition orale triste vs joie2.avi,20,DarkCyan,87.2717,Eye,26,26,4.0579,3.4221,760.15926661212,358.68432540168595,775.3313070547355,355.32942099173243,-,-,0.0000,0.0000,0.0000,0.0000,0.0000,0.0000,-,-,-,-,-,-,-,-,,
2522,689518.291,11:42:37:727,Trial025,25 punition orale triste vs joie2.avi,20,DarkCyan,87.2717,Eye,26,26,4.0548,3.3948,763.924106465506,356.287045146449,769.1600156013967,358.33281805376504,-,-,0.0000,0.0000,0.0000,0.0000,0.0000,0.0000,-,-,-,-,-,-,-,-,,
222510,689578.041,11:42:37:787,Trial025,NoImage,20,Indigo,87.2717,Eye,26,26,4.1198,3.3465,764.5764650571472,353.7892809461235,769.4059129210948,358.8920008868734,White Space,White Space,0,0,0,0,0,0,-,-,-,-,-,-,-,-,-,
2528,689637.667,11:42:37:847,Trial025,25 punition orale triste vs joie2.avi,20,DarkCyan,87.2717,Eye,26,26,4.1177,3.3827,762.1579427288495,351.95416626412486,776.2812806452682,357.93217365691544,-,-,0.0000,0.0000,0.0000,0.0000,0.0000,0.0000,-,-,-,-,-,-,-,-,,
222516,689697.395,11:42:37:907,Trial025,NoImage,20,Indigo,87.2717,Eye,26,26,4.0626,3.3822,761.5231182778004,353.2010369882857,767.5048464066925,355.4812650580986,White Space,White Space,0,0,0,0,0,0,-,-,-,-,-,-,-,-,-,
222519,689757.031,11:42:37:966,Trial025,NoImage,20,Indigo,87.2717,Eye,26,26,4.0194,3.3029,766.461940936651,354.11068055290735,767.2742602798694,352.52196245512766,White Space,White Space,0,0,0,0,0,0,-,-,-,-,-,-,-,-,-,
2537,689816.658,11:42:38:026,Trial025,25 punition orale triste vs joie2.avi,20,DarkCyan,87.2717,Eye,22,23,3.9616,3.3329,771.093356998831,353.23023366137045,777.8861659692169,350.15901252092925,-,-,0.0000,0.0000,0.0000,0.0000,0.0000,0.0000,-,-,-,-,-,-,-,-,,
222525,689876.413,11:42:38:086,Trial025,NoImage,20,Indigo,87.2717,Eye,27,27,3.928,3.3579,777.146990265386,349.8669970116214,784.1073494669594,349.02479835257,White Space,White Space,0,0,0,0,0,0,-,-,-,-,-,-,-,-,-,
2543,689936.042,11:42:38:145,Trial025,25 punition orale triste vs joie2.avi,20,DarkCyan,87.2717,Eye,27,27,4.0121,3.3023,789.6379846333301,350.8352022776732,785.7834436702769,350.03405733757256,-,-,0.0000,0.0000,0.0000,0.0000,0.0000,0.0000,-,-,-,-,-,-,-,-,,
222531,689995.776,11:42:38:205,Trial025,NoImage,20,Indigo,87.2717,Eye,27,27,3.9605,3.318,797.6672126910195,345.79119335607635,791.3551184529953,344.5008274503609,White Space,White Space,0,0,0,0,0,0,-,-,-,-,-,-,-,-,-,
2549,690055.403,11:42:38:265,Trial025,25 punition orale triste vs joie2.avi,20,DarkCyan,87.2717,Eye,27,27,3.9940,3.2405,800.9913716359916,347.94343311378833,796.342400455399,342.894695841866,-,-,0.0000,0.0000,0.0000,0.0000,0.0000,0.0000,-,-,-,-,-,-,-,-,,
222537,690115.03,11:42:38:324,Trial025,NoImage,20,Indigo,87.2717,Eye,27,27,3.8899,3.326,805.2214212762715,349.45735429314885,794.5674751426022,345.61429285773954,White Space,White Space,0,0,0,0,0,0,-,-,-,-,-,-,-,-,-,
222540,690174.799,11:42:38:384,Trial025,NoImage,20,Indigo,87.2717,Eye,27,27,3.9737,3.2183,800.6675366736421,346.01573535267926,796.8044884300687,342.81400032961926,White Space,White Space,0,0,0,0,0,0,-,-,-,-,-,-,-,-,-,
2558,690234.384,11:42:38:444,Trial025,25 punition orale triste vs joie2.avi,20,DarkCyan,87.2717,Eye,27,27,3.9876,3.3969,805.399199193367,349.1460415983032,794.3141447790117,340.35690803483647,-,-,0.0000,0.0000,0.0000,0.0000,0.0000,0.0000,-,-,-,-,-,-,-,-,,
222546,690294.02,11:42:38:503,Trial025,NoImage,20,Indigo,87.2717,Eye,27,27,4.0698,3.3905,803.4282279760155,348.8254735022182,804.7087755210887,342.52418076507587,White Space,White Space,0,0,0,0,0,0,-,-,-,-,-,-,-,-,-,
2564,690353.773,11:42:38:563,Trial025,25 punition orale triste vs joie2.avi,20,DarkCyan,87.2717,Eye,27,27,3.9531,3.4371,810.1822206527563,345.65333756413446,801.3447560224229,342.29830273166584,-,-,0.0000,0.0000,0.0000,0.0000,0.0000,0.0000,-,-,-,-,-,-,-,-,,
222552,690413.399,11:42:38:623,Trial025,NoImage,20,Indigo,87.2717,Eye,27,27,4.1385,3.463,820.2632742675288,342.6830691562627,804.7057828958864,341.6958938159482,White Space,White Space,0,0,0,0,0,0,-,-,-,-,-,-,-,-,-,
2570,690473.023,11:42:38:682,Trial025,25 punition orale triste vs joie2.avi,20,DarkCyan,87.2717,Eye,27,27,4.1456,3.4141,825.0507889287167,343.2060982023723,812.3374491965999,342.161111691836,-,-,0.0000,0.0000,0.0000,0.0000,0.0000,0.0000,-,-,-,-,-,-,-,-,,
222558,690532.772,11:42:38:742,Trial025,NoImage,20,Indigo,87.2717,Eye,27,27,4.0937,3.4482,827.6531298597431,339.8334975797712,822.9941254988129,340.0597503054931,White Space,White Space,0,0,0,0,0,0,-,-,-,-,-,-,-,-,-,
222561,690592.391,11:42:38:802,Trial025,NoImage,20,Indigo,87.2717,Eye,23,24,4.1004,3.4962,820.6290060251134,342.9996783870624,820.9378122228009,339.7549966881335,White Space,White Space,0,0,0,0,0,0,-,-,-,-,-,-,-,-,-,
2579,690652.138,11:42:38:861,Trial025,25 punition orale triste vs joie2.avi,20,DarkCyan,87.2717,Eye,28,28,4.0417,3.4565,789.7352064279032,347.31896873311337,802.2319886259161,346.6465158767308,-,-,0.0000,0.0000,0.0000,0.0000,0.0000,0.0000,-,-,-,-,-,-,-,-,,
222567,690711.77,11:42:38:921,Trial025,NoImage,20,Indigo,87.2717,Eye,28,28,4.0264,3.3973,766.2096993873603,358.4556466675884,769.0274353458019,351.10180808914737,White Space,White Space,0,0,0,0,0,0,-,-,-,-,-,-,-,-,-,
2585,690771.396,11:42:38:981,Trial025,25 punition orale triste vs joie2.avi,20,DarkCyan,87.2717,Eye,29,29,3.9148,3.3129,739.1295228191409,368.69084582543223,738.9879888656465,361.7234170685723,-,-,0.0000,0.0000,0.0000,0.0000,0.0000,0.0000,-,-,-,-,-,-,-,-,,
222573,690831.13,11:42:39:040,Trial025,NoImage,20,Indigo,87.2717,Eye,29,29,3.7146,3.1903,710.1359147529467,372.14823757865076,709.9180101562412,368.16404185577545,White Space,White Space,0,0,0,0,0,0,-,-,-,-,-,-,-,-,-,
222576,690890.756,11:42:39:100,Trial025,NoImage,20,Indigo,87.2717,Eye,29,29,3.8151,3.16,690.78537573611,381.8102459218884,698.2002728920909,374.42349454863233,White Space,White Space,0,0,0,0,0,0,-,-,-,-,-,-,-,-,-,
222579,690950.39,11:42:39:160,Trial025,NoImage,20,Indigo,87.2717,Eye,29,29,3.6844,3.1309,684.0361432150968,385.39039829178995,681.649934057237,379.8389828709461,White Space,White Space,0,0,0,0,0,0,-,-,-,-,-,-,-,-,-,
2597,691010.143,11:42:39:219,Trial025,25 punition orale triste vs joie2.avi,20,DarkCyan,87.2717,Eye,29,29,3.7121,3.1417,672.143446823079,384.9072523048455,665.1940972968184,380.8616425849058,-,-,0.0000,0.0000,0.0000,0.0000,0.0000,0.0000,-,-,-,-,-,-,-,-,,
2600,691069.762,11:42:39:279,Trial025,25 punition orale triste vs joie2.avi,20,DarkCyan,87.2717,Eye,29,29,3.6619,3.0867,652.919131380417,394.4755639723242,663.1467476951362,388.3361249774926,-,-,0.0000,0.0000,0.0000,0.0000,0.0000,0.0000,-,-,-,-,-,-,-,-,,
2603,691129.502,11:42:39:339,Trial025,25 punition orale triste vs joie2.avi,20,DarkCyan,87.2717,Eye,29,29,3.7056,2.9891,643.5611403392486,403.4619113880973,654.0626480719008,392.80167324930443,-,-,0.0000,0.0000,0.0000,0.0000,0.0000,0.0000,-,-,-,-,-,-,-,-,,
2606,691189.128,11:42:39:398,Trial025,25 punition orale triste vs joie2.avi,20,DarkCyan,87.2717,Eye,29,29,3.4216,2.9358,637.9057632543294,405.3418571615395,642.6506047504874,399.85421425959765,-,-,0.0000,0.0000,0.0000,0.0000,0.0000,0.0000,-,-,-,-,-,-,-,-,,
222594,691248.763,11:42:39:458,Trial025,NoImage,20,Indigo,87.2717,Eye,2,2,3.6343,3.0458,540.0817115025018,371.9274797581284,543.6403426246203,367.93645710760546,White Space,White Space,0,0,0,0,0,0,-,-,-,-,-,-,-,-,-,
222597,691308.536,11:42:39:518,Trial025,NoImage,20,Indigo,87.2717,Eye,30,30,4.0382,3.1034,583.1347087086433,402.4254077112137,588.6287185550344,394.63856195772667,White Space,White Space,0,0,0,0,0,0,-,-,-,-,-,-,-,-,-,
222600,691368.116,11:42:39:577,Trial025,NoImage,20,Indigo,87.2717,Eye,30,30,3.9066,3.483,620.4571324773756,428.06044284652154,627.6552798761027,418.64116726074565,White Space,White Space,0,0,0,0,0,0,-,-,-,-,-,-,-,-,-,
222603,691427.867,11:42:39:637,Trial025,NoImage,20,Indigo,87.2717,Eye,30,30,3.8747,3.5008,653.0559445409075,449.67762466859335,652.3116810885925,443.51619335823136,White Space,White Space,0,0,0,0,0,0,-,-,-,-,-,-,-,-,-,
222606,691487.497,11:42:39:697,Trial025,NoImage,20,Indigo,87.2717,Eye,26,26,3.8621,3.5237,679.0799918792479,464.9139573415957,670.4593066879379,458.1491924728386,White Space,White Space,0,0,0,0,0,0,-,-,-,-,-,-,-,-,-,
222609,691547.13,11:42:39:756,Trial025,NoImage,20,Indigo,87.2717,Eye,31,31,3.3613,3.4703,742.7310655023076,483.15900397420904,729.6395908332684,478.0961211166288,-,-,0,0,0,0,0,0,-,-,-,-,-,-,-,-,-,
2627,691606.883,11:42:39:816,Trial025,25 punition orale triste vs joie2.avi,20,DarkCyan,87.2717,Eye,31,31,3.3875,3.4309,781.653993153389,497.10051053487456,763.3345462742466,493.2852390751704,-,-,0.0000,0.0000,0.0000,0.0000,0.0000,0.0000,-,-,-,-,-,-,-,-,,
222615,691666.491,11:42:39:876,Trial025,NoImage,20,Indigo,87.2717,Eye,31,31,3.3714,3.3719,814.3221346238495,507.996947455673,814.1212521211945,509.06870404913656,-,-,0,0,0,0,0,0,-,-,-,-,-,-,-,-,-,
2633,691726.124,11:42:39:935,Trial025,25 punition orale triste vs joie2.avi,20,DarkCyan,87.2717,Eye,32,32,3.2098,3.2613,852.258051044128,513.2463875658659,851.9345967581763,517.0432334680397,-,-,0.0000,0.0000,0.0000,0.0000,0.0000,0.0000,-,-,-,-,-,-,-,-,,
222621,691785.876,11:42:39:995,Trial025,NoImage,20,Indigo,87.2717,Eye,32,32,3.0791,3.2205,895.5561759700281,522.6438463136628,886.1154682581334,523.0431233719041,-,-,0,0,0,0,0,0,-,-,-,-,-,-,-,-,-,
222624,691845.493,11:42:40:055,Trial025,NoImage,20,Indigo,87.2717,Eye,32,32,3.0365,3.1911,916.9826288801719,527.1941027095461,914.4622860480174,527.890295415066,-,-,0,0,0,0,0,0,-,-,-,-,-,-,-,-,-,
2642,691905.24,11:42:40:114,Trial025,25 punition orale triste vs joie2.avi,20,DarkCyan,87.2717,Eye,32,32,3.0429,3.1941,930.913872863337,532.1053134830245,924.4156642736779,528.795741571123,-,-,0.0000,0.0000,0.0000,0.0000,0.0000,0.0000,-,-,-,-,-,-,-,-,,
2645,692044.492,11:42:40:254,Trial026,26 b joie triste.jpg,20,DarkCyan,77.5607,Eye,1,1,3.0252,3.2089,939.5171717140081,535.2727599114191,932.5666504738193,530.377534921513,-,-,0.0000,0.0000,0.0000,0.0000,0.0000,0.0000,-,-,-,-,-,-,-,-,,
222633,692104.118,11:42:40:313,Trial026,NoImage,20,Indigo,77.5607,Eye,1,1,2.9861,3.1632,956.6486173332573,530.8560589496249,952.7827369316747,530.213874413055,-,-,0,0,0,0,0,0,-,-,-,-,-,-,-,-,-,
2651,692163.734,11:42:40:373,Trial026,26 b joie triste.jpg,20,DarkCyan,77.5607,Eye,1,1,2.9731,3.1610,958.5716355535612,534.2410993604792,957.2168582919617,534.3542778626365,-,-,0.0000,0.0000,0.0000,0.0000,0.0000,0.0000,-,-,-,-,-,-,-,-,,
2654,692223.486,11:42:40:433,Trial026,26 b joie triste.jpg,20,DarkCyan,77.5607,Eye,1,1,2.9207,3.1947,967.0764361093414,537.7005576882627,962.7578016324776,537.5529325332368,-,-,0.0000,0.0000,0.0000,0.0000,0.0000,0.0000,-,-,-,-,-,-,-,-,,
2657,692283.11,11:42:40:492,Trial026,26 b joie triste.jpg,20,DarkCyan,77.5607,Eye,1,1,2.9860,3.0859,912.9341393039098,508.7281618368931,906.2299550056598,508.73989691497326,bouche triste,bouche triste,0.0000,0.0000,0.0000,0.0000,0.0000,0.0000,-,-,-,-,-,-,-,-,,
2660,692342.726,11:42:40:552,Trial026,26 b joie triste.jpg,20,DarkCyan,77.5607,Eye,2,2,3.1110,3.0438,862.2943314681117,485.51632081753456,844.9014856833958,484.98279918363136,triste droite,triste droite,0.0000,0.0000,0.0000,0.0000,0.0000,0.0000,-,-,-,-,-,-,-,-,,
222648,692402.472,11:42:40:612,Trial026,NoImage,20,Indigo,77.5607,Eye,2,2,2.9391,3.1147,833.5995216503703,466.65845647894787,810.5477210720894,467.613009038435,White Space,White Space,0,0,0,0,0,0,-,-,-,-,-,-,-,-,-,
2666,692462.106,11:42:40:671,Trial026,26 b joie triste.jpg,20,DarkCyan,77.5607,Eye,2,2,2.9610,2.9161,805.8137394445006,454.08189533950565,785.3386243717504,450.44626600756106,triste droite,triste droite,0.0000,0.0000,0.0000,0.0000,0.0000,0.0000,-,-,-,-,-,-,-,-,,
2669,692521.853,11:42:40:731,Trial026,26 b joie triste.jpg,20,DarkCyan,77.5607,Eye,2,2,2.8889,2.7672,767.9738374791566,442.2693791154994,752.4213198621076,441.3525481448487,White Space,White Space,0.0000,0.0000,0.0000,0.0000,0.0000,0.0000,-,-,-,-,-,-,-,-,,
2672,692581.473,11:42:40:791,Trial026,26 b joie triste.jpg,20,DarkCyan,77.5607,Eye,3,3,2.8410,2.7735,695.0727078842485,427.09855091076076,686.2983281548223,428.18444438672356,joie gauche,joie gauche,0.0000,0.0000,0.0000,0.0000,0.0000,0.0000,-,-,-,-,-,-,-,-,,
222660,692641.096,11:42:40:850,Trial026,NoImage,20,Indigo,77.5607,Eye,3,3,2.8157,2.6761,646.4944554541697,414.9112110483142,632.1167243994964,414.05176271047605,White Space,White Space,0,0,0,0,0,0,-,-,-,-,-,-,-,-,-,
222663,692700.851,11:42:40:910,Trial026,NoImage,20,Indigo,77.5607,Eye,3,3,2.7296,2.6555,611.6789122412239,410.33187147121146,596.6887496172094,408.3910327853313,White Space,White Space,0,0,0,0,0,0,-,-,-,-,-,-,-,-,-,
2681,692760.465,11:42:40:970,Trial026,26 b joie triste.jpg,20,DarkCyan,77.5607,Eye,3,3,2.7728,2.6308,580.6619834670454,406.5476657429065,571.8942314239334,405.60331370289634,yeux joie,yeux joie,0.0000,0.0000,0.0000,0.0000,0.0000,0.0000,-,-,-,-,-,-,-,-,,
2684,692820.226,11:42:41:029,Trial026,26 b joie triste.jpg,20,DarkCyan,77.5607,Eye,3,3,2.6606,2.6757,553.5714216074816,408.54680697569876,543.4302047548025,404.2212517531739,yeux joie,yeux joie,0.0000,0.0000,0.0000,0.0000,0.0000,0.0000,-,-,-,-,-,-,-,-,,
222672,692879.851,11:42:41:089,Trial026,NoImage,20,Indigo,77.5607,Eye,4,4,2.7639,2.6131,527.6208781164436,411.69007816781436,514.4237136458644,409.6417273375839,White Space,White Space,0,0,0,0,0,0,-,-,-,-,-,-,-,-,-,
222675,692939.595,11:42:41:149,Trial026,NoImage,20,Indigo,77.5607,Eye,4,4,2.7303,2.7004,508.67589012321764,412.6519614775395,508.422523675608,413.79752271785776,White Space,White Space,0,0,0,0,0,0,-,-,-,-,-,-,-,-,-,
2693,692999.222,11:42:41:208,Trial026,26 b joie triste.jpg,20,DarkCyan,77.5607,Eye,4,4,2.7799,2.6883,491.9147322725735,421.8466971186707,499.34526033274403,423.79972037842396,bouche joie,bouche joie,0.0000,0.0000,0.0000,0.0000,0.0000,0.0000,-,-,-,-,-,-,-,-,,
222681,693058.838,11:42:41:268,Trial026,NoImage,20,Indigo,77.5607,Eye,4,4,2.789,2.6731,476.7093058625975,427.6198502353685,481.6578229343835,426.742583065335,White Space,White Space,0,0,0,0,0,0,-,-,-,-,-,-,-,-,-,
222684,693118.583,11:42:41:328,Trial026,NoImage,20,Indigo,77.5607,Eye,4,4,2.8162,2.7969,469.8259743605729,427.67353122486577,469.59946902545664,426.72223011018536,White Space,White Space,0,0,0,0,0,0,-,-,-,-,-,-,-,-,-,
222687,693178.218,11:42:41:387,Trial026,NoImage,20,Indigo,77.5607,Eye,4,4,2.8715,2.7753,519.3234933946964,431.8047174580472,517.7407437863509,431.5052718249386,White Space,White Space,0,0,0,0,0,0,-,-,-,-,-,-,-,-,-,
2705,693237.968,11:42:41:447,Trial026,26 b joie triste.jpg,20,DarkCyan,77.5607,Eye,5,5,2.9210,2.8353,593.5689590965502,433.6071568097368,589.8998839592675,433.4245731465336,bouche triste,bouche triste,0.0000,0.0000,0.0000,0.0000,0.0000,0.0000,-,-,-,-,-,-,-,-,,
2708,693297.59,11:42:41:507,Trial026,26 b joie triste.jpg,20,DarkCyan,77.5607,Eye,5,5,3.0113,2.8160,649.5157149011336,431.58182164274825,645.4215091516917,438.7647776962343,bouche triste,bouche triste,0.0000,0.0000,0.0000,0.0000,0.0000,0.0000,-,-,-,-,-,-,-,-,,
2711,693357.216,11:42:41:566,Trial026,26 b joie triste.jpg,20,DarkCyan,77.5607,Eye,5,5,3.0149,2.8742,685.6050181887335,433.1593226986602,689.3523917291416,441.73376864832653,bouche triste,bouche triste,0.0000,0.0000,0.0000,0.0000,0.0000,0.0000,-,-,-,-,-,-,-,-,,
222699,693416.965,11:42:41:626,Trial026,NoImage,20,Indigo,77.5607,Eye,5,5,2.8401,2.8792,720.0163607310457,432.4973560671459,716.8590710133499,439.4551202782184,White Space,White Space,0,0,0,0,0,0,-,-,-,-,-,-,-,-,-,
2717,693476.582,11:42:41:686,Trial026,26 b joie triste.jpg,20,DarkCyan,77.5607,Eye,5,5,2.8733,2.8428,740.9887932768388,429.8268416134155,754.4414201333924,435.68257605739404,bouche triste,bouche triste,0.0000,0.0000,0.0000,0.0000,0.0000,0.0000,-,-,-,-,-,-,-,-,,
2720,693536.21,11:42:41:745,Trial026,26 b joie triste.jpg,20,DarkCyan,77.5607,Eye,5,5,2.9038,2.7759,760.4069799152389,431.26037179108715,764.3365679641774,434.8982159029727,bouche triste,bouche triste,0.0000,0.0000,0.0000,0.0000,0.0000,0.0000,-,-,-,-,-,-,-,-,,
2723,693595.963,11:42:41:805,Trial026,26 b joie triste.jpg,20,DarkCyan,77.5607,Eye,6,6,2.8165,2.7629,771.9481879276148,424.02181496502504,763.7846168272097,419.37667063680993,yeux triste,yeux triste,0.0000,0.0000,0.0000,0.0000,0.0000,0.0000,-,-,-,-,-,-,-,-,,
2726,693655.583,11:42:41:865,Trial026,26 b joie triste.jpg,20,DarkCyan,77.5607,Eye,6,6,2.7603,2.6997,768.1581268625741,414.22199452836225,774.1548456081815,411.00558544757746,yeux triste,yeux triste,0.0000,0.0000,0.0000,0.0000,0.0000,0.0000,-,-,-,-,-,-,-,-,,
222714,693715.327,11:42:41:924,Trial026,NoImage,20,Indigo,77.5607,Eye,6,6,2.8031,2.7114,771.1890819242142,405.3082149381809,774.918602690658,407.017951948975,White Space,White Space,0,0,0,0,0,0,-,-,-,-,-,-,-,-,-,
2732,693774.958,11:42:41:984,Trial026,26 b joie triste.jpg,20,DarkCyan,77.5607,Eye,6,6,2.6946,2.7776,776.2975776427328,402.00962330235956,779.1836351545677,402.05595829648956,yeux triste,yeux triste,0.0000,0.0000,0.0000,0.0000,0.0000,0.0000,-,-,-,-,-,-,-,-,,
2735,693834.58,11:42:42:044,Trial026,26 b joie triste.jpg,20,DarkCyan,77.5607,Eye,6,6,2.5401,2.7564,771.8811384878894,396.9130058072149,780.7173469509729,398.73962009902306,yeux triste,yeux triste,0.0000,0.0000,0.0000,0.0000,0.0000,0.0000,-,-,-,-,-,-,-,-,,
222723,693894.329,11:42:42:103,Trial026,NoImage,20,Indigo,77.5607,Eye,6,6,2.6572,2.7659,772.7230155068926,391.7355120384139,780.1718181868457,397.33711655642924,White Space,White Space,0,0,0,0,0,0,-,-,-,-,-,-,-,-,-,
222726,693953.953,11:42:42:163,Trial026,NoImage,20,Indigo,77.5607,Eye,6,6,2.7805,2.7641,769.9558663045274,390.92764055934,780.9076703579258,398.3490053768963,White Space,White Space,0,0,0,0,0,0,-,-,-,-,-,-,-,-,-,
222729,694013.577,11:42:42:223,Trial026,NoImage,20,Indigo,77.5607,Eye,6,6,2.7055,2.8264,785.5354689995169,389.1807724643439,791.4519815792905,395.77913465359967,White Space,White Space,0,0,0,0,0,0,-,-,-,-,-,-,-,-,-,
2747,694073.327,11:42:42:282,Trial026,26 b joie triste.jpg,20,DarkCyan,77.5607,Eye,7,7,2.7616,2.7506,809.3264022259705,393.0331696618454,821.5459697657145,392.8978684642704,yeux triste,yeux triste,0.0000,0.0000,0.0000,0.0000,0.0000,0.0000,-,-,-,-,-,-,-,-,,
2750,694132.94,11:42:42:342,Trial026,26 b joie triste.jpg,20,DarkCyan,77.5607,Eye,7,7,2.7537,2.8200,827.2598188220841,393.58720744199906,835.9029891813759,389.88800376431055,yeux triste,yeux triste,0.0000,0.0000,0.0000,0.0000,0.0000,0.0000,-,-,-,-,-,-,-,-,,
222738,694192.7,11:42:42:402,Trial026,NoImage,20,Indigo,77.5607,Eye,7,7,2.7136,2.804,847.38332569971,393.7041864365476,851.9718695055814,392.9737617379007,White Space,White Space,0,0,0,0,0,0,-,-,-,-,-,-,-,-,-,
2756,694252.322,11:42:42:461,Trial026,26 b joie triste.jpg,20,DarkCyan,77.5607,Eye,7,7,2.7964,2.8696,857.8425037479908,386.99913598655525,860.1841090573708,389.45037491230084,yeux triste,yeux triste,0.0000,0.0000,0.0000,0.0000,0.0000,0.0000,-,-,-,-,-,-,-,-,,
222744,694311.948,11:42:42:521,Trial026,NoImage,20,Indigo,77.5607,Eye,7,7,2.8375,2.865,874.627942488406,388.2482263314211,866.4421240488658,392.9317224912635,White Space,White Space,0,0,0,0,0,0,-,-,-,-,-,-,-,-,-,
222747,694371.695,11:42:42:581,Trial026,NoImage,20,Indigo,77.5607,Eye,7,7,2.7689,2.9153,882.3086286307257,389.2241528910287,869.675236472243,389.73452621434933,White Space,White Space,0,0,0,0,0,0,-,-,-,-,-,-,-,-,-,
2765,694431.319,11:42:42:640,Trial026,26 b joie triste.jpg,20,DarkCyan,77.5607,Eye,7,7,2.8248,2.8594,834.5018362040071,383.7411492657482,821.5220297235072,386.1887121341211,triste droite,triste droite,0.0000,0.0000,0.0000,0.0000,0.0000,0.0000,-,-,-,-,-,-,-,-,,
2768,694491.07,11:42:42:700,Trial026,26 b joie triste.jpg,20,DarkCyan,77.5607,Eye,8,8,2.9521,2.8895,740.2228755462037,381.9416907819416,722.6265908408108,387.05147561767757,yeux joie,yeux joie,0.0000,0.0000,0.0000,0.0000,0.0000,0.0000,-,-,-,-,-,-,-,-,,
222756,694550.697,11:42:42:760,Trial026,NoImage,20,Indigo,77.5607,Eye,8,8,2.9004,2.7997,672.6895557654329,381.3790211063992,648.3924524584921,387.8136066386974,White Space,White Space,0,0,0,0,0,0,-,-,-,-,-,-,-,-,-,
2774,694610.32,11:42:42:819,Trial026,26 b joie triste.jpg,20,DarkCyan,77.5607,Eye,8,8,2.8715,2.8156,602.7231938556978,385.95480346310944,594.2553150245419,384.05098252595144,yeux joie,yeux joie,0.0000,0.0000,0.0000,0.0000,0.0000,0.0000,-,-,-,-,-,-,-,-,,
222762,694670.068,11:42:42:879,Trial026,NoImage,20,Indigo,77.5607,Eye,8,8,2.992,2.7549,567.5168692451394,389.85576139243506,547.7667008256388,387.2381758739551,White Space,White Space,0,0,0,0,0,0,-,-,-,-,-,-,-,-,-,
2780,694729.685,11:42:42:939,Trial026,26 b joie triste.jpg,20,DarkCyan,77.5607,Eye,8,8,2.9582,2.7699,534.2530629878071,387.8272963439893,518.7398874672145,383.2262093785617,yeux joie,yeux joie,0.0000,0.0000,0.0000,0.0000,0.0000,0.0000,-,-,-,-,-,-,-,-,,
222768,694789.308,11:42:42:998,Trial026,NoImage,20,Indigo,77.5607,Eye,8,8,2.869,2.7652,507.2599532461789,385.16877282761794,498.58682556935605,389.2597310716556,White Space,White Space,0,0,0,0,0,0,-,-,-,-,-,-,-,-,-,
222771,694849.057,11:42:43:058,Trial026,NoImage,20,Indigo,77.5607,Eye,9,9,2.8837,2.7988,491.6368758179625,385.99103738881337,487.2687990121952,390.9708874364607,White Space,White Space,0,0,0,0,0,0,-,-,-,-,-,-,-,-,-,
2789,694908.689,11:42:43:118,Trial026,26 b joie triste.jpg,20,DarkCyan,77.5607,Eye,9,9,2.8274,2.8544,480.5797879120705,391.9879315888557,471.30285225823746,400.66666526813697,joie gauche,joie gauche,0.0000,0.0000,0.0000,0.0000,0.0000,0.0000,-,-,-,-,-,-,-,-,,
222777,694968.438,11:42:43:178,Trial026,NoImage,20,Indigo,77.5607,Eye,9,9,2.8968,2.7841,465.289322374005,399.4256584049053,465.9165756159151,409.19498868106024,White Space,White Space,0,0,0,0,0,0,-,-,-,-,-,-,-,-,-,
2795,695028.061,11:42:43:237,Trial026,26 b joie triste.jpg,20,DarkCyan,77.5607,Eye,10,10,2.9116,2.7957,455.863922420853,409.0948158406468,463.23865410120493,420.5441580938622,bouche joie,bouche joie,0.0000,0.0000,0.0000,0.0000,0.0000,0.0000,-,-,-,-,-,-,-,-,,
222783,695087.682,11:42:43:297,Trial026,NoImage,20,Indigo,77.5607,Eye,10,10,2.7738,2.7476,447.50560171064365,416.87393946338835,458.0408698096785,422.01091111855635,White Space,White Space,0,0,0,0,0,0,-,-,-,-,-,-,-,-,-,
2801,695147.431,11:42:43:357,Trial026,26 b joie triste.jpg,20,DarkCyan,77.5607,Eye,10,10,2.8696,2.7401,443.83984358837654,424.8954396584366,456.2211542288246,428.6848338307603,bouche joie,bouche joie,0.0000,0.0000,0.0000,0.0000,0.0000,0.0000,-,-,-,-,-,-,-,-,,
2804,695207.046,11:42:43:416,Trial026,26 b joie triste.jpg,20,DarkCyan,77.5607,Eye,10,-,2.7132,2.7705,466.29397379858676,429.91185347111775,474.11430872067683,429.62214054876677,bouche joie,bouche joie,0.0000,0.0000,0.0000,0.0000,0.0000,0.0000,-,-,-,-,-,-,-,-,,
2807,695266.809,11:42:43:476,Trial026,26 b joie triste.jpg,20,DarkCyan,77.5607,Eye,1,-,2.8463,3.1518,411.814102184704,390.3580884195763,417.6793533762716,390.26551325374646,-,-,0.0000,0.0000,0.0000,0.0000,0.0000,0.0000,-,-,-,-,-,-,-,-,,
222795,695326.422,11:42:43:535,Trial026,NoImage,20,Indigo,77.5607,Eye,11,11,3.2236,2.7136,517.7594043259139,401.4252697221906,522.0651161577558,403.76575035646346,White Space,White Space,0,0,0,0,0,0,-,-,-,-,-,-,-,-,-,
2813,695386.045,11:42:43:595,Trial026,26 b joie triste.jpg,20,DarkCyan,77.5607,Eye,11,11,3.4226,2.8820,598.3361868659534,412.61837543338675,597.0951975449367,409.91343596141036,bouche triste,bouche triste,0.0000,0.0000,0.0000,0.0000,0.0000,0.0000,-,-,-,-,-,-,-,-,,
2816,695445.792,11:42:43:655,Trial026,26 b joie triste.jpg,20,DarkCyan,77.5607,Eye,11,11,3.2906,2.8616,653.8026552261227,419.1866392974714,657.0137759773396,420.6565781157846,bouche triste,bouche triste,0.0000,0.0000,0.0000,0.0000,0.0000,0.0000,-,-,-,-,-,-,-,-,,
222804,695505.417,11:42:43:714,Trial026,NoImage,20,Indigo,77.5607,Eye,11,11,3.26,2.6832,704.9515042326768,425.1196194552925,696.1480852309915,430.72540949390054,White Space,White Space,0,0,0,0,0,0,-,-,-,-,-,-,-,-,-,
222807,695565.056,11:42:43:774,Trial026,NoImage,20,Indigo,77.5607,Eye,11,11,3.194,2.631,735.4192559469806,430.36800545918754,720.5553881543608,434.62237075011774,White Space,White Space,0,0,0,0,0,0,-,-,-,-,-,-,-,-,-,
2825,695624.788,11:42:43:834,Trial026,26 b joie triste.jpg,20,DarkCyan,77.5607,Eye,12,12,3.1100,2.7512,765.6862891909473,426.6636047002433,747.0304920411577,428.3137480345682,triste droite,triste droite,0.0000,0.0000,0.0000,0.0000,0.0000,0.0000,-,-,-,-,-,-,-,-,,
222813,695684.423,11:42:43:893,Trial026,NoImage,20,Indigo,77.5607,Eye,12,12,3.1218,2.6971,786.5646055735788,420.2892029869117,769.5215546118578,420.91757513592273,White Space,White Space,0,0,0,0,0,0,-,-,-,-,-,-,-,-,-,
222816,695744.167,11:42:43:953,Trial026,NoImage,20,Indigo,77.5607,Eye,13,13,3.082,2.6627,799.8390312244012,409.59628753541773,791.0067456893676,413.11607829680963,White Space,White Space,0,0,0,0,0,0,-,-,-,-,-,-,-,-,-,
222819,695803.787,11:42:44:013,Trial026,NoImage,20,Indigo,77.5607,Eye,13,13,3.063,2.6749,823.3428261492043,404.39592609135104,807.2144549236812,403.1177038966735,White Space,White Space,0,0,0,0,0,0,-,-,-,-,-,-,-,-,-,
222822,695863.423,11:42:44:072,Trial026,NoImage,20,Indigo,77.5607,Eye,13,13,2.9852,2.6534,839.9709996617901,400.71216990755187,819.1863498570352,395.0475877021293,White Space,White Space,0,0,0,0,0,0,-,-,-,-,-,-,-,-,-,
2840,695923.169,11:42:44:132,Trial026,26 b joie triste.jpg,20,DarkCyan,77.5607,Eye,13,13,2.9555,2.6450,850.4877665944662,395.4864574750383,836.0150768116026,390.6943182572091,yeux triste,yeux triste,0.0000,0.0000,0.0000,0.0000,0.0000,0.0000,-,-,-,-,-,-,-,-,,
2843,695982.792,11:42:44:192,Trial026,26 b joie triste.jpg,20,DarkCyan,77.5607,Eye,14,14,2.9493,2.6026,864.8822632427986,390.3700299886747,853.7145063005526,388.0799910268813,yeux triste,yeux triste,0.0000,0.0000,0.0000,0.0000,0.0000,0.0000,-,-,-,-,-,-,-,-,,
2846,696042.416,11:42:44:251,Trial026,26 b joie triste.jpg,20,DarkCyan,77.5607,Eye,14,14,2.8721,2.7019,871.7064445045112,389.651825265617,862.345404801719,384.3614655283403,yeux triste,yeux triste,0.0000,0.0000,0.0000,0.0000,0.0000,0.0000,-,-,-,-,-,-,-,-,,
2849,696102.162,11:42:44:311,Trial026,26 b joie triste.jpg,20,DarkCyan,77.5607,Eye,14,14,2.9898,2.7479,876.5429840060568,388.18254028118304,866.3345181876376,382.97178518163054,yeux triste,yeux triste,0.0000,0.0000,0.0000,0.0000,0.0000,0.0000,-,-,-,-,-,-,-,-,,
222837,696161.787,11:42:44:371,Trial026,NoImage,20,Indigo,77.5607,Eye,14,14,3.1646,2.9405,900.456937848187,390.1328746032176,893.9006842633937,388.97005760630725,White Space,White Space,0,0,0,0,0,0,-,-,-,-,-,-,-,-,-,
222840,696221.528,11:42:44:431,Trial026,NoImage,20,Indigo,77.5607,Eye,14,14,3.2981,3.0203,900.3759945532202,383.67443310091454,898.4837786853963,384.3317321769489,White Space,White Space,0,0,0,0,0,0,-,-,-,-,-,-,-,-,-,
2858,696281.151,11:42:44:490,Trial026,26 b joie triste.jpg,20,DarkCyan,77.5607,Eye,14,14,3.4240,3.1364,928.0089572536251,378.7284463885425,918.4591592616944,380.54608186336765,White Space,White Space,0.0000,0.0000,0.0000,0.0000,0.0000,0.0000,-,-,-,-,-,-,-,-,,
2861,696340.905,11:42:44:550,Trial026,26 b joie triste.jpg,20,DarkCyan,77.5607,Eye,15,15,3.6368,3.4536,957.7391190097767,382.9890346509061,952.340429014427,385.25430748366927,-,-,0.0000,0.0000,0.0000,0.0000,0.0000,0.0000,-,-,-,-,-,-,-,-,,
222849,696400.53,11:42:44:610,Trial026,NoImage,20,Indigo,77.5607,Eye,15,15,3.708,3.4902,983.8103535024281,388.2194956944773,974.4079521545532,391.5799403812816,-,-,0,0,0,0,0,0,-,-,-,-,-,-,-,-,-,
222852,696460.278,11:42:44:669,Trial026,NoImage,20,Indigo,77.5607,Eye,15,15,3.7639,3.4539,1000.608169038687,386.68287657634517,998.3000624603019,392.67607774411147,-,-,0,0,0,0,0,0,-,-,-,-,-,-,-,-,-,
2870,696519.9,11:42:44:729,Trial026,26 b joie triste.jpg,20,DarkCyan,77.5607,Eye,2,1,3.6006,3.4648,812.5533506456381,357.8781883815035,810.8222707118493,362.49779878326166,-,-,0.0000,0.0000,0.0000,0.0000,0.0000,0.0000,-,-,-,-,-,-,-,-,,
222858,696579.527,11:42:44:789,Trial026,NoImage,20,Indigo,77.5607,Eye,2,1,3.6006,3.4648,671.5189632515956,336.2885724633987,670.220653301254,339.87798979065076,White Space,White Space,0,0,0,0,0,0,-,-,-,-,-,-,-,-,-,
2876,696762.107,11:42:44:971,Trial026,26 b joie triste.jpg,20,DarkCyan,77.5607,Eye,2,1,3.6006,3.4648,565.7395461570802,320.1102471524252,564.7658136943239,322.9270196737977,-,-,0.0000,0.0000,0.0000,0.0000,0.0000,0.0000,-,-,-,-,-,-,-,-,,
2879,696958.518,11:42:45:168,Trial026,26 b joie triste.jpg,20,DarkCyan,77.5607,Eye,16,16,3.2881,2.9112,624.8394356226332,339.8238540493922,630.9320692996316,338.4215111016029,yeux triste,yeux triste,0.0000,0.0000,0.0000,0.0000,0.0000,0.0000,-,-,-,-,-,-,-,-,,
222867,697018.141,11:42:45:227,Trial026,NoImage,20,Indigo,77.5607,Eye,16,16,3.0296,2.6887,676.0787845095024,350.5214635928215,681.2693468466038,350.000648137014,White Space,White Space,0,0,0,0,0,0,-,-,-,-,-,-,-,-,-,
2885,697077.763,11:42:45:287,Trial026,26 b joie triste.jpg,20,DarkCyan,77.5607,Eye,-,-,3.1089,2.8312,654.3461623295111,356.8334542786539,665.3563970437951,359.71922446470575,White Space,White Space,0.0000,0.0000,0.0000,0.0000,0.0000,0.0000,-,-,-,-,-,-,-,-,,
222873,697137.525,11:42:45:347,Trial026,NoImage,20,Indigo,77.5607,Eye,3,2,3.1089,2.8312,552.7898538797762,335.56080154134776,561.0475299154892,337.84983870682004,White Space,White Space,0,0,0,0,0,0,-,-,-,-,-,-,-,-,-,
222876,697197.148,11:42:45:406,Trial026,NoImage,20,Indigo,77.5607,Eye,3,2,3.1089,2.8312,476.5957307871306,319.6011275963567,482.78898781391536,321.44261499639435,White Space,White Space,0,0,0,0,0,0,-,-,-,-,-,-,-,-,-,
2894,697638.96,11:42:45:848,Trial026,26 b joie triste.jpg,20,DarkCyan,77.5607,Eye,3,2,3.1089,2.8312,419.45699767842996,307.5680119379219,424.10194044851846,309.07383701388363,-,-,0.0000,0.0000,0.0000,0.0000,0.0000,0.0000,-,-,-,-,-,-,-,-,,
222882,697771.086,11:42:45:980,Trial026,NoImage,20,Indigo,77.5607,Eye,3,2,3.1089,2.8312,376.60711087947726,298.5514363337318,380.09081795704367,299.8055146666365,White Space,White Space,0,0,0,0,0,0,-,-,-,-,-,-,-,-,-,
222885,697903.214,11:42:46:112,Trial026,NoImage,20,Indigo,77.5607,Eye,3,2,3.1089,2.8312,344.4845191333699,291.76490340293145,347.0972994415447,292.8301716785434,White Space,White Space,0,0,0,0,0,0,-,-,-,-,-,-,-,-,-,
2903,698513.789,11:42:46:723,Trial027,27 cadeau dernier2.avi,20,DarkCyan,83.9849,Information,1,1,-,-,320.39257532378934,286.6750037048312,322.35216055492043,287.59866443747364,-,-,-,-,-,-,-,-,-,-,-,-,-,-,-,cadeau dernier2.avi,,
2906,698607.824,11:42:46:817,Trial027,27 cadeau dernier2.avi,20,DarkCyan,83.9849,Eye,1,1,3.1089,2.8312,302.40512734554756,282.8342696760998,303.8748162688958,283.651724751515,-,-,0.0000,0.0000,0.0000,0.0000,0.0000,0.0000,-,-,-,-,-,-,-,-,,
222894,698739.948,11:42:46:949,Trial027,NoImage,20,Indigo,83.9849,Eye,1,1,3.1089,2.8312,288.8937200702419,279.9476019699628,289.99598676275315,280.6854028024577,White Space,White Space,0,0,0,0,0,0,-,-,-,-,-,-,-,-,-,
2912,698872.07,11:42:47:081,Trial027,27 cadeau dernier2.avi,20,DarkCyan,83.9849,Eye,1,1,3.1089,2.8312,278.79881191806015,277.78413521054966,279.6255119374436,278.4621953608543,-,-,0.0000,0.0000,0.0000,0.0000,0.0000,0.0000,-,-,-,-,-,-,-,-,,
2915,699004.197,11:42:47:213,Trial027,27 cadeau dernier2.avi,20,DarkCyan,83.9849,Eye,1,1,3.1089,2.8312,271.2209976182667,276.1418530290464,271.8410226328043,276.77510766770826,-,-,0.0000,0.0000,0.0000,0.0000,0.0000,0.0000,-,-,-,-,-,-,-,-,,
222903,699136.316,11:42:47:346,Trial027,NoImage,20,Indigo,83.9849,Eye,1,1,3.1089,2.8312,265.53111785584287,274.91583673344627,265.99613661674607,275.5154872383761,White Space,White Space,0,0,0,0,0,0,-,-,-,-,-,-,-,-,-,
2921,699268.44,11:42:47:478,Trial027,27 cadeau dernier2.avi,20,DarkCyan,83.9849,Eye,1,1,3.1089,2.8312,261.2375825310774,273.983637386997,261.5863466017548,274.5580847916278,-,-,0.0000,0.0000,0.0000,0.0000,0.0000,0.0000,-,-,-,-,-,-,-,-,,
222909,699400.566,11:42:47:610,Trial027,NoImage,20,Indigo,83.9849,Eye,1,1,3.1089,2.8312,258.03558791961126,0.0,258.2971609726193,0.0,White Space,White Space,0,0,0,0,0,0,-,-,-,-,-,-,-,-,-,
222912,699532.686,11:42:47:742,Trial027,NoImage,20,Indigo,83.9849,Eye,1,1,3.1089,2.8312,0.0,0.0,0.0,0.0,White Space,White Space,0,0,0,0,0,0,-,-,-,-,-,-,-,-,-,
2930,699664.813,11:42:47:874,Trial027,27 cadeau dernier2.avi,20,DarkCyan,83.9849,Eye,1,1,3.1089,2.8312,0.0,0.0,0.0,0.0,-,-,0.0000,0.0000,0.0000,0.0000,0.0000,0.0000,-,-,-,-,-,-,-,-,,
2933,699796.933,11:42:48:006,Trial027,27 cadeau dernier2.avi,20,DarkCyan,83.9849,Eye,1,1,3.1089,2.8312,0.0,0.0,0.0,0.0,-,-,0.0000,0.0000,0.0000,0.0000,0.0000,0.0000,-,-,-,-,-,-,-,-,,
222921,700017.836,11:42:48:227,Trial027,NoImage,20,Indigo,83.9849,Eye,1,1,3.549,2.9887,0.0,307.3285002540537,0.0,307.34379320731216,-,-,0,0,0,0,0,0,-,-,-,-,-,-,-,-,-,
2939,700077.469,11:42:48:287,Trial027,27 cadeau dernier2.avi,20,DarkCyan,83.9849,Eye,1,1,3.4377,2.9480,0.0,298.21022500913676,0.0,298.346404250014,-,-,0.0000,0.0000,0.0000,0.0000,0.0000,0.0000,-,-,-,-,-,-,-,-,,
2942,700137.105,11:42:48:346,Trial027,27 cadeau dernier2.avi,20,DarkCyan,83.9849,Eye,1,1,3.0637,2.7645,0.0,291.4023934531296,0.0,291.62923740972104,-,-,0.0000,0.0000,0.0000,0.0000,0.0000,0.0000,-,-,-,-,-,-,-,-,,
2945,700196.741,11:42:48:406,Trial027,27 cadeau dernier2.avi,20,DarkCyan,83.9849,Eye,1,1,2.5933,2.2887,0.0,286.2761782374302,0.0,286.5710207308072,-,-,0.0000,0.0000,0.0000,0.0000,0.0000,0.0000,-,-,-,-,-,-,-,-,,
222933,700256.351,11:42:48:466,Trial027,NoImage,20,Indigo,83.9849,Eye,1,1,3.4276,2.8173,0.0,282.4138323086716,0.0,282.75967370463775,White Space,White Space,0,0,0,0,0,0,-,-,-,-,-,-,-,-,-,
2951,700316.087,11:42:48:525,Trial027,27 cadeau dernier2.avi,20,DarkCyan,83.9849,Eye,-,-,3.2238,2.6819,307.2464227698785,311.054818175853,319.4145723715787,306.406573362315,-,-,0.0000,0.0000,0.0000,0.0000,0.0000,0.0000,-,-,-,-,-,-,-,-,,
2954,700375.713,11:42:48:585,Trial027,27 cadeau dernier2.avi,20,DarkCyan,83.9849,Eye,2,2,3.1029,2.5892,376.0267442085914,332.03126257079356,389.8204607903858,329.27690970994087,-,-,0.0000,0.0000,0.0000,0.0000,0.0000,0.0000,-,-,-,-,-,-,-,-,,
222942,700435.345,11:42:48:645,Trial027,NoImage,20,Indigo,83.9849,Eye,2,2,2.8941,2.378,427.55722714116234,349.19242147355055,435.8960235423708,344.7119549054651,White Space,White Space,0,0,0,0,0,0,-,-,-,-,-,-,-,-,-,
222945,700495.101,11:42:48:704,Trial027,NoImage,20,Indigo,83.9849,Eye,2,2,2.7918,2.1577,452.34614233980415,361.2234876578699,465.61971819535125,356.46523612724167,White Space,White Space,0,0,0,0,0,0,-,-,-,-,-,-,-,-,-,
222948,700554.726,11:42:48:764,Trial027,NoImage,20,Indigo,83.9849,Eye,3,3,2.5738,2.1082,465.2006299248708,364.5570717337629,474.8517603598266,356.103626793998,White Space,White Space,0,0,0,0,0,0,-,-,-,-,-,-,-,-,-,
2966,700614.458,11:42:48:824,Trial027,27 cadeau dernier2.avi,20,DarkCyan,83.9849,Eye,3,3,2.5650,1.9146,480.3899749472373,364.2688481358783,480.9180892332533,356.2047346031481,-,-,0.0000,0.0000,0.0000,0.0000,0.0000,0.0000,-,-,-,-,-,-,-,-,,
222954,700674.083,11:42:48:883,Trial027,NoImage,20,Indigo,83.9849,Eye,3,3,2.3665,1.7363,485.2489433512902,359.8057979206639,488.1191653256053,359.0908613092944,White Space,White Space,0,0,0,0,0,0,-,-,-,-,-,-,-,-,-,
2972,700733.714,11:42:48:943,Trial027,27 cadeau dernier2.avi,20,DarkCyan,83.9849,Eye,4,4,2.9886,2.4634,489.5643941556783,363.0322967909885,501.4458999646415,364.3183178437156,-,-,0.0000,0.0000,0.0000,0.0000,0.0000,0.0000,-,-,-,-,-,-,-,-,,
222960,700793.457,11:42:49:003,Trial027,NoImage,20,Indigo,83.9849,Eye,4,4,2.9923,2.4958,499.5930990486024,364.38658813117723,506.1461610023554,364.98074789639776,White Space,White Space,0,0,0,0,0,0,-,-,-,-,-,-,-,-,-,
222963,700853.086,11:42:49:062,Trial027,NoImage,20,Indigo,83.9849,Eye,4,4,3.2024,2.7264,504.50214093712896,363.2957038179397,506.68569172160363,365.23730147460884,White Space,White Space,0,0,0,0,0,0,-,-,-,-,-,-,-,-,-,
2981,700912.821,11:42:49:122,Trial027,27 cadeau dernier2.avi,20,DarkCyan,83.9849,Eye,4,4,3.3261,2.8839,511.1654305790614,363.90120212746353,513.9116583567162,364.82175441637986,-,-,0.0000,0.0000,0.0000,0.0000,0.0000,0.0000,-,-,-,-,-,-,-,-,,
2984,700972.446,11:42:49:182,Trial027,27 cadeau dernier2.avi,20,DarkCyan,83.9849,Eye,4,4,3.4429,2.8391,513.685857453042,369.20128691503913,514.311947261325,366.36999049061455,-,-,0.0000,0.0000,0.0000,0.0000,0.0000,0.0000,-,-,-,-,-,-,-,-,,
2987,701032.088,11:42:49:241,Trial027,27 cadeau dernier2.avi,20,DarkCyan,83.9849,Eye,4,4,3.5341,2.8908,517.4568162089257,372.03729706231593,518.3514738750106,365.24496945387375,-,-,0.0000,0.0000,0.0000,0.0000,0.0000,0.0000,-,-,-,-,-,-,-,-,,
2990,701091.843,11:42:49:301,Trial027,27 cadeau dernier2.avi,20,DarkCyan,83.9849,Eye,4,4,3.5349,3.0229,516.6405627385092,374.90474423341124,524.4531166274239,363.78531989699786,-,-,0.0000,0.0000,0.0000,0.0000,0.0000,0.0000,-,-,-,-,-,-,-,-,,
222978,701151.455,11:42:49:361,Trial027,NoImage,20,Indigo,83.9849,Eye,4,4,3.5671,3.0542,528.2379197765679,376.9231819366227,523.2425397600836,367.41807626197385,White Space,White Space,0,0,0,0,0,0,-,-,-,-,-,-,-,-,-,
2996,701211.083,11:42:49:420,Trial027,27 cadeau dernier2.avi,20,DarkCyan,83.9849,Eye,4,4,3.6344,3.1594,523.8387047934843,376.78936870572676,532.9661586735244,366.9525443776294,-,-,0.0000,0.0000,0.0000,0.0000,0.0000,0.0000,-,-,-,-,-,-,-,-,,
222984,701270.834,11:42:49:480,Trial027,NoImage,20,Indigo,83.9849,Eye,4,4,3.6633,3.2542,532.7409936592726,373.46192036045585,528.337384246088,370.46181735695365,White Space,White Space,0,0,0,0,0,0,-,-,-,-,-,-,-,-,-,
3002,701330.467,11:42:49:540,Trial027,27 cadeau dernier2.avi,20,DarkCyan,83.9849,Eye,4,4,3.7886,3.1289,534.7861685096312,373.8311867982256,527.9820853323222,371.2798267874532,-,-,0.0000,0.0000,0.0000,0.0000,0.0000,0.0000,-,-,-,-,-,-,-,-,,
222990,701390.069,11:42:49:599,Trial027,NoImage,20,Indigo,83.9849,Eye,4,4,3.7445,3.1552,546.7637463637998,375.4765242990066,534.7421319670262,374.49079724682167,White Space,White Space,0,0,0,0,0,0,-,-,-,-,-,-,-,-,-,
3008,701449.818,11:42:49:659,Trial027,27 cadeau dernier2.avi,20,DarkCyan,83.9849,Eye,4,4,3.8088,3.1958,539.3084711172377,372.5628126166017,542.9610296427863,369.5231618974604,-,-,0.0000,0.0000,0.0000,0.0000,0.0000,0.0000,-,-,-,-,-,-,-,-,,
222996,701509.443,11:42:49:719,Trial027,NoImage,20,Indigo,83.9849,Eye,5,5,3.8216,3.2181,533.3056939538656,370.15776108800986,525.0243255393451,369.32554029197513,White Space,White Space,0,0,0,0,0,0,-,-,-,-,-,-,-,-,-,
3014,701569.203,11:42:49:778,Trial027,27 cadeau dernier2.avi,20,DarkCyan,83.9849,Eye,5,5,3.7342,3.1856,515.7479620548729,368.97432429797294,518.2622837779841,367.09468704262616,-,-,0.0000,0.0000,0.0000,0.0000,0.0000,0.0000,-,-,-,-,-,-,-,-,,
223002,701628.839,11:42:49:838,Trial027,NoImage,20,Indigo,83.9849,Eye,5,5,3.8236,3.1174,515.1638701527299,368.83407526242434,500.8162015588865,361.42861572887745,White Space,White Space,0,0,0,0,0,0,-,-,-,-,-,-,-,-,-,
3020,701688.439,11:42:49:898,Trial027,27 cadeau dernier2.avi,20,DarkCyan,83.9849,Eye,5,5,3.7634,3.1965,507.4376176303434,368.8769435837385,493.87493886272114,359.2834953543391,-,-,0.0000,0.0000,0.0000,0.0000,0.0000,0.0000,-,-,-,-,-,-,-,-,,
3023,701748.193,11:42:49:957,Trial027,27 cadeau dernier2.avi,20,DarkCyan,83.9849,Eye,5,5,3.6901,3.1529,490.4859059280732,365.5587300399733,485.36484415358325,357.6752211772983,-,-,0.0000,0.0000,0.0000,0.0000,0.0000,0.0000,-,-,-,-,-,-,-,-,,
223011,701807.823,11:42:50:017,Trial027,NoImage,20,Indigo,83.9849,Eye,5,5,3.7537,3.1351,482.0938449795485,360.7126483683925,481.39063361973194,359.2045533058247,White Space,White Space,0,0,0,0,0,0,-,-,-,-,-,-,-,-,-,
3029,701867.587,11:42:50:077,Trial027,27 cadeau dernier2.avi,20,DarkCyan,83.9849,Eye,5,5,3.7833,3.1522,476.3297672763664,364.21037303069255,483.5063379863782,356.9757253929121,-,-,0.0000,0.0000,0.0000,0.0000,0.0000,0.0000,-,-,-,-,-,-,-,-,,
3032,701927.208,11:42:50:136,Trial027,27 cadeau dernier2.avi,20,DarkCyan,83.9849,Eye,5,5,3.7052,3.1384,478.0203607024868,363.3374683581289,482.32805695231673,354.142921834421,-,-,0.0000,0.0000,0.0000,0.0000,0.0000,0.0000,-,-,-,-,-,-,-,-,,
223020,701986.81,11:42:50:196,Trial027,NoImage,20,Indigo,83.9849,Eye,5,5,3.6436,3.0876,473.4429234366188,361.1062116300157,476.2646437894181,354.0526589091534,White Space,White Space,0,0,0,0,0,0,-,-,-,-,-,-,-,-,-,
223023,702046.57,11:42:50:256,Trial027,NoImage,20,Indigo,83.9849,Eye,5,5,3.6708,3.0945,465.8501190085823,355.74173050782304,476.9015926868881,357.5285128937445,White Space,White Space,0,0,0,0,0,0,-,-,-,-,-,-,-,-,-,
3041,702106.196,11:42:50:315,Trial027,27 cadeau dernier2.avi,20,DarkCyan,83.9849,Eye,5,5,3.6004,2.9375,465.105973945468,358.1007389561711,475.7538765380398,358.0899400318106,-,-,0.0000,0.0000,0.0000,0.0000,0.0000,0.0000,-,-,-,-,-,-,-,-,,
223029,702165.943,11:42:50:375,Trial027,NoImage,20,Indigo,83.9849,Eye,5,5,3.5721,2.9612,469.66300526552675,359.96205824434446,470.48662029883053,358.11746749745777,White Space,White Space,0,0,0,0,0,0,-,-,-,-,-,-,-,-,-,
223032,702225.566,11:42:50:435,Trial027,NoImage,20,Indigo,83.9849,Eye,5,5,3.5298,2.948,471.2834688913226,359.61161612960433,472.1234395313194,360.5072322222929,White Space,White Space,0,0,0,0,0,0,-,-,-,-,-,-,-,-,-,
3050,702285.198,11:42:50:494,Trial027,27 cadeau dernier2.avi,20,DarkCyan,83.9849,Eye,5,5,3.5373,2.9808,476.1760430038838,360.96005421787356,475.94902632865524,358.3589110642492,-,-,0.0000,0.0000,0.0000,0.0000,0.0000,0.0000,-,-,-,-,-,-,-,-,,
3053,702344.938,11:42:50:554,Trial027,27 cadeau dernier2.avi,20,DarkCyan,83.9849,Eye,5,5,3.5931,2.9516,466.1618114377253,364.8828734001001,493.667416302585,364.00360331662245,-,-,0.0000,0.0000,0.0000,0.0000,0.0000,0.0000,-,-,-,-,-,-,-,-,,
223041,702404.566,11:42:50:614,Trial027,NoImage,20,Indigo,83.9849,Eye,5,5,3.5168,2.8834,478.22999854633724,361.06786589778784,496.57186883049826,367.85112166640977,White Space,White Space,0,0,0,0,0,0,-,-,-,-,-,-,-,-,-,
223044,702464.192,11:42:50:673,Trial027,NoImage,20,Indigo,83.9849,Eye,5,5,3.4596,2.8354,482.21052577257853,363.8556089085534,499.34419838077054,365.0705197640054,White Space,White Space,0,0,0,0,0,0,-,-,-,-,-,-,-,-,-,
3062,702523.939,11:42:50:733,Trial027,27 cadeau dernier2.avi,20,DarkCyan,83.9849,Eye,6,6,3.4447,2.8350,541.377706567103,367.5188647851841,544.765637413113,371.0936480885943,-,-,0.0000,0.0000,0.0000,0.0000,0.0000,0.0000,-,-,-,-,-,-,-,-,,
223050,702583.555,11:42:50:793,Trial027,NoImage,20,Indigo,0.0,Eye,6,6,3.4158,3.0421,585.7530921629964,370.2663066926571,578.8317166873699,375.610994332036,White Space,White Space,0,0,0,0,0,0,-,-,-,-,-,-,-,-,-,
3068,702643.308,11:42:50:853,Trial027,27 cadeau dernier2.avi,20,DarkCyan,0.0,Eye,7,7,3.5097,2.9739,619.0346313599164,372.3268881232619,604.3812761430626,378.99900401461724,-,-,0.0000,0.0000,0.0000,0.0000,0.0000,0.0000,-,-,-,-,-,-,-,-,,
3071,702702.938,11:42:50:912,Trial027,27 cadeau dernier2.avi,20,DarkCyan,0.0,Eye,7,7,3.4335,2.9486,643.9957857576064,373.8723241962154,623.543445734832,381.54001127655323,-,-,0.0000,0.0000,0.0000,0.0000,0.0000,0.0000,-,-,-,-,-,-,-,-,,
223059,702762.565,11:42:50:972,Trial027,NoImage,20,Indigo,0.0,Eye,7,7,3.4001,2.9964,,,,,White Space,White Space,0,0,0,0,0,0,-,-,-,-,-,-,-,-,-,
223062,702822.164,11:42:51:031,Trial027,NoImage,20,Indigo,0.0,Eye,7,7,3.3814,2.9932,,,,,White Space,White Space,0,0,0,0,0,0,-,-,-,-,-,-,-,-,-,
3080,702881.925,11:42:51:091,Trial027,27 cadeau dernier2.avi,20,DarkCyan,0.0,Eye,8,8,3.3039,2.9308,,,,,-,-,0.0000,0.0000,0.0000,0.0000,0.0000,0.0000,-,-,-,-,-,-,-,-,,
223068,702941.552,11:42:51:151,Trial027,NoImage,20,Indigo,0.0,Eye,8,8,3.3508,2.8244,,,,,White Space,White Space,0,0,0,0,0,0,-,-,-,-,-,-,-,-,-,
223071,703001.308,11:42:51:211,Trial027,NoImage,20,Indigo,0.0,Eye,8,8,3.4078,2.9439,,,,,White Space,White Space,0,0,0,0,0,0,-,-,-,-,-,-,-,-,-,
223074,703060.924,11:42:51:270,Trial027,NoImage,20,Indigo,0.0,Eye,8,8,3.3345,2.9022,,,,,White Space,White Space,0,0,0,0,0,0,-,-,-,-,-,-,-,-,-,
223077,703120.548,11:42:51:330,Trial027,NoImage,20,Indigo,0.0,Eye,8,8,3.3211,2.8725,,,,,White Space,White Space,0,0,0,0,0,0,-,-,-,-,-,-,-,-,-,
3095,703180.298,11:42:51:390,Trial027,27 cadeau dernier2.avi,20,DarkCyan,0.0,Eye,9,9,3.2909,2.8616,,,,,-,-,0.0000,0.0000,0.0000,0.0000,0.0000,0.0000,-,-,-,-,-,-,-,-,,
223083,703239.926,11:42:51:449,Trial027,NoImage,20,Indigo,0.0,Eye,9,9,3.3198,2.8054,,,,,White Space,White Space,0,0,0,0,0,0,-,-,-,-,-,-,-,-,-,
3101,703299.552,11:42:51:509,Trial027,27 cadeau dernier2.avi,20,DarkCyan,83.9849,Eye,9,9,3.5072,2.9078,464.7151384677446,385.7245423532465,499.88316049271407,388.103617833291,-,-,0.0000,0.0000,0.0000,0.0000,0.0000,0.0000,-,-,-,-,-,-,-,-,,
3104,703359.291,11:42:51:569,Trial027,27 cadeau dernier2.avi,20,DarkCyan,83.9849,Eye,10,10,3.4588,2.9576,497.55699711334444,390.9454558459468,516.899532466092,399.31842689804006,-,-,0.0000,0.0000,0.0000,0.0000,0.0000,0.0000,-,-,-,-,-,-,-,-,,
3107,703418.919,11:42:51:628,Trial027,27 cadeau dernier2.avi,20,DarkCyan,83.9849,Eye,10,10,3.5536,2.8976,525.0086371921162,394.0912477003684,531.4855176126971,404.5769515852876,-,-,0.0000,0.0000,0.0000,0.0000,0.0000,0.0000,-,-,-,-,-,-,-,-,,
3110,703478.669,11:42:51:688,Trial027,27 cadeau dernier2.avi,20,DarkCyan,83.9849,Eye,10,10,3.4630,2.9654,539.5622667960085,399.7028890073954,541.3966774881516,411.400560112235,-,-,0.0000,0.0000,0.0000,0.0000,0.0000,0.0000,-,-,-,-,-,-,-,-,,
3113,703538.297,11:42:51:748,Trial027,27 cadeau dernier2.avi,20,DarkCyan,83.9849,Eye,10,10,3.5614,2.9865,558.3139991658395,403.060227072221,553.3526825861231,412.1213466823209,-,-,0.0000,0.0000,0.0000,0.0000,0.0000,0.0000,-,-,-,-,-,-,-,-,,
223101,703598.06,11:42:51:807,Trial027,NoImage,20,Indigo,83.9849,Eye,10,10,3.5363,3.0416,568.1655493753075,405.38105318602675,559.7558541820752,410.87223281644015,White Space,White Space,0,0,0,0,0,0,-,-,-,-,-,-,-,-,-,
223104,703657.677,11:42:51:867,Trial027,NoImage,20,Indigo,83.9849,Eye,10,10,3.6011,3.0762,578.3122287042802,409.60327653820366,565.0129386325648,417.9999417396744,White Space,White Space,0,0,0,0,0,0,-,-,-,-,-,-,-,-,-,
3122,703717.289,11:42:51:927,Trial027,27 cadeau dernier2.avi,20,DarkCyan,83.9849,Eye,11,11,3.5993,3.0841,587.6241304127916,408.4620352904394,584.8193840726753,414.68322395489974,-,-,0.0000,0.0000,0.0000,0.0000,0.0000,0.0000,-,-,-,-,-,-,-,-,,
3125,703777.044,11:42:51:986,Trial027,27 cadeau dernier2.avi,20,DarkCyan,83.9849,Eye,11,11,3.5852,3.1007,594.1110855009468,409.4341510873695,602.53272287394,416.49680767147186,-,-,0.0000,0.0000,0.0000,0.0000,0.0000,0.0000,-,-,-,-,-,-,-,-,,
3128,703836.668,11:42:52:046,Trial027,27 cadeau dernier2.avi,20,DarkCyan,83.9849,Eye,11,11,3.6328,3.0363,612.2253276668305,411.9587218973982,608.8203112263607,417.6556900001227,-,-,0.0000,0.0000,0.0000,0.0000,0.0000,0.0000,-,-,-,-,-,-,-,-,,
223116,703896.292,11:42:52:106,Trial027,NoImage,20,Indigo,83.9849,Eye,11,11,3.5492,3.1269,619.5719643720396,417.9236336585744,620.7636639606961,416.98222450259306,White Space,White Space,0,0,0,0,0,0,-,-,-,-,-,-,-,-,-,
223119,703956.026,11:42:52:165,Trial027,NoImage,20,Indigo,83.9849,Eye,11,11,3.6664,3.0803,616.339520562688,414.06445847273136,622.6494954306567,418.8553649282009,White Space,White Space,0,0,0,0,0,0,-,-,-,-,-,-,-,-,-,
223122,704015.654,11:42:52:225,Trial027,NoImage,20,Indigo,83.9849,Eye,12,12,3.6266,3.0319,603.1188960726839,417.55405685399444,605.4987052989082,420.3522009360629,White Space,White Space,0,0,0,0,0,0,-,-,-,-,-,-,-,-,-,
3140,704075.412,11:42:52:285,Trial027,27 cadeau dernier2.avi,20,DarkCyan,83.9849,Eye,12,12,3.6768,3.0800,595.8388014644423,420.45324226195584,596.1520002150556,420.900205422696,-,-,0.0000,0.0000,0.0000,0.0000,0.0000,0.0000,-,-,-,-,-,-,-,-,,
223128,704135.038,11:42:52:344,Trial027,NoImage,20,Indigo,83.9849,Eye,12,12,3.7635,3.1051,592.2295174686728,425.6106972493469,584.1164300659667,420.9030923156083,White Space,White Space,0,0,0,0,0,0,-,-,-,-,-,-,-,-,-,
3146,704194.662,11:42:52:404,Trial027,27 cadeau dernier2.avi,20,DarkCyan,83.9849,Eye,12,12,3.6028,3.1076,594.3424868565654,426.07018566545077,577.1167667835874,425.501747986891,-,-,0.0000,0.0000,0.0000,0.0000,0.0000,0.0000,-,-,-,-,-,-,-,-,,
3149,704254.398,11:42:52:464,Trial027,27 cadeau dernier2.avi,20,DarkCyan,83.9849,Eye,12,12,3.5927,3.0859,585.067797603975,425.02979724634633,575.3904482035192,423.2302634304077,-,-,0.0000,0.0000,0.0000,0.0000,0.0000,0.0000,-,-,-,-,-,-,-,-,,
3152,704314.029,11:42:52:523,Trial027,27 cadeau dernier2.avi,20,DarkCyan,83.9849,Eye,13,13,3.5863,3.0571,564.9045283165171,421.40294147499844,562.4286084125193,421.06210170733107,-,-,0.0000,0.0000,0.0000,0.0000,0.0000,0.0000,-,-,-,-,-,-,-,-,,
223140,704373.783,11:42:52:583,Trial027,NoImage,20,Indigo,83.9849,Eye,13,13,3.7724,3.1723,553.0235227725211,420.25646751147343,553.8579546760324,419.0493830301782,White Space,White Space,0,0,0,0,0,0,-,-,-,-,-,-,-,-,-,
3158,704433.409,11:42:52:643,Trial027,27 cadeau dernier2.avi,20,DarkCyan,83.9849,Eye,13,13,3.7892,3.1621,550.5089869897787,422.0462360306895,544.2403035976,417.6356903774082,-,-,0.0000,0.0000,0.0000,0.0000,0.0000,0.0000,-,-,-,-,-,-,-,-,,
223146,704493.022,11:42:52:702,Trial027,NoImage,20,Indigo,83.9849,Eye,13,13,3.7953,3.0928,539.3861991390901,422.9079448125209,536.3909562302024,418.2774238283476,White Space,White Space,0,0,0,0,0,0,-,-,-,-,-,-,-,-,-,
223149,704552.768,11:42:52:762,Trial027,NoImage,20,Indigo,83.9849,Eye,13,13,3.5706,3.0682,535.0913888880145,421.48932398696815,532.433182212953,415.6459731929169,White Space,White Space,0,0,0,0,0,0,-,-,-,-,-,-,-,-,-,
3167,704612.403,11:42:52:822,Trial027,27 cadeau dernier2.avi,20,DarkCyan,83.9849,Eye,13,13,3.5709,2.9788,528.7060519786278,423.50736537257836,532.3749143250554,416.1666888659066,-,-,0.0000,0.0000,0.0000,0.0000,0.0000,0.0000,-,-,-,-,-,-,-,-,,
223155,704672.03,11:42:52:881,Trial027,NoImage,20,Indigo,83.9849,Eye,13,13,3.6236,2.985,524.2058144059296,428.6917269648698,529.9168350277166,418.603108446555,White Space,White Space,0,0,0,0,0,0,-,-,-,-,-,-,-,-,-,
223158,704731.814,11:42:52:941,Trial027,NoImage,20,Indigo,83.9849,Eye,13,13,3.6097,3.0604,521.1233179563656,424.1667179060935,529.1743551155064,420.16454680163673,White Space,White Space,0,0,0,0,0,0,-,-,-,-,-,-,-,-,-,
3176,704791.393,11:42:53:001,Trial027,27 cadeau dernier2.avi,20,DarkCyan,83.9849,Eye,13,13,3.5913,3.0297,520.8122914156046,423.99854378235904,517.7139111000463,418.4903822907599,-,-,0.0000,0.0000,0.0000,0.0000,0.0000,0.0000,-,-,-,-,-,-,-,-,,
3179,704851.017,11:42:53:060,Trial027,27 cadeau dernier2.avi,20,DarkCyan,83.9849,Eye,13,13,3.6506,3.0787,519.7705496822213,425.1720099393814,513.5475071495673,419.1422408089935,-,-,0.0000,0.0000,0.0000,0.0000,0.0000,0.0000,-,-,-,-,-,-,-,-,,
3182,704910.77,11:42:53:120,Trial027,27 cadeau dernier2.avi,20,DarkCyan,83.9849,Eye,14,14,3.6486,3.0349,513.5767196536931,432.3207711303583,513.4084566388487,428.11531180739763,-,-,0.0000,0.0000,0.0000,0.0000,0.0000,0.0000,-,-,-,-,-,-,-,-,,
223170,704970.396,11:42:53:180,Trial027,NoImage,20,Indigo,83.9849,Eye,14,14,3.5735,2.9862,522.7312091579618,433.0583752913598,519.034987547722,432.3548946523549,White Space,White Space,0,0,0,0,0,0,-,-,-,-,-,-,-,-,-,
3188,705030.15,11:42:53:239,Trial027,27 cadeau dernier2.avi,20,DarkCyan,83.9849,Eye,14,14,3.5386,2.9747,529.6380457363266,439.8397362444411,523.5090559209111,438.14614603925986,-,-,0.0000,0.0000,0.0000,0.0000,0.0000,0.0000,-,-,-,-,-,-,-,-,,
3191,705089.756,11:42:53:299,Trial027,27 cadeau dernier2.avi,20,DarkCyan,83.9849,Eye,14,14,3.5462,3.0002,531.8894135765443,443.13059845239144,529.2775567074647,445.3223868602671,-,-,0.0000,0.0000,0.0000,0.0000,0.0000,0.0000,-,-,-,-,-,-,-,-,,
3194,705149.389,11:42:53:359,Trial027,27 cadeau dernier2.avi,20,DarkCyan,83.9849,Eye,14,14,3.6266,3.0104,539.5234131616746,445.8955361190785,530.3696484248576,450.79408612391506,-,-,0.0000,0.0000,0.0000,0.0000,0.0000,0.0000,-,-,-,-,-,-,-,-,,
3197,705209.141,11:42:53:418,Trial027,27 cadeau dernier2.avi,20,DarkCyan,83.9849,Eye,14,14,3.5924,3.0100,542.4540690234456,448.8270578193962,532.7289388244369,454.36833501347377,-,-,0.0000,0.0000,0.0000,0.0000,0.0000,0.0000,-,-,-,-,-,-,-,-,,
3200,705268.769,11:42:53:478,Trial027,27 cadeau dernier2.avi,20,DarkCyan,83.9849,Eye,14,14,3.5520,2.9819,545.0161427516151,450.81543851201934,542.1077583593353,450.2162853687468,-,-,0.0000,0.0000,0.0000,0.0000,0.0000,0.0000,-,-,-,-,-,-,-,-,,
223188,705328.398,11:42:53:538,Trial027,NoImage,20,Indigo,83.9849,Eye,14,14,3.4806,2.8993,545.234840288361,449.4398043983441,541.7332838611525,449.87978187344845,White Space,White Space,0,0,0,0,0,0,-,-,-,-,-,-,-,-,-,
223191,705388.132,11:42:53:597,Trial027,NoImage,20,Indigo,83.9849,Eye,15,15,3.5612,2.9959,547.24558508783,451.02180492007307,532.8351041671987,447.9484449520138,White Space,White Space,0,0,0,0,0,0,-,-,-,-,-,-,-,-,-,
223194,705447.759,11:42:53:657,Trial027,NoImage,20,Indigo,83.9849,Eye,15,15,3.587,3.0228,540.7093827226098,455.5290725115957,536.7006023404832,453.3130882427988,White Space,White Space,0,0,0,0,0,0,-,-,-,-,-,-,-,-,-,
223197,705507.5,11:42:53:717,Trial027,NoImage,20,Indigo,83.9849,Eye,2,-,3.5493,2.9929,468.1308037008487,409.51186426654,465.12421841425373,407.97458559087573,White Space,White Space,0,0,0,0,0,0,-,-,-,-,-,-,-,-,-,
3215,705567.148,11:42:53:776,Trial027,27 cadeau dernier2.avi,20,DarkCyan,83.9849,Eye,2,16,3.7144,3.0017,483.6686923978085,410.1792000585111,488.19702316846656,411.12011995532424,-,-,0.0000,0.0000,0.0000,0.0000,0.0000,0.0000,-,-,-,-,-,-,-,-,,
3218,705626.748,11:42:53:836,Trial027,27 cadeau dernier2.avi,20,DarkCyan,83.9849,Eye,16,16,3.4040,2.9313,489.4486987984484,418.7778847328207,504.535893625453,416.4634379580254,-,-,0.0000,0.0000,0.0000,0.0000,0.0000,0.0000,-,-,-,-,-,-,-,-,,
223206,705686.494,11:42:53:896,Trial027,NoImage,20,Indigo,83.9849,Eye,16,16,3.3119,2.9816,494.5816468649063,426.4104519928224,509.7486605400204,422.9693523177808,White Space,White Space,0,0,0,0,0,0,-,-,-,-,-,-,-,-,-,
3224,705746.121,11:42:53:955,Trial027,27 cadeau dernier2.avi,20,DarkCyan,83.9849,Eye,16,17,3.2820,2.8319,506.6346047965552,426.98291422106666,511.2042304082063,426.11199331676,-,-,0.0000,0.0000,0.0000,0.0000,0.0000,0.0000,-,-,-,-,-,-,-,-,,
3227,705805.876,11:42:54:015,Trial027,27 cadeau dernier2.avi,20,DarkCyan,83.9849,Eye,17,17,3.0844,2.7729,510.0285439378256,426.08507803598644,514.9613625267774,427.2724989422183,-,-,0.0000,0.0000,0.0000,0.0000,0.0000,0.0000,-,-,-,-,-,-,-,-,,
3230,705865.515,11:42:54:075,Trial027,27 cadeau dernier2.avi,20,DarkCyan,83.9849,Eye,17,17,3.1582,2.8456,508.82504288343625,425.66207083094076,515.3833132510949,426.63947300500604,-,-,0.0000,0.0000,0.0000,0.0000,0.0000,0.0000,-,-,-,-,-,-,-,-,,
223218,705925.132,11:42:54:134,Trial027,NoImage,20,Indigo,83.9849,Eye,17,17,3.2041,2.8119,505.447251565943,422.4993947812119,517.163549789486,428.62110653778416,White Space,White Space,0,0,0,0,0,0,-,-,-,-,-,-,-,-,-,
223221,705984.869,11:42:54:194,Trial027,NoImage,20,Indigo,83.9849,Eye,17,17,3.2578,2.775,501.04267105369854,421.8050900546005,513.4538129137801,426.14512151108005,White Space,White Space,0,0,0,0,0,0,-,-,-,-,-,-,-,-,-,
3239,706044.497,11:42:54:254,Trial027,27 cadeau dernier2.avi,20,DarkCyan,83.9849,Eye,17,17,3.1715,2.8001,499.66226241251,426.2801534885406,516.059706088492,421.5797728995858,-,-,0.0000,0.0000,0.0000,0.0000,0.0000,0.0000,-,-,-,-,-,-,-,-,,
223227,706104.126,11:42:54:313,Trial027,NoImage,20,Indigo,83.9849,Eye,17,17,3.198,2.812,500.99899336953223,424.74749729475604,513.6724263280752,420.6246055506429,White Space,White Space,0,0,0,0,0,0,-,-,-,-,-,-,-,-,-,
223230,706163.877,11:42:54:373,Trial027,NoImage,20,Indigo,83.9849,Eye,17,17,3.2539,2.7848,492.1832629497899,424.18244816734324,513.5045594738854,420.04332479027784,White Space,White Space,0,0,0,0,0,0,-,-,-,-,-,-,-,-,-,
3248,706223.492,11:42:54:433,Trial027,27 cadeau dernier2.avi,20,DarkCyan,83.9849,Eye,17,17,3.1768,2.9043,502.9611130258785,421.82994651828426,510.0179757583388,422.7352451139391,-,-,0.0000,0.0000,0.0000,0.0000,0.0000,0.0000,-,-,-,-,-,-,-,-,,
223236,706283.119,11:42:54:492,Trial027,NoImage,20,Indigo,83.9849,Eye,17,17,3.1694,2.8602,507.86041108046936,423.14489058809744,508.0885705657047,425.2184908930993,White Space,White Space,0,0,0,0,0,0,-,-,-,-,-,-,-,-,-,
3254,706342.867,11:42:54:552,Trial027,27 cadeau dernier2.avi,20,DarkCyan,83.9849,Eye,17,17,3.1594,2.7961,511.7046325305413,420.5644636255407,503.53962469139174,422.941502339738,-,-,0.0000,0.0000,0.0000,0.0000,0.0000,0.0000,-,-,-,-,-,-,-,-,,
3257,706402.498,11:42:54:612,Trial027,27 cadeau dernier2.avi,20,DarkCyan,83.9849,Eye,17,17,3.1756,2.7839,515.4746100339287,420.0758858285668,499.4269456466734,417.07011363268253,-,-,0.0000,0.0000,0.0000,0.0000,0.0000,0.0000,-,-,-,-,-,-,-,-,,
3260,706462.248,11:42:54:671,Trial027,27 cadeau dernier2.avi,20,DarkCyan,83.9849,Eye,17,17,3.0349,2.6821,514.6412915396883,411.9733078857285,498.5233500061072,421.5173876198947,-,-,0.0000,0.0000,0.0000,0.0000,0.0000,0.0000,-,-,-,-,-,-,-,-,,
3263,706521.862,11:42:54:731,Trial027,27 cadeau dernier2.avi,20,DarkCyan,83.9849,Eye,17,17,3.0746,2.7371,514.9844176111123,412.8198950187944,503.8274127271518,420.50453402355515,-,-,0.0000,0.0000,0.0000,0.0000,0.0000,0.0000,-,-,-,-,-,-,-,-,,
223251,706581.491,11:42:54:791,Trial027,NoImage,20,Indigo,83.9849,Eye,17,17,3.0447,2.7301,514.925818073683,413.7258265534778,507.81960655664733,414.0365659428445,White Space,White Space,0,0,0,0,0,0,-,-,-,-,-,-,-,-,-,
3269,706641.244,11:42:54:850,Trial027,27 cadeau dernier2.avi,20,DarkCyan,83.9849,Eye,17,17,3.1241,2.7447,521.5435853710932,412.362998904267,513.4273833601213,410.4822471055339,-,-,0.0000,0.0000,0.0000,0.0000,0.0000,0.0000,-,-,-,-,-,-,-,-,,
223257,706700.902,11:42:54:910,Trial027,NoImage,20,Indigo,83.9849,Eye,16,16,3.0156,2.775,518.0814780377509,408.50371008825874,514.0022994778377,409.10200609070387,White Space,White Space,0,0,0,0,0,0,-,-,-,-,-,-,-,-,-,
3275,706760.48,11:42:54:970,Trial027,27 cadeau dernier2.avi,20,DarkCyan,83.9849,Eye,18,18,3.0478,2.8188,530.2522772135239,401.7726385980407,516.6516362946284,402.74586537834,-,-,0.0000,0.0000,0.0000,0.0000,0.0000,0.0000,-,-,-,-,-,-,-,-,,
3278,706820.232,11:42:55:029,Trial027,27 cadeau dernier2.avi,20,DarkCyan,83.9849,Eye,18,18,3.1194,2.8112,532.3129843739712,400.4535623873742,528.5490057747136,402.70828800077066,-,-,0.0000,0.0000,0.0000,0.0000,0.0000,0.0000,-,-,-,-,-,-,-,-,,
223266,706879.86,11:42:55:089,Trial027,NoImage,20,Indigo,83.9849,Eye,18,18,3.1706,2.807,533.7311489175316,396.50965358161517,536.0653500587052,398.38248442672005,White Space,White Space,0,0,0,0,0,0,-,-,-,-,-,-,-,-,-,
3284,706939.616,11:42:55:149,Trial027,27 cadeau dernier2.avi,20,DarkCyan,83.9849,Eye,18,18,3.1629,2.8310,534.02376047796,398.05434440307874,541.7949858906909,395.93175036295474,-,-,0.0000,0.0000,0.0000,0.0000,0.0000,0.0000,-,-,-,-,-,-,-,-,,
223272,706999.241,11:42:55:208,Trial027,NoImage,20,Indigo,83.9849,Eye,18,18,3.0284,2.8138,532.2427663691673,398.14425802536215,541.8498364031063,391.58672717678456,White Space,White Space,0,0,0,0,0,0,-,-,-,-,-,-,-,-,-,
3290,707058.847,11:42:55:268,Trial027,27 cadeau dernier2.avi,20,DarkCyan,83.9849,Eye,17,17,3.1562,2.7912,540.6274277875918,397.4171020816048,545.0327623401794,392.12505908546325,-,-,0.0000,0.0000,0.0000,0.0000,0.0000,0.0000,-,-,-,-,-,-,-,-,,
3293,707118.604,11:42:55:328,Trial027,27 cadeau dernier2.avi,20,DarkCyan,83.9849,Eye,19,19,3.0802,2.8807,538.9199449110342,402.8785760608232,549.9081450799143,395.31680512034006,-,-,0.0000,0.0000,0.0000,0.0000,0.0000,0.0000,-,-,-,-,-,-,-,-,,
3296,707178.233,11:42:55:387,Trial027,27 cadeau dernier2.avi,20,DarkCyan,83.9849,Eye,19,19,3.3054,2.8355,542.6868224068769,407.13687644985924,544.0433251623493,401.3032793715481,-,-,0.0000,0.0000,0.0000,0.0000,0.0000,0.0000,-,-,-,-,-,-,-,-,,
223284,707237.985,11:42:55:447,Trial027,NoImage,20,Indigo,83.9849,Eye,19,19,3.2399,2.8472,551.3358169822133,407.59449429846035,536.730961129465,403.0870911433012,White Space,White Space,0,0,0,0,0,0,-,-,-,-,-,-,-,-,-,
223287,707297.61,11:42:55:507,Trial027,NoImage,20,Indigo,83.9849,Eye,19,19,3.1946,2.7863,547.1622562050593,404.4240184810793,538.9234535461209,403.5894796366368,White Space,White Space,0,0,0,0,0,0,-,-,-,-,-,-,-,-,-,
3305,707357.224,11:42:55:566,Trial027,27 cadeau dernier2.avi,20,DarkCyan,83.9849,Eye,18,18,3.3166,2.8880,560.2648380914695,404.87075970026814,548.7907153045412,405.3090418683034,-,-,0.0000,0.0000,0.0000,0.0000,0.0000,0.0000,-,-,-,-,-,-,-,-,,
3308,707416.973,11:42:55:626,Trial027,27 cadeau dernier2.avi,20,DarkCyan,83.9849,Eye,20,20,3.2285,2.8535,581.7889624489535,393.72220269548023,571.8671350667365,396.88287441895267,-,-,0.0000,0.0000,0.0000,0.0000,0.0000,0.0000,-,-,-,-,-,-,-,-,,
223296,707476.603,11:42:55:686,Trial027,NoImage,20,Indigo,83.9849,Eye,20,20,3.2425,2.8072,595.1450574993692,383.36643224992014,584.8800336231249,383.8802235210889,White Space,White Space,0,0,0,0,0,0,-,-,-,-,-,-,-,-,-,
3314,707536.354,11:42:55:746,Trial027,27 cadeau dernier2.avi,20,DarkCyan,83.9849,Eye,20,20,3.0515,2.7806,604.7740990180394,380.96592511357704,591.792806078834,374.7843785541185,-,-,0.0000,0.0000,0.0000,0.0000,0.0000,0.0000,-,-,-,-,-,-,-,-,,
3317,707595.978,11:42:55:805,Trial027,27 cadeau dernier2.avi,20,DarkCyan,83.9849,Eye,20,20,3.0251,2.7426,604.2084191539266,375.50672208664963,602.6773339538729,369.89323723165916,-,-,0.0000,0.0000,0.0000,0.0000,0.0000,0.0000,-,-,-,-,-,-,-,-,,
223305,707655.584,11:42:55:865,Trial027,NoImage,20,Indigo,83.9849,Eye,20,20,3.0268,2.6111,611.3800319087072,366.6085223483825,609.513289760621,365.4952603528703,White Space,White Space,0,0,0,0,0,0,-,-,-,-,-,-,-,-,-,
223308,707715.344,11:42:55:925,Trial027,NoImage,20,Indigo,83.9849,Eye,19,19,2.8925,2.6974,623.2718558957973,363.35708728415796,618.9503022429445,360.0849205484016,White Space,White Space,0,0,0,0,0,0,-,-,-,-,-,-,-,-,-,
3326,707774.969,11:42:55:984,Trial027,27 cadeau dernier2.avi,20,DarkCyan,83.9849,Eye,21,21,2.9409,2.6326,652.2234597647104,359.17859857070147,635.9548004130112,351.81326196231527,-,-,0.0000,0.0000,0.0000,0.0000,0.0000,0.0000,-,-,-,-,-,-,-,-,,
3329,707834.754,11:42:56:044,Trial027,27 cadeau dernier2.avi,20,DarkCyan,83.9849,Eye,21,21,2.8734,2.6520,663.5154723999103,356.8998287096271,658.3764128039611,349.6783022471351,-,-,0.0000,0.0000,0.0000,0.0000,0.0000,0.0000,-,-,-,-,-,-,-,-,,
223317,707894.336,11:42:56:104,Trial027,NoImage,20,Indigo,83.9849,Eye,20,20,2.8328,2.6827,664.6738455983825,351.7588804029491,652.6182566426577,347.8121899841847,White Space,White Space,0,0,0,0,0,0,-,-,-,-,-,-,-,-,-,
3335,707953.962,11:42:56:163,Trial027,27 cadeau dernier2.avi,20,DarkCyan,83.9849,Eye,22,22,2.8748,2.6486,647.4038628265839,343.7282708497268,647.5996558979899,347.63296462223747,-,-,0.0000,0.0000,0.0000,0.0000,0.0000,0.0000,-,-,-,-,-,-,-,-,,
223323,708013.716,11:42:56:223,Trial027,NoImage,20,Indigo,83.9849,Eye,22,22,2.8816,2.6088,639.8994724399956,342.41948689687155,628.1075950622136,342.87951112088075,White Space,White Space,0,0,0,0,0,0,-,-,-,-,-,-,-,-,-,
223326,708073.341,11:42:56:283,Trial027,NoImage,20,Indigo,83.9849,Eye,22,22,2.8982,2.6902,625.4432998520913,342.8192109098624,624.2240109484402,338.80073883646384,White Space,White Space,0,0,0,0,0,0,-,-,-,-,-,-,-,-,-,
3344,708132.971,11:42:56:342,Trial027,27 cadeau dernier2.avi,20,DarkCyan,83.9849,Eye,22,22,2.9053,2.7293,617.8550514323492,337.15256765822465,618.6164054912836,333.3335440301652,-,-,0.0000,0.0000,0.0000,0.0000,0.0000,0.0000,-,-,-,-,-,-,-,-,,
3347,708192.702,11:42:56:402,Trial027,27 cadeau dernier2.avi,20,DarkCyan,83.9849,Eye,22,22,2.8938,2.6975,607.740733881398,333.44597828851585,609.8909313538882,331.0479755857642,-,-,0.0000,0.0000,0.0000,0.0000,0.0000,0.0000,-,-,-,-,-,-,-,-,,
223335,708252.337,11:42:56:462,Trial027,NoImage,20,Indigo,83.9849,Eye,22,22,2.8856,2.7048,603.0043737285514,333.97488899074295,597.0806410552885,328.23052455342025,White Space,White Space,0,0,0,0,0,0,-,-,-,-,-,-,-,-,-,
223338,708312.094,11:42:56:521,Trial027,NoImage,20,Indigo,83.9849,Eye,21,21,2.9384,2.7782,597.7436327068488,329.7824132992299,593.5167364631932,328.1910411131934,White Space,White Space,0,0,0,0,0,0,-,-,-,-,-,-,-,-,-,
3356,708371.716,11:42:56:581,Trial027,27 cadeau dernier2.avi,20,DarkCyan,83.9849,Eye,23,23,3.0112,2.6910,591.0141092263376,330.06185924534566,579.0746669153657,327.98948901362775,-,-,0.0000,0.0000,0.0000,0.0000,0.0000,0.0000,-,-,-,-,-,-,-,-,,
223344,708431.33,11:42:56:641,Trial027,NoImage,20,Indigo,83.9849,Eye,23,23,2.9614,2.7326,581.471665233569,328.1699134623403,574.0105366404639,330.44049754743435,White Space,White Space,0,0,0,0,0,0,-,-,-,-,-,-,-,-,-,
3362,708491.077,11:42:56:700,Trial027,27 cadeau dernier2.avi,20,DarkCyan,83.9849,Eye,23,23,2.9597,2.7017,576.0221325720605,324.0131434779327,574.15559030659,328.5632089613344,-,-,0.0000,0.0000,0.0000,0.0000,0.0000,0.0000,-,-,-,-,-,-,-,-,,
3365,708550.707,11:42:56:760,Trial027,27 cadeau dernier2.avi,20,DarkCyan,83.9849,Eye,23,23,2.8482,2.7548,573.8258172519509,321.33336609920894,569.9612164583425,327.66574242600285,-,-,0.0000,0.0000,0.0000,0.0000,0.0000,0.0000,-,-,-,-,-,-,-,-,,
3368,708610.457,11:42:56:820,Trial027,27 cadeau dernier2.avi,20,DarkCyan,83.9849,Eye,24,24,3.0176,2.7121,577.8280110244513,331.3633337970718,575.4701561863274,332.91562029144666,-,-,0.0000,0.0000,0.0000,0.0000,0.0000,0.0000,-,-,-,-,-,-,-,-,,
3371,708670.081,11:42:56:879,Trial027,27 cadeau dernier2.avi,20,DarkCyan,83.9849,Eye,24,24,3.0965,2.7316,580.6776231437138,342.5401148958868,588.9912172073161,344.58776822110053,-,-,0.0000,0.0000,0.0000,0.0000,0.0000,0.0000,-,-,-,-,-,-,-,-,,
3374,708729.696,11:42:56:939,Trial027,27 cadeau dernier2.avi,20,DarkCyan,83.9849,Eye,24,24,3.1200,2.8407,584.0935251045769,349.08662983445237,594.2656517673759,355.45893508953054,-,-,0.0000,0.0000,0.0000,0.0000,0.0000,0.0000,-,-,-,-,-,-,-,-,,
3377,708789.45,11:42:56:999,Trial027,27 cadeau dernier2.avi,20,DarkCyan,83.9849,Eye,24,24,3.2236,2.7614,594.8669719663153,357.06647029775854,605.7177152474247,361.7667650694086,-,-,0.0000,0.0000,0.0000,0.0000,0.0000,0.0000,-,-,-,-,-,-,-,-,,
3380,708849.091,11:42:57:058,Trial027,27 cadeau dernier2.avi,20,DarkCyan,83.9849,Eye,25,25,3.1826,2.9157,599.1099852481648,369.0667166660057,605.6899706140573,378.1211777671785,-,-,0.0000,0.0000,0.0000,0.0000,0.0000,0.0000,-,-,-,-,-,-,-,-,,
3383,708908.702,11:42:57:118,Trial027,27 cadeau dernier2.avi,20,DarkCyan,83.9849,Eye,25,25,3.2898,2.9026,608.9818651311748,384.8032827295554,612.1797494780715,389.5924207641221,-,-,0.0000,0.0000,0.0000,0.0000,0.0000,0.0000,-,-,-,-,-,-,-,-,,
223371,708968.455,11:42:57:178,Trial027,NoImage,20,Indigo,83.9849,Eye,25,25,3.4709,2.9908,609.7907056226412,398.7676684219377,612.5657218683822,404.66612015671234,White Space,White Space,0,0,0,0,0,0,-,-,-,-,-,-,-,-,-,
223374,709028.071,11:42:57:237,Trial027,NoImage,20,Indigo,83.9849,Eye,25,25,3.3629,2.9259,610.6552289632134,403.9811921674903,614.9271092844668,406.36982680176806,White Space,White Space,0,0,0,0,0,0,-,-,-,-,-,-,-,-,-,
3392,709087.822,11:42:57:297,Trial027,27 cadeau dernier2.avi,20,DarkCyan,83.9849,Eye,25,25,3.2986,2.9272,614.1586461879904,409.4544517369015,611.1959505661446,414.3686636816595,-,-,0.0000,0.0000,0.0000,0.0000,0.0000,0.0000,-,-,-,-,-,-,-,-,,
223380,709147.448,11:42:57:357,Trial027,NoImage,20,Indigo,83.9849,Eye,25,25,3.2074,3.0408,617.9839528007517,413.1106558616875,614.3600239932967,419.02792419414965,White Space,White Space,0,0,0,0,0,0,-,-,-,-,-,-,-,-,-,
223383,709207.064,11:42:57:416,Trial027,NoImage,20,Indigo,83.9849,Eye,25,25,3.2749,2.9186,623.8958704853015,415.78689276018133,616.5431638404312,420.1229919958372,White Space,White Space,0,0,0,0,0,0,-,-,-,-,-,-,-,-,-,
223386,709266.825,11:42:57:476,Trial027,NoImage,20,Indigo,83.9849,Eye,25,25,2.9891,2.9353,612.6651526134988,416.2974609727676,617.4126333241221,421.66455539969974,White Space,White Space,0,0,0,0,0,0,-,-,-,-,-,-,-,-,-,
3404,709326.43,11:42:57:536,Trial027,27 cadeau dernier2.avi,20,DarkCyan,83.9849,Eye,25,25,3.0495,2.8771,616.3641965584123,418.2522817824305,609.9444225633299,423.7841652736339,-,-,0.0000,0.0000,0.0000,0.0000,0.0000,0.0000,-,-,-,-,-,-,-,-,,
3407,709386.066,11:42:57:595,Trial027,27 cadeau dernier2.avi,20,DarkCyan,83.9849,Eye,26,26,3.2430,2.9398,609.8220141092647,425.867717094073,614.3891110849447,428.9674118543668,-,-,0.0000,0.0000,0.0000,0.0000,0.0000,0.0000,-,-,-,-,-,-,-,-,,
223395,709445.822,11:42:57:655,Trial027,NoImage,20,Indigo,83.9849,Eye,26,26,3.1992,2.7874,609.0160128141752,432.64498855185684,614.3543576109212,437.10336466463326,White Space,White Space,0,0,0,0,0,0,-,-,-,-,-,-,-,-,-,
3413,709505.445,11:42:57:715,Trial027,27 cadeau dernier2.avi,20,DarkCyan,83.9849,Eye,26,26,3.1773,2.7776,603.0084359043894,440.7122227246087,613.9664309384817,440.9260317401032,-,-,0.0000,0.0000,0.0000,0.0000,0.0000,0.0000,-,-,-,-,-,-,-,-,,
223401,709565.185,11:42:57:774,Trial027,NoImage,20,Indigo,83.9849,Eye,27,27,2.9255,2.7087,599.3628039666322,426.7863462988345,613.3980585488162,423.96050627350184,White Space,White Space,0,0,0,0,0,0,-,-,-,-,-,-,-,-,-,
223404,709624.809,11:42:57:834,Trial027,NoImage,20,Indigo,83.9849,Eye,27,27,3.0138,2.8036,589.4254655467615,416.3324352974292,604.3933083317572,418.67027032492837,White Space,White Space,0,0,0,0,0,0,-,-,-,-,-,-,-,-,-,
3422,709684.436,11:42:57:894,Trial027,27 cadeau dernier2.avi,20,DarkCyan,83.9849,Eye,27,27,2.9326,2.7524,576.9851223957008,411.53028990444164,599.8051308509301,411.87552854238606,-,-,0.0000,0.0000,0.0000,0.0000,0.0000,0.0000,-,-,-,-,-,-,-,-,,
3425,709744.191,11:42:57:953,Trial027,27 cadeau dernier2.avi,20,DarkCyan,83.9849,Eye,27,27,2.9874,2.6820,570.7378142892705,407.3975612030596,596.513752879462,405.8931547257739,-,-,0.0000,0.0000,0.0000,0.0000,0.0000,0.0000,-,-,-,-,-,-,-,-,,
3428,709803.828,11:42:58:013,Trial027,27 cadeau dernier2.avi,20,DarkCyan,83.9849,Eye,27,27,3.0035,2.7038,575.9954200321896,403.8582063828685,588.9419823257906,403.25861652693703,-,-,0.0000,0.0000,0.0000,0.0000,0.0000,0.0000,-,-,-,-,-,-,-,-,,
3431,709863.565,11:42:58:073,Trial027,27 cadeau dernier2.avi,20,DarkCyan,83.9849,Eye,27,27,3.1040,2.8021,578.8542433570744,400.33222584109166,585.5696265406322,399.04831702366283,-,-,0.0000,0.0000,0.0000,0.0000,0.0000,0.0000,-,-,-,-,-,-,-,-,,
223419,709923.178,11:42:58:132,Trial027,NoImage,20,Indigo,83.9849,Eye,27,27,3.1125,2.7549,583.8344432250431,398.8292201554773,579.6006064842927,399.0927335306348,White Space,White Space,0,0,0,0,0,0,-,-,-,-,-,-,-,-,-,
223422,709982.808,11:42:58:192,Trial027,NoImage,20,Indigo,83.9849,Eye,27,27,3.0957,2.7723,572.7701458400963,397.9409380033781,567.3868456127141,398.61563984441733,White Space,White Space,0,0,0,0,0,0,-,-,-,-,-,-,-,-,-,
3440,710042.557,11:42:58:252,Trial027,27 cadeau dernier2.avi,20,DarkCyan,83.9849,Eye,27,27,3.1066,2.8916,580.5287868251468,397.83372542279716,565.0978478045774,394.17942210420097,-,-,0.0000,0.0000,0.0000,0.0000,0.0000,0.0000,-,-,-,-,-,-,-,-,,
223428,710102.18,11:42:58:311,Trial027,NoImage,20,Indigo,83.9849,Eye,27,27,3.2441,2.83,588.6635209263617,392.6593472582443,560.149448832324,391.36229198142763,White Space,White Space,0,0,0,0,0,0,-,-,-,-,-,-,-,-,-,
3446,710161.792,11:42:58:371,Trial027,27 cadeau dernier2.avi,20,DarkCyan,83.9849,Eye,27,27,3.0946,2.8297,578.6684049098977,389.8659940096106,555.2274535810947,388.2310001122595,-,-,0.0000,0.0000,0.0000,0.0000,0.0000,0.0000,-,-,-,-,-,-,-,-,,
223434,710221.549,11:42:58:431,Trial027,NoImage,20,Indigo,83.9849,Eye,27,27,3.2471,2.8119,577.3136416285743,390.5659009041529,554.8580369586747,390.693937149689,White Space,White Space,0,0,0,0,0,0,-,-,-,-,-,-,-,-,-,
3452,710281.177,11:42:58:490,Trial027,27 cadeau dernier2.avi,20,DarkCyan,83.9849,Eye,27,27,3.1112,2.6491,572.1984034295328,388.15189688429615,568.8081610628831,384.4132688022557,-,-,0.0000,0.0000,0.0000,0.0000,0.0000,0.0000,-,-,-,-,-,-,-,-,,
223440,710340.93,11:42:58:550,Trial027,NoImage,20,Indigo,83.9849,Eye,27,27,3.1943,2.7621,574.0359234868394,386.3578704053122,562.7468136492904,384.3367515380667,White Space,White Space,0,0,0,0,0,0,-,-,-,-,-,-,-,-,-,
223443,710400.56,11:42:58:610,Trial027,NoImage,20,Indigo,83.9849,Eye,27,27,3.1483,2.8507,579.5087230820319,387.10656258382716,565.9209471200453,386.9571405468168,White Space,White Space,0,0,0,0,0,0,-,-,-,-,-,-,-,-,-,
3461,710460.167,11:42:58:669,Trial027,27 cadeau dernier2.avi,20,DarkCyan,83.9849,Eye,27,27,3.1478,2.7362,574.2499965720755,382.72871244518393,560.0035490159762,382.0548697336979,-,-,0.0000,0.0000,0.0000,0.0000,0.0000,0.0000,-,-,-,-,-,-,-,-,,
223449,710519.92,11:42:58:729,Trial027,NoImage,20,Indigo,83.9849,Eye,27,27,3.1345,2.7759,571.4640515083487,384.0613229340608,568.015695124073,381.4759745633082,White Space,White Space,0,0,0,0,0,0,-,-,-,-,-,-,-,-,-,
3467,710579.55,11:42:58:789,Trial027,27 cadeau dernier2.avi,20,DarkCyan,83.9849,Eye,27,27,3.1813,2.7752,574.2311310806058,380.6319451893371,575.8411744065304,384.12679135368836,-,-,0.0000,0.0000,0.0000,0.0000,0.0000,0.0000,-,-,-,-,-,-,-,-,,
223455,710639.316,11:42:58:849,Trial027,NoImage,20,Indigo,83.9849,Eye,27,27,3.1312,2.7754,594.225811268126,379.3750046576432,574.0368872372738,382.140487038645,White Space,White Space,0,0,0,0,0,0,-,-,-,-,-,-,-,-,-,
223458,710698.919,11:42:58:908,Trial027,NoImage,20,Indigo,83.9849,Eye,27,27,3.1296,2.6705,596.0445487983422,374.98703656058143,574.1706908674124,381.47588174252854,White Space,White Space,0,0,0,0,0,0,-,-,-,-,-,-,-,-,-,
3476,710758.538,11:42:58:968,Trial027,27 cadeau dernier2.avi,20,DarkCyan,83.9849,Eye,27,27,2.8983,2.7927,595.4823060120917,374.20825729878874,572.6026890483049,379.8037842279563,-,-,0.0000,0.0000,0.0000,0.0000,0.0000,0.0000,-,-,-,-,-,-,-,-,,
3479,710818.282,11:42:59:027,Trial027,27 cadeau dernier2.avi,20,DarkCyan,83.9849,Eye,27,27,2.9771,2.7720,597.6762813845786,376.3264258908204,578.1092783344375,376.8544521747745,-,-,0.0000,0.0000,0.0000,0.0000,0.0000,0.0000,-,-,-,-,-,-,-,-,,
223467,710877.92,11:42:59:087,Trial027,NoImage,20,Indigo,0.0,Eye,27,27,3.0648,2.7843,599.3217629139436,377.9150523348441,582.239220299037,374.64245313488817,White Space,White Space,0,0,0,0,0,0,-,-,-,-,-,-,-,-,-,
223470,710937.555,11:42:59:147,Trial027,NoImage,20,Indigo,0.0,Eye,-,2,3.0058,2.7223,600.5558740609675,379.10652216786195,585.3366767724866,372.98345385497345,White Space,White Space,0,0,0,0,0,0,-,-,-,-,-,-,-,-,-,
223473,710997.273,11:42:59:206,Trial027,NoImage,20,Indigo,0.0,Eye,28,2,3.8674,2.7223,601.4814574212354,380.0001245426253,587.6597691275738,371.73920439503735,White Space,White Space,0,0,0,0,0,0,-,-,-,-,-,-,-,-,-,
223476,711056.9,11:42:59:266,Trial027,NoImage,20,Indigo,0.0,Eye,28,28,3.7345,3.0429,,,,,White Space,White Space,0,0,0,0,0,0,-,-,-,-,-,-,-,-,-,
3494,711116.65,11:42:59:326,Trial027,27 cadeau dernier2.avi,20,DarkCyan,0.0,Eye,28,28,3.6564,3.0545,,,,,-,-,0.0000,0.0000,0.0000,0.0000,0.0000,0.0000,-,-,-,-,-,-,-,-,,
3497,711176.288,11:42:59:385,Trial027,27 cadeau dernier2.avi,20,DarkCyan,0.0,Eye,28,28,3.5182,2.9534,,,,,-,-,0.0000,0.0000,0.0000,0.0000,0.0000,0.0000,-,-,-,-,-,-,-,-,,
3500,711236.039,11:42:59:445,Trial027,27 cadeau dernier2.avi,20,DarkCyan,83.9849,Eye,28,28,3.5564,2.9704,776.3726316405294,406.9610441811709,748.6966138127535,396.0467700635414,-,-,0.0000,0.0000,0.0000,0.0000,0.0000,0.0000,-,-,-,-,-,-,-,-,,
223488,711295.654,11:42:59:505,Trial027,NoImage,20,Indigo,83.9849,Eye,27,26,3.532,2.885,818.3991476652543,416.3676174714599,788.8511140934964,405.6714107250896,White Space,White Space,0,0,0,0,0,0,-,-,-,-,-,-,-,-,-,
223491,711355.274,11:42:59:564,Trial027,NoImage,20,Indigo,83.9849,Eye,27,26,3.5003,2.9361,819.7817949198973,421.80611163113326,797.4199979249704,416.47182094094427,White Space,White Space,0,0,0,0,0,0,-,-,-,-,-,-,-,-,-,
3509,711415.034,11:42:59:624,Trial027,27 cadeau dernier2.avi,20,DarkCyan,83.9849,Eye,27,26,3.5858,2.9789,793.492227049508,429.3783331769648,775.0822914604634,419.5699444911066,-,-,0.0000,0.0000,0.0000,0.0000,0.0000,0.0000,-,-,-,-,-,-,-,-,,
223497,711474.659,11:42:59:684,Trial027,NoImage,20,Indigo,83.9849,Eye,29,29,3.5689,2.9197,754.1939510892608,427.5728748723053,745.0519425253444,420.0667378569119,White Space,White Space,0,0,0,0,0,0,-,-,-,-,-,-,-,-,-,
3515,711534.273,11:42:59:743,Trial027,27 cadeau dernier2.avi,20,DarkCyan,83.9849,Eye,29,29,3.4349,2.7149,733.9255966476318,423.78849895304927,713.7645430475527,418.6615622861737,-,-,0.0000,0.0000,0.0000,0.0000,0.0000,0.0000,-,-,-,-,-,-,-,-,,
223503,711594.017,11:42:59:803,Trial027,NoImage,20,Indigo,83.9849,Eye,28,27,3.1196,2.5237,699.7905139945062,419.2052039989275,685.9502400942763,420.43102223971636,White Space,White Space,0,0,0,0,0,0,-,-,-,-,-,-,-,-,-,
3521,711653.658,11:42:59:863,Trial027,27 cadeau dernier2.avi,20,DarkCyan,83.9849,Eye,30,30,2.9658,2.3982,657.5288424608132,413.53932016765043,649.597192802659,413.84595701999126,-,-,0.0000,0.0000,0.0000,0.0000,0.0000,0.0000,-,-,-,-,-,-,-,-,,
223509,711713.406,11:42:59:923,Trial027,NoImage,20,Indigo,83.9849,Eye,30,30,2.9291,2.4386,626.2827415405577,410.9940585166848,620.4688001217357,413.05736411453336,White Space,White Space,0,0,0,0,0,0,-,-,-,-,-,-,-,-,-,
3527,711773.056,11:42:59:982,Trial027,27 cadeau dernier2.avi,20,DarkCyan,83.9849,Eye,30,30,2.9530,2.4603,600.6282364061228,408.3892371191591,598.1009906520153,409.7151861444649,-,-,0.0000,0.0000,0.0000,0.0000,0.0000,0.0000,-,-,-,-,-,-,-,-,,
223515,711832.636,11:43:00:042,Trial027,NoImage,20,Indigo,83.9849,Eye,30,30,2.8656,2.3668,586.1649870081278,404.97578779894326,581.4954868382345,411.17048447802534,White Space,White Space,0,0,0,0,0,0,-,-,-,-,-,-,-,-,-,
3533,711892.395,11:43:00:102,Trial027,27 cadeau dernier2.avi,20,DarkCyan,83.9849,Eye,30,30,2.8015,2.3427,581.9494939602839,404.1722647263224,570.0061648499026,409.30643226805506,-,-,0.0000,0.0000,0.0000,0.0000,0.0000,0.0000,-,-,-,-,-,-,-,-,,
223521,711952.022,11:43:00:161,Trial027,NoImage,20,Indigo,83.9849,Eye,30,30,2.9881,2.3081,567.9312435690869,408.4015736264333,564.4431664422741,409.4528373668763,White Space,White Space,0,0,0,0,0,0,-,-,-,-,-,-,-,-,-,
3539,712011.652,11:43:00:221,Trial027,27 cadeau dernier2.avi,20,DarkCyan,83.9849,Eye,30,30,2.9721,2.5020,555.0838086391867,405.6926655517867,557.8930731042492,406.79873335031726,-,-,0.0000,0.0000,0.0000,0.0000,0.0000,0.0000,-,-,-,-,-,-,-,-,,
223527,712071.401,11:43:00:281,Trial027,NoImage,20,Indigo,83.9849,Eye,30,30,2.9847,2.3457,552.9231394126476,404.2652755424601,555.7070612095879,409.2894864518481,White Space,White Space,0,0,0,0,0,0,-,-,-,-,-,-,-,-,-,
223530,712131.008,11:43:00:340,Trial027,NoImage,20,Indigo,83.9849,Eye,30,30,3.1412,2.5117,555.8358117594496,405.3325425835151,552.9097029842726,404.69478894457336,White Space,White Space,0,0,0,0,0,0,-,-,-,-,-,-,-,-,-,
223533,712190.77,11:43:00:400,Trial027,NoImage,20,Indigo,83.9849,Eye,30,30,3.2517,2.6314,557.7051477980631,411.06346237343314,548.4365186197897,404.5373840821423,White Space,White Space,0,0,0,0,0,0,-,-,-,-,-,-,-,-,-,
3551,712250.393,11:43:00:460,Trial027,27 cadeau dernier2.avi,20,DarkCyan,83.9849,Eye,30,30,3.1838,2.5815,560.4999392139781,410.4143747986349,540.7761594055014,402.7208878518286,-,-,0.0000,0.0000,0.0000,0.0000,0.0000,0.0000,-,-,-,-,-,-,-,-,,
223539,712310.022,11:43:00:519,Trial027,NoImage,20,Indigo,83.9849,Eye,30,30,3.1909,2.5784,554.5431978765567,411.14236560055065,548.2071368277769,404.18486652398616,White Space,White Space,0,0,0,0,0,0,-,-,-,-,-,-,-,-,-,
3557,712369.771,11:43:00:579,Trial027,27 cadeau dernier2.avi,20,DarkCyan,83.9849,Eye,30,30,3.2570,2.5739,555.4958024801913,413.1734174893909,549.4783835308914,406.19761020412017,-,-,0.0000,0.0000,0.0000,0.0000,0.0000,0.0000,-,-,-,-,-,-,-,-,,
223545,712429.382,11:43:00:639,Trial027,NoImage,20,Indigo,83.9849,Eye,30,30,3.2349,2.444,552.6055716781525,413.1937197115781,552.15309149214,403.7134722686813,White Space,White Space,0,0,0,0,0,0,-,-,-,-,-,-,-,-,-,
223548,712489.134,11:43:00:698,Trial027,NoImage,20,Indigo,83.9849,Eye,30,30,3.1918,2.5781,547.3552076013954,408.5547692306089,545.9081026765317,403.08382995496436,White Space,White Space,0,0,0,0,0,0,-,-,-,-,-,-,-,-,-,
3566,712548.763,11:43:00:758,Trial027,27 cadeau dernier2.avi,20,DarkCyan,83.9849,Eye,30,30,3.2425,2.5729,544.5034471523188,407.7808316583811,544.7684062863772,402.94705006055835,-,-,0.0000,0.0000,0.0000,0.0000,0.0000,0.0000,-,-,-,-,-,-,-,-,,
223554,712608.39,11:43:00:818,Trial027,NoImage,20,Indigo,83.9849,Eye,30,30,3.3076,2.5239,546.0322038397279,410.3128640441178,539.7545535786791,401.38620564746685,White Space,White Space,0,0,0,0,0,0,-,-,-,-,-,-,-,-,-,
3572,712668.144,11:43:00:877,Trial027,27 cadeau dernier2.avi,20,DarkCyan,83.9849,Eye,30,30,3.3368,2.5749,546.7197689277593,409.1373751070905,542.371464935556,402.1941777474456,-,-,0.0000,0.0000,0.0000,0.0000,0.0000,0.0000,-,-,-,-,-,-,-,-,,
223560,712727.741,11:43:00:937,Trial027,NoImage,20,Indigo,83.9849,Eye,30,30,3.3869,2.5877,547.5035472589057,406.43396151788886,548.8158984375978,408.949476234721,White Space,White Space,0,0,0,0,0,0,-,-,-,-,-,-,-,-,-,
3578,712787.382,11:43:00:997,Trial027,27 cadeau dernier2.avi,20,DarkCyan,83.9849,Eye,30,30,3.3352,2.5098,549.0416768071044,406.7554526665634,553.8151064513609,409.79697456808213,-,-,0.0000,0.0000,0.0000,0.0000,0.0000,0.0000,-,-,-,-,-,-,-,-,,
223566,712847.133,11:43:01:056,Trial027,NoImage,20,Indigo,83.9849,Eye,30,30,3.3223,2.5588,545.6013381370285,409.2444218871438,551.1578290570964,408.6152623007559,White Space,White Space,0,0,0,0,0,0,-,-,-,-,-,-,-,-,-,
3584,712906.776,11:43:01:116,Trial027,27 cadeau dernier2.avi,20,DarkCyan,83.9849,Eye,30,30,3.2627,2.6501,538.9514864702363,411.0784268645511,552.3863457630539,408.7866629242516,-,-,0.0000,0.0000,0.0000,0.0000,0.0000,0.0000,-,-,-,-,-,-,-,-,,
223572,712966.497,11:43:01:176,Trial027,NoImage,20,Indigo,83.9849,Eye,30,30,3.3093,2.5703,537.4314638684531,411.1843504004404,552.9368044862315,405.57556081574495,White Space,White Space,0,0,0,0,0,0,-,-,-,-,-,-,-,-,-,
3590,713026.124,11:43:01:235,Trial027,27 cadeau dernier2.avi,20,DarkCyan,83.9849,Eye,30,30,3.2888,2.6060,543.9032894049884,406.35837298574984,552.1741588399021,403.1454687112289,-,-,0.0000,0.0000,0.0000,0.0000,0.0000,0.0000,-,-,-,-,-,-,-,-,,
223578,713085.754,11:43:01:295,Trial027,NoImage,20,Indigo,83.9849,Eye,30,30,3.3503,2.5455,538.6615442054036,407.8963027464353,553.203903521257,402.9590018170291,White Space,White Space,0,0,0,0,0,0,-,-,-,-,-,-,-,-,-,
3596,713145.507,11:43:01:355,Trial027,27 cadeau dernier2.avi,20,DarkCyan,83.9849,Eye,30,30,3.2548,2.5535,541.687301987533,404.73180210658137,549.0686305474203,401.21419056321366,-,-,0.0000,0.0000,0.0000,0.0000,0.0000,0.0000,-,-,-,-,-,-,-,-,,
3599,713205.131,11:43:01:414,Trial027,27 cadeau dernier2.avi,20,DarkCyan,83.9849,Eye,30,30,3.2862,2.5893,544.5285607034848,407.4090214256923,542.4673254956087,405.64743195293516,-,-,0.0000,0.0000,0.0000,0.0000,0.0000,0.0000,-,-,-,-,-,-,-,-,,
223587,713264.86,11:43:01:474,Trial027,NoImage,20,Indigo,83.9849,Eye,3,3,3.2413,2.559,471.32739601333407,373.4305563320065,469.78146960742697,372.2340737533721,White Space,White Space,0,0,0,0,0,0,-,-,-,-,-,-,-,-,-,
223590,713324.499,11:43:01:534,Trial027,NoImage,20,Indigo,83.9849,Eye,3,3,3.2413,2.559,416.3261079164629,347.99996037587954,415.16666311203255,347.22730796783713,White Space,White Space,0,0,0,0,0,0,-,-,-,-,-,-,-,-,-,
223593,713505.567,11:43:01:715,Trial027,NoImage,20,Indigo,83.9849,Eye,3,3,3.2413,2.559,375.0806619109414,328.9569668403031,374.21107830761866,328.50218706020473,White Space,White Space,0,0,0,0,0,0,-,-,-,-,-,-,-,-,-,
223596,713701.599,11:43:01:911,Trial027,NoImage,20,Indigo,83.9849,Eye,31,31,3.4645,2.7286,423.06454910892205,349.54797873310207,421.08476486771974,353.13026636856864,White Space,White Space,0,0,0,0,0,0,-,-,-,-,-,-,-,-,-,
223599,713761.353,11:43:01:971,Trial027,NoImage,20,Indigo,83.9849,Eye,31,31,3.1898,2.4967,451.74074804355035,361.76615123544315,451.05254806641017,368.1020799017001,White Space,White Space,0,0,0,0,0,0,-,-,-,-,-,-,-,-,-,
3617,713820.989,11:43:02:030,Trial027,27 cadeau dernier2.avi,20,DarkCyan,83.9849,Eye,31,31,2.8187,2.3642,468.8955467940694,368.4271002859358,474.69862458906925,374.68961605232977,-,-,0.0000,0.0000,0.0000,0.0000,0.0000,0.0000,-,-,-,-,-,-,-,-,,
3620,713880.616,11:43:02:090,Trial027,27 cadeau dernier2.avi,20,DarkCyan,83.9849,Eye,31,31,2.7858,2.2681,489.58459110085596,379.33078227783767,494.51676314887743,381.3389020328393,-,-,0.0000,0.0000,0.0000,0.0000,0.0000,0.0000,-,-,-,-,-,-,-,-,,
3623,713940.398,11:43:02:150,Trial027,27 cadeau dernier2.avi,20,DarkCyan,83.9849,Eye,31,31,2.6200,2.2707,510.26423739777704,384.9841339103037,518.2041687718728,387.16358061671735,-,-,0.0000,0.0000,0.0000,0.0000,0.0000,0.0000,-,-,-,-,-,-,-,-,,
223611,713999.978,11:43:02:209,Trial027,NoImage,20,Indigo,83.9849,Eye,31,31,2.5417,2.1846,528.9413959086389,386.0509015857106,528.3366149783999,391.13788776332507,White Space,White Space,0,0,0,0,0,0,-,-,-,-,-,-,-,-,-,
3629,714059.731,11:43:02:269,Trial027,27 cadeau dernier2.avi,20,DarkCyan,83.9849,Eye,31,31,2.6333,2.2016,533.9246798913186,393.05092986019935,532.5094658499421,397.0317793006582,-,-,0.0000,0.0000,0.0000,0.0000,0.0000,0.0000,-,-,-,-,-,-,-,-,,
223617,714119.361,11:43:02:329,Trial027,NoImage,20,Indigo,83.9849,Eye,29,31,2.5659,2.2258,537.2645945156527,394.49982043346193,534.4279010364309,394.5057224743542,White Space,White Space,0,0,0,0,0,0,-,-,-,-,-,-,-,-,-,
3635,714178.99,11:43:02:388,Trial027,27 cadeau dernier2.avi,20,DarkCyan,83.9849,Eye,4,4,2.6401,2.1791,465.7426469154434,363.9649573441248,463.615126806027,364.0940934007274,-,-,0.0000,0.0000,0.0000,0.0000,0.0000,0.0000,-,-,-,-,-,-,-,-,,
223623,714238.739,11:43:02:448,Trial027,NoImage,20,Indigo,83.9849,Eye,4,4,2.6401,2.1791,412.12633029224,341.03121249077094,410.5306902101778,341.25277405915637,White Space,White Space,0,0,0,0,0,0,-,-,-,-,-,-,-,-,-,
3641,714443.806,11:43:02:653,Trial027,27 cadeau dernier2.avi,20,DarkCyan,83.9849,Eye,4,4,2.6401,2.1791,371.9399368385111,323.8656686515981,370.7432067769643,324.15654935382065,-,-,0.0000,0.0000,0.0000,0.0000,0.0000,0.0000,-,-,-,-,-,-,-,-,,
3644,714640.107,11:43:02:849,Trial027,27 cadeau dernier2.avi,20,DarkCyan,83.9849,Eye,32,32,3.0588,2.6288,418.83981804223197,345.03393807557563,416.03589649961543,347.3686734787684,-,-,0.0000,0.0000,0.0000,0.0000,0.0000,0.0000,-,-,-,-,-,-,-,-,,
223632,714699.83,11:43:02:909,Trial027,NoImage,20,Indigo,83.9849,Eye,32,32,2.6049,2.4467,462.29356996530606,364.4379130653582,449.8325319176405,363.53074275444914,White Space,White Space,0,0,0,0,0,0,-,-,-,-,-,-,-,-,-,
3650,714759.462,11:43:02:969,Trial027,27 cadeau dernier2.avi,20,DarkCyan,83.9849,Eye,32,32,2.4215,1.9879,488.21053483462856,378.1581080627413,471.52533536703197,374.75837239373305,-,-,0.0000,0.0000,0.0000,0.0000,0.0000,0.0000,-,-,-,-,-,-,-,-,,
223638,714819.226,11:43:03:028,Trial027,NoImage,20,Indigo,83.9849,Eye,32,32,3.1669,2.1641,508.9579294940318,387.3180242621953,494.6310670167038,379.5255670996558,White Space,White Space,0,0,0,0,0,0,-,-,-,-,-,-,-,-,-,
3656,714878.849,11:43:03:088,Trial027,27 cadeau dernier2.avi,20,DarkCyan,83.9849,Eye,30,28,2.8537,1.6732,530.1559007620687,391.48884004327743,503.19883412898866,381.502741884845,-,-,0.0000,0.0000,0.0000,0.0000,0.0000,0.0000,-,-,-,-,-,-,-,-,,
3659,714938.476,11:43:03:148,Trial027,27 cadeau dernier2.avi,20,DarkCyan,83.9849,Eye,33,33,2.7979,2.4032,542.4496047127686,391.0627393315407,513.1828240675101,389.7180805397445,-,-,0.0000,0.0000,0.0000,0.0000,0.0000,0.0000,-,-,-,-,-,-,-,-,,
223647,714998.215,11:43:03:207,Trial027,NoImage,20,Indigo,83.9849,Eye,33,33,2.8936,2.5406,548.1769672866081,391.9931046469124,531.6034205042664,395.9097824389434,White Space,White Space,0,0,0,0,0,0,-,-,-,-,-,-,-,-,-,
3665,715057.842,11:43:03:267,Trial027,27 cadeau dernier2.avi,20,DarkCyan,83.9849,Eye,33,33,2.8957,2.5319,547.157382193729,393.9474857198539,534.5073286628289,395.15801453524284,-,-,0.0000,0.0000,0.0000,0.0000,0.0000,0.0000,-,-,-,-,-,-,-,-,,
3668,715117.594,11:43:03:327,Trial027,27 cadeau dernier2.avi,20,DarkCyan,83.9849,Eye,33,33,2.8147,2.3753,552.2797416261074,390.83120104104603,541.8515676534125,392.2992817982784,-,-,0.0000,0.0000,0.0000,0.0000,0.0000,0.0000,-,-,-,-,-,-,-,-,,
223656,715177.221,11:43:03:386,Trial027,NoImage,20,Indigo,83.9849,Eye,33,33,2.7009,2.5563,559.0360658429771,394.14629734323455,549.6820396839322,394.7334273307215,White Space,White Space,0,0,0,0,0,0,-,-,-,-,-,-,-,-,-,
3674,715236.846,11:43:03:446,Trial027,27 cadeau dernier2.avi,20,DarkCyan,83.9849,Eye,33,33,2.6689,2.4427,555.7713687920386,394.08369394775804,561.6194878608239,394.65155419340806,-,-,0.0000,0.0000,0.0000,0.0000,0.0000,0.0000,-,-,-,-,-,-,-,-,,
223662,715296.585,11:43:03:506,Trial027,NoImage,20,Indigo,83.9849,Eye,33,33,2.8256,2.4595,561.5758267455349,395.1416707300658,568.5996382077848,391.527098300284,White Space,White Space,0,0,0,0,0,0,-,-,-,-,-,-,-,-,-,
3680,715356.214,11:43:03:565,Trial027,27 cadeau dernier2.avi,20,DarkCyan,83.9849,Eye,33,33,2.8414,2.4735,561.1100405583763,399.6332398872111,569.7959924697439,398.27534347697735,-,-,0.0000,0.0000,0.0000,0.0000,0.0000,0.0000,-,-,-,-,-,-,-,-,,
223668,715415.841,11:43:03:625,Trial027,NoImage,20,Indigo,83.9849,Eye,33,33,2.8801,2.5499,561.2771814212059,396.6064171033975,563.8858119079066,401.6758979266579,White Space,White Space,0,0,0,0,0,0,-,-,-,-,-,-,-,-,-,
3686,715475.589,11:43:03:685,Trial027,27 cadeau dernier2.avi,20,DarkCyan,83.9849,Eye,33,33,2.8060,2.5179,559.5914206410691,398.0234164998459,561.4162070245435,398.9121046044677,-,-,0.0000,0.0000,0.0000,0.0000,0.0000,0.0000,-,-,-,-,-,-,-,-,,
223674,715535.202,11:43:03:744,Trial027,NoImage,20,Indigo,83.9849,Eye,33,33,2.6736,2.4563,563.8506699610036,395.4201045430844,561.4723273867419,402.33453529485536,White Space,White Space,0,0,0,0,0,0,-,-,-,-,-,-,-,-,-,
223677,715594.953,11:43:03:804,Trial027,NoImage,20,Indigo,83.9849,Eye,33,33,2.7635,2.5177,568.852963636186,399.9954851976316,574.9461589616645,402.6946934080949,White Space,White Space,0,0,0,0,0,0,-,-,-,-,-,-,-,-,-,
3695,715654.582,11:43:03:864,Trial027,27 cadeau dernier2.avi,20,DarkCyan,83.9849,Eye,34,34,2.6634,2.4798,570.6364712251205,397.5227297911419,582.2445652030582,404.0546883642409,-,-,0.0000,0.0000,0.0000,0.0000,0.0000,0.0000,-,-,-,-,-,-,-,-,,
3698,715714.216,11:43:03:923,Trial027,27 cadeau dernier2.avi,20,DarkCyan,83.9849,Eye,34,34,2.8977,2.5978,590.4962414695729,403.6183544173703,596.6103404953321,401.8024471561763,-,-,0.0000,0.0000,0.0000,0.0000,0.0000,0.0000,-,-,-,-,-,-,-,-,,
223686,715773.962,11:43:03:983,Trial027,NoImage,20,Indigo,83.9849,Eye,35,35,2.8871,2.6679,608.5735507201922,401.1508604135695,609.9565489433297,403.87519694076076,White Space,White Space,0,0,0,0,0,0,-,-,-,-,-,-,-,-,-,
3704,715833.575,11:43:04:043,Trial027,27 cadeau dernier2.avi,20,DarkCyan,83.9849,Eye,35,35,2.8668,2.5009,621.3967040476667,402.34265707349925,624.7609649735538,409.28848238800737,-,-,0.0000,0.0000,0.0000,0.0000,0.0000,0.0000,-,-,-,-,-,-,-,-,,
3707,715893.326,11:43:04:103,Trial027,27 cadeau dernier2.avi,20,DarkCyan,83.9849,Eye,35,35,2.8974,2.4998,628.3460882884609,403.813088902648,627.0781113989709,410.8221974124008,-,-,0.0000,0.0000,0.0000,0.0000,0.0000,0.0000,-,-,-,-,-,-,-,-,,
223695,715952.955,11:43:04:162,Trial027,NoImage,20,Indigo,83.9849,Eye,35,35,2.7854,2.5406,630.4391558178281,406.0935779524268,631.2516605570823,411.16247184340926,White Space,White Space,0,0,0,0,0,0,-,-,-,-,-,-,-,-,-,
3713,716012.581,11:43:04:222,Trial027,27 cadeau dernier2.avi,20,DarkCyan,83.9849,Eye,35,35,2.6818,2.6171,632.6656505380647,402.58840317716016,633.4099296967426,404.5627795038893,-,-,0.0000,0.0000,0.0000,0.0000,0.0000,0.0000,-,-,-,-,-,-,-,-,,
223701,716072.336,11:43:04:282,Trial027,NoImage,20,Indigo,83.9849,Eye,35,35,2.7841,2.5458,629.1695196535438,399.870581377281,632.7179599276377,406.5798271888867,White Space,White Space,0,0,0,0,0,0,-,-,-,-,-,-,-,-,-,
3719,716131.943,11:43:04:341,Trial027,27 cadeau dernier2.avi,20,DarkCyan,83.9849,Eye,35,35,2.7949,2.4297,630.0388562763328,398.09623077710285,634.3827109285231,405.5648749998283,-,-,0.0000,0.0000,0.0000,0.0000,0.0000,0.0000,-,-,-,-,-,-,-,-,,
223707,716191.572,11:43:04:401,Trial027,NoImage,20,Indigo,83.9849,Eye,-,-,2.7258,2.5652,656.131313334193,400.69686901560044,662.2599656235902,402.653484707995,White Space,White Space,0,0,0,0,0,0,-,-,-,-,-,-,-,-,-,
3725,716251.328,11:43:04:461,Trial027,27 cadeau dernier2.avi,20,DarkCyan,83.9849,Eye,5,5,2.7290,2.5012,554.9282547162214,368.5048970173359,559.5247439332693,370.0970683125652,-,-,0.0000,0.0000,0.0000,0.0000,0.0000,0.0000,-,-,-,-,-,-,-,-,,
223713,716310.953,11:43:04:520,Trial027,NoImage,20,Indigo,83.9849,Eye,5,5,2.729,2.5012,479.0367190020511,344.3258431101769,482.484085914837,345.64468110753234,White Space,White Space,0,0,0,0,0,0,-,-,-,-,-,-,-,-,-,
3731,716516.142,11:43:04:725,Trial027,27 cadeau dernier2.avi,20,DarkCyan,83.9849,Eye,5,5,2.7290,2.5012,422.0590858583638,326.18231284017946,424.6446110429532,327.2961508641295,-,-,0.0000,0.0000,0.0000,0.0000,0.0000,0.0000,-,-,-,-,-,-,-,-,,
223719,716762.565,11:43:04:972,Trial027,NoImage,20,Indigo,83.9849,Eye,36,36,3.109,2.816,556.1928414911879,344.5939139990137,563.0634195675424,344.7298118081219,White Space,White Space,0,0,0,0,0,0,-,-,-,-,-,-,-,-,-,
3737,716822.184,11:43:05:031,Trial027,27 cadeau dernier2.avi,20,DarkCyan,83.9849,Eye,36,36,2.9256,2.8250,663.184038642459,360.82086288255573,673.9356100775672,358.12589394431444,-,-,0.0000,0.0000,0.0000,0.0000,0.0000,0.0000,-,-,-,-,-,-,-,-,,
223725,716881.81,11:43:05:091,Trial027,NoImage,20,Indigo,0.0,Eye,36,36,2.7187,2.4322,743.4274365059124,372.99107454521226,757.0897529600857,368.1729555464589,White Space,White Space,0,0,0,0,0,0,-,-,-,-,-,-,-,-,-,
3743,716941.545,11:43:05:151,Trial027,27 cadeau dernier2.avi,20,DarkCyan,0.0,Eye,36,31,2.6887,2.1341,803.6099849035024,382.11873329220464,819.4553601219745,375.7082517480672,-,-,0.0000,0.0000,0.0000,0.0000,0.0000,0.0000,-,-,-,-,-,-,-,-,,
223731,717001.176,11:43:05:210,Trial027,NoImage,20,Indigo,0.0,Eye,-,6,2.6919,2.4374,848.7468962016949,388.9644773524489,866.2295654933912,381.35972389927343,White Space,White Space,0,0,0,0,0,0,-,-,-,-,-,-,-,-,-,
3749,717138.613,11:43:05:347,Trial028,28 b triste joie.jpg,20,DarkCyan,0.0,Information,1,1,-,-,,,,,-,-,-,-,-,-,-,-,-,-,-,-,-,-,-,b triste joie.jpg,,
223737,717310.124,11:43:05:519,Trial028,NoImage,20,Indigo,0.0,Eye,1,1,2.6919,2.4374,,,,,White Space,White Space,0,0,0,0,0,0,-,-,-,-,-,-,-,-,-,
3755,717442.12,11:43:05:651,Trial028,28 b triste joie.jpg,20,DarkCyan,0.0,Eye,1,1,2.6919,2.4374,,,,,-,-,0.0000,0.0000,0.0000,0.0000,0.0000,0.0000,-,-,-,-,-,-,-,-,,
223743,717639.16,11:43:05:848,Trial028,NoImage,20,Indigo,0.0,Eye,1,1,2.6906,2.4856,,,,,White Space,White Space,0,0,0,0,0,0,-,-,-,-,-,-,-,-,-,
3761,717698.787,11:43:05:907,Trial028,28 b triste joie.jpg,20,DarkCyan,0.0,Eye,1,1,2.4950,2.1332,,,,,bouche joie,bouche joie,0.0000,0.0000,0.0000,0.0000,0.0000,0.0000,-,-,-,-,-,-,-,-,,
223749,717758.532,11:43:05:967,Trial028,NoImage,20,Indigo,0.0,Eye,2,2,2.0031,2.0088,,,,,White Space,White Space,0,0,0,0,0,0,-,-,-,-,-,-,-,-,-,
3767,717818.154,11:43:06:027,Trial028,28 b triste joie.jpg,20,DarkCyan,0.0,Eye,2,2,2.4913,2.1005,,,,,bouche joie,bouche joie,0.0000,0.0000,0.0000,0.0000,0.0000,0.0000,-,-,-,-,-,-,-,-,,
223755,717877.78,11:43:06:086,Trial028,NoImage,20,Indigo,0.0,Eye,2,2,2.1827,2.2527,,,,,White Space,White Space,0,0,0,0,0,0,-,-,-,-,-,-,-,-,-,
223758,717937.525,11:43:06:146,Trial028,NoImage,20,Indigo,0.0,Eye,2,2,2.105,2.105,,,,,White Space,White Space,0,0,0,0,0,0,-,-,-,-,-,-,-,-,-,
3776,717997.141,11:43:06:206,Trial028,28 b triste joie.jpg,20,DarkCyan,0.0,Eye,2,2,1.8361,2.0798,,,,,bouche joie,bouche joie,0.0000,0.0000,0.0000,0.0000,0.0000,0.0000,-,-,-,-,-,-,-,-,,
223764,718056.905,11:43:06:265,Trial028,NoImage,20,Indigo,0.0,Eye,2,2,2.0329,1.7474,,,,,White Space,White Space,0,0,0,0,0,0,-,-,-,-,-,-,-,-,-,
223767,718116.529,11:43:06:325,Trial028,NoImage,20,Indigo,0.0,Eye,2,2,1.8984,1.4838,,,,,White Space,White Space,0,0,0,0,0,0,-,-,-,-,-,-,-,-,-,
3785,718176.151,11:43:06:385,Trial028,28 b triste joie.jpg,20,DarkCyan,0.0,Eye,3,3,1.8984,2.2213,,,,,bouche triste,bouche triste,0.0000,0.0000,0.0000,0.0000,0.0000,0.0000,-,-,-,-,-,-,-,-,,
223773,718235.898,11:43:06:444,Trial028,NoImage,20,Indigo,0.0,Eye,3,3,2.8141,2.37,,,,,White Space,White Space,0,0,0,0,0,0,-,-,-,-,-,-,-,-,-,
3791,718295.527,11:43:06:504,Trial028,28 b triste joie.jpg,20,DarkCyan,0.0,Eye,3,3,2.0640,2.6021,,,,,bouche triste,bouche triste,0.0000,0.0000,0.0000,0.0000,0.0000,0.0000,-,-,-,-,-,-,-,-,,
3794,718355.281,11:43:06:564,Trial028,28 b triste joie.jpg,20,DarkCyan,0.0,Eye,4,4,2.8703,2.5910,,,,,triste gauche,triste gauche,0.0000,0.0000,0.0000,0.0000,0.0000,0.0000,-,-,-,-,-,-,-,-,,
3797,718414.897,11:43:06:623,Trial028,28 b triste joie.jpg,20,DarkCyan,0.0,Eye,4,4,2.2102,2.6800,,,,,triste gauche,triste gauche,0.0000,0.0000,0.0000,0.0000,0.0000,0.0000,-,-,-,-,-,-,-,-,,
3800,718474.514,11:43:06:683,Trial028,28 b triste joie.jpg,20,DarkCyan,0.0,Eye,4,4,2.9893,2.5973,,,,,yeux triste,yeux triste,0.0000,0.0000,0.0000,0.0000,0.0000,0.0000,-,-,-,-,-,-,-,-,,
3803,718534.273,11:43:06:743,Trial028,28 b triste joie.jpg,20,DarkCyan,89.8096,Eye,4,4,3.0254,2.6099,452.9246869666201,391.5563832694883,435.2379360719117,397.3897794438228,yeux triste,yeux triste,0.0000,0.0000,0.0000,0.0000,0.0000,0.0000,-,-,-,-,-,-,-,-,,
3806,718593.893,11:43:06:802,Trial028,28 b triste joie.jpg,20,DarkCyan,89.8096,Eye,5,5,2.9497,2.6171,472.16832957761346,392.3275482955989,452.65329564677927,397.3237690177564,yeux triste,yeux triste,0.0000,0.0000,0.0000,0.0000,0.0000,0.0000,-,-,-,-,-,-,-,-,,
3809,718653.515,11:43:06:862,Trial028,28 b triste joie.jpg,20,DarkCyan,89.8096,Eye,5,5,3.0244,2.5548,487.10317712071657,390.72964033788486,467.486053522417,394.02329112127063,yeux triste,yeux triste,0.0000,0.0000,0.0000,0.0000,0.0000,0.0000,-,-,-,-,-,-,-,-,,
3812,718713.273,11:43:06:922,Trial028,28 b triste joie.jpg,20,DarkCyan,89.8096,Eye,5,5,3.0225,2.5474,502.58459013994695,388.3223861236061,472.4649291950463,387.7115004294171,yeux triste,yeux triste,0.0000,0.0000,0.0000,0.0000,0.0000,0.0000,-,-,-,-,-,-,-,-,,
3815,718772.894,11:43:06:981,Trial028,28 b triste joie.jpg,20,DarkCyan,89.8096,Eye,5,5,2.9462,2.7141,502.75067193155394,382.1123979730539,486.67719565307937,386.29766458078905,yeux triste,yeux triste,0.0000,0.0000,0.0000,0.0000,0.0000,0.0000,-,-,-,-,-,-,-,-,,
223803,718832.636,11:43:07:041,Trial028,NoImage,20,Indigo,89.8096,Eye,5,5,3.107,2.6539,517.6641675385331,382.24217715166395,511.26902142752203,385.6119614451724,White Space,White Space,0,0,0,0,0,0,-,-,-,-,-,-,-,-,-,
3821,718892.265,11:43:07:101,Trial028,28 b triste joie.jpg,20,DarkCyan,89.8096,Eye,6,6,3.1595,2.8178,585.0701869557048,386.10158909870296,587.2968310402358,389.72381477559605,yeux joie,yeux joie,0.0000,0.0000,0.0000,0.0000,0.0000,0.0000,-,-,-,-,-,-,-,-,,
223809,718951.882,11:43:07:160,Trial028,NoImage,20,Indigo,89.8096,Eye,6,6,3.2337,2.8107,644.4790004006944,385.94711161298994,640.9822844517889,389.48099523000315,White Space,White Space,0,0,0,0,0,0,-,-,-,-,-,-,-,-,-,
223812,719011.518,11:43:07:220,Trial028,NoImage,20,Indigo,89.8096,Eye,6,6,3.149,2.8606,684.4395418651773,386.67129309058936,684.4505049448401,389.20452665322495,White Space,White Space,0,0,0,0,0,0,-,-,-,-,-,-,-,-,-,
3830,719071.266,11:43:07:280,Trial028,28 b triste joie.jpg,20,DarkCyan,89.8096,Eye,6,6,3.2554,2.8996,710.003651724478,384.7409658182571,717.7949138896062,386.1865659981612,yeux joie,yeux joie,0.0000,0.0000,0.0000,0.0000,0.0000,0.0000,-,-,-,-,-,-,-,-,,
3833,719130.891,11:43:07:339,Trial028,28 b triste joie.jpg,20,DarkCyan,89.8096,Eye,7,7,3.3831,2.9924,741.3144847444996,389.22347238542585,745.3951244329223,392.1312073139998,joie droite,joie droite,0.0000,0.0000,0.0000,0.0000,0.0000,0.0000,-,-,-,-,-,-,-,-,,
3836,719190.639,11:43:07:399,Trial028,28 b triste joie.jpg,20,DarkCyan,89.8096,Eye,7,7,3.3276,3.0184,760.3324259909825,393.7994409885659,777.5276302576001,393.84712151457217,joie droite,joie droite,0.0000,0.0000,0.0000,0.0000,0.0000,0.0000,-,-,-,-,-,-,-,-,,
3839,719250.253,11:43:07:459,Trial028,28 b triste joie.jpg,20,DarkCyan,89.8096,Eye,7,7,3.4585,3.0208,782.1897776185575,398.2487211602277,798.4600493449376,397.5557669004721,joie droite,joie droite,0.0000,0.0000,0.0000,0.0000,0.0000,0.0000,-,-,-,-,-,-,-,-,,
223827,719309.882,11:43:07:518,Trial028,NoImage,20,Indigo,89.8096,Eye,7,7,3.4979,3.0545,798.8835191160271,402.9920422306825,814.9789021587951,402.6226422025149,White Space,White Space,0,0,0,0,0,0,-,-,-,-,-,-,-,-,-,
223830,719369.625,11:43:07:578,Trial028,NoImage,20,Indigo,89.8096,Eye,7,7,3.4258,3.0063,808.7818894214494,406.07244693840056,824.2631635339021,404.0977174652406,White Space,White Space,0,0,0,0,0,0,-,-,-,-,-,-,-,-,-,
223833,719429.261,11:43:07:638,Trial028,NoImage,20,Indigo,89.8096,Eye,8,8,3.3877,3.1002,808.8105934583868,401.8202154856106,809.0594739879864,404.03966643061483,White Space,White Space,0,0,0,0,0,0,-,-,-,-,-,-,-,-,-,
3851,719489.001,11:43:07:697,Trial028,28 b triste joie.jpg,20,DarkCyan,89.8096,Eye,8,8,3.4574,3.0884,793.7819874529068,399.467627399953,792.0365316016382,404.19586232907875,yeux joie,yeux joie,0.0000,0.0000,0.0000,0.0000,0.0000,0.0000,-,-,-,-,-,-,-,-,,
223839,719548.627,11:43:07:757,Trial028,NoImage,20,Indigo,89.8096,Eye,8,8,3.4302,3.0504,791.3285207562831,394.16321976204927,787.3144701685493,403.8324406380788,White Space,White Space,0,0,0,0,0,0,-,-,-,-,-,-,-,-,-,
223842,719608.383,11:43:07:817,Trial028,NoImage,20,Indigo,89.8096,Eye,8,8,3.3917,2.885,745.5688398379546,392.2572945171358,737.7996934884654,399.1346202473748,White Space,White Space,0,0,0,0,0,0,-,-,-,-,-,-,-,-,-,
3860,719668.003,11:43:07:876,Trial028,28 b triste joie.jpg,20,DarkCyan,89.8096,Eye,9,9,3.3473,2.9439,681.8411314378183,384.5879258842953,675.8451019053331,392.5314709641396,yeux triste,yeux triste,0.0000,0.0000,0.0000,0.0000,0.0000,0.0000,-,-,-,-,-,-,-,-,,
3863,719727.752,11:43:07:936,Trial028,28 b triste joie.jpg,20,DarkCyan,89.8096,Eye,9,9,3.3970,2.8985,640.7755240489892,380.1501283072251,625.4691937253422,387.5137742803734,yeux triste,yeux triste,0.0000,0.0000,0.0000,0.0000,0.0000,0.0000,-,-,-,-,-,-,-,-,,
223851,719787.375,11:43:07:996,Trial028,NoImage,20,Indigo,89.8096,Eye,9,9,3.4646,2.9403,601.8672186097582,380.68976150802797,588.0464873846838,387.1823820115369,White Space,White Space,0,0,0,0,0,0,-,-,-,-,-,-,-,-,-,
223854,719847.117,11:43:08:056,Trial028,NoImage,20,Indigo,89.8096,Eye,9,9,3.5351,2.9999,575.1739026868743,381.95137808831987,555.9797322988261,386.26420697366984,White Space,White Space,0,0,0,0,0,0,-,-,-,-,-,-,-,-,-,
3872,719906.744,11:43:08:115,Trial028,28 b triste joie.jpg,20,DarkCyan,89.8096,Eye,9,9,3.5179,2.9475,557.4339599512864,379.1174447965707,536.2469691057173,385.349141616823,yeux triste,yeux triste,0.0000,0.0000,0.0000,0.0000,0.0000,0.0000,-,-,-,-,-,-,-,-,,
223860,719966.489,11:43:08:175,Trial028,NoImage,20,Indigo,89.8096,Eye,9,9,3.5543,2.9417,542.7167439709821,381.0790332599425,526.4960238259396,383.15581098960325,White Space,White Space,0,0,0,0,0,0,-,-,-,-,-,-,-,-,-,
3878,720026.118,11:43:08:235,Trial028,28 b triste joie.jpg,20,DarkCyan,89.8096,Eye,9,9,3.5853,3.0668,527.6465657445104,381.78508886655396,519.7956130744311,383.9056230637416,yeux triste,yeux triste,0.0000,0.0000,0.0000,0.0000,0.0000,0.0000,-,-,-,-,-,-,-,-,,
3881,720085.876,11:43:08:294,Trial028,28 b triste joie.jpg,20,DarkCyan,89.8096,Eye,9,9,3.6694,3.0528,531.9666520998384,386.2973238815689,523.8516559248691,381.72662493763494,yeux triste,yeux triste,0.0000,0.0000,0.0000,0.0000,0.0000,0.0000,-,-,-,-,-,-,-,-,,
223869,720145.494,11:43:08:354,Trial028,NoImage,20,Indigo,89.8096,Eye,9,9,3.6732,2.9491,516.271528344391,397.2910067868721,512.166171685832,388.7334670776542,White Space,White Space,0,0,0,0,0,0,-,-,-,-,-,-,-,-,-,
3887,720205.117,11:43:08:414,Trial028,28 b triste joie.jpg,20,DarkCyan,89.8096,Eye,10,10,3.6637,2.9661,495.54049622722505,402.05101959028343,488.59678940268606,400.83547693070597,bouche triste,bouche triste,0.0000,0.0000,0.0000,0.0000,0.0000,0.0000,-,-,-,-,-,-,-,-,,
223875,720264.86,11:43:08:473,Trial028,NoImage,20,Indigo,89.8096,Eye,10,10,3.6761,2.9571,472.9374780641025,415.7497070172187,476.45371310967414,411.90508791648875,White Space,White Space,0,0,0,0,0,0,-,-,-,-,-,-,-,-,-,
3893,720324.485,11:43:08:533,Trial028,28 b triste joie.jpg,20,DarkCyan,89.8096,Eye,10,10,3.6539,3.0515,467.5254089134149,424.4524958280035,471.95397554324256,421.8357972428872,bouche triste,bouche triste,0.0000,0.0000,0.0000,0.0000,0.0000,0.0000,-,-,-,-,-,-,-,-,,
223881,720384.113,11:43:08:593,Trial028,NoImage,20,Indigo,89.8096,Eye,10,10,3.6681,3.0645,463.05635117570455,431.5098720183428,454.8615477196388,423.2926650131028,White Space,White Space,0,0,0,0,0,0,-,-,-,-,-,-,-,-,-,
3899,720443.86,11:43:08:652,Trial028,28 b triste joie.jpg,20,DarkCyan,89.8096,Eye,10,10,3.5389,3.1149,464.9541096341334,434.96875231439304,458.54749374192534,425.77941358919554,bouche triste,bouche triste,0.0000,0.0000,0.0000,0.0000,0.0000,0.0000,-,-,-,-,-,-,-,-,,
223887,720503.491,11:43:08:712,Trial028,NoImage,20,Indigo,89.8096,Eye,10,10,3.6169,3.0455,458.94518809315827,439.8653995598853,457.64687529666764,433.5809209117022,White Space,White Space,0,0,0,0,0,0,-,-,-,-,-,-,-,-,-,
3905,720563.24,11:43:08:772,Trial028,28 b triste joie.jpg,20,DarkCyan,89.8096,Eye,10,10,3.5542,3.0693,457.3239843713287,443.38299978193743,461.42118571847095,438.12269736568055,bouche triste,bouche triste,0.0000,0.0000,0.0000,0.0000,0.0000,0.0000,-,-,-,-,-,-,-,-,,
223893,720622.864,11:43:08:831,Trial028,NoImage,20,Indigo,89.8096,Eye,10,10,3.4633,2.9618,458.9781013850318,446.91666717453126,459.60331239310756,442.507408340124,White Space,White Space,0,0,0,0,0,0,-,-,-,-,-,-,-,-,-,
223896,720682.488,11:43:08:891,Trial028,NoImage,20,Indigo,89.8096,Eye,10,10,3.522,2.9812,460.88717171609903,448.3181306425208,453.123942352206,442.65463780652,White Space,White Space,0,0,0,0,0,0,-,-,-,-,-,-,-,-,-,
223899,720742.237,11:43:08:951,Trial028,NoImage,20,Indigo,89.8096,Eye,10,10,3.4676,2.9619,457.5409228872575,449.55776815784566,449.67563758125823,442.5982929983588,White Space,White Space,0,0,0,0,0,0,-,-,-,-,-,-,-,-,-,
3917,720801.859,11:43:09:010,Trial028,28 b triste joie.jpg,20,DarkCyan,89.8096,Eye,11,11,3.4396,2.9051,450.5983633999765,436.8879136355931,444.0199184765835,428.0599481379921,yeux triste,yeux triste,0.0000,0.0000,0.0000,0.0000,0.0000,0.0000,-,-,-,-,-,-,-,-,,
3920,720861.607,11:43:09:070,Trial028,28 b triste joie.jpg,20,DarkCyan,89.8096,Eye,11,11,3.4609,2.8983,452.6744192975389,420.0229855036299,445.9729276633897,411.64736219928403,yeux triste,yeux triste,0.0000,0.0000,0.0000,0.0000,0.0000,0.0000,-,-,-,-,-,-,-,-,,
3923,720921.229,11:43:09:130,Trial028,28 b triste joie.jpg,20,DarkCyan,89.8096,Eye,11,11,3.3794,2.9327,454.7142166282508,410.96280532451686,440.5646437125348,402.6880854008651,yeux triste,yeux triste,0.0000,0.0000,0.0000,0.0000,0.0000,0.0000,-,-,-,-,-,-,-,-,,
223911,720980.853,11:43:09:189,Trial028,NoImage,20,Indigo,89.8096,Eye,11,11,3.3915,2.9231,443.49791587755635,405.0241098932599,442.1252659025667,396.2300062369553,White Space,White Space,0,0,0,0,0,0,-,-,-,-,-,-,-,-,-,
3929,721040.6,11:43:09:249,Trial028,28 b triste joie.jpg,20,DarkCyan,89.8096,Eye,11,11,3.4062,2.9191,444.4331004730274,398.5303720450147,446.9154642754129,390.6601843391146,yeux triste,yeux triste,0.0000,0.0000,0.0000,0.0000,0.0000,0.0000,-,-,-,-,-,-,-,-,,
223917,721100.231,11:43:09:309,Trial028,NoImage,20,Indigo,89.8096,Eye,11,11,3.408,2.8635,446.96188208088904,396.4546779602112,445.37206339494867,385.3895739170785,White Space,White Space,0,0,0,0,0,0,-,-,-,-,-,-,-,-,-,
223920,721159.855,11:43:09:368,Trial028,NoImage,20,Indigo,89.8096,Eye,11,11,3.3016,2.8492,446.9684539438157,395.00455208878594,442.80725198129034,380.4510282309663,White Space,White Space,0,0,0,0,0,0,-,-,-,-,-,-,-,-,-,
223923,721219.605,11:43:09:428,Trial028,NoImage,20,Indigo,89.8096,Eye,12,12,3.3661,2.8329,471.4542733786527,390.3737832340593,471.37002041155347,378.5991898791301,White Space,White Space,0,0,0,0,0,0,-,-,-,-,-,-,-,-,-,
223926,721279.224,11:43:09:488,Trial028,NoImage,20,Indigo,89.8096,Eye,12,12,3.4408,2.8393,486.0723015178504,387.6146598093547,485.01940947606056,379.89952515870164,White Space,White Space,0,0,0,0,0,0,-,-,-,-,-,-,-,-,-,
3944,721338.966,11:43:09:547,Trial028,28 b triste joie.jpg,20,DarkCyan,89.8096,Eye,12,12,3.4709,2.9690,505.5125892168936,385.9084817897143,488.69036336677124,372.73561339872475,yeux triste,yeux triste,0.0000,0.0000,0.0000,0.0000,0.0000,0.0000,-,-,-,-,-,-,-,-,,
223932,721398.593,11:43:09:607,Trial028,NoImage,20,Indigo,89.8096,Eye,12,12,3.4239,2.8434,515.5050686022702,380.01127418276144,497.27010881008516,371.7839595137,White Space,White Space,0,0,0,0,0,0,-,-,-,-,-,-,-,-,-,
3950,721458.213,11:43:09:667,Trial028,28 b triste joie.jpg,20,DarkCyan,89.8096,Eye,13,13,3.4752,2.9078,590.9019700097328,379.84390200939316,574.4772223237046,373.7002299497529,yeux joie,yeux joie,0.0000,0.0000,0.0000,0.0000,0.0000,0.0000,-,-,-,-,-,-,-,-,,
3953,721517.974,11:43:09:726,Trial028,28 b triste joie.jpg,20,DarkCyan,89.8096,Eye,13,13,3.3826,2.9793,647.9620218635064,379.3764665105482,637.7458187057896,373.19366465374,yeux joie,yeux joie,0.0000,0.0000,0.0000,0.0000,0.0000,0.0000,-,-,-,-,-,-,-,-,,
3956,721577.59,11:43:09:786,Trial028,28 b triste joie.jpg,20,DarkCyan,89.8096,Eye,13,13,3.4304,2.8625,691.6071861336471,383.04640951169876,679.8403851372295,379.2519548564662,yeux joie,yeux joie,0.0000,0.0000,0.0000,0.0000,0.0000,0.0000,-,-,-,-,-,-,-,-,,
223944,721637.208,11:43:09:846,Trial028,NoImage,20,Indigo,89.8096,Eye,13,13,3.4028,2.8557,723.2896739768198,383.29153790267685,711.6163386505207,378.74675980534727,White Space,White Space,0,0,0,0,0,0,-,-,-,-,-,-,-,-,-,
223947,721696.963,11:43:09:905,Trial028,NoImage,20,Indigo,89.8096,Eye,13,13,3.3464,2.8794,753.37575422049,383.6680971278681,742.7898625092323,381.5752978429418,White Space,White Space,0,0,0,0,0,0,-,-,-,-,-,-,-,-,-,
3965,721756.598,11:43:09:965,Trial028,28 b triste joie.jpg,20,DarkCyan,89.8096,Eye,13,13,3.4385,3.0253,772.726905108229,384.4689334261367,764.5444167818202,381.43978905632775,yeux joie,yeux joie,0.0000,0.0000,0.0000,0.0000,0.0000,0.0000,-,-,-,-,-,-,-,-,,
223953,721816.218,11:43:10:025,Trial028,NoImage,20,Indigo,89.8096,Eye,13,13,3.3601,2.9433,786.9869739311075,384.6795840496971,784.5645357475214,386.32449679946495,White Space,White Space,0,0,0,0,0,0,-,-,-,-,-,-,-,-,-,
3971,721875.967,11:43:10:084,Trial028,28 b triste joie.jpg,20,DarkCyan,89.8096,Eye,13,13,3.3529,2.8794,795.5321055263677,390.8276561934745,794.1144095402374,384.81034456341433,yeux joie,yeux joie,0.0000,0.0000,0.0000,0.0000,0.0000,0.0000,-,-,-,-,-,-,-,-,,
3974,721935.585,11:43:10:144,Trial028,28 b triste joie.jpg,20,DarkCyan,89.8096,Eye,13,13,3.2178,2.8881,806.2637841776005,390.2291030243181,795.6824637518549,383.24857544408843,yeux joie,yeux joie,0.0000,0.0000,0.0000,0.0000,0.0000,0.0000,-,-,-,-,-,-,-,-,,
3977,721995.33,11:43:10:204,Trial028,28 b triste joie.jpg,20,DarkCyan,89.8096,Eye,13,13,3.2074,2.8981,807.5764440913753,392.823929738385,813.2774699432301,383.71793980964304,yeux joie,yeux joie,0.0000,0.0000,0.0000,0.0000,0.0000,0.0000,-,-,-,-,-,-,-,-,,
223965,722054.957,11:43:10:263,Trial028,NoImage,20,Indigo,89.8096,Eye,14,14,3.1658,2.8648,830.9314103410902,389.9402691130135,837.1196851435761,388.7156893975052,White Space,White Space,0,0,0,0,0,0,-,-,-,-,-,-,-,-,-,
3983,722114.591,11:43:10:323,Trial028,28 b triste joie.jpg,20,DarkCyan,89.8096,Eye,14,14,3.1379,2.8750,841.2604890933007,386.906884766593,850.5395579267345,390.09382427523343,yeux joie,yeux joie,0.0000,0.0000,0.0000,0.0000,0.0000,0.0000,-,-,-,-,-,-,-,-,,
3986,722174.332,11:43:10:383,Trial028,28 b triste joie.jpg,20,DarkCyan,89.8096,Eye,14,14,3.1548,2.8873,855.0052105893949,389.55693241199066,866.9517232165402,388.1532160676498,yeux joie,yeux joie,0.0000,0.0000,0.0000,0.0000,0.0000,0.0000,-,-,-,-,-,-,-,-,,
223974,722233.962,11:43:10:442,Trial028,NoImage,20,Indigo,89.8096,Eye,14,14,3.1135,2.8916,864.0978705712238,389.90000405053115,876.2647872806715,388.99556107547403,White Space,White Space,0,0,0,0,0,0,-,-,-,-,-,-,-,-,-,
3992,722293.71,11:43:10:502,Trial028,28 b triste joie.jpg,20,DarkCyan,89.8096,Eye,14,14,3.1283,2.7970,872.5293043432094,391.6218190763982,887.2578591713986,388.03056190184634,yeux joie,yeux joie,0.0000,0.0000,0.0000,0.0000,0.0000,0.0000,-,-,-,-,-,-,-,-,,
3995,722353.335,11:43:10:562,Trial028,28 b triste joie.jpg,20,DarkCyan,89.8096,Eye,14,14,3.1066,2.7522,877.5364825544839,395.4569111313915,891.4812386155893,392.0587428689127,yeux joie,yeux joie,0.0000,0.0000,0.0000,0.0000,0.0000,0.0000,-,-,-,-,-,-,-,-,,
3998,722412.956,11:43:10:621,Trial028,28 b triste joie.jpg,20,DarkCyan,89.8096,Eye,3,2,3.0693,2.7943,720.6725801053441,364.4443764441393,731.1311471511732,362.02045977321364,-,-,0.0000,0.0000,0.0000,0.0000,0.0000,0.0000,-,-,-,-,-,-,-,-,,
4001,722472.704,11:43:10:681,Trial028,28 b triste joie.jpg,20,DarkCyan,89.8096,Eye,3,2,3.0693,2.7943,603.082101997477,341.19614279435484,610.9260272818489,339.502914817094,-,-,0.0000,0.0000,0.0000,0.0000,0.0000,0.0000,-,-,-,-,-,-,-,-,,
4004,722532.321,11:43:10:741,Trial028,28 b triste joie.jpg,20,DarkCyan,89.8096,Eye,15,15,3.1188,2.7735,662.6646934727976,368.707628156778,664.3142684662818,369.0143580364011,bouche joie,bouche joie,0.0000,0.0000,0.0000,0.0000,0.0000,0.0000,-,-,-,-,-,-,-,-,,
4007,722591.948,11:43:10:800,Trial028,28 b triste joie.jpg,20,DarkCyan,89.8096,Eye,15,15,3.2449,2.7595,701.9520251617023,389.8179380810858,707.4828619212033,389.07518160053166,bouche joie,bouche joie,0.0000,0.0000,0.0000,0.0000,0.0000,0.0000,-,-,-,-,-,-,-,-,,
223995,722651.691,11:43:10:860,Trial028,NoImage,20,Indigo,89.8096,Eye,15,15,2.9787,2.7717,738.7423642714461,403.71590809740223,743.3349147423886,404.57665187631903,White Space,White Space,0,0,0,0,0,0,-,-,-,-,-,-,-,-,-,
223998,722711.32,11:43:10:920,Trial028,NoImage,20,Indigo,89.8096,Eye,15,15,2.9983,2.7153,768.7909262514761,415.358825709174,761.6661716720964,414.18120428241616,White Space,White Space,0,0,0,0,0,0,-,-,-,-,-,-,-,-,-,
224001,722771.066,11:43:10:979,Trial028,NoImage,20,Indigo,89.8096,Eye,15,15,3.018,2.6473,779.0583519523817,424.50405558611277,778.81252175006,423.0665339359437,White Space,White Space,0,0,0,0,0,0,-,-,-,-,-,-,-,-,-,
224004,722830.699,11:43:11:039,Trial028,NoImage,20,Indigo,89.8096,Eye,15,15,2.9837,2.6056,794.2004798011162,431.8771795436166,785.8016478180682,431.12371590247574,White Space,White Space,0,0,0,0,0,0,-,-,-,-,-,-,-,-,-,
4022,722890.325,11:43:11:099,Trial028,28 b triste joie.jpg,20,DarkCyan,89.8096,Eye,15,15,2.9455,2.5153,801.2852160188036,436.56685582748366,798.3557316157701,437.5998970378124,bouche joie,bouche joie,0.0000,0.0000,0.0000,0.0000,0.0000,0.0000,-,-,-,-,-,-,-,-,,
224010,722950.072,11:43:11:158,Trial028,NoImage,20,Indigo,89.8096,Eye,15,15,2.8486,2.4367,813.9657134930578,435.22585366869686,807.7999178972909,438.91422242792925,White Space,White Space,0,0,0,0,0,0,-,-,-,-,-,-,-,-,-,
224013,723009.69,11:43:11:218,Trial028,NoImage,20,Indigo,89.8096,Eye,15,15,2.6968,2.5116,814.5499715188889,442.0446119200933,817.6496177679669,435.7360660180867,White Space,White Space,0,0,0,0,0,0,-,-,-,-,-,-,-,-,-,
224016,723069.316,11:43:11:278,Trial028,NoImage,20,Indigo,89.8096,Eye,4,3,2.8068,2.5053,673.3876712617055,399.4463911359978,675.712405948514,394.83969123542636,White Space,White Space,0,0,0,0,0,0,-,-,-,-,-,-,-,-,-,
224019,723129.064,11:43:11:337,Trial028,NoImage,20,Indigo,89.8096,Eye,4,3,2.8068,2.5053,567.5479721124461,367.5205385827105,569.2915231275525,364.1902231832154,White Space,White Space,0,0,0,0,0,0,-,-,-,-,-,-,-,-,-,
224022,723686.644,11:43:11:896,Trial029,NoImage,20,Indigo,97.5222,Eye,1,1,2.8068,2.5053,488.1618171362978,343.6146880817875,489.46948039762765,341.24166105809957,White Space,White Space,0,0,0,0,0,0,-,-,-,-,-,-,-,-,-,
4040,723911.454,11:43:12:121,Trial029,29 tombe joie vs triste3.avi,20,DarkCyan,97.5222,Eye,1,1,2.8212,2.5309,490.1753375031318,368.578480989994,490.2491066598501,368.43122285751696,-,-,0.0000,0.0000,0.0000,0.0000,0.0000,0.0000,-,-,-,-,-,-,-,-,,
4043,723971.047,11:43:12:180,Trial029,29 tombe joie vs triste3.avi,20,DarkCyan,97.5222,Eye,1,1,2.8877,2.2742,519.7816890855248,382.7683897745157,518.5231815114585,377.2391722814012,-,-,0.0000,0.0000,0.0000,0.0000,0.0000,0.0000,-,-,-,-,-,-,-,-,,
4046,724030.799,11:43:12:240,Trial029,29 tombe joie vs triste3.avi,20,DarkCyan,97.5222,Eye,1,1,2.4118,2.1057,542.5315029649984,385.4765798008012,543.419921083997,385.6140856143536,-,-,0.0000,0.0000,0.0000,0.0000,0.0000,0.0000,-,-,-,-,-,-,-,-,,
4049,724090.425,11:43:12:300,Trial029,29 tombe joie vs triste3.avi,20,DarkCyan,97.5222,Eye,1,2,2.4917,1.7983,557.8904660721281,385.6507493705497,560.5712030860275,383.3093858991254,-,-,0.0000,0.0000,0.0000,0.0000,0.0000,0.0000,-,-,-,-,-,-,-,-,,
224037,724150.056,11:43:12:359,Trial029,NoImage,20,Indigo,97.5222,Eye,2,2,2.564,2.4842,570.0604012045661,387.1131473899991,574.1906727751691,386.7922857321723,White Space,White Space,0,0,0,0,0,0,-,-,-,-,-,-,-,-,-,
