Unnamed: 0,RecordingTime [ms],Time of Day [h:m:s:ms],Trial,Stimulus,Participant,Color,Tracking Ratio [%],Category Group,Index Right,Index Left,Pupil Diameter Right [mm],Pupil Diameter Left [mm],Point of Regard Right X [px],Point of Regard Right Y [px],Point of Regard Left X [px],Point of Regard Left Y [px],AOI Name Right,AOI Name Left,Gaze Vector Right X,Gaze Vector Right Y,Gaze Vector Right Z,Gaze Vector Left X,Gaze Vector Left Y,Gaze Vector Left Z,Port Status,Annotation Name,Annotation Description,Annotation Tags,Mouse Position X [px],Mouse Position Y [px],Scroll Direction X,Scroll Direction Y,Content,AOI Group Right,AOI Scope Right,AOI Order Right,AOI Group Left,AOI Scope Left,AOI Order Binocular
88254,1065845.502,15:59:47:719,Trial019,Eye Tracking (ballon gauche).avi,31,MediumSlateBlue,83.4869,Eye,29,28,5.5161,4.766,588.0041752197809,298.8622933936293,589.115657083539,350.0250826319774,corps,corps,-0.0373,0.4924,-0.8696,-0.0964,0.46,-0.8827,0,-,-,-,-,-,-,-,-,,,,,,
88258,1065912.257,15:59:47:786,Trial019,Eye Tracking (ballon gauche).avi,31,MediumSlateBlue,83.4869,Eye,29,29,5.5149,4.7495,586.1608570273053,414.5127187613845,589.1516993339712,347.0753415396448,corps,corps,-0.0352,0.5011,-0.8647,-0.0922,0.4611,-0.8826,0,-,-,-,-,-,-,-,-,,,,,,
88262,1065979.012,15:59:47:853,Trial019,Eye Tracking (ballon gauche).avi,31,MediumSlateBlue,83.4869,Eye,30,29,5.5031,4.7239,582.0152720368096,278.05284543965615,595.9648009656919,377.285863132109,corps,corps,-0.0283,0.5008,-0.8651,-0.0887,0.4623,-0.8823,0,-,-,-,-,-,-,-,-,,,,,,
88266,1066045.767,15:59:47:919,Trial019,Eye Tracking (ballon gauche).avi,31,MediumSlateBlue,83.4869,Eye,30,29,5.5023,4.7044,581.0050512157213,378.43379402344624,599.0141729186628,375.18686087066976,corps,corps,-0.0299,0.4956,-0.868,-0.0923,0.4528,-0.8868,0,-,-,-,-,-,-,-,-,,,,,,
88270,1066112.522,15:59:47:986,Trial019,Eye Tracking (ballon gauche).avi,31,MediumSlateBlue,83.4869,Eye,30,29,5.5076,4.6992,581.4760517053761,389.54865585084684,593.1690346281188,381.9402148138536,corps,corps,-0.0259,0.4966,-0.8676,-0.0881,0.4473,-0.89,0,-,-,-,-,-,-,-,-,,,,,,
88274,1066179.26,15:59:48:053,Trial019,Eye Tracking (ballon gauche).avi,31,MediumSlateBlue,83.4869,Eye,30,29,5.521,4.6749,584.6252686708581,380.7837469353444,602.6030384043972,335.2743580255204,corps,corps,-0.0301,0.492,-0.8701,-0.0886,0.4538,-0.8867,0,-,-,-,-,-,-,-,-,,,,,,
88278,1066245.999,15:59:48:120,Trial019,Eye Tracking (ballon gauche).avi,31,MediumSlateBlue,83.4869,Eye,30,29,5.5307,4.6663,586.6973532821321,356.8616762898816,604.9296649674412,352.96274678128907,corps,corps,-0.0253,0.4995,-0.8659,-0.0888,0.4556,-0.8858,0,-,-,-,-,-,-,-,-,,,,,,
88282,1066312.737,15:59:48:186,Trial019,Eye Tracking (ballon gauche).avi,31,MediumSlateBlue,83.4869,Eye,30,29,5.5154,4.6644,587.175546447139,390.1197225160575,603.4321068245449,357.24456759470553,corps,corps,-0.0275,0.4897,-0.8715,-0.0896,0.4506,-0.8882,0,-,-,-,-,-,-,-,-,,,,,,
88286,1066379.498,15:59:48:253,Trial019,Eye Tracking (ballon gauche).avi,31,MediumSlateBlue,83.4869,Eye,30,29,5.5046,4.6597,590.5925858346363,355.40856582371765,611.3872371891366,342.38153011025514,corps,corps,-0.0247,0.4963,-0.8678,-0.0889,0.4549,-0.8861,0,-,-,-,-,-,-,-,-,,,,,,
88290,1066446.267,15:59:48:320,Trial019,Eye Tracking (ballon gauche).avi,31,MediumSlateBlue,83.4869,Eye,30,29,5.4895,4.6635,601.1550400304483,303.44064843461393,605.8410495227912,395.4447109426888,corps,corps,-0.0292,0.4897,-0.8714,-0.0895,0.457,-0.885,0,-,-,-,-,-,-,-,-,,,,,,
88294,1066513.035,15:59:48:387,Trial019,Eye Tracking (ballon gauche).avi,31,MediumSlateBlue,83.4869,Eye,31,30,5.5027,4.6451,536.9155240523104,340.5706719754252,546.7625524997015,317.75935858849516,BallonVisible,BallonVisible,-0.2362,0.4852,-0.8419,-0.321,0.4333,-0.8422,0,-,-,-,-,-,-,-,-,,,,,,
88298,1066579.804,15:59:48:453,Trial019,Eye Tracking (ballon gauche).avi,31,MediumSlateBlue,83.4869,Eye,31,30,5.5322,4.6186,488.3349869428265,360.06422645512396,502.60234888706873,367.56475932553155,BallonVisible,BallonVisible,-0.2426,0.4761,-0.8453,-0.315,0.4364,-0.8428,0,-,-,-,-,-,-,-,-,,,,,,
88302,1066646.573,15:59:48:520,Trial019,Eye Tracking (ballon gauche).avi,31,MediumSlateBlue,83.4869,Eye,31,30,5.5436,4.5966,465.6896028722597,356.16006615252746,474.9861961647926,328.67171843712805,BallonVisible,BallonVisible,-0.2454,0.4797,-0.8424,-0.3143,0.4364,-0.8431,0,-,-,-,-,-,-,-,-,,,,,,
88306,1066713.342,15:59:48:587,Trial019,Eye Tracking (ballon gauche).avi,31,MediumSlateBlue,83.4869,Eye,31,30,5.5379,4.5865,442.07804930227036,277.0850385663784,449.8154289243105,370.7847157049186,BallonVisible,BallonVisible,-0.2433,0.4807,-0.8425,-0.31,0.4409,-0.8423,0,-,-,-,-,-,-,-,-,,,,,,
88310,1066780.11,15:59:48:654,Trial019,Eye Tracking (ballon gauche).avi,31,MediumSlateBlue,83.4869,Eye,31,30,5.529,4.5789,413.58096024133533,383.24616405785713,426.065749293027,353.7193356035173,BallonVisible,BallonVisible,-0.2416,0.4845,-0.8408,-0.3096,0.4396,-0.8432,0,-,-,-,-,-,-,-,-,,,,,,
88314,1066846.879,15:59:48:720,Trial019,Eye Tracking (ballon gauche).avi,31,MediumSlateBlue,0.0,Eye,31,30,5.5235,4.5631,392.20814344563416,324.6730738654568,408.2534895695645,310.21269275156146,BallonVisible,BallonVisible,-0.2397,0.4775,-0.8453,-0.3076,0.4405,-0.8434,0,-,-,-,-,-,-,-,-,,,,,,
88318,1066913.648,15:59:48:787,Trial019,Eye Tracking (ballon gauche).avi,31,MediumSlateBlue,0.0,Eye,31,30,5.5078,4.5459,376.1785308488582,346.51791243209124,394.8942947769676,365.21300092998797,BallonVisible,BallonVisible,-0.2379,0.4797,-0.8446,-0.309,0.4414,-0.8424,0,-,-,-,-,-,-,-,-,,,,,,
88322,1066980.426,15:59:48:854,Trial019,Eye Tracking (ballon gauche).avi,31,MediumSlateBlue,0.0,Eye,31,30,5.472,4.5177,364.1563214012763,412.5013356529803,384.87489868251987,388.2297939332034,BallonVisible,BallonVisible,-0.2332,0.4745,-0.8488,-0.3062,0.4397,-0.8444,0,-,-,-,-,-,-,-,-,,,,,,
88326,1067047.234,15:59:48:921,Trial019,Eye Tracking (ballon gauche).avi,31,MediumSlateBlue,0.0,Eye,31,30,5.4303,4.4758,,,,,BallonVisible,BallonVisible,-0.2385,0.4765,-0.8462,-0.3072,0.4368,-0.8455,0,-,-,-,-,-,-,-,-,,,,,,
88330,1067114.041,15:59:48:988,Trial019,Eye Tracking (ballon gauche).avi,31,MediumSlateBlue,0.0,Eye,31,30,5.3846,4.4422,,,,,BallonVisible,BallonVisible,-0.2365,0.4712,-0.8497,-0.3104,0.4318,-0.8469,0,-,-,-,-,-,-,-,-,,,,,,
88334,1067180.842,15:59:49:054,Trial019,Eye Tracking (ballon gauche).avi,31,MediumSlateBlue,0.0,Eye,31,30,5.3438,4.4051,,,,,BallonVisible,BallonVisible,-0.2318,0.4736,-0.8497,-0.3029,0.434,-0.8485,0,-,-,-,-,-,-,-,-,,,,,,
88338,1067247.622,15:59:49:121,Trial019,Eye Tracking (ballon gauche).avi,31,MediumSlateBlue,0.0,Eye,31,30,5.3017,4.3615,,,,,BallonVisible,BallonVisible,-0.2324,0.4669,-0.8532,-0.3064,0.4304,-0.849,0,-,-,-,-,-,-,-,-,,,,,,
88342,1067314.403,15:59:49:188,Trial019,Eye Tracking (ballon gauche).avi,31,MediumSlateBlue,0.0,Eye,31,30,5.251,4.3361,,,,,BallonVisible,BallonVisible,-0.2313,0.467,-0.8535,-0.2967,0.4275,-0.8539,0,-,-,-,-,-,-,-,-,,,,,,
88346,1067381.184,15:59:49:255,Trial019,Eye Tracking (ballon gauche).avi,31,MediumSlateBlue,0.0,Eye,31,30,5.2236,4.3053,,,,,BallonVisible,BallonVisible,-0.2355,0.4651,-0.8533,-0.2971,0.4278,-0.8537,0,-,-,-,-,-,-,-,-,,,,,,
88350,1067447.965,15:59:49:322,Trial019,Eye Tracking (ballon gauche).avi,31,MediumSlateBlue,0.0,Eye,31,30,5.1956,4.2853,,,,,BallonVisible,BallonVisible,-0.2289,0.4836,-0.8448,-0.2948,0.4498,-0.8431,0,-,-,-,-,-,-,-,-,,,,,,
88354,1067514.745,15:59:49:388,Trial019,Eye Tracking (ballon gauche).avi,31,MediumSlateBlue,0.0,Eye,31,30,5.1678,4.2687,,,,,BallonVisible,BallonVisible,-0.2291,0.4876,-0.8425,-0.2906,0.4529,-0.8429,0,-,-,-,-,-,-,-,-,,,,,,
88358,1067581.526,15:59:49:455,Trial019,Eye Tracking (ballon gauche).avi,31,MediumSlateBlue,0.0,Eye,31,30,5.1475,4.2484,,,,,BallonVisible,BallonVisible,-0.2245,0.4908,-0.8418,-0.2855,0.4535,-0.8443,0,-,-,-,-,-,-,-,-,,,,,,
88362,1067648.307,15:59:49:522,Trial019,Eye Tracking (ballon gauche).avi,31,MediumSlateBlue,0.0,Eye,31,30,5.123,4.2284,,,,,BallonVisible,BallonVisible,-0.2167,0.4899,-0.8444,-0.2829,0.4529,-0.8455,0,-,-,-,-,-,-,-,-,,,,,,
88366,1067715.088,15:59:49:589,Trial019,Eye Tracking (ballon gauche).avi,31,MediumSlateBlue,0.0,Eye,31,30,5.1007,4.2011,,,,,BallonVisible,BallonVisible,-0.2172,0.4942,-0.8418,-0.2746,0.4583,-0.8453,0,-,-,-,-,-,-,-,-,,,,,,
88370,1067781.868,15:59:49:655,Trial019,Eye Tracking (ballon gauche).avi,31,MediumSlateBlue,0.0,Eye,31,30,5.0731,4.1886,,,,,BallonVisible,BallonVisible,-0.21,0.4968,-0.8421,-0.2722,0.459,-0.8457,0,-,-,-,-,-,-,-,-,,,,,,
88374,1067848.649,15:59:49:722,Trial019,Eye Tracking (ballon gauche).avi,31,MediumSlateBlue,0.0,Eye,31,30,5.0521,4.1767,,,,,BallonVisible,BallonVisible,-0.2077,0.4892,-0.8471,-0.2678,0.4559,-0.8488,0,-,-,-,-,-,-,-,-,,,,,,
88378,1067915.415,15:59:49:789,Trial019,Eye Tracking (ballon gauche).avi,31,MediumSlateBlue,0.0,Eye,32,31,5.0108,4.1744,,,,,corps,corps,0.0282,0.4909,-0.8707,-0.022,0.4622,-0.8865,0,-,-,-,-,-,-,-,-,,,,,,
88382,1067982.181,15:59:49:856,Trial019,Eye Tracking (ballon gauche).avi,31,MediumSlateBlue,0.0,Eye,32,31,5.008,4.2017,,,,,corps,corps,0.0363,0.5057,-0.8619,-0.0207,0.4577,-0.8889,0,-,-,-,-,-,-,-,-,,,,,,
88386,1068048.947,15:59:49:923,Trial019,Eye Tracking (ballon gauche).avi,31,MediumSlateBlue,0.0,Eye,32,31,5.0113,4.2154,,,,,corps,corps,0.0404,0.5005,-0.8648,-0.0139,0.4732,-0.8808,0,-,-,-,-,-,-,-,-,,,,,,
88390,1068115.714,15:59:49:989,Trial019,Eye Tracking (ballon gauche).avi,31,MediumSlateBlue,0.0,Eye,32,31,4.9764,4.22,,,,,corps,corps,0.0581,0.5024,-0.8627,-0.0008,0.4688,-0.8833,0,-,-,-,-,-,-,-,-,,,,,,
88394,1068182.48,15:59:50:056,Trial019,Eye Tracking (ballon gauche).avi,31,MediumSlateBlue,0.0,Eye,32,31,4.9547,4.2161,,,,,corps,corps,0.0552,0.5075,-0.8599,0.0078,0.4741,-0.8805,0,-,-,-,-,-,-,-,-,,,,,,
88398,1068249.246,15:59:50:123,Trial019,Eye Tracking (ballon gauche).avi,31,MediumSlateBlue,0.0,Eye,32,31,4.9518,4.2122,,,,,corps,corps,0.0656,0.5183,-0.8527,0.0108,0.4805,-0.8769,0,-,-,-,-,-,-,-,-,,,,,,
88402,1068316.012,15:59:50:190,Trial019,Eye Tracking (ballon gauche).avi,31,MediumSlateBlue,0.0,Eye,32,31,4.9068,4.2212,,,,,corps,corps,0.0643,0.5112,-0.8571,0.0093,0.4738,-0.8806,0,-,-,-,-,-,-,-,-,,,,,,
88406,1068382.779,15:59:50:256,Trial019,Eye Tracking (ballon gauche).avi,31,MediumSlateBlue,0.0,Eye,32,31,4.8761,4.2208,,,,,corps,corps,0.0689,0.5153,-0.8542,0.0098,0.4794,-0.8775,0,-,-,-,-,-,-,-,-,,,,,,
88410,1068449.545,15:59:50:323,Trial019,Eye Tracking (ballon gauche).avi,31,MediumSlateBlue,0.0,Eye,32,31,4.8908,4.2259,,,,,corps,corps,0.0662,0.4976,-0.8649,0.0112,0.4669,-0.8842,0,-,-,-,-,-,-,-,-,,,,,,
88414,1068516.311,15:59:50:390,Trial019,Eye Tracking (ballon gauche).avi,31,MediumSlateBlue,0.0,Eye,32,31,4.8812,4.2476,,,,,corps,corps,0.0739,0.4905,-0.8683,0.0136,0.4713,-0.8819,0,-,-,-,-,-,-,-,-,,,,,,
88418,1068583.078,15:59:50:457,Trial019,Eye Tracking (ballon gauche).avi,31,MediumSlateBlue,83.4869,Eye,32,31,4.8854,4.2776,624.8047361173467,414.72394610012066,602.2492829222647,376.24241003619653,corps,corps,0.072,0.4928,-0.8671,0.0174,0.4712,-0.8819,0,-,-,-,-,-,-,-,-,,,,,,
88422,1068649.844,15:59:50:523,Trial019,Eye Tracking (ballon gauche).avi,31,MediumSlateBlue,83.4869,Eye,32,31,4.9025,4.3076,624.4195645089567,384.4313471513038,603.9069321692931,440.483714200521,corps,corps,0.0727,0.4947,-0.866,0.0134,0.4741,-0.8804,0,-,-,-,-,-,-,-,-,,,,,,
88426,1068716.61,15:59:50:590,Trial019,Eye Tracking (ballon gauche).avi,31,MediumSlateBlue,83.4869,Eye,32,31,4.9388,4.3317,618.4491727930858,381.35608433003415,609.728186292127,403.5451021534176,corps,corps,0.071,0.4957,-0.8656,0.0099,0.4739,-0.8805,0,-,-,-,-,-,-,-,-,,,,,,
88430,1068783.388,15:59:50:657,Trial019,Eye Tracking (ballon gauche).avi,31,MediumSlateBlue,83.4869,Eye,32,31,4.9617,4.3534,617.277238837072,336.94228551932775,608.0309245785542,352.4418076104847,corps,corps,0.0661,0.5001,-0.8635,0.0059,0.4788,-0.8779,0,-,-,-,-,-,-,-,-,,,,,,
88434,1068850.2,15:59:50:724,Trial019,Eye Tracking (ballon gauche).avi,31,MediumSlateBlue,83.4869,Eye,32,31,4.9833,4.3855,619.4098391306854,375.9635614155764,613.9603181952826,375.31753344271294,corps,corps,0.063,0.5007,-0.8633,0.0037,0.4821,-0.8761,0,-,-,-,-,-,-,-,-,,,,,,
88438,1068917.018,15:59:50:791,Trial019,Eye Tracking (ballon gauche).avi,31,MediumSlateBlue,83.4869,Eye,32,31,5.0049,4.4114,620.0418109645475,394.4549217228968,617.6281767111898,419.70984928356677,corps,corps,0.0645,0.5056,-0.8604,0.0004,0.4809,-0.8768,0,-,-,-,-,-,-,-,-,,,,,,
88442,1068983.844,15:59:50:857,Trial019,Eye Tracking (ballon gauche).avi,31,MediumSlateBlue,83.4869,Eye,32,31,5.0143,4.4228,623.6211818587972,392.61329368412424,621.4434004866887,362.52482977803794,corps,corps,0.0595,0.4989,-0.8646,0.0021,0.4715,-0.8819,0,-,-,-,-,-,-,-,-,,,,,,
88446,1069050.669,15:59:50:924,Trial019,Eye Tracking (ballon gauche).avi,31,MediumSlateBlue,83.4869,Eye,32,31,5.0309,4.4442,622.4695478993284,362.13438242983466,616.866157208053,382.8978035605611,corps,corps,0.0631,0.5003,-0.8635,0.0018,0.4709,-0.8822,0,-,-,-,-,-,-,-,-,,,,,,
88450,1069117.495,15:59:50:991,Trial019,Eye Tracking (ballon gauche).avi,31,MediumSlateBlue,83.4869,Eye,33,32,5.0395,4.4463,618.9245860809882,365.4546919567609,617.7749034032429,425.778747071023,Pointage D,Pointage D,0.0231,0.2658,-0.9638,-0.0111,0.2376,-0.9713,0,-,-,-,-,-,-,-,-,,,,,,
88454,1069184.32,15:59:51:058,Trial019,Eye Tracking (ballon gauche).avi,31,MediumSlateBlue,83.4869,Eye,33,32,5.0127,4.4148,603.5366908874362,433.97177609376934,609.9928650150184,415.9380636737717,Pointage D,Pointage D,0.0249,0.2392,-0.9707,-0.0219,0.2127,-0.9769,0,-,-,-,-,-,-,-,-,,,,,,
88458,1069251.146,15:59:51:125,Trial019,Eye Tracking (ballon gauche).avi,31,MediumSlateBlue,83.4869,Eye,33,32,4.9955,4.4104,594.1452182809151,393.42102898017447,614.3314767227666,438.2266938620772,Pointage D,Pointage D,0.0188,0.2417,-0.9702,-0.0236,0.2085,-0.9777,0,-,-,-,-,-,-,-,-,,,,,,
88462,1069317.971,15:59:51:192,Trial019,Eye Tracking (ballon gauche).avi,31,MediumSlateBlue,83.4869,Eye,33,32,4.9843,4.4026,592.7212468692925,463.52620828598316,606.7138952508188,451.61819316532325,Pointage D,Pointage D,0.0093,0.2469,-0.969,-0.0352,0.2232,-0.9741,0,-,-,-,-,-,-,-,-,,,,,,
88466,1069384.797,15:59:51:258,Trial019,Eye Tracking (ballon gauche).avi,31,MediumSlateBlue,83.4869,Eye,33,32,4.966,4.3951,595.5835076768889,470.36616079694693,602.785374887884,484.3382072825432,Pointage D,Pointage D,-0.0002,0.2483,-0.9687,-0.0385,0.2232,-0.974,0,-,-,-,-,-,-,-,-,,,,,,
88470,1069451.622,15:59:51:325,Trial019,Eye Tracking (ballon gauche).avi,31,MediumSlateBlue,83.4869,Eye,33,32,4.9614,4.3963,603.7253211821061,472.4176063790107,605.388146370813,452.2418227892834,Pointage D,Pointage D,-0.0077,0.2456,-0.9693,-0.0541,0.2133,-0.9755,0,-,-,-,-,-,-,-,-,,,,,,
88474,1069518.448,15:59:51:392,Trial019,Eye Tracking (ballon gauche).avi,31,MediumSlateBlue,83.4869,Eye,33,32,4.9621,4.4051,595.755854200573,476.6684547477236,611.9204487857724,493.5235798884257,Pointage D,Pointage D,-0.0106,0.2451,-0.9694,-0.0504,0.2169,-0.9749,0,-,-,-,-,-,-,-,-,,,,,,
88478,1069585.273,15:59:51:459,Trial019,Eye Tracking (ballon gauche).avi,31,MediumSlateBlue,83.4869,Eye,34,30,4.9625,4.4184,607.8534582125488,440.8675570152559,625.1423252502605,474.7046543138137,Pointage D,Pointage D,0.0338,0.2528,-0.9669,-0.0127,0.2239,-0.9745,0,-,-,-,-,-,-,-,-,,,,,,
88482,1069652.078,15:59:51:526,Trial019,Eye Tracking (ballon gauche).avi,31,MediumSlateBlue,83.4869,Eye,34,33,4.9556,4.4522,617.2889146016918,492.79790589063657,636.9661416343135,535.5852114348572,Pointage D,Pointage D,0.027,0.2539,-0.9668,-0.019,0.2205,-0.9752,0,-,-,-,-,-,-,-,-,,,,,,
88486,1069718.863,15:59:51:592,Trial019,Eye Tracking (ballon gauche).avi,31,MediumSlateBlue,83.4869,Eye,34,33,4.9391,4.4809,619.7384288647612,453.99951238183894,646.2333546576127,470.64968783117445,Pointage D,Pointage D,0.0232,0.2582,-0.9658,-0.0188,0.2193,-0.9755,0,-,-,-,-,-,-,-,-,,,,,,
88490,1069785.595,15:59:51:659,Trial019,Eye Tracking (ballon gauche).avi,31,MediumSlateBlue,83.4869,Eye,34,33,4.9307,4.4781,629.0554815221324,480.7575481061281,647.852638058101,489.5075953517046,Pointage D,Pointage D,0.0206,0.2589,-0.9657,-0.0275,0.2188,-0.9754,0,-,-,-,-,-,-,-,-,,,,,,
88494,1069852.327,15:59:51:726,Trial019,Eye Tracking (ballon gauche).avi,31,MediumSlateBlue,83.4869,Eye,34,33,4.9109,4.4814,630.5118641873435,465.9341735065607,640.1354712101971,476.9498478349185,Pointage D,Pointage D,0.0222,0.2565,-0.9663,-0.0301,0.216,-0.9759,0,-,-,-,-,-,-,-,-,,,,,,
88498,1069919.059,15:59:51:793,Trial019,Eye Tracking (ballon gauche).avi,31,MediumSlateBlue,83.4869,Eye,34,33,4.9033,4.4828,625.5028876147537,490.9422011595463,643.256268614871,491.56077229445754,Pointage D,Pointage D,0.0226,0.2546,-0.9668,-0.025,0.2198,-0.9752,0,-,-,-,-,-,-,-,-,,,,,,
88502,1069985.791,15:59:51:859,Trial019,Eye Tracking (ballon gauche).avi,31,MediumSlateBlue,83.4869,Eye,35,34,4.8732,4.4681,619.6140527422637,462.01811352222904,624.817860723787,463.4227848315314,corps,corps,-0.0088,0.4312,-0.9022,-0.0917,0.431,-0.8977,0,-,-,-,-,-,-,-,-,,,,,,
88506,1070052.522,15:59:51:926,Trial019,Eye Tracking (ballon gauche).avi,31,MediumSlateBlue,83.4869,Eye,35,34,4.8778,4.4283,617.9923922393567,520.1227164543261,611.6781075085798,469.21696963484425,corps,corps,-0.0236,0.4501,-0.8927,-0.0773,0.4142,-0.9069,0,-,-,-,-,-,-,-,-,,,,,,
88510,1070119.254,15:59:51:993,Trial019,Eye Tracking (ballon gauche).avi,31,MediumSlateBlue,83.4869,Eye,35,34,4.8854,4.4069,605.1701437227267,416.2400881013249,599.9748607641919,364.26616591810205,corps,corps,-0.0202,0.4557,-0.8899,-0.0735,0.4183,-0.9053,0,-,-,-,-,-,-,-,-,,,,,,
88514,1070185.986,15:59:52:060,Trial019,Eye Tracking (ballon gauche).avi,31,MediumSlateBlue,83.4869,Eye,36,35,4.8899,4.3789,597.7412498938809,414.1743077248777,599.2242492956544,418.43380156666143,corps,corps,-0.0268,0.4883,-0.8723,-0.0708,0.4621,-0.884,0,-,-,-,-,-,-,-,-,,,,,,
88518,1070252.718,15:59:52:126,Trial019,Eye Tracking (ballon gauche).avi,31,MediumSlateBlue,83.4869,Eye,36,35,4.8936,4.3608,591.5542606475558,419.43326398748087,600.8093736783798,392.37486491869953,corps,corps,-0.0248,0.4919,-0.8703,-0.0716,0.4661,-0.8818,0,-,-,-,-,-,-,-,-,,,,,,
88522,1070319.45,15:59:52:193,Trial019,Eye Tracking (ballon gauche).avi,31,MediumSlateBlue,83.4869,Eye,36,35,4.9029,4.3484,584.2126760496845,384.3260008180288,604.688295902055,376.8142111362689,corps,corps,-0.027,0.4983,-0.8666,-0.0787,0.462,-0.8834,0,-,-,-,-,-,-,-,-,,,,,,
88526,1070386.182,15:59:52:260,Trial019,Eye Tracking (ballon gauche).avi,31,MediumSlateBlue,83.4869,Eye,36,35,4.9089,4.3356,584.9385556748186,433.55525453729535,608.0427681933376,432.31832921266096,corps,corps,-0.026,0.501,-0.865,-0.0711,0.4649,-0.8825,0,-,-,-,-,-,-,-,-,,,,,,
88530,1070452.914,15:59:52:327,Trial019,Eye Tracking (ballon gauche).avi,31,MediumSlateBlue,83.4869,Eye,36,35,4.9195,4.3298,582.9966781212306,372.85702372857406,610.2097766922271,361.43433866986834,corps,corps,-0.0284,0.4995,-0.8659,-0.0756,0.4636,-0.8828,0,-,-,-,-,-,-,-,-,,,,,,
88534,1070519.621,15:59:52:393,Trial019,Eye Tracking (ballon gauche).avi,31,MediumSlateBlue,83.4869,Eye,36,35,4.9334,4.3401,589.4429192822663,380.047765676008,604.1031198654294,376.7735964197433,corps,corps,-0.0201,0.4978,-0.8671,-0.0749,0.4635,-0.8829,0,-,-,-,-,-,-,-,-,,,,,,
88538,1070586.34,15:59:52:460,Trial019,Eye Tracking (ballon gauche).avi,31,MediumSlateBlue,83.4869,Eye,36,35,4.9518,4.358,591.4494901275576,385.7702859251056,597.1415328374752,416.2178205043978,corps,corps,-0.0248,0.4922,-0.8702,-0.0757,0.4647,-0.8822,0,-,-,-,-,-,-,-,-,,,,,,
88542,1070653.077,15:59:52:527,Trial019,Eye Tracking (ballon gauche).avi,31,MediumSlateBlue,83.4869,Eye,36,35,4.9813,4.3699,581.6440799365309,387.6527627778402,612.4219632303863,405.5095529351719,corps,corps,-0.0266,0.4921,-0.8701,-0.0741,0.4685,-0.8804,0,-,-,-,-,-,-,-,-,,,,,,
88546,1070719.814,15:59:52:593,Trial019,Eye Tracking (ballon gauche).avi,31,MediumSlateBlue,83.4869,Eye,36,35,5.0139,4.3891,579.9927370277796,350.208934462984,607.8941837147377,393.56877719242334,corps,corps,-0.0242,0.4953,-0.8684,-0.0787,0.4623,-0.8832,0,-,-,-,-,-,-,-,-,,,,,,
88550,1070786.552,15:59:52:660,Trial019,Eye Tracking (ballon gauche).avi,31,MediumSlateBlue,83.4869,Eye,36,35,5.0338,4.4023,582.166460695562,368.2509248951615,603.639246756444,317.6648482155283,corps,corps,-0.0207,0.4911,-0.8709,-0.0753,0.4632,-0.883,0,-,-,-,-,-,-,-,-,,,,,,
88554,1070853.289,15:59:52:727,Trial019,Eye Tracking (ballon gauche).avi,31,MediumSlateBlue,83.4869,Eye,36,35,5.0456,4.4159,583.2136012674191,338.96776744221745,608.0540926840247,412.3941107203279,corps,corps,-0.0235,0.4928,-0.8698,-0.0785,0.4677,-0.8804,0,-,-,-,-,-,-,-,-,,,,,,
88558,1070920.027,15:59:52:794,Trial019,Eye Tracking (ballon gauche).avi,31,MediumSlateBlue,83.4869,Eye,36,35,5.0518,4.4224,576.97033059404,395.74904930191644,603.1667518572497,416.57467417346965,corps,corps,-0.0266,0.4957,-0.8681,-0.0783,0.4689,-0.8798,0,-,-,-,-,-,-,-,-,,,,,,
88562,1070986.764,15:59:52:860,Trial019,Eye Tracking (ballon gauche).avi,31,MediumSlateBlue,83.4869,Eye,36,35,5.0639,4.4255,579.0073889811064,391.13937384929784,598.0899431955098,315.6486074346254,corps,corps,-0.0251,0.4933,-0.8695,-0.0689,0.4728,-0.8785,0,-,-,-,-,-,-,-,-,,,,,,
88566,1071053.501,15:59:52:927,Trial019,Eye Tracking (ballon gauche).avi,31,MediumSlateBlue,83.4869,Eye,36,35,5.0711,4.4338,581.3291379168493,351.54324480920127,593.4668822654139,388.795551163665,corps,corps,-0.0232,0.4945,-0.8689,-0.0726,0.477,-0.8759,0,-,-,-,-,-,-,-,-,,,,,,
88570,1071120.239,15:59:52:994,Trial019,Eye Tracking (ballon gauche).avi,31,MediumSlateBlue,83.4869,Eye,36,35,5.0821,4.4441,585.0645932168845,399.2026919033,593.3626278385315,334.69670576559275,corps,corps,-0.0255,0.4959,-0.868,-0.0807,0.4763,-0.8756,0,-,-,-,-,-,-,-,-,,,,,,
88574,1071186.976,15:59:53:061,Trial019,Eye Tracking (ballon gauche).avi,31,MediumSlateBlue,83.4869,Eye,36,35,5.094,4.4497,580.9580890915815,341.2314377195364,598.2349515931164,386.38501154333994,corps,corps,-0.0229,0.4931,-0.8697,-0.0733,0.4742,-0.8774,0,-,-,-,-,-,-,-,-,,,,,,
88578,1071253.714,15:59:53:127,Trial019,Eye Tracking (ballon gauche).avi,31,MediumSlateBlue,83.4869,Eye,36,35,5.1038,4.4622,582.065388466066,383.45823340679414,596.0473869367552,373.23193450617214,corps,corps,-0.0259,0.4971,-0.8673,-0.0765,0.4695,-0.8796,0,-,-,-,-,-,-,-,-,,,,,,
88582,1071320.451,15:59:53:194,Trial019,Eye Tracking (ballon gauche).avi,31,MediumSlateBlue,83.4869,Eye,34,33,5.1081,4.4778,587.9965101565161,346.51619488233257,594.051842682777,330.20735326300365,corps,corps,-0.0396,0.4907,-0.8704,-0.0967,0.4682,-0.8783,0,-,-,-,-,-,-,-,-,,,,,,
88586,1071387.183,15:59:53:261,Trial019,Eye Tracking (ballon gauche).avi,31,MediumSlateBlue,83.4869,Eye,37,36,5.1425,4.4659,533.403841642866,408.44223679943,541.0464113246152,405.65872714406606,BallonVisible,BallonVisible,-0.2313,0.4814,-0.8454,-0.2985,0.4492,-0.8421,0,-,-,-,-,-,-,-,-,,,,,,
88590,1071453.932,15:59:53:328,Trial019,Eye Tracking (ballon gauche).avi,31,MediumSlateBlue,83.4869,Eye,37,36,5.1745,4.4603,495.5023448056272,373.38696547841056,500.20933337901056,341.5909220368366,BallonVisible,BallonVisible,-0.232,0.4815,-0.8452,-0.2956,0.4518,-0.8417,0,-,-,-,-,-,-,-,-,,,,,,
88594,1071520.689,15:59:53:394,Trial019,Eye Tracking (ballon gauche).avi,31,MediumSlateBlue,83.4869,Eye,37,36,5.2027,4.4553,461.1348916864106,384.21045491371626,471.537274391526,395.2589329273506,BallonVisible,BallonVisible,-0.2321,0.4824,-0.8446,-0.2975,0.4553,-0.8392,0,-,-,-,-,-,-,-,-,,,,,,
88598,1071587.447,15:59:53:461,Trial019,Eye Tracking (ballon gauche).avi,31,MediumSlateBlue,83.4869,Eye,37,36,5.2212,4.4478,425.9947226718141,401.7560675240439,454.202435732814,397.629813457499,BallonVisible,BallonVisible,-0.2355,0.4907,-0.8389,-0.2994,0.451,-0.8408,0,-,-,-,-,-,-,-,-,,,,,,
88602,1071654.204,15:59:53:528,Trial019,Eye Tracking (ballon gauche).avi,31,MediumSlateBlue,83.4869,Eye,35,36,5.2388,4.4388,402.4808596865952,380.8626941429087,433.3644544080671,338.6185584432528,BallonVisible,BallonVisible,-0.2499,0.4692,-0.847,-0.3112,0.4354,-0.8448,0,-,-,-,-,-,-,-,-,,,,,,
88606,1071720.961,15:59:53:595,Trial019,Eye Tracking (ballon gauche).avi,31,MediumSlateBlue,83.4869,Eye,38,37,5.2303,4.4102,386.4235587860812,389.2110800235495,409.2834659331439,364.28003490032427,BallonVisible,BallonVisible,-0.26,0.4473,-0.8558,-0.3242,0.4085,-0.8532,0,-,-,-,-,-,-,-,-,,,,,,
88610,1071787.718,15:59:53:661,Trial019,Eye Tracking (ballon gauche).avi,31,MediumSlateBlue,83.4869,Eye,38,37,5.2047,4.3826,372.57616211171353,370.7269833206984,395.52867295173394,393.32562212754704,BallonVisible,BallonVisible,-0.2542,0.4439,-0.8593,-0.3234,0.4061,-0.8547,0,-,-,-,-,-,-,-,-,,,,,,
88614,1071854.475,15:59:53:728,Trial019,Eye Tracking (ballon gauche).avi,31,MediumSlateBlue,83.4869,Eye,38,37,5.1701,4.3344,364.262746993874,361.05104959437205,384.91401334906413,455.29062181881534,BallonVisible,BallonVisible,-0.2615,0.4418,-0.8581,-0.3192,0.4098,-0.8545,0,-,-,-,-,-,-,-,-,,,,,,
88618,1071921.233,15:59:53:795,Trial019,Eye Tracking (ballon gauche).avi,31,MediumSlateBlue,83.4869,Eye,38,37,5.1245,4.2905,352.54965227828893,443.25013305954394,375.95732634485375,405.52028814048117,BallonVisible,BallonVisible,-0.2556,0.4478,-0.8568,-0.3255,0.4064,-0.8537,0,-,-,-,-,-,-,-,-,,,,,,
88622,1071987.99,15:59:53:862,Trial019,Eye Tracking (ballon gauche).avi,31,MediumSlateBlue,83.4869,Eye,38,37,5.0583,4.2639,347.05055645288974,364.2617158736708,374.563326055111,391.6536762739921,BallonVisible,BallonVisible,-0.258,0.4469,-0.8566,-0.3267,0.4054,-0.8538,0,-,-,-,-,-,-,-,-,,,,,,
88626,1072054.747,15:59:53:928,Trial019,Eye Tracking (ballon gauche).avi,31,MediumSlateBlue,83.4869,Eye,39,38,4.9811,4.242,408.2490888819194,311.40187106808713,427.44355014449656,403.57924077791364,corps,corps,-0.0281,0.496,-0.8679,-0.0791,0.463,-0.8828,0,-,-,-,-,-,-,-,-,,,,,,
88630,1072121.504,15:59:53:995,Trial019,Eye Tracking (ballon gauche).avi,31,MediumSlateBlue,83.4869,Eye,39,38,4.9192,4.2172,453.98584814219373,395.3811303620801,476.9144436545412,409.5944320440521,corps,corps,-0.028,0.4935,-0.8693,-0.0777,0.4618,-0.8836,0,-,-,-,-,-,-,-,-,,,,,,
88634,1072188.261,15:59:54:062,Trial019,Eye Tracking (ballon gauche).avi,31,MediumSlateBlue,83.4869,Eye,39,38,4.8665,4.199,494.34024213676173,336.9172985835851,513.8980186568731,346.6419826627663,corps,corps,-0.019,0.4874,-0.873,-0.079,0.457,-0.8859,0,-,-,-,-,-,-,-,-,,,,,,
88638,1072255.04,15:59:54:129,Trial019,Eye Tracking (ballon gauche).avi,31,MediumSlateBlue,83.4869,Eye,39,38,4.8368,4.1804,517.4059883472369,404.86463428405716,543.2340927073197,382.57982231963626,corps,corps,-0.0182,0.4943,-0.8691,-0.076,0.4582,-0.8856,0,-,-,-,-,-,-,-,-,,,,,,
88642,1072321.838,15:59:54:195,Trial019,Eye Tracking (ballon gauche).avi,31,MediumSlateBlue,83.4869,Eye,39,38,4.8128,4.157,542.0905679643773,387.49101820143215,560.8929423134086,441.8457577113785,corps,corps,-0.0203,0.4947,-0.8688,-0.0715,0.4627,-0.8836,0,-,-,-,-,-,-,-,-,,,,,,
88646,1072388.635,15:59:54:262,Trial019,Eye Tracking (ballon gauche).avi,31,MediumSlateBlue,83.4869,Eye,39,38,4.7915,4.1288,557.4415796187116,391.4144274133993,572.0291720145577,395.1772312028337,corps,corps,-0.0145,0.4897,-0.8718,-0.0689,0.4586,-0.886,0,-,-,-,-,-,-,-,-,,,,,,
88650,1072455.432,15:59:54:329,Trial019,Eye Tracking (ballon gauche).avi,31,MediumSlateBlue,83.4869,Eye,40,38,4.7815,4.1332,572.9897892498055,406.9121086318901,584.740703473811,358.08231998634517,corps,corps,0.0059,0.499,-0.8666,-0.0478,0.4723,-0.8801,0,-,-,-,-,-,-,-,-,,,,,,
88654,1072522.23,15:59:54:396,Trial019,Eye Tracking (ballon gauche).avi,31,MediumSlateBlue,83.4869,Eye,40,38,4.773,4.1404,579.809307845088,319.50302150863104,595.4070934090455,336.3551065125507,corps,corps,0.0089,0.5022,-0.8647,-0.0459,0.4732,-0.8798,0,-,-,-,-,-,-,-,-,,,,,,
88658,1072589.027,15:59:54:463,Trial019,Eye Tracking (ballon gauche).avi,31,MediumSlateBlue,83.4869,Eye,40,39,4.7827,4.1505,600.3803208217073,318.71098404848567,606.9611566797707,360.6929103608365,corps,corps,0.0104,0.5033,-0.8641,-0.0446,0.475,-0.8789,0,-,-,-,-,-,-,-,-,,,,,,
88662,1072655.824,15:59:54:529,Trial019,Eye Tracking (ballon gauche).avi,31,MediumSlateBlue,83.4869,Eye,40,39,4.7982,4.1565,605.7880818078037,332.2890164328053,624.382399565138,372.71312520744686,corps,corps,0.0083,0.5024,-0.8646,-0.0498,0.4741,-0.879,0,-,-,-,-,-,-,-,-,,,,,,
88666,1072722.621,15:59:54:596,Trial019,Eye Tracking (ballon gauche).avi,31,MediumSlateBlue,83.4869,Eye,40,39,4.8104,4.1569,616.3832337395104,407.6600180193922,621.4856733615745,425.26954853464395,corps,corps,0.0054,0.5016,-0.8651,-0.0435,0.4756,-0.8786,0,-,-,-,-,-,-,-,-,,,,,,
88670,1072789.419,15:59:54:663,Trial019,Eye Tracking (ballon gauche).avi,31,MediumSlateBlue,83.4869,Eye,38,40,4.8203,4.1447,573.9467971608868,363.3311033187671,572.8772203441546,414.5114856503923,corps,-,-0.1537,0.5093,-0.8467,-0.2491,0.4696,-0.847,0,-,-,-,-,-,-,-,-,,,,,,
88674,1072856.216,15:59:54:730,Trial019,Eye Tracking (ballon gauche).avi,31,MediumSlateBlue,83.4869,Eye,41,40,4.8389,4.1181,522.234580698502,339.94256869788603,531.5052327736004,350.2834841766672,BallonVisible,BallonVisible,-0.2025,0.5083,-0.837,-0.2719,0.4671,-0.8414,0,-,-,-,-,-,-,-,-,,,,,,
88678,1072923.013,15:59:54:797,Trial019,Eye Tracking (ballon gauche).avi,31,MediumSlateBlue,83.4869,Eye,41,40,4.8659,4.109,492.8861978006897,321.9677339801167,502.2333235014162,389.29385757952446,BallonVisible,BallonVisible,-0.2048,0.5049,-0.8385,-0.2751,0.4646,-0.8417,0,-,-,-,-,-,-,-,-,,,,,,
88682,1072989.81,15:59:54:863,Trial019,Eye Tracking (ballon gauche).avi,31,MediumSlateBlue,83.4869,Eye,41,40,4.8811,4.1006,464.66828972686494,295.11182124002113,473.5682886142439,345.0566662165918,BallonVisible,BallonVisible,-0.2065,0.5055,-0.8378,-0.2762,0.4675,-0.8397,0,-,-,-,-,-,-,-,-,,,,,,
88686,1073056.608,15:59:54:930,Trial019,Eye Tracking (ballon gauche).avi,31,MediumSlateBlue,83.4869,Eye,42,41,4.8749,4.1157,499.8422817921368,361.6437027054931,510.5569393848655,346.25902201630015,corps,corps,0.0143,0.4967,-0.8678,-0.0518,0.4737,-0.8792,0,-,-,-,-,-,-,-,-,,,,,,
88690,1073123.394,15:59:54:997,Trial019,Eye Tracking (ballon gauche).avi,31,MediumSlateBlue,83.4869,Eye,42,41,4.8606,4.1244,527.3264285070702,343.0782573956578,536.6126456413658,367.8093324067917,corps,corps,0.0162,0.4923,-0.8703,-0.0377,0.4692,-0.8823,0,-,-,-,-,-,-,-,-,,,,,,
88694,1073190.177,15:59:55:064,Trial019,Eye Tracking (ballon gauche).avi,31,MediumSlateBlue,83.4869,Eye,42,41,4.8445,4.1294,556.7288613857407,351.3003821244002,564.6106414479813,324.824287028835,corps,corps,0.0155,0.4925,-0.8702,-0.0478,0.4633,-0.8849,0,-,-,-,-,-,-,-,-,,,,,,
88698,1073256.959,15:59:55:131,Trial019,Eye Tracking (ballon gauche).avi,31,MediumSlateBlue,83.4869,Eye,42,41,4.8325,4.1288,576.4420592683541,327.97490977367266,586.2492324488131,359.3788846165773,corps,corps,0.017,0.4915,-0.8707,-0.0466,0.4615,-0.8859,0,-,-,-,-,-,-,-,-,,,,,,
88702,1073323.742,15:59:55:197,Trial019,Eye Tracking (ballon gauche).avi,31,MediumSlateBlue,83.4869,Eye,42,41,4.8199,4.1257,585.3425166611502,402.60412558387503,606.8354287969274,377.7538870709138,corps,corps,0.0148,0.4919,-0.8705,-0.0474,0.4668,-0.8831,0,-,-,-,-,-,-,-,-,,,,,,
88706,1073390.525,15:59:55:264,Trial019,Eye Tracking (ballon gauche).avi,31,MediumSlateBlue,83.4869,Eye,42,41,4.813,4.12,603.1222559284812,328.6731642862886,614.8010351003928,374.3355822715068,corps,corps,0.0108,0.4967,-0.8678,-0.0413,0.4684,-0.8825,0,-,-,-,-,-,-,-,-,,,,,,
88710,1073457.307,15:59:55:331,Trial019,Eye Tracking (ballon gauche).avi,31,MediumSlateBlue,83.4869,Eye,42,41,4.8052,4.121,613.9036264186446,371.0199142591021,620.1871232856752,417.2085606456513,corps,corps,0.0088,0.4944,-0.8692,-0.0436,0.4667,-0.8833,0,-,-,-,-,-,-,-,-,,,,,,
88714,1073524.09,15:59:55:398,Trial019,Eye Tracking (ballon gauche).avi,31,MediumSlateBlue,83.4869,Eye,42,41,4.8093,4.1325,621.2151628871878,345.31752589391004,616.8788710401011,402.11688538773217,corps,corps,0.009,0.4933,-0.8698,-0.0417,0.4663,-0.8837,0,-,-,-,-,-,-,-,-,,,,,,
88718,1073590.872,15:59:55:464,Trial019,Eye Tracking (ballon gauche).avi,31,MediumSlateBlue,83.4869,Eye,42,41,4.8334,4.1383,623.6144046293954,331.4835955816284,621.8026562707795,406.0260629416184,corps,corps,0.0123,0.4942,-0.8693,-0.0477,0.4704,-0.8812,0,-,-,-,-,-,-,-,-,,,,,,
88722,1073657.655,15:59:55:531,Trial019,Eye Tracking (ballon gauche).avi,31,MediumSlateBlue,83.4869,Eye,42,41,4.8675,4.1593,623.7847831830162,320.6242418671711,623.5782785447964,385.1206414943647,corps,corps,0.0102,0.4973,-0.8675,-0.0505,0.4622,-0.8853,0,-,-,-,-,-,-,-,-,,,,,,
88726,1073724.438,15:59:55:598,Trial019,Eye Tracking (ballon gauche).avi,31,MediumSlateBlue,83.4869,Eye,42,41,4.8888,4.1867,622.7860054343216,294.09691639284114,621.8210452024003,362.55435498130294,corps,corps,0.0111,0.4996,-0.8662,-0.0492,0.4688,-0.8819,0,-,-,-,-,-,-,-,-,,,,,,
88730,1073791.22,15:59:55:665,Trial019,Eye Tracking (ballon gauche).avi,31,MediumSlateBlue,83.4869,Eye,42,41,4.9297,4.1979,623.4736084357664,397.1431346297664,630.6399850824819,414.3640231573735,corps,corps,0.0114,0.4925,-0.8703,-0.0527,0.4653,-0.8836,0,-,-,-,-,-,-,-,-,,,,,,
88734,1073858.003,15:59:55:732,Trial019,Eye Tracking (ballon gauche).avi,31,MediumSlateBlue,83.4869,Eye,42,41,4.9612,4.2001,627.3324686316222,408.0180139374051,629.3206786992009,379.9085903733702,corps,corps,0.0059,0.4946,-0.8691,-0.0438,0.4629,-0.8854,0,-,-,-,-,-,-,-,-,,,,,,
88738,1073924.777,15:59:55:798,Trial019,Eye Tracking (ballon gauche).avi,31,MediumSlateBlue,83.4869,Eye,42,41,4.9794,4.2124,630.21284971938,377.3521034219086,628.4856779767414,402.1402784520973,corps,corps,0.0007,0.487,-0.8734,-0.054,0.4459,-0.8935,0,-,-,-,-,-,-,-,-,,,,,,
88742,1073991.525,15:59:55:865,Trial019,Eye Tracking (ballon gauche).avi,31,MediumSlateBlue,83.4869,Eye,42,41,4.9986,4.2454,629.7422386543722,393.8315593503454,628.8830091888148,372.40148640508664,corps,corps,0.0038,0.4887,-0.8724,-0.0517,0.4546,-0.8892,0,-,-,-,-,-,-,-,-,,,,,,
88746,1074058.273,15:59:55:932,Trial019,Eye Tracking (ballon gauche).avi,31,MediumSlateBlue,83.4869,Eye,42,41,5.0169,4.2676,633.9649438581488,356.53133244003556,622.3108168031597,364.80328353874216,corps,corps,-0.0053,0.4836,-0.8753,-0.0649,0.4528,-0.8892,0,-,-,-,-,-,-,-,-,,,,,,
88750,1074125.021,15:59:55:999,Trial019,Eye Tracking (ballon gauche).avi,31,MediumSlateBlue,83.4869,Eye,42,41,5.0296,4.2885,624.9524416219971,354.32977177136047,614.6241498769225,377.1991934547016,corps,corps,0.0097,0.4727,-0.8812,-0.0509,0.4447,-0.8942,0,-,-,-,-,-,-,-,-,,,,,,
88754,1074191.769,15:59:56:065,Trial019,Eye Tracking (ballon gauche).avi,31,MediumSlateBlue,83.4869,Eye,42,41,5.044,4.2978,622.7497416415268,353.58906067299984,613.7658344054555,422.1764434362639,corps,corps,0.0121,0.4759,-0.8794,-0.0531,0.4426,-0.8951,0,-,-,-,-,-,-,-,-,,,,,,
88758,1074258.517,15:59:56:132,Trial019,Eye Tracking (ballon gauche).avi,31,MediumSlateBlue,83.4869,Eye,42,41,5.0495,4.2909,611.4030357987021,405.19669702247427,618.8944244512231,407.3909230735275,corps,corps,0.009,0.4784,-0.8781,-0.0503,0.4468,-0.8932,0,-,-,-,-,-,-,-,-,,,,,,
88762,1074325.265,15:59:56:199,Trial019,Eye Tracking (ballon gauche).avi,31,MediumSlateBlue,83.4869,Eye,43,41,5.0609,4.2866,614.4360092026565,385.52578344385785,618.9487141716378,396.3554816250347,corps,corps,0.0068,0.4723,-0.8814,-0.048,0.4335,-0.8999,0,-,-,-,-,-,-,-,-,,,,,,
88766,1074392.013,15:59:56:266,Trial019,Eye Tracking (ballon gauche).avi,31,MediumSlateBlue,83.4869,Eye,43,41,5.0775,4.2944,623.5078913090772,361.8440417567081,617.5213067943154,437.4165268885584,corps,corps,0.0061,0.4748,-0.8801,-0.0476,0.4344,-0.8995,0,-,-,-,-,-,-,-,-,,,,,,
62163,1074441.18,11:26:18:001,Trial001,Federica Final_WMV_3000Kbps_720p.avi,31,Indigo,88.8617,Eye,1,1,4.3391,4.8322,702.7808598064853,426.64413799011004,706.3478778606091,440.35564310446875,-,-,0.0000,0.0000,0.0000,0.0000,0.0000,0.0000,,-,-,-,-,-,-,-,-,,,,,,
88771,1074475.448,15:59:56:349,Trial019,Eye Tracking (ballon gauche).avi,31,MediumSlateBlue,83.4869,Eye,43,41,5.0796,4.3028,688.0023421311885,436.38674395980706,691.4724931823326,422.6654759510785,corps,corps,0.0063,0.477,-0.8789,-0.0501,0.4382,-0.8975,0,-,-,-,-,-,-,-,-,,,,,,
88773,1074508.822,15:59:56:382,Trial019,Eye Tracking (ballon gauche).avi,31,MediumSlateBlue,83.4869,Eye,43,41,5.0843,4.3109,667.9691826022884,333.2252439046406,675.1559310015928,454.5990820335086,corps,corps,0.0065,0.4742,-0.8804,-0.0486,0.4338,-0.8997,0,-,-,-,-,-,-,-,-,,,,,,
88775,1074542.196,15:59:56:416,Trial019,Eye Tracking (ballon gauche).avi,31,MediumSlateBlue,83.4869,Eye,43,39,5.0928,4.3204,660.6577800821061,345.85970767813546,666.5899197223713,390.87772488191405,corps,corps,0.0101,0.4735,-0.8808,-0.0488,0.4315,-0.9008,0,-,-,-,-,-,-,-,-,,,,,,
62170,1074580.426,11:26:18:140,Trial001,Federica Final_WMV_3000Kbps_720p.avi,31,Indigo,88.8617,Eye,1,1,4.2732,4.7442,735.4169595020461,394.6000312039929,732.5511430091185,473.0616360502793,-,-,0.0000,0.0000,0.0000,0.0000,0.0000,0.0000,,-,-,-,-,-,-,-,-,,,,,,
62172,1074620.181,11:26:18:180,Trial001,Federica Final_WMV_3000Kbps_720p.avi,31,Indigo,88.8617,Eye,2,2,4.2151,4.7277,755.0813711603201,534.1627199028173,756.87543213312,477.22423044361034,-,-,0.0000,0.0000,0.0000,0.0000,0.0000,0.0000,,-,-,-,-,-,-,-,-,,,,,,
88782,1074659.005,15:59:56:533,Trial019,Eye Tracking (ballon gauche).avi,31,MediumSlateBlue,83.4869,Eye,43,42,5.0955,4.3399,727.2166881857887,423.42855286972843,725.313501578436,491.35239815338616,corps,corps,0.003,0.4679,-0.8838,-0.0548,0.428,-0.9021,0,-,-,-,-,-,-,-,-,,,,,,
88784,1074692.379,15:59:56:566,Trial019,Eye Tracking (ballon gauche).avi,31,MediumSlateBlue,83.4869,Eye,43,42,5.0971,4.3501,705.6405943611327,460.13283130421036,705.8720986490753,507.1898983803609,corps,corps,0.0027,0.4656,-0.885,-0.0532,0.4348,-0.899,0,-,-,-,-,-,-,-,-,,,,,,
88786,1074725.753,15:59:56:599,Trial019,Eye Tracking (ballon gauche).avi,31,MediumSlateBlue,83.4869,Eye,43,42,5.0998,4.3603,692.2903221814094,403.93602676597015,684.4441078819324,369.938780199813,corps,corps,0.0106,0.5015,-0.8651,-0.0508,0.4723,-0.88,0,-,-,-,-,-,-,-,-,,,,,,
62179,1074759.571,11:26:18:319,Trial001,Federica Final_WMV_3000Kbps_720p.avi,31,Indigo,88.8617,Eye,2,2,4.2010,4.5190,682.3297142589737,410.10200097502565,676.170505155802,421.01988330160304,corps,corps,0.0000,0.0000,0.0000,0.0000,0.0000,0.0000,,-,-,-,-,-,-,-,-,,,,,,
62181,1074799.341,11:26:18:359,Trial001,Federica Final_WMV_3000Kbps_720p.avi,31,Indigo,88.8617,Eye,3,3,4.1182,4.2978,668.0047408187239,397.0462208045079,663.2432604033152,457.987591553889,corps,corps,0.0000,0.0000,0.0000,0.0000,0.0000,0.0000,,-,-,-,-,-,-,-,-,,,,,,
62183,1074839.202,11:26:18:399,Trial001,Federica Final_WMV_3000Kbps_720p.avi,31,Indigo,88.8617,Eye,3,3,3.9500,4.2242,666.6166075477291,444.3454318745591,670.8395940217559,368.99049632777826,visage1,visage1,0.0000,0.0000,0.0000,0.0000,0.0000,0.0000,,-,-,-,-,-,-,-,-,,,,,,
88795,1074876.029,15:59:56:750,Trial019,Eye Tracking (ballon gauche).avi,31,MediumSlateBlue,83.4869,Eye,43,42,5.0815,4.4038,653.8541412725498,420.9552300740091,660.8561290599632,374.6606267430076,corps,corps,0.0028,0.4981,-0.8671,-0.0491,0.4671,-0.8828,0,-,-,-,-,-,-,-,-,,,,,,
88797,1074909.428,15:59:56:783,Trial019,Eye Tracking (ballon gauche).avi,31,MediumSlateBlue,83.4869,Eye,43,40,5.0859,4.4111,654.374911519597,378.5701859051322,651.0083984977382,379.15283345826214,corps,corps,0.0036,0.5043,-0.8635,-0.0504,0.4675,-0.8826,0,-,-,-,-,-,-,-,-,,,,,,
88799,1074942.827,15:59:56:816,Trial019,Eye Tracking (ballon gauche).avi,31,MediumSlateBlue,83.4869,Eye,43,43,5.0861,4.4169,643.6448965693064,382.3302124186365,650.8065202877335,395.45130085082815,corps,corps,0.0022,0.5039,-0.8638,-0.0545,0.4681,-0.882,0,-,-,-,-,-,-,-,-,,,,,,
62190,1074978.439,11:26:18:538,Trial001,Federica Final_WMV_3000Kbps_720p.avi,31,Indigo,88.8617,Eye,4,4,3.5347,3.8749,648.7844790274127,406.13602196191874,652.463535563058,444.2422702300371,visage1,visage1,0.0000,0.0000,0.0000,0.0000,0.0000,0.0000,,-,-,-,-,-,-,-,-,,,,,,
62192,1075018.189,11:26:18:578,Trial001,Federica Final_WMV_3000Kbps_720p.avi,31,Indigo,88.8617,Eye,4,4,3.4801,3.6929,639.4166814805474,392.86109237008026,642.5307169028795,408.97798447345144,yeux (1),yeux (1),0.0000,0.0000,0.0000,0.0000,0.0000,0.0000,,-,-,-,-,-,-,-,-,,,,,,
62194,1075058.063,11:26:18:618,Trial001,Federica Final_WMV_3000Kbps_720p.avi,31,Indigo,88.8617,Eye,4,4,3.4122,3.6727,641.3604973319514,445.31655277064567,647.7722135642441,405.3775537427114,yeux (1),yeux (1),0.0000,0.0000,0.0000,0.0000,0.0000,0.0000,,-,-,-,-,-,-,-,-,,,,,,
88808,1075093.121,15:59:56:967,Trial019,Eye Tracking (ballon gauche).avi,31,MediumSlateBlue,83.4869,Eye,43,43,5.0936,4.4325,643.0530744579062,334.5788106354376,643.4325396294164,380.0970838591062,corps,corps,0.0016,0.5014,-0.8652,-0.0457,0.4668,-0.8832,0,-,-,-,-,-,-,-,-,,,,,,
88810,1075126.52,15:59:57:000,Trial019,Eye Tracking (ballon gauche).avi,31,MediumSlateBlue,83.4869,Eye,43,43,5.0959,4.4357,643.4691805825918,310.8878382167874,638.0481583199486,335.6602486478979,corps,corps,0.0057,0.5034,-0.8641,-0.0522,0.4721,-0.88,0,-,-,-,-,-,-,-,-,,,,,,
88812,1075159.919,15:59:57:034,Trial019,Eye Tracking (ballon gauche).avi,31,MediumSlateBlue,83.4869,Eye,43,43,5.0986,4.4428,643.1802093924804,315.72766368945395,641.8613520765182,388.744311897203,corps,corps,0.0058,0.4998,-0.8661,-0.0501,0.4666,-0.883,0,-,-,-,-,-,-,-,-,,,,,,
62201,1075197.304,11:26:18:757,Trial001,Federica Final_WMV_3000Kbps_720p.avi,31,Indigo,88.8617,Eye,4,4,3.2493,3.5008,642.5234990432687,316.3604021790735,660.6447606739513,400.5792059038938,yeux (1),yeux (1),0.0000,0.0000,0.0000,0.0000,0.0000,0.0000,,-,-,-,-,-,-,-,-,,,,,,
62203,1075237.177,11:26:18:797,Trial001,Federica Final_WMV_3000Kbps_720p.avi,31,Indigo,88.8617,Eye,4,4,3.2157,3.5697,652.2342159775169,335.658838056313,664.0218013015544,350.8714001168628,yeux (1),yeux (1),0.0000,0.0000,0.0000,0.0000,0.0000,0.0000,,-,-,-,-,-,-,-,-,,,,,,
88819,1075276.815,15:59:57:150,Trial019,Eye Tracking (ballon gauche).avi,31,MediumSlateBlue,83.4869,Eye,4,8,0,0,553.2062504579122,309.5201584735753,562.0469394509404,370.46352355318,-,-,0,0,0,0,0,0,0,-,-,-,-,-,-,-,-,,,,,,
88821,1075310.214,15:59:57:184,Trial019,Eye Tracking (ballon gauche).avi,31,MediumSlateBlue,83.4869,Eye,4,8,0,0,478.90256558969566,326.0538978975047,485.5330823344667,341.31975770083596,-,-,0,0,0,0,0,0,0,-,-,-,-,-,-,-,-,,,,,,
88823,1075343.612,15:59:57:217,Trial019,Eye Tracking (ballon gauche).avi,31,MediumSlateBlue,83.4869,Eye,4,8,0,0,423.1918132684732,381.13022942347135,428.1647008270516,311.4168823165347,-,-,0,0,0,0,0,0,0,-,-,-,-,-,-,-,-,,,,,,
88825,1075377.011,15:59:57:251,Trial019,Eye Tracking (ballon gauche).avi,31,MediumSlateBlue,83.4869,Eye,4,8,0,0,381.41542543733783,320.51682778586104,385.1450911062716,388.2184567425303,-,-,0,0,0,0,0,0,0,-,-,-,-,-,-,-,-,,,,,,
62212,1075416.297,11:26:18:976,Trial001,Federica Final_WMV_3000Kbps_720p.avi,31,Indigo,88.8617,Eye,5,5,3.1438,3.5634,441.11626063754386,380.664365223137,443.9531804733292,330.3117884047442,yeux (1),yeux (1),0.0000,0.0000,0.0000,0.0000,0.0000,0.0000,,-,-,-,-,-,-,-,-,,,,,,
62214,1075456.129,11:26:19:016,Trial001,Federica Final_WMV_3000Kbps_720p.avi,31,Indigo,88.8617,Eye,5,5,3.0470,3.5321,486.6052216786236,351.09108508413993,500.624340796773,293.62593786936264,yeux (1),yeux (1),0.0000,0.0000,0.0000,0.0000,0.0000,0.0000,,-,-,-,-,-,-,-,-,,,,,,
88832,1075493.907,15:59:57:368,Trial019,Eye Tracking (ballon gauche).avi,31,MediumSlateBlue,83.4869,Eye,44,44,5.1032,4.4952,524.4736754547755,364.7843028044965,533.4910389383856,342.16063759485644,corps,corps,0.0168,0.5111,-0.8593,-0.045,0.4668,-0.8832,0,-,-,-,-,-,-,-,-,,,,,,
88834,1075527.306,15:59:57:401,Trial019,Eye Tracking (ballon gauche).avi,31,MediumSlateBlue,83.4869,Eye,44,44,0,0,457.4634379302822,329.98173519376735,464.2264605429898,325.5474755757236,-,-,0,0,0,0,0,0,0,-,-,-,-,-,-,-,-,,,,,,
88836,1075560.705,15:59:57:434,Trial019,Eye Tracking (ballon gauche).avi,31,MediumSlateBlue,83.4869,Eye,44,44,5.119,4.5053,497.00272794412865,350.9459840719862,504.75041089007107,324.5149370547021,corps,corps,0.0127,0.4976,-0.8673,-0.0507,0.458,-0.8875,0,-,-,-,-,-,-,-,-,,,,,,
62221,1075595.423,11:26:19:155,Trial001,Federica Final_WMV_3000Kbps_720p.avi,31,Indigo,88.8617,Eye,5,5,3.0638,3.5980,534.1999426655913,354.97180865912037,538.332298084562,368.6424900441737,yeux (1),yeux (1),0.0000,0.0000,0.0000,0.0000,0.0000,0.0000,,-,-,-,-,-,-,-,-,,,,,,
62223,1075635.302,11:26:19:195,Trial001,Federica Final_WMV_3000Kbps_720p.avi,31,Indigo,88.8617,Eye,5,5,3.0317,3.5496,553.6846602215106,365.5043380665363,560.090197038137,362.6896880533044,yeux (1),yeux (1),0.0000,0.0000,0.0000,0.0000,0.0000,0.0000,,-,-,-,-,-,-,-,-,,,,,,
62225,1075675.049,11:26:19:235,Trial001,Federica Final_WMV_3000Kbps_720p.avi,31,Indigo,88.8617,Eye,5,5,3.1896,3.5581,575.6643020222876,339.67678900264673,579.520586275583,357.60943583939064,visage1,visage1,0.0000,0.0000,0.0000,0.0000,0.0000,0.0000,,-,-,-,-,-,-,-,-,,,,,,
88845,1075710.973,15:59:57:585,Trial019,Eye Tracking (ballon gauche).avi,31,MediumSlateBlue,83.4869,Eye,44,44,5.1815,4.5364,590.8946429973317,337.4339058023912,603.1038744354461,381.4661355690437,corps,corps,0.0056,0.4935,-0.8697,-0.0507,0.4513,-0.891,0,-,-,-,-,-,-,-,-,,,,,,
88847,1075744.367,15:59:57:618,Trial019,Eye Tracking (ballon gauche).avi,31,MediumSlateBlue,83.4869,Eye,44,44,5.1917,4.5506,599.174587387633,306.4685290596865,607.8718968784825,408.31133819612205,corps,corps,0.004,0.4926,-0.8703,-0.0473,0.4528,-0.8904,0,-,-,-,-,-,-,-,-,,,,,,
88849,1075777.76,15:59:57:651,Trial019,Eye Tracking (ballon gauche).avi,31,MediumSlateBlue,83.4869,Eye,44,44,5.2059,4.5614,604.9235771275137,335.0935563653906,603.3166009835606,358.7149701788067,corps,corps,0.011,0.5002,-0.8658,-0.0507,0.4659,-0.8834,0,-,-,-,-,-,-,-,-,,,,,,
62232,1075814.429,11:26:19:374,Trial001,Federica Final_WMV_3000Kbps_720p.avi,31,Indigo,88.8617,Eye,5,5,3.2273,3.7311,607.8113151300306,426.6606591798196,605.9946176837897,426.9314859339182,visage1,visage1,0.0000,0.0000,0.0000,0.0000,0.0000,0.0000,,-,-,-,-,-,-,-,-,,,,,,
62234,1075854.369,11:26:19:414,Trial001,Federica Final_WMV_3000Kbps_720p.avi,31,Indigo,88.8617,Eye,5,5,3.2817,3.6919,613.2478386276883,384.81254326293373,618.7922744295493,385.53818925419057,visage1,visage1,0.0000,0.0000,0.0000,0.0000,0.0000,0.0000,,-,-,-,-,-,-,-,-,,,,,,
62236,1075894.058,11:26:19:454,Trial001,Federica Final_WMV_3000Kbps_720p.avi,31,Indigo,88.8617,Eye,5,5,3.1748,3.5868,626.530119844154,362.3608775362893,627.4125483093021,370.86843233664615,visage1,visage1,0.0000,0.0000,0.0000,0.0000,0.0000,0.0000,,-,-,-,-,-,-,-,-,,,,,,
88858,1075928.031,15:59:57:802,Trial019,Eye Tracking (ballon gauche).avi,31,MediumSlateBlue,83.4869,Eye,44,44,5.2655,4.6087,631.0578715774998,385.6572156558513,618.4197531342518,377.4644253646344,corps,corps,0.0066,0.4954,-0.8687,-0.0535,0.4714,-0.8803,0,-,-,-,-,-,-,-,-,,,,,,
88860,1075961.425,15:59:57:835,Trial019,Eye Tracking (ballon gauche).avi,31,MediumSlateBlue,83.4869,Eye,44,44,5.2727,4.6292,627.6394294033247,369.5994418968775,618.3118471084299,334.6749604144537,corps,corps,0.0071,0.4999,-0.866,-0.0489,0.4679,-0.8824,0,-,-,-,-,-,-,-,-,,,,,,
88862,1075994.819,15:59:57:868,Trial019,Eye Tracking (ballon gauche).avi,31,MediumSlateBlue,83.4869,Eye,44,44,5.2841,4.6468,626.8856052055218,396.5523628519756,618.2779927892343,368.60764445550393,corps,corps,0.0026,0.4975,-0.8674,-0.0502,0.4679,-0.8824,0,-,-,-,-,-,-,-,-,,,,,,
62243,1076033.421,11:26:19:593,Trial001,Federica Final_WMV_3000Kbps_720p.avi,31,Indigo,88.8617,Eye,6,6,3.3351,3.8079,598.4400292049809,331.881931161324,590.7334013571153,342.7264745759167,corps,corps,0.0000,0.0000,0.0000,0.0000,0.0000,0.0000,,-,-,-,-,-,-,-,-,,,,,,
62245,1076073.292,11:26:19:633,Trial001,Federica Final_WMV_3000Kbps_720p.avi,31,Indigo,88.8617,Eye,6,6,3.3045,3.7863,526.5006977717192,321.02256632975525,530.7075852928592,431.4118756116655,chien (1),chien (1),0.0000,0.0000,0.0000,0.0000,0.0000,0.0000,,-,-,-,-,-,-,-,-,,,,,,
88869,1076111.696,15:59:57:985,Trial019,Eye Tracking (ballon gauche).avi,31,MediumSlateBlue,83.4869,Eye,44,44,5.3199,4.6627,554.7666713772197,339.48416658046386,562.7842866115411,393.96011909517733,corps,corps,0.0058,0.4893,-0.8721,-0.051,0.4719,-0.8802,0,-,-,-,-,-,-,-,-,,,,,,
88871,1076145.09,15:59:58:019,Trial019,Eye Tracking (ballon gauche).avi,31,MediumSlateBlue,83.4869,Eye,44,44,5.325,4.6617,576.1299923153888,380.2699904050474,580.8059161676866,317.39163417276166,corps,corps,0.0033,0.496,-0.8683,-0.0484,0.4652,-0.8839,0,-,-,-,-,-,-,-,-,,,,,,
88873,1076178.483,15:59:58:052,Trial019,Eye Tracking (ballon gauche).avi,31,MediumSlateBlue,83.4869,Eye,44,44,5.3344,4.6688,586.2605305324213,468.26570354830164,593.4993192405768,449.4434198595594,corps,corps,0.0048,0.4963,-0.8681,-0.0507,0.4648,-0.8839,0,-,-,-,-,-,-,-,-,,,,,,
62252,1076212.712,11:26:19:773,Trial001,Federica Final_WMV_3000Kbps_720p.avi,31,Indigo,88.8617,Eye,6,6,3.2479,3.8880,520.8303160383191,370.08997646976474,524.4342515060373,340.8516142716938,chien (1),chien (1),0.0000,0.0000,0.0000,0.0000,0.0000,0.0000,,-,-,-,-,-,-,-,-,,,,,,
62254,1076252.448,11:26:19:812,Trial001,Federica Final_WMV_3000Kbps_720p.avi,31,Indigo,88.8617,Eye,6,6,3.4223,3.8982,480.5085512352043,356.6285580596217,465.55566747493805,344.81791923962254,chien (1),chien (1),0.0000,0.0000,0.0000,0.0000,0.0000,0.0000,,-,-,-,-,-,-,-,-,,,,,,
62256,1076292.338,11:26:19:852,Trial001,Federica Final_WMV_3000Kbps_720p.avi,31,Indigo,88.8617,Eye,6,6,3.4185,3.7724,440.9391264047107,366.81693954551014,434.73853165748426,352.151597373757,chien (1),chien (1),0.0000,0.0000,0.0000,0.0000,0.0000,0.0000,,-,-,-,-,-,-,-,-,,,,,,
88882,1076328.754,15:59:58:202,Trial019,Eye Tracking (ballon gauche).avi,31,MediumSlateBlue,83.4869,Eye,44,44,5.3755,4.6597,487.9484479849556,354.62708797957947,480.26802427081395,383.0647647327287,corps,corps,-0.0098,0.4975,-0.8674,-0.0635,0.4674,-0.8818,0,-,-,-,-,-,-,-,-,,,,,,
88884,1076362.148,15:59:58:236,Trial019,Eye Tracking (ballon gauche).avi,31,MediumSlateBlue,83.4869,Eye,44,44,5.3816,4.6611,518.1826232871266,336.0526637242268,511.2018182048155,416.64310006374194,corps,corps,-0.0151,0.4914,-0.8708,-0.0672,0.4641,-0.8833,0,-,-,-,-,-,-,-,-,,,,,,
88886,1076395.542,15:59:58:269,Trial019,Eye Tracking (ballon gauche).avi,31,MediumSlateBlue,83.4869,Eye,44,44,5.3886,4.668,548.0109857131232,386.4100520825386,538.9727230400256,359.5927687250764,corps,corps,-0.012,0.4944,-0.8691,-0.0645,0.4633,-0.8839,0,-,-,-,-,-,-,-,-,,,,,,
62263,1076431.53,11:26:19:991,Trial001,Federica Final_WMV_3000Kbps_720p.avi,31,Indigo,88.8617,Eye,7,7,3.3568,3.7690,525.3731985747445,388.7483426142842,516.2046840414379,383.20927513107927,corps,corps,0.0000,0.0000,0.0000,0.0000,0.0000,0.0000,,-,-,-,-,-,-,-,-,,,,,,
62265,1076471.409,11:26:20:031,Trial001,Federica Final_WMV_3000Kbps_720p.avi,31,Indigo,88.8617,Eye,7,7,3.2582,3.8677,562.3332487586235,394.1276553905117,551.0528790773091,376.93743802604854,yeux (1),yeux (1),0.0000,0.0000,0.0000,0.0000,0.0000,0.0000,,-,-,-,-,-,-,-,-,,,,,,
62267,1076511.286,11:26:20:071,Trial001,Federica Final_WMV_3000Kbps_720p.avi,31,Indigo,88.8617,Eye,7,7,3.2119,3.8314,588.8396741734654,368.6837199795044,571.2126231571848,384.8193145170863,yeux (1),yeux (1),0.0000,0.0000,0.0000,0.0000,0.0000,0.0000,,-,-,-,-,-,-,-,-,,,,,,
88895,1076545.769,15:59:58:419,Trial019,Eye Tracking (ballon gauche).avi,31,MediumSlateBlue,83.4869,Eye,44,44,5.4348,4.6871,599.3262464534323,341.2643217784961,588.4479745906441,369.1817980409389,corps,corps,-0.0253,0.4859,-0.8737,-0.0778,0.4631,-0.8829,0,-,-,-,-,-,-,-,-,,,,,,
88897,1076579.141,15:59:58:453,Trial019,Eye Tracking (ballon gauche).avi,31,MediumSlateBlue,83.4869,Eye,44,44,5.4493,4.6912,606.3152902788657,395.2946508335641,592.0840951454281,389.9142616917848,corps,corps,-0.0227,0.4874,-0.8729,-0.0831,0.4583,-0.8849,0,-,-,-,-,-,-,-,-,,,,,,
88899,1076612.513,15:59:58:486,Trial019,Eye Tracking (ballon gauche).avi,31,MediumSlateBlue,83.4869,Eye,44,44,5.462,4.692,614.1854568048664,402.7866652884022,606.2107607376314,396.57756664665857,corps,corps,-0.0234,0.4797,-0.8771,-0.0822,0.4627,-0.8827,0,-,-,-,-,-,-,-,-,,,,,,
62274,1076650.55,11:26:20:210,Trial001,Federica Final_WMV_3000Kbps_720p.avi,31,Indigo,88.8617,Eye,7,7,3.3715,3.8092,625.8749229012217,352.0511888846311,618.9699038795409,392.27631444450367,visage1,visage1,0.0000,0.0000,0.0000,0.0000,0.0000,0.0000,,-,-,-,-,-,-,-,-,,,,,,
62276,1076690.45,11:26:20:250,Trial001,Federica Final_WMV_3000Kbps_720p.avi,31,Indigo,88.8617,Eye,7,7,3.3560,3.7916,641.1619033042244,369.64711124603235,625.1544460534766,390.32478366486,visage1,visage1,0.0000,0.0000,0.0000,0.0000,0.0000,0.0000,,-,-,-,-,-,-,-,-,,,,,,
88906,1076729.315,15:59:58:603,Trial019,Eye Tracking (ballon gauche).avi,31,MediumSlateBlue,83.4869,Eye,44,44,5.5065,4.6992,645.7487866779695,377.62880051423195,621.5455484416445,387.3241777730279,corps,corps,-0.033,0.4811,-0.8761,-0.0892,0.4578,-0.8846,0,-,-,-,-,-,-,-,-,,,,,,
88908,1076762.688,15:59:58:636,Trial019,Eye Tracking (ballon gauche).avi,31,MediumSlateBlue,83.4869,Eye,44,44,5.5173,4.7024,640.7662679228408,392.5925111468083,624.9144323390678,348.2818987386496,corps,corps,-0.0317,0.4807,-0.8763,-0.087,0.4514,-0.8881,0,-,-,-,-,-,-,-,-,,,,,,
88910,1076796.06,15:59:58:670,Trial019,Eye Tracking (ballon gauche).avi,31,MediumSlateBlue,83.4869,Eye,44,44,5.5321,4.7071,642.6469040442119,335.90195687985687,621.9690091827373,362.1354037369572,corps,corps,-0.0322,0.4775,-0.878,-0.0893,0.4602,-0.8833,0,-,-,-,-,-,-,-,-,,,,,,
62283,1076829.804,11:26:20:390,Trial001,Federica Final_WMV_3000Kbps_720p.avi,31,Indigo,88.8617,Eye,7,7,3.3546,3.7822,641.7435226174485,396.56594263005474,632.6279526912069,411.0453941083376,visage1,visage1,0.0000,0.0000,0.0000,0.0000,0.0000,0.0000,,-,-,-,-,-,-,-,-,,,,,,
62285,1076869.538,11:26:20:429,Trial001,Federica Final_WMV_3000Kbps_720p.avi,31,Indigo,88.8617,Eye,7,7,3.3594,3.8985,652.0366683133147,346.26136389191043,630.5036011595311,359.5468345278348,visage1,visage1,0.0000,0.0000,0.0000,0.0000,0.0000,0.0000,,-,-,-,-,-,-,-,-,,,,,,
62287,1076909.396,11:26:20:469,Trial001,Federica Final_WMV_3000Kbps_720p.avi,31,Indigo,88.8617,Eye,7,7,3.4114,3.8294,648.9259647910565,425.9607055552428,627.7701916170269,434.83948342172306,visage1,visage1,0.0000,0.0000,0.0000,0.0000,0.0000,0.0000,,-,-,-,-,-,-,-,-,,,,,,
88919,1076946.234,15:59:58:820,Trial019,Eye Tracking (ballon gauche).avi,31,MediumSlateBlue,83.4869,Eye,44,44,5.5634,4.7406,641.3070523131859,372.7333885470033,627.315302259209,372.3444668611416,corps,corps,-0.0409,0.4921,-0.8695,-0.1084,0.4552,-0.8838,0,-,-,-,-,-,-,-,-,,,,,,
88921,1076979.606,15:59:58:853,Trial019,Eye Tracking (ballon gauche).avi,31,MediumSlateBlue,83.4869,Eye,44,44,5.569,4.7538,638.2018571136447,367.83015004595796,627.747557493968,358.38885169386714,corps,corps,-0.0386,0.4828,-0.8749,-0.1065,0.4588,-0.8822,0,-,-,-,-,-,-,-,-,,,,,,
88923,1077012.978,15:59:58:887,Trial019,Eye Tracking (ballon gauche).avi,31,MediumSlateBlue,83.4869,Eye,44,44,5.5741,4.7553,635.1948251980272,365.8048895041943,629.6702339565586,367.8716321635938,corps,corps,-0.0415,0.4865,-0.8727,-0.1043,0.4571,-0.8833,0,-,-,-,-,-,-,-,-,,,,,,
62294,1077048.786,11:26:20:609,Trial001,Federica Final_WMV_3000Kbps_720p.avi,31,Indigo,88.8617,Eye,7,7,3.3898,3.7926,638.4411726137376,404.7255480274677,635.484687533242,386.4699302198143,visage1,visage1,0.0000,0.0000,0.0000,0.0000,0.0000,0.0000,,-,-,-,-,-,-,-,-,,,,,,
62296,1077088.526,11:26:20:648,Trial001,Federica Final_WMV_3000Kbps_720p.avi,31,Indigo,88.8617,Eye,7,7,3.4606,3.8641,645.3322593804949,384.00305605285695,643.149968702198,335.3799751370372,visage1,visage1,0.0000,0.0000,0.0000,0.0000,0.0000,0.0000,,-,-,-,-,-,-,-,-,,,,,,
62298,1077128.413,11:26:20:688,Trial001,Federica Final_WMV_3000Kbps_720p.avi,31,Indigo,88.8617,Eye,7,7,3.5180,3.9037,647.7268290327178,408.0355733823433,648.5641294171844,409.1094319504567,visage1,visage1,0.0000,0.0000,0.0000,0.0000,0.0000,0.0000,,-,-,-,-,-,-,-,-,,,,,,
88932,1077163.153,15:59:59:037,Trial019,Eye Tracking (ballon gauche).avi,31,MediumSlateBlue,83.4869,Eye,44,44,5.5956,4.7589,638.6741290562258,405.6622528042484,654.8349256172661,383.2266224938184,corps,corps,-0.0363,0.4871,-0.8726,-0.0995,0.4557,-0.8846,0,-,-,-,-,-,-,-,-,,,,,,
88934,1077196.525,15:59:59:070,Trial019,Eye Tracking (ballon gauche).avi,31,MediumSlateBlue,83.4869,Eye,44,44,5.6,4.754,627.9834087613921,417.21850665989086,654.0789306192192,338.1486547854061,corps,corps,-0.04,0.4858,-0.8731,-0.104,0.4556,-0.8841,0,-,-,-,-,-,-,-,-,,,,,,
88936,1077229.897,15:59:59:104,Trial019,Eye Tracking (ballon gauche).avi,31,MediumSlateBlue,83.4869,Eye,44,44,5.6015,4.7526,635.6323790344892,347.10950345593074,638.1142718381501,367.3465897402178,corps,corps,-0.0408,0.4862,-0.8729,-0.0969,0.4572,-0.8841,0,-,-,-,-,-,-,-,-,,,,,,
62305,1077267.766,11:26:20:828,Trial001,Federica Final_WMV_3000Kbps_720p.avi,31,Indigo,88.8617,Eye,7,7,3.3224,3.6165,647.7772713247033,435.01023748886615,644.6880885540838,421.968917152226,yeux (1),yeux (1),0.0000,0.0000,0.0000,0.0000,0.0000,0.0000,,-,-,-,-,-,-,-,-,,,,,,
62307,1077307.548,11:26:20:867,Trial001,Federica Final_WMV_3000Kbps_720p.avi,31,Indigo,88.8617,Eye,7,7,3.4272,3.6515,649.3134239884853,391.963103654757,652.8177119863036,350.53167892143614,yeux (1),yeux (1),0.0000,0.0000,0.0000,0.0000,0.0000,0.0000,,-,-,-,-,-,-,-,-,,,,,,
88943,1077346.741,15:59:59:220,Trial019,Eye Tracking (ballon gauche).avi,31,MediumSlateBlue,83.4869,Eye,5,9,0,0,550.9831242325326,323.59169287410543,553.6113402308963,356.01345957545334,-,-,0,0,0,0,0,0,0,-,-,-,-,-,-,-,-,,,,,,
88945,1077380.114,15:59:59:254,Trial019,Eye Tracking (ballon gauche).avi,31,MediumSlateBlue,83.4869,Eye,5,9,0,0,477.2094016650104,336.3376527767328,479.1805636637831,351.6893663900901,-,-,0,0,0,0,0,0,0,-,-,-,-,-,-,-,-,,,,,,
88947,1077413.487,15:59:59:287,Trial019,Eye Tracking (ballon gauche).avi,31,MediumSlateBlue,83.4869,Eye,5,45,0,4.7102,421.90186521905184,327.7507663091962,513.3988071567981,323.3599839299981,-,corps,0,0,0,-0.0719,0.4368,-0.8967,0,-,-,-,-,-,-,-,-,,,,,,
62314,1077446.889,11:26:21:007,Trial001,Federica Final_WMV_3000Kbps_720p.avi,31,Indigo,88.8617,Eye,7,7,3.4401,3.7659,477.4621138522168,362.8696293933145,549.7377733252952,344.14959550396816,visage1,visage1,0.0000,0.0000,0.0000,0.0000,0.0000,0.0000,,-,-,-,-,-,-,-,-,,,,,,
62316,1077486.779,11:26:21:047,Trial001,Federica Final_WMV_3000Kbps_720p.avi,31,Indigo,88.8617,Eye,7,7,3.4215,3.7506,525.5744313274108,309.62206605083406,581.0645885753959,413.2883683752149,visage1,visage1,0.0000,0.0000,0.0000,0.0000,0.0000,0.0000,,-,-,-,-,-,-,-,-,,,,,,
62318,1077526.524,11:26:21:086,Trial001,Federica Final_WMV_3000Kbps_720p.avi,31,Indigo,88.8617,Eye,7,7,3.3278,3.8985,558.26684258243,334.09173981585684,594.1453009281914,358.5785786248866,visage1,visage1,0.0000,0.0000,0.0000,0.0000,0.0000,0.0000,,-,-,-,-,-,-,-,-,,,,,,
88956,1077563.665,15:59:59:437,Trial019,Eye Tracking (ballon gauche).avi,31,MediumSlateBlue,83.4869,Eye,45,45,5.5734,4.7568,577.0949285177198,343.3097132235284,598.4548704471853,353.8455399186696,corps,corps,-0.0008,0.5085,-0.8611,-0.0611,0.4632,-0.8841,0,-,-,-,-,-,-,-,-,,,,,,
88958,1077597.038,15:59:59:471,Trial019,Eye Tracking (ballon gauche).avi,31,MediumSlateBlue,83.4869,Eye,45,45,5.5755,4.7595,589.7347953762735,368.23686883961966,602.9529009703492,367.0160314608144,corps,corps,0,0.5096,-0.8604,-0.0635,0.47,-0.8804,0,-,-,-,-,-,-,-,-,,,,,,
88960,1077630.411,15:59:59:504,Trial019,Eye Tracking (ballon gauche).avi,31,MediumSlateBlue,83.4869,Eye,45,45,5.5747,4.7501,604.5106571385913,414.57534655668934,607.1982074527152,324.82193577450295,corps,corps,0.0027,0.5049,-0.8632,-0.06,0.4713,-0.88,0,-,-,-,-,-,-,-,-,,,,,,
62325,1077665.91,11:26:21:226,Trial001,Federica Final_WMV_3000Kbps_720p.avi,31,Indigo,88.8617,Eye,8,8,3.3296,3.7218,623.4047776542631,364.95639295554946,618.1749511509369,382.64917826951654,yeux (1),yeux (1),0.0000,0.0000,0.0000,0.0000,0.0000,0.0000,,-,-,-,-,-,-,-,-,,,,,,
62327,1077705.785,11:26:21:266,Trial001,Federica Final_WMV_3000Kbps_720p.avi,31,Indigo,88.8617,Eye,8,8,3.4095,3.7942,636.7865376142382,351.0262018602682,629.5349373689988,400.22160883842764,yeux (1),yeux (1),0.0000,0.0000,0.0000,0.0000,0.0000,0.0000,,-,-,-,-,-,-,-,-,,,,,,
62329,1077745.549,11:26:21:305,Trial001,Federica Final_WMV_3000Kbps_720p.avi,31,Indigo,88.8617,Eye,8,8,3.3170,3.7720,644.2156988711504,352.96471338744647,634.6168906238935,326.66780067682623,yeux (1),yeux (1),0.0000,0.0000,0.0000,0.0000,0.0000,0.0000,,-,-,-,-,-,-,-,-,,,,,,
88969,1077780.589,15:59:59:654,Trial019,Eye Tracking (ballon gauche).avi,31,MediumSlateBlue,83.4869,Eye,45,45,5.5614,4.7604,643.4545934945832,373.6275833174161,631.3127998481774,388.0562958589094,corps,corps,0.0092,0.504,-0.8637,-0.0564,0.4662,-0.8829,0,-,-,-,-,-,-,-,-,,,,,,
88971,1077813.962,15:59:59:688,Trial019,Eye Tracking (ballon gauche).avi,31,MediumSlateBlue,83.4869,Eye,45,45,5.5564,4.7639,640.9820063053314,389.9847020832918,634.8997808950311,397.29069789476375,corps,corps,0.0121,0.497,-0.8677,-0.0524,0.4642,-0.8842,0,-,-,-,-,-,-,-,-,,,,,,
88973,1077847.335,15:59:59:721,Trial019,Eye Tracking (ballon gauche).avi,31,MediumSlateBlue,83.4869,Eye,45,45,5.5493,4.7723,633.0811380119657,406.31271655261946,638.3002057771288,376.50335731232565,corps,corps,0.0186,0.4969,-0.8676,-0.0528,0.4631,-0.8847,0,-,-,-,-,-,-,-,-,,,,,,
62336,1077884.884,11:26:21:445,Trial001,Federica Final_WMV_3000Kbps_720p.avi,31,Indigo,88.8617,Eye,8,8,3.3780,3.8579,634.435655909789,327.10336843593285,638.87147900251,370.4079781381248,visage1,visage1,0.0000,0.0000,0.0000,0.0000,0.0000,0.0000,,-,-,-,-,-,-,-,-,,,,,,
62338,1077924.769,11:26:21:485,Trial001,Federica Final_WMV_3000Kbps_720p.avi,31,Indigo,88.8617,Eye,8,8,3.4284,3.7642,639.4024670411034,319.41105662413725,644.2556585306415,358.45930834000814,visage1,visage1,0.0000,0.0000,0.0000,0.0000,0.0000,0.0000,,-,-,-,-,-,-,-,-,,,,,,
88980,1077964.141,15:59:59:838,Trial019,Eye Tracking (ballon gauche).avi,31,MediumSlateBlue,83.4869,Eye,45,45,5.5611,4.7987,641.4177560831023,380.4788113470849,642.0530071781521,375.8643604458711,corps,corps,0.0082,0.4896,-0.8719,-0.0486,0.4614,-0.8858,0,-,-,-,-,-,-,-,-,,,,,,
88982,1077997.514,15:59:59:871,Trial019,Eye Tracking (ballon gauche).avi,31,MediumSlateBlue,83.4869,Eye,45,45,5.5627,4.8044,641.433099948776,415.82424350228325,643.9475983069103,286.8486296851131,corps,corps,0.0205,0.4881,-0.8726,-0.0382,0.4612,-0.8865,0,-,-,-,-,-,-,-,-,,,,,,
88984,1078030.887,15:59:59:905,Trial019,Eye Tracking (ballon gauche).avi,31,MediumSlateBlue,83.4869,Eye,45,45,5.5669,4.8032,645.6523786088848,333.54314658391985,636.3130041142618,348.2931574381562,corps,corps,0.0217,0.484,-0.8748,-0.0423,0.462,-0.8859,0,-,-,-,-,-,-,-,-,,,,,,
88986,1078064.26,15:59:59:938,Trial019,Eye Tracking (ballon gauche).avi,31,MediumSlateBlue,83.4869,Eye,45,45,5.5704,4.8085,638.7217909606196,386.8303954616577,637.5105545247867,362.6960676144862,corps,corps,0.019,0.4939,-0.8693,-0.0435,0.4635,-0.885,0,-,-,-,-,-,-,-,-,,,,,,
62347,1078103.926,11:26:21:664,Trial001,Federica Final_WMV_3000Kbps_720p.avi,31,Indigo,88.8617,Eye,8,8,3.4125,3.8266,638.3827985258328,350.90994378010964,638.8130331488294,425.74885694631996,visage1,visage1,0.0000,0.0000,0.0000,0.0000,0.0000,0.0000,,-,-,-,-,-,-,-,-,,,,,,
62349,1078143.761,11:26:21:704,Trial001,Federica Final_WMV_3000Kbps_720p.avi,31,Indigo,88.8617,Eye,8,8,3.4912,3.8189,643.3153949837138,363.45811776393174,649.3008261084265,416.728669247563,visage1,visage1,0.0000,0.0000,0.0000,0.0000,0.0000,0.0000,,-,-,-,-,-,-,-,-,,,,,,
88993,1078181.092,16:00:00:055,Trial019,Eye Tracking (ballon gauche).avi,31,MediumSlateBlue,83.4869,Eye,45,45,5.59,4.8259,645.5389805464295,349.30686416852365,648.9244512441951,400.70947441346146,corps,corps,0.0132,0.4786,-0.8779,-0.043,0.4595,-0.8871,0,-,-,-,-,-,-,-,-,,,,,,
88995,1078214.483,16:00:00:088,Trial019,Eye Tracking (ballon gauche).avi,31,MediumSlateBlue,83.4869,Eye,45,45,5.5916,4.8339,637.4244791686984,381.1563673793875,644.1823022628306,471.738790666331,corps,corps,0.0109,0.4804,-0.877,-0.0496,0.451,-0.8912,0,-,-,-,-,-,-,-,-,,,,,,
88997,1078247.883,16:00:00:122,Trial019,Eye Tracking (ballon gauche).avi,31,MediumSlateBlue,83.4869,Eye,45,45,5.5961,4.8376,632.7677631507526,376.6643824794094,643.5961977736754,417.43994705446147,corps,corps,0.0088,0.4781,-0.8783,-0.0508,0.4505,-0.8913,0,-,-,-,-,-,-,-,-,,,,,,
62356,1078282.99,11:26:21:843,Trial001,Federica Final_WMV_3000Kbps_720p.avi,31,Indigo,88.8617,Eye,8,8,3.4928,3.9154,639.5264644750409,405.7035083743212,647.1558220337803,372.60097068666477,visage1,visage1,0.0000,0.0000,0.0000,0.0000,0.0000,0.0000,,-,-,-,-,-,-,-,-,,,,,,
62358,1078322.752,11:26:21:883,Trial001,Federica Final_WMV_3000Kbps_720p.avi,31,Indigo,88.8617,Eye,8,8,3.4395,3.9828,638.4877085710366,390.23636976142797,652.4649781638374,351.5919246631451,visage1,visage1,0.0000,0.0000,0.0000,0.0000,0.0000,0.0000,,-,-,-,-,-,-,-,-,,,,,,
62360,1078362.631,11:26:21:922,Trial001,Federica Final_WMV_3000Kbps_720p.avi,31,Indigo,88.8617,Eye,8,8,3.4689,3.8667,642.414529079226,406.02751449338933,649.7166133477406,385.81650343338424,visage1,visage1,0.0000,0.0000,0.0000,0.0000,0.0000,0.0000,,-,-,-,-,-,-,-,-,,,,,,
89006,1078398.18,16:00:00:272,Trial019,Eye Tracking (ballon gauche).avi,31,MediumSlateBlue,83.4869,Eye,45,45,5.5983,4.8618,648.1325085239694,420.71347405945096,650.8159915026941,438.421985651848,corps,corps,0.0071,0.4767,-0.879,-0.0543,0.4507,-0.891,0,-,-,-,-,-,-,-,-,,,,,,
89008,1078431.58,16:00:00:305,Trial019,Eye Tracking (ballon gauche).avi,31,MediumSlateBlue,83.4869,Eye,-,41,5.6037,4.8715,653.5176477426796,377.79781699247957,645.4179018125377,390.62212989436574,-,corps,0.047,0.5525,-0.8322,-0.0357,0.5216,-0.8524,0,-,-,-,-,-,-,-,-,,,,,,
89010,1078464.979,16:00:00:339,Trial019,Eye Tracking (ballon gauche).avi,31,MediumSlateBlue,83.4869,Eye,-,46,0,4.876,554.0476542068559,292.89286178109865,658.6514954552887,361.26575643446705,-,-,0,0,0,0.0074,0.564,-0.8257,0,-,-,-,-,-,-,-,-,,,,,,
62367,1078501.879,11:26:22:062,Trial001,Federica Final_WMV_3000Kbps_720p.avi,31,Indigo,88.8617,Eye,9,9,3.4708,3.7287,576.6951114527684,369.5976353354497,650.1359131083457,323.8775967837933,visage1,visage1,0.0000,0.0000,0.0000,0.0000,0.0000,0.0000,,-,-,-,-,-,-,-,-,,,,,,
62369,1078541.642,11:26:22:101,Trial001,Federica Final_WMV_3000Kbps_720p.avi,31,Indigo,88.8617,Eye,9,9,3.4960,3.7241,597.6923347909977,443.48836020596906,663.746478282229,429.9137769940931,visage1,visage1,0.0000,0.0000,0.0000,0.0000,0.0000,0.0000,,-,-,-,-,-,-,-,-,,,,,,
62371,1078581.378,11:26:22:141,Trial001,Federica Final_WMV_3000Kbps_720p.avi,31,Indigo,88.8617,Eye,9,9,3.2952,3.7910,603.4160334669873,352.4249519993273,650.011496672699,371.15725596117403,visage1,visage1,0.0000,0.0000,0.0000,0.0000,0.0000,0.0000,,-,-,-,-,-,-,-,-,,,,,,
89019,1078615.276,16:00:00:489,Trial019,Eye Tracking (ballon gauche).avi,31,MediumSlateBlue,83.4869,Eye,-,46,5.6128,4.9242,630.794966454183,369.7058901655752,669.0320306118688,317.42113425250625,-,-,0.0633,0.5931,-0.8026,0.0036,0.5684,-0.8227,0,-,-,-,-,-,-,-,-,,,,,,
89021,1078648.676,16:00:00:522,Trial019,Eye Tracking (ballon gauche).avi,31,MediumSlateBlue,83.4869,Eye,-,46,0,4.9246,537.0921433855993,388.79645047136876,682.7778669517571,309.8121635610038,-,-,0,0,0,0.0001,0.5643,-0.8256,0,-,-,-,-,-,-,-,-,,,,,,
89023,1078682.075,16:00:00:556,Trial019,Eye Tracking (ballon gauche).avi,31,MediumSlateBlue,83.4869,Eye,46,46,5.6195,4.9257,572.7881055238055,358.9283481208904,696.0235677654433,295.7993871013925,-,-,0.0542,0.5869,-0.8078,-0.0026,0.5629,-0.8265,0,-,-,-,-,-,-,-,-,,,,,,
62378,1078720.632,11:26:22:280,Trial001,Federica Final_WMV_3000Kbps_720p.avi,31,Indigo,88.8617,Eye,9,9,3.4949,3.9790,591.9368355599638,315.9430380187155,685.9245642378672,411.1059711388055,visage1,visage1,0.0000,0.0000,0.0000,0.0000,0.0000,0.0000,,-,-,-,-,-,-,-,-,,,,,,
62380,1078760.499,11:26:22:320,Trial001,Federica Final_WMV_3000Kbps_720p.avi,31,Indigo,88.8617,Eye,9,9,3.4864,3.8979,605.0376700920153,372.47929886964585,668.8640475327036,411.3691697461291,visage1,visage1,0.0000,0.0000,0.0000,0.0000,0.0000,0.0000,,-,-,-,-,-,-,-,-,,,,,,
89030,1078798.973,16:00:00:673,Trial019,Eye Tracking (ballon gauche).avi,31,MediumSlateBlue,83.4869,Eye,6,47,0,4.9082,517.7500048277237,348.30752743781153,660.6050773459035,345.17917183175035,-,-,0,0,0,-0.055,0.5812,-0.8119,0,-,-,-,-,-,-,-,-,,,,,,
89032,1078832.373,16:00:00:706,Trial019,Eye Tracking (ballon gauche).avi,31,MediumSlateBlue,83.4869,Eye,6,47,0,4.9135,452.30118118147413,362.9451324143231,666.144300516475,391.8755200303384,-,-,0,0,0,-0.0612,0.5814,-0.8113,0,-,-,-,-,-,-,-,-,,,,,,
89034,1078865.772,16:00:00:739,Trial019,Eye Tracking (ballon gauche).avi,31,MediumSlateBlue,83.4869,Eye,6,47,5.645,4.9163,499.72259971160975,320.39586005631753,662.7565216268606,323.2284055926303,-,-,0.0043,0.6015,-0.7989,-0.06,0.5813,-0.8115,0,-,-,-,-,-,-,-,-,,,,,,
62387,1078899.752,11:26:22:460,Trial001,Federica Final_WMV_3000Kbps_720p.avi,31,Indigo,88.8617,Eye,9,9,3.4962,3.9387,537.376458855861,331.4025399662769,661.8884744302406,291.98997695515925,visage1,visage1,0.0000,0.0000,0.0000,0.0000,0.0000,0.0000,,-,-,-,-,-,-,-,-,,,,,,
62389,1078939.501,11:26:22:499,Trial001,Federica Final_WMV_3000Kbps_720p.avi,31,Indigo,88.8617,Eye,9,9,3.5846,4.0090,562.2599159887119,393.17770607655797,662.9326061999622,324.27577920478353,visage1,visage1,0.0000,0.0000,0.0000,0.0000,0.0000,0.0000,,-,-,-,-,-,-,-,-,,,,,,
62391,1078979.246,11:26:22:539,Trial001,Federica Final_WMV_3000Kbps_720p.avi,31,Indigo,88.8617,Eye,9,9,3.5233,3.8381,587.0730347802305,370.0452579136982,659.5361318899312,385.7207623060608,visage1,visage1,0.0000,0.0000,0.0000,0.0000,0.0000,0.0000,,-,-,-,-,-,-,-,-,,,,,,
89043,1079016.044,16:00:00:890,Trial019,Eye Tracking (ballon gauche).avi,31,MediumSlateBlue,83.4869,Eye,8,47,0,4.9339,504.24545364110935,348.8332387984946,667.332301391801,312.3477549214102,-,-,0,0,0,-0.0585,0.5839,-0.8097,0,-,-,-,-,-,-,-,-,,,,,,
89045,1079049.431,16:00:00:923,Trial019,Eye Tracking (ballon gauche).avi,31,MediumSlateBlue,83.4869,Eye,8,47,0,4.9441,442.093749554116,338.1307042094616,659.5043410226234,351.9851794447151,-,-,0,0,0,-0.0568,0.5822,-0.8111,0,-,-,-,-,-,-,-,-,,,,,,
89047,1079082.818,16:00:00:956,Trial019,Eye Tracking (ballon gauche).avi,31,MediumSlateBlue,83.4869,Eye,8,47,0,4.9559,395.44252865356344,379.34522193881696,665.7947653834658,302.3845209279638,-,-,0,0,0,-0.0615,0.5875,-0.8069,0,-,-,-,-,-,-,-,-,,,,,,
62398,1079118.493,11:26:22:678,Trial001,Federica Final_WMV_3000Kbps_720p.avi,31,Indigo,88.8617,Eye,10,10,3.5069,3.7180,371.2815921884924,363.4406140472035,578.1545183801363,339.5113589642721,-,-,0.0000,0.0000,0.0000,0.0000,0.0000,0.0000,,-,-,-,-,-,-,-,-,,,,,,
62400,1079158.361,11:26:22:718,Trial001,Federica Final_WMV_3000Kbps_720p.avi,31,Indigo,88.8617,Eye,10,10,3.5754,3.8131,359.8674917822015,369.17923510539123,509.23019834350754,362.5882897182645,chien (1),chien (1),0.0000,0.0000,0.0000,0.0000,0.0000,0.0000,,-,-,-,-,-,-,-,-,,,,,,
62402,1079198.113,11:26:22:758,Trial001,Federica Final_WMV_3000Kbps_720p.avi,31,Indigo,88.8617,Eye,10,10,3.5123,3.7267,350.3436413312402,306.5472826817273,459.9185566386852,393.23875943151876,chien (1),chien (1),0.0000,0.0000,0.0000,0.0000,0.0000,0.0000,,-,-,-,-,-,-,-,-,,,,,,
89056,1079233.059,16:00:01:107,Trial019,Eye Tracking (ballon gauche).avi,31,MediumSlateBlue,83.4869,Eye,47,48,5.6566,5.0022,413.8828411620675,384.12578430634653,510.76070440383205,343.09057480234947,corps,corps,-0.022,0.4498,-0.8928,-0.0641,0.4239,-0.9034,0,-,-,-,-,-,-,-,-,,,,,,
89058,1079266.446,16:00:01:140,Trial019,Eye Tracking (ballon gauche).avi,31,MediumSlateBlue,83.4869,Eye,47,48,5.6686,4.9972,480.2690612545175,338.84084665070554,542.7767798494026,342.36266212760495,corps,corps,-0.0044,0.4204,-0.9073,-0.068,0.3988,-0.9145,0,-,-,-,-,-,-,-,-,,,,,,
89060,1079299.833,16:00:01:173,Trial019,Eye Tracking (ballon gauche).avi,31,MediumSlateBlue,83.4869,Eye,47,48,5.6796,4.9902,519.2936918232033,405.6036089134178,579.3457516757663,357.6219233920009,corps,corps,-0.0026,0.4275,-0.904,-0.0712,0.3938,-0.9164,0,-,-,-,-,-,-,-,-,,,,,,
62409,1079337.366,11:26:22:897,Trial001,Federica Final_WMV_3000Kbps_720p.avi,31,Indigo,88.8617,Eye,11,11,3.6815,4.1018,547.127920145592,391.24262346533465,593.1746968173436,386.05439388576474,visage1,visage1,0.0000,0.0000,0.0000,0.0000,0.0000,0.0000,,-,-,-,-,-,-,-,-,,,,,,
62411,1079377.241,11:26:22:937,Trial001,Federica Final_WMV_3000Kbps_720p.avi,31,Indigo,88.8617,Eye,11,11,3.6164,4.0517,569.8495663267437,340.15113596287466,613.2775872841032,407.70047271087947,visage1,visage1,0.0000,0.0000,0.0000,0.0000,0.0000,0.0000,,-,-,-,-,-,-,-,-,,,,,,
89067,1079416.688,16:00:01:290,Trial019,Eye Tracking (ballon gauche).avi,31,MediumSlateBlue,83.4869,Eye,47,48,5.7253,4.977,588.7377377956253,360.7848640153812,624.8229023792234,408.7857668607689,corps,corps,-0.0029,0.4276,-0.904,-0.0727,0.3989,-0.9141,0,-,-,-,-,-,-,-,-,,,,,,
89069,1079450.075,16:00:01:324,Trial019,Eye Tracking (ballon gauche).avi,31,MediumSlateBlue,83.4869,Eye,47,48,5.7413,4.9768,611.6436726587445,380.9208853576072,631.5709795861557,425.50561106030773,corps,corps,0.0002,0.4335,-0.9011,-0.0663,0.3983,-0.9148,0,-,-,-,-,-,-,-,-,,,,,,
89071,1079483.462,16:00:01:357,Trial019,Eye Tracking (ballon gauche).avi,31,MediumSlateBlue,83.4869,Eye,47,48,5.7532,4.9707,624.623638292722,379.0103924709948,634.3635265972019,387.82746396889877,corps,corps,-0.0004,0.4367,-0.8996,-0.0763,0.3988,-0.9139,0,-,-,-,-,-,-,-,-,,,,,,
89073,1079516.849,16:00:01:390,Trial019,Eye Tracking (ballon gauche).avi,31,MediumSlateBlue,83.4869,Eye,47,48,5.7642,4.9748,635.8996037871835,434.66654192082166,637.5762870311233,324.57697012328975,corps,corps,0.0021,0.4424,-0.8968,-0.0653,0.4058,-0.9116,0,-,-,-,-,-,-,-,-,,,,,,
62420,1079556.358,11:26:23:116,Trial001,Federica Final_WMV_3000Kbps_720p.avi,31,Indigo,88.8617,Eye,11,11,3.5650,3.9923,636.1507664138555,336.26191997531464,642.1443539211616,318.87782677613654,visage1,visage1,0.0000,0.0000,0.0000,0.0000,0.0000,0.0000,,-,-,-,-,-,-,-,-,,,,,,
62422,1079596.108,11:26:23:156,Trial001,Federica Final_WMV_3000Kbps_720p.avi,31,Indigo,88.8617,Eye,11,11,3.6062,3.9585,639.381057839642,414.34619306120317,642.0450860718424,369.2091248181794,visage1,visage1,0.0000,0.0000,0.0000,0.0000,0.0000,0.0000,,-,-,-,-,-,-,-,-,,,,,,
89080,1079633.703,16:00:01:507,Trial019,Eye Tracking (ballon gauche).avi,31,MediumSlateBlue,83.4869,Eye,47,48,5.7933,4.9861,635.7019271613123,424.96690195181316,654.7489760263348,432.1173767155127,corps,corps,0.003,0.4435,-0.8963,-0.0753,0.406,-0.9107,0,-,-,-,-,-,-,-,-,,,,,,
89082,1079667.09,16:00:01:541,Trial019,Eye Tracking (ballon gauche).avi,31,MediumSlateBlue,83.4869,Eye,47,48,5.8139,4.9739,626.3788574308953,341.599612802919,648.427372597291,403.2124323943348,corps,corps,0.002,0.4452,-0.8954,-0.0744,0.4124,-0.9079,0,-,-,-,-,-,-,-,-,,,,,,
89084,1079700.477,16:00:01:574,Trial019,Eye Tracking (ballon gauche).avi,31,MediumSlateBlue,83.4869,Eye,47,48,5.8154,4.9676,635.1734537251665,393.2057260777238,655.6531846189991,445.3965001402685,corps,corps,0.002,0.4488,-0.8936,-0.0651,0.4122,-0.9088,0,-,-,-,-,-,-,-,-,,,,,,
62429,1079735.488,11:26:23:295,Trial001,Federica Final_WMV_3000Kbps_720p.avi,31,Indigo,88.8617,Eye,11,11,3.4630,3.7769,633.7333097580641,368.3326926841165,655.9008867158067,368.7058426297642,yeux (1),yeux (1),0.0000,0.0000,0.0000,0.0000,0.0000,0.0000,,-,-,-,-,-,-,-,-,,,,,,
62431,1079775.222,11:26:23:335,Trial001,Federica Final_WMV_3000Kbps_720p.avi,31,Indigo,88.8617,Eye,11,11,3.5154,3.7826,633.1192400428076,412.9365313306538,651.5656168948484,368.00525912396546,yeux (1),yeux (1),0.0000,0.0000,0.0000,0.0000,0.0000,0.0000,,-,-,-,-,-,-,-,-,,,,,,
62433,1079814.986,11:26:23:375,Trial001,Federica Final_WMV_3000Kbps_720p.avi,31,Indigo,88.8617,Eye,11,11,3.4324,3.6884,624.9793778197309,413.99655698838694,649.9461066069201,371.75150955866997,yeux (1),yeux (1),0.0000,0.0000,0.0000,0.0000,0.0000,0.0000,,-,-,-,-,-,-,-,-,,,,,,
89093,1079850.714,16:00:01:724,Trial019,Eye Tracking (ballon gauche).avi,31,MediumSlateBlue,83.4869,Eye,47,48,5.8413,4.9715,624.9924255310987,381.7289097952225,654.5852144104022,381.98756288607495,corps,corps,0.0038,0.4538,-0.8911,-0.0618,0.4223,-0.9043,0,-,-,-,-,-,-,-,-,,,,,,
89095,1079884.098,16:00:01:758,Trial019,Eye Tracking (ballon gauche).avi,31,MediumSlateBlue,83.4869,Eye,47,48,5.8375,4.9731,639.313351584608,362.8833125191254,651.2927151203683,395.28753611067566,corps,corps,0.014,0.4573,-0.8892,-0.0628,0.4257,-0.9027,0,-,-,-,-,-,-,-,-,,,,,,
89097,1079917.482,16:00:01:791,Trial019,Eye Tracking (ballon gauche).avi,31,MediumSlateBlue,83.4869,Eye,47,48,5.8447,4.9716,646.536022479115,342.37506910438486,661.3493448621001,439.02450160092985,corps,corps,0.0039,0.4566,-0.8897,-0.0657,0.4287,-0.901,0,-,-,-,-,-,-,-,-,,,,,,
62440,1079954.356,11:26:23:514,Trial001,Federica Final_WMV_3000Kbps_720p.avi,31,Indigo,88.8617,Eye,11,11,3.3724,3.7579,644.9799571663773,354.6925054697269,653.720987792998,369.3068789618737,yeux (1),yeux (1),0.0000,0.0000,0.0000,0.0000,0.0000,0.0000,,-,-,-,-,-,-,-,-,,,,,,
62442,1079994.102,11:26:23:554,Trial001,Federica Final_WMV_3000Kbps_720p.avi,31,Indigo,88.8617,Eye,11,11,3.4591,3.7368,633.1012813066355,379.19292969937345,649.8390273040628,353.75937037115045,yeux (1),yeux (1),0.0000,0.0000,0.0000,0.0000,0.0000,0.0000,,-,-,-,-,-,-,-,-,,,,,,
62444,1080033.979,11:26:23:594,Trial001,Federica Final_WMV_3000Kbps_720p.avi,31,Indigo,88.8617,Eye,11,11,3.4937,3.7162,629.1092570598718,427.4880790297277,645.2932248595674,426.55663207977705,visage1,visage1,0.0000,0.0000,0.0000,0.0000,0.0000,0.0000,,-,-,-,-,-,-,-,-,,,,,,
89106,1080067.756,16:00:01:941,Trial019,Eye Tracking (ballon gauche).avi,31,MediumSlateBlue,83.4869,Eye,47,48,5.8703,4.9595,639.7573910061027,361.7386300931804,647.8991534116406,405.6924070201098,corps,corps,0.0048,0.4654,-0.8851,-0.0608,0.4315,-0.9,0,-,-,-,-,-,-,-,-,,,,,,
89108,1080101.151,16:00:01:975,Trial019,Eye Tracking (ballon gauche).avi,31,MediumSlateBlue,83.4869,Eye,47,48,5.8735,4.9516,635.1062475632466,372.5821525048547,645.9385304580293,406.4909506732511,corps,corps,0.0046,0.4654,-0.8851,-0.0602,0.4257,-0.9028,0,-,-,-,-,-,-,-,-,,,,,,
89110,1080134.547,16:00:02:008,Trial019,Eye Tracking (ballon gauche).avi,31,MediumSlateBlue,83.4869,Eye,47,48,5.8773,4.9324,643.2840761524479,378.70899947160564,642.9863563174265,380.054960649896,corps,corps,0.0087,0.4699,-0.8827,-0.0596,0.4296,-0.901,0,-,-,-,-,-,-,-,-,,,,,,
62451,1080173.256,11:26:23:733,Trial001,Federica Final_WMV_3000Kbps_720p.avi,31,Indigo,88.8617,Eye,11,11,3.4837,3.8050,639.9465489533517,369.9813288196181,635.7340460293465,326.24567595936185,visage1,visage1,0.0000,0.0000,0.0000,0.0000,0.0000,0.0000,,-,-,-,-,-,-,-,-,,,,,,
62453,1080213.128,11:26:23:773,Trial001,Federica Final_WMV_3000Kbps_720p.avi,31,Indigo,88.8617,Eye,11,11,3.4552,3.7227,637.0169321718319,346.66499786590697,634.233914907309,396.42734784103834,visage1,visage1,0.0000,0.0000,0.0000,0.0000,0.0000,0.0000,,-,-,-,-,-,-,-,-,,,,,,
89117,1080251.43,16:00:02:125,Trial019,Eye Tracking (ballon gauche).avi,31,MediumSlateBlue,83.4869,Eye,47,48,5.8826,4.8953,637.0391257235809,399.51105880137027,642.0074648443737,392.87891667236136,corps,corps,0.0082,0.4694,-0.8829,-0.0567,0.4306,-0.9007,0,-,-,-,-,-,-,-,-,,,,,,
89119,1080284.825,16:00:02:158,Trial019,Eye Tracking (ballon gauche).avi,31,MediumSlateBlue,83.4869,Eye,47,48,5.8769,4.888,641.5590480551557,357.5354209737544,649.8046113054676,369.9184002749642,corps,corps,0.0121,0.4706,-0.8823,-0.0571,0.4308,-0.9007,0,-,-,-,-,-,-,-,-,,,,,,
89121,1080318.221,16:00:02:192,Trial019,Eye Tracking (ballon gauche).avi,31,MediumSlateBlue,83.4869,Eye,47,48,5.8662,4.8779,650.4525667866284,368.9720387460794,648.975342526124,418.2189705992066,corps,corps,0.0103,0.4715,-0.8818,-0.0554,0.4314,-0.9005,0,-,-,-,-,-,-,-,-,,,,,,
62460,1080352.348,11:26:23:912,Trial001,Federica Final_WMV_3000Kbps_720p.avi,31,Indigo,88.8617,Eye,11,11,3.5484,3.8556,638.456368924491,369.40500494922634,648.7832090546303,389.126948092719,visage1,visage1,0.0000,0.0000,0.0000,0.0000,0.0000,0.0000,,-,-,-,-,-,-,-,-,,,,,,
62462,1080392.228,11:26:23:952,Trial001,Federica Final_WMV_3000Kbps_720p.avi,31,Indigo,88.8617,Eye,11,11,3.5131,3.8401,643.1457842548241,435.6199168858972,644.808819654547,386.71590563861014,visage1,visage1,0.0000,0.0000,0.0000,0.0000,0.0000,0.0000,,-,-,-,-,-,-,-,-,,,,,,
62464,1080431.974,11:26:23:992,Trial001,Federica Final_WMV_3000Kbps_720p.avi,31,Indigo,88.8617,Eye,11,11,3.5685,4.0035,640.1918460140838,414.9907521965536,641.1486523002578,377.98741632938214,visage1,visage1,0.0000,0.0000,0.0000,0.0000,0.0000,0.0000,,-,-,-,-,-,-,-,-,,,,,,
89130,1080468.5,16:00:02:342,Trial019,Eye Tracking (ballon gauche).avi,31,MediumSlateBlue,83.4869,Eye,47,48,5.85,4.8499,637.4944676840482,404.5159079621903,646.9672474509509,379.99583891546047,corps,corps,0.0029,0.5051,-0.8631,-0.0655,0.4653,-0.8827,0,-,-,-,-,-,-,-,-,,,,,,
89132,1080501.895,16:00:02:376,Trial019,Eye Tracking (ballon gauche).avi,31,MediumSlateBlue,83.4869,Eye,47,48,5.833,4.8511,641.4828950469099,343.88927339978113,650.0523800522167,331.9384219719269,corps,corps,0.0024,0.5096,-0.8604,-0.0641,0.4717,-0.8794,0,-,-,-,-,-,-,-,-,,,,,,
89134,1080535.29,16:00:02:409,Trial019,Eye Tracking (ballon gauche).avi,31,MediumSlateBlue,83.4869,Eye,47,48,5.8266,4.8482,641.130647940844,359.150811179641,648.8609870317802,348.3817884127226,corps,corps,-0.0036,0.4984,-0.8669,-0.0698,0.4641,-0.883,0,-,-,-,-,-,-,-,-,,,,,,
62471,1080571.358,11:26:24:131,Trial001,Federica Final_WMV_3000Kbps_720p.avi,31,Indigo,88.8617,Eye,12,12,3.6021,3.8876,632.4405837634289,345.6061700268848,645.6341649820173,385.0792758506465,visage1,visage1,0.0000,0.0000,0.0000,0.0000,0.0000,0.0000,,-,-,-,-,-,-,-,-,,,,,,
62473,1080611.1,11:26:24:171,Trial001,Federica Final_WMV_3000Kbps_720p.avi,31,Indigo,88.8617,Eye,12,12,3.6134,3.9243,626.6558805055225,412.4904020595926,638.6590242493104,463.3236790727814,visage1,visage1,0.0000,0.0000,0.0000,0.0000,0.0000,0.0000,,-,-,-,-,-,-,-,-,,,,,,
62475,1080651.027,11:26:24:211,Trial001,Federica Final_WMV_3000Kbps_720p.avi,31,Indigo,88.8617,Eye,12,12,3.6176,3.9961,628.214726575648,438.19779988161525,643.2584399399382,376.81465277222065,visage1,visage1,0.0000,0.0000,0.0000,0.0000,0.0000,0.0000,,-,-,-,-,-,-,-,-,,,,,,
89143,1080685.564,16:00:02:559,Trial019,Eye Tracking (ballon gauche).avi,31,MediumSlateBlue,83.4869,Eye,47,49,5.7763,4.8476,628.973507982571,346.92517343903916,641.8816210211278,398.4445988215905,corps,corps,-0.001,0.4966,-0.868,-0.064,0.4678,-0.8815,0,-,-,-,-,-,-,-,-,,,,,,
89145,1080718.956,16:00:02:593,Trial019,Eye Tracking (ballon gauche).avi,31,MediumSlateBlue,83.4869,Eye,47,49,5.775,4.8489,632.1108689622957,362.1445940483711,642.4676627349257,457.98514329821523,corps,corps,0.003,0.4956,-0.8686,-0.06,0.465,-0.8833,0,-,-,-,-,-,-,-,-,,,,,,
89147,1080752.348,16:00:02:626,Trial019,Eye Tracking (ballon gauche).avi,31,MediumSlateBlue,83.4869,Eye,47,49,5.7637,4.8516,636.6739006834903,388.7173392113662,652.0543667547797,393.0399073331724,corps,corps,0.0038,0.4919,-0.8707,-0.0587,0.4651,-0.8833,0,-,-,-,-,-,-,-,-,,,,,,
62482,1080790.224,11:26:24:350,Trial001,Federica Final_WMV_3000Kbps_720p.avi,31,Indigo,88.8617,Eye,12,12,3.7322,3.9783,636.376891257128,313.0469270780795,648.0112286897884,320.12950640843013,visage1,visage1,0.0000,0.0000,0.0000,0.0000,0.0000,0.0000,,-,-,-,-,-,-,-,-,,,,,,
62484,1080830.113,11:26:24:390,Trial001,Federica Final_WMV_3000Kbps_720p.avi,31,Indigo,88.8617,Eye,12,12,3.6482,4.0865,633.1556027934016,354.57028638152923,649.3944369647887,387.64078330841727,visage1,visage1,0.0000,0.0000,0.0000,0.0000,0.0000,0.0000,,-,-,-,-,-,-,-,-,,,,,,
89154,1080869.212,16:00:02:743,Trial019,Eye Tracking (ballon gauche).avi,31,MediumSlateBlue,83.4869,Eye,48,49,5.7536,4.8639,633.8874164844101,365.64595504706193,649.6261436498477,409.2987888968428,corps,corps,0.0096,0.4902,-0.8716,-0.0527,0.4679,-0.8822,0,-,-,-,-,-,-,-,-,,,,,,
89156,1080902.598,16:00:02:776,Trial019,Eye Tracking (ballon gauche).avi,31,MediumSlateBlue,83.4869,Eye,48,49,0,0,539.2642661419658,348.3852997157209,551.068311516044,279.26557501662666,-,-,0,0,0,0,0,0,0,-,-,-,-,-,-,-,-,,,,,,
89158,1080935.985,16:00:02:810,Trial019,Eye Tracking (ballon gauche).avi,31,MediumSlateBlue,83.4869,Eye,48,49,5.7542,4.8866,563.1438198151842,385.13320820323906,577.0465343227419,314.04982081141355,corps,corps,0.013,0.4926,-0.8702,-0.0475,0.472,-0.8803,0,-,-,-,-,-,-,-,-,,,,,,
89160,1080969.371,16:00:02:843,Trial019,Eye Tracking (ballon gauche).avi,31,MediumSlateBlue,83.4869,Eye,48,49,5.7542,4.8889,582.1792201232423,326.20173588047567,594.5761044236136,337.81249880940356,corps,corps,0.0187,0.4896,-0.8718,-0.0441,0.4752,-0.8788,0,-,-,-,-,-,-,-,-,,,,,,
62493,1081009.223,11:26:24:569,Trial001,Federica Final_WMV_3000Kbps_720p.avi,31,Indigo,88.8617,Eye,12,12,3.6832,4.1045,584.942802194592,401.9880339251003,595.8556036880918,352.18368037181335,visage1,visage1,0.0000,0.0000,0.0000,0.0000,0.0000,0.0000,,-,-,-,-,-,-,-,-,,,,,,
62495,1081048.966,11:26:24:609,Trial001,Federica Final_WMV_3000Kbps_720p.avi,31,Indigo,88.8617,Eye,12,12,3.6436,4.1590,594.3627635245853,367.12627357536417,599.5860695974535,395.37914531991464,visage1,visage1,0.0000,0.0000,0.0000,0.0000,0.0000,0.0000,,-,-,-,-,-,-,-,-,,,,,,
89167,1081086.224,16:00:02:960,Trial019,Eye Tracking (ballon gauche).avi,31,MediumSlateBlue,83.4869,Eye,9,10,0,0,509.6448229711476,282.65950169554804,513.5623025257988,321.64427246983456,-,-,0,0,0,0,0,0,0,-,-,-,-,-,-,-,-,,,,,,
89169,1081119.611,16:00:02:993,Trial019,Eye Tracking (ballon gauche).avi,31,MediumSlateBlue,83.4869,Eye,9,10,0,0,446.11336110322986,300.26689829982604,449.0514707692182,316.2031029974916,-,-,0,0,0,0,0,0,0,-,-,-,-,-,-,-,-,,,,,,
89171,1081152.997,16:00:03:027,Trial019,Eye Tracking (ballon gauche).avi,31,MediumSlateBlue,83.4869,Eye,9,10,0,0,398.47669713770546,344.17165561693537,400.6802793871968,310.11472432665636,-,-,0,0,0,0,0,0,0,-,-,-,-,-,-,-,-,,,,,,
62502,1081188.359,11:26:24:748,Trial001,Federica Final_WMV_3000Kbps_720p.avi,31,Indigo,88.8617,Eye,13,13,3.6271,4.0011,466.184925878826,318.5146224934351,464.8670149013875,352.85088077656866,corps,corps,0.0000,0.0000,0.0000,0.0000,0.0000,0.0000,,-,-,-,-,-,-,-,-,,,,,,
62504,1081228.085,11:26:24:788,Trial001,Federica Final_WMV_3000Kbps_720p.avi,31,Indigo,88.8617,Eye,13,13,3.6213,4.0502,516.4708686418006,333.17946852609373,519.055826126562,340.57344746876595,corps,corps,0.0000,0.0000,0.0000,0.0000,0.0000,0.0000,,-,-,-,-,-,-,-,-,,,,,,
62506,1081267.836,11:26:24:828,Trial001,Federica Final_WMV_3000Kbps_720p.avi,31,Indigo,88.8617,Eye,13,13,3.5128,3.9839,552.8329089510516,320.2470947454811,561.7008384258635,401.96529524726054,corps,corps,0.0000,0.0000,0.0000,0.0000,0.0000,0.0000,,-,-,-,-,-,-,-,-,,,,,,
89180,1081303.237,16:00:03:177,Trial019,Eye Tracking (ballon gauche).avi,31,MediumSlateBlue,83.4869,Eye,9,10,0,0,478.5084253956708,348.59327988128945,485.15937250177967,353.1349414147397,-,-,0,0,0,0,0,0,0,-,-,-,-,-,-,-,-,,,,,,
89182,1081336.623,16:00:03:210,Trial019,Eye Tracking (ballon gauche).avi,31,MediumSlateBlue,83.4869,Eye,9,10,0,0,422.7684227579466,281.7814324416585,427.7566330875282,294.0781219478207,-,-,0,0,0,0,0,0,0,-,-,-,-,-,-,-,-,,,,,,
89184,1081370.01,16:00:03:244,Trial019,Eye Tracking (ballon gauche).avi,31,MediumSlateBlue,83.4869,Eye,9,10,0,0,380.946269687485,316.75895526105927,384.68742743467124,387.99528723771834,-,-,0,0,0,0,0,0,0,-,-,-,-,-,-,-,-,,,,,,
62513,1081407.207,11:26:24:967,Trial001,Federica Final_WMV_3000Kbps_720p.avi,31,Indigo,88.8617,Eye,13,13,3.5077,3.9883,459.8639300177825,328.91571665308544,458.5183461673006,336.7641509799893,corps,corps,0.0000,0.0000,0.0000,0.0000,0.0000,0.0000,,-,-,-,-,-,-,-,-,,,,,,
62515,1081446.948,11:26:25:007,Trial001,Federica Final_WMV_3000Kbps_720p.avi,31,Indigo,88.8617,Eye,14,14,3.4921,3.9508,490.7192264995308,320.24008009756943,500.3470423897127,357.8248306446863,visage1,visage1,0.0000,0.0000,0.0000,0.0000,0.0000,0.0000,,-,-,-,-,-,-,-,-,,,,,,
62517,1081486.829,11:26:25:047,Trial001,Federica Final_WMV_3000Kbps_720p.avi,31,Indigo,88.8617,Eye,14,14,3.4682,3.8765,518.4190019382718,337.297143637438,525.0790867116848,383.4118923384684,visage1,visage1,0.0000,0.0000,0.0000,0.0000,0.0000,0.0000,,-,-,-,-,-,-,-,-,,,,,,
89193,1081520.246,16:00:03:394,Trial019,Eye Tracking (ballon gauche).avi,31,MediumSlateBlue,83.4869,Eye,9,11,0,5.0195,452.6358562075424,319.5680458942018,457.63091978760224,333.70209376240325,-,-,0,0,0,-0.6909,0.1057,-0.7152,0,-,-,-,-,-,-,-,-,,,,,,
89195,1081553.626,16:00:03:427,Trial019,Eye Tracking (ballon gauche).avi,31,MediumSlateBlue,83.4869,Eye,9,11,0,5.0766,403.3350491651548,359.09064178410085,407.0813468501997,324.0423512940877,-,-,0,0,0,-0.6751,0.139,-0.7246,0,-,-,-,-,-,-,-,-,,,,,,
89197,1081587.005,16:00:03:461,Trial019,Eye Tracking (ballon gauche).avi,31,MediumSlateBlue,83.4869,Eye,9,11,0,5.1038,366.4079624072545,358.2653828614399,369.21768567103817,303.1320019236003,-,-,0,0,0,-0.6526,0.1501,-0.7427,0,-,-,-,-,-,-,-,-,,,,,,
62524,1081626.077,11:26:25:186,Trial001,Federica Final_WMV_3000Kbps_720p.avi,31,Indigo,88.8617,Eye,14,14,3.5103,3.8736,423.36294179662445,347.1823585560969,429.0657517746515,363.6911637338818,visage1,visage1,0.0000,0.0000,0.0000,0.0000,0.0000,0.0000,,-,-,-,-,-,-,-,-,,,,,,
62526,1081665.989,11:26:25:226,Trial001,Federica Final_WMV_3000Kbps_720p.avi,31,Indigo,88.8617,Eye,14,14,3.4874,3.8948,472.544728765693,305.32388521843535,469.79745227495835,328.6559239430667,visage1,visage1,0.0000,0.0000,0.0000,0.0000,0.0000,0.0000,,-,-,-,-,-,-,-,-,,,,,,
89204,1081703.834,16:00:03:577,Trial019,Eye Tracking (ballon gauche).avi,31,MediumSlateBlue,83.4869,Eye,9,11,0,5.1081,418.3354471577363,323.56385871877166,416.27498978968526,341.68199893772083,-,-,0,0,0,-0.6151,0.1511,-0.7738,0,-,-,-,-,-,-,-,-,,,,,,
89206,1081737.214,16:00:03:611,Trial019,Eye Tracking (ballon gauche).avi,31,MediumSlateBlue,83.4869,Eye,9,11,0,5.0726,377.67491201964805,254.03743527199225,376.1295689936098,269.1752545667023,-,-,0,0,0,-0.6097,0.1439,-0.7795,0,-,-,-,-,-,-,-,-,,,,,,
89208,1081770.594,16:00:03:644,Trial019,Eye Tracking (ballon gauche).avi,31,MediumSlateBlue,83.4869,Eye,9,11,0,5.0456,347.1964902559264,289.4634558263316,346.0374829863977,291.3439239121228,-,-,0,0,0,-0.6035,0.1452,-0.7841,0,-,-,-,-,-,-,-,-,,,,,,
62533,1081805.199,11:26:25:365,Trial001,Federica Final_WMV_3000Kbps_720p.avi,31,Indigo,88.8617,Eye,14,14,3.5592,3.9685,405.9300480252864,304.2036234491517,416.80902609720624,295.04713722497,visage1,visage1,0.0000,0.0000,0.0000,0.0000,0.0000,0.0000,,-,-,-,-,-,-,-,-,,,,,,
62535,1081845.079,11:26:25:405,Trial001,Federica Final_WMV_3000Kbps_720p.avi,31,Indigo,88.8617,Eye,14,14,3.5938,3.9650,453.3466107060309,329.8579127529803,468.1607719996091,300.9580362018997,yeux (1),yeux (1),0.0000,0.0000,0.0000,0.0000,0.0000,0.0000,,-,-,-,-,-,-,-,-,,,,,,
62537,1081884.826,11:26:25:445,Trial001,Federica Final_WMV_3000Kbps_720p.avi,31,Indigo,88.8617,Eye,14,14,3.5118,3.9685,496.2437368120238,377.81793068475434,496.3793730426311,358.701367111161,yeux (1),yeux (1),0.0000,0.0000,0.0000,0.0000,0.0000,0.0000,,-,-,-,-,-,-,-,-,,,,,,
89217,1081920.874,16:00:03:794,Trial019,Eye Tracking (ballon gauche).avi,31,MediumSlateBlue,83.4869,Eye,9,11,0,5.0368,436.08194669147593,274.26161467342854,436.1836738644313,369.63237221032153,-,-,0,0,0,-0.5844,0.1411,-0.7991,0,-,-,-,-,-,-,-,-,,,,,,
89219,1081954.269,16:00:03:828,Trial019,Eye Tracking (ballon gauche).avi,31,MediumSlateBlue,83.4869,Eye,9,11,0,5.0385,390.96116348619285,326.0086828644403,391.0374588659094,316.70555889607874,-,-,0,0,0,-0.5839,0.1441,-0.7989,0,-,-,-,-,-,-,-,-,,,,,,
89221,1081987.665,16:00:03:861,Trial019,Eye Tracking (ballon gauche).avi,31,MediumSlateBlue,83.4869,Eye,9,11,5.602,0,357.12024182702487,347.6578449214423,357.17746336181233,294.5681692610964,-,-,-0.5503,0.1441,-0.8225,0,0,0,0,-,-,-,-,-,-,-,-,,,,,,
62544,1082024.19,11:26:25:584,Trial001,Federica Final_WMV_3000Kbps_720p.avi,31,Indigo,88.8617,Eye,14,14,3.7077,4.1119,419.91702474356504,311.5564026147787,411.8976864747723,341.7755573104429,yeux (1),yeux (1),0.0000,0.0000,0.0000,0.0000,0.0000,0.0000,,-,-,-,-,-,-,-,-,,,,,,
62546,1082064.101,11:26:25:624,Trial001,Federica Final_WMV_3000Kbps_720p.avi,31,Indigo,88.8617,Eye,15,15,3.6330,4.1253,453.4640190045263,350.92852849891403,461.03364116711424,320.95579058709944,yeux (1),yeux (1),0.0000,0.0000,0.0000,0.0000,0.0000,0.0000,,-,-,-,-,-,-,-,-,,,,,,
62548,1082103.853,11:26:25:664,Trial001,Federica Final_WMV_3000Kbps_720p.avi,31,Indigo,88.8617,Eye,15,15,3.7102,3.9250,447.7713486570593,358.7619891635978,450.54357331821734,369.9167856807633,-,-,0.0000,0.0000,0.0000,0.0000,0.0000,0.0000,,-,-,-,-,-,-,-,-,,,,,,
89230,1082137.945,16:00:04:012,Trial019,Eye Tracking (ballon gauche).avi,31,MediumSlateBlue,83.4869,Eye,9,12,0,0,399.75963674765455,353.704162777968,401.8388052435231,302.71484205260543,-,-,0,0,0,0,0,0,0,-,-,-,-,-,-,-,-,,,,,,
89232,1082171.34,16:00:04:045,Trial019,Eye Tracking (ballon gauche).avi,31,MediumSlateBlue,83.4869,Eye,9,12,5.7306,0,363.7780570413415,320.6808653977895,365.3374334132429,264.88122433133015,-,-,-0.5966,0.1441,-0.7895,0,0,0,0,-,-,-,-,-,-,-,-,,,,,,
89234,1082204.736,16:00:04:078,Trial019,Eye Tracking (ballon gauche).avi,31,MediumSlateBlue,83.4869,Eye,9,12,5.7404,0,336.7978215366116,334.0758189227859,337.96735381553765,265.10806143076024,-,-,-0.6314,0.1432,-0.7621,0,0,0,0,-,-,-,-,-,-,-,-,,,,,,
62555,1082243.311,11:26:25:803,Trial001,Federica Final_WMV_3000Kbps_720p.avi,31,Indigo,88.8617,Eye,16,16,3.6387,3.8561,328.22904982118916,352.6151369268361,326.41630370108595,320.895341747113,chien (1),chien (1),0.0000,0.0000,0.0000,0.0000,0.0000,0.0000,,-,-,-,-,-,-,-,-,,,,,,
62557,1082283.187,11:26:25:843,Trial001,Federica Final_WMV_3000Kbps_720p.avi,31,Indigo,88.8617,Eye,16,16,3.6255,3.8216,328.3046656642898,392.3155508220403,332.02197143126756,325.96597747378627,chien (1),chien (1),0.0000,0.0000,0.0000,0.0000,0.0000,0.0000,,-,-,-,-,-,-,-,-,,,,,,
89241,1082321.62,16:00:04:195,Trial019,Eye Tracking (ballon gauche).avi,31,MediumSlateBlue,83.4869,Eye,9,12,0,0,310.25979683915403,318.944627367322,313.0477761643874,309.7164097347891,-,-,0,0,0,0,0,0,0,-,-,-,-,-,-,-,-,,,,,,
89243,1082355.016,16:00:04:229,Trial019,Eye Tracking (ballon gauche).avi,31,MediumSlateBlue,83.4869,Eye,9,12,5.8189,0,296.72801462858297,293.9574321499223,298.81899912250793,309.06417590607094,-,-,-0.6075,0.1506,-0.7799,0,0,0,0,-,-,-,-,-,-,-,-,,,,,,
89245,1082388.411,16:00:04:262,Trial019,Eye Tracking (ballon gauche).avi,31,MediumSlateBlue,83.4869,Eye,9,12,0,0,286.589661377423,282.443841837842,288.1578997478668,342.6619211024589,-,-,0,0,0,0,0,0,0,-,-,-,-,-,-,-,-,,,,,,
62564,1082422.555,11:26:25:982,Trial001,Federica Final_WMV_3000Kbps_720p.avi,31,Indigo,88.8617,Eye,16,16,3.6197,3.8884,293.13473292561747,286.64556467036755,297.8703156226302,324.75653216445744,chien (1),chien (1),0.0000,0.0000,0.0000,0.0000,0.0000,0.0000,,-,-,-,-,-,-,-,-,,,,,,
62566,1082462.434,11:26:26:022,Trial001,Federica Final_WMV_3000Kbps_720p.avi,31,Indigo,88.8617,Eye,16,16,3.7006,4.0454,353.6182264613166,313.7081322222922,356.1464715821426,414.25075249650774,corps,corps,0.0000,0.0000,0.0000,0.0000,0.0000,0.0000,,-,-,-,-,-,-,-,-,,,,,,
62568,1082502.193,11:26:26:062,Trial001,Federica Final_WMV_3000Kbps_720p.avi,31,Indigo,88.8617,Eye,16,16,3.6816,4.0329,426.37101948202405,396.36247824128145,421.7589216085719,363.64988959964023,visage1,visage1,0.0000,0.0000,0.0000,0.0000,0.0000,0.0000,,-,-,-,-,-,-,-,-,,,,,,
89254,1082541.531,16:00:04:415,Trial019,Eye Tracking (ballon gauche).avi,31,MediumSlateBlue,83.4869,Eye,49,50,5.912,4.8736,480.94496281741647,379.0604126780945,473.9949691772314,335.0146300393361,corps,corps,0.0843,0.4674,-0.88,0.0052,0.4097,-0.9122,0,-,-,-,-,-,-,-,-,,,,,,
89256,1082575.558,16:00:04:449,Trial019,Eye Tracking (ballon gauche).avi,31,MediumSlateBlue,83.4869,Eye,49,50,5.8898,4.9021,521.6577117720526,378.56149098291917,516.7727146180473,363.9669537615284,corps,corps,0.0782,0.4645,-0.8821,0.0011,0.4151,-0.9098,0,-,-,-,-,-,-,-,-,,,,,,
89258,1082609.585,16:00:04:483,Trial019,Eye Tracking (ballon gauche).avi,31,MediumSlateBlue,83.4869,Eye,49,50,5.8644,4.9403,553.9606564711327,370.06852096188044,542.3065636960586,417.40882323139857,corps,corps,0.0709,0.4594,-0.8854,0.0104,0.4202,-0.9074,0,-,-,-,-,-,-,-,-,,,,,,
89260,1082643.612,16:00:04:517,Trial019,Eye Tracking (ballon gauche).avi,31,MediumSlateBlue,83.4869,Eye,49,50,5.8287,4.9676,574.2902543370199,352.4770981964861,566.2304489115108,447.2797811520521,corps,corps,0.0671,0.4583,-0.8863,0.0039,0.4181,-0.9084,0,-,-,-,-,-,-,-,-,,,,,,
62577,1082681.432,11:26:26:241,Trial001,Federica Final_WMV_3000Kbps_720p.avi,31,Indigo,88.8617,Eye,16,16,3.6920,3.9843,589.2247676031534,393.74852165763696,577.8339725220452,395.0994833145829,visage1,visage1,0.0000,0.0000,0.0000,0.0000,0.0000,0.0000,,-,-,-,-,-,-,-,-,,,,,,
62579,1082721.298,11:26:26:281,Trial001,Federica Final_WMV_3000Kbps_720p.avi,31,Indigo,88.8617,Eye,16,16,3.6514,3.8221,603.132963717579,341.9786468974023,582.4503681467638,390.9296701344668,visage1,visage1,0.0000,0.0000,0.0000,0.0000,0.0000,0.0000,,-,-,-,-,-,-,-,-,,,,,,
62581,1082761.175,11:26:26:321,Trial001,Federica Final_WMV_3000Kbps_720p.avi,31,Indigo,88.8617,Eye,16,16,3.6932,3.9083,608.0864829087515,401.7737311189391,600.3355556267268,375.698996468961,visage1,visage1,0.0000,0.0000,0.0000,0.0000,0.0000,0.0000,,-,-,-,-,-,-,-,-,,,,,,
89269,1082796.676,16:00:04:670,Trial019,Eye Tracking (ballon gauche).avi,31,MediumSlateBlue,83.4869,Eye,49,50,5.7414,5.0256,614.0100871828121,366.6794443154174,601.6926068692109,407.92356417967267,corps,corps,0.0485,0.4564,-0.8884,-0.0106,0.4222,-0.9064,0,-,-,-,-,-,-,-,-,,,,,,
89271,1082830.684,16:00:04:704,Trial019,Eye Tracking (ballon gauche).avi,31,MediumSlateBlue,83.4869,Eye,49,50,5.7229,5.0232,610.2880744660994,374.9052409424151,613.8050684236839,370.54965120171516,corps,corps,0.0492,0.4547,-0.8893,-0.0138,0.4235,-0.9058,0,-,-,-,-,-,-,-,-,,,,,,
89273,1082864.693,16:00:04:738,Trial019,Eye Tracking (ballon gauche).avi,31,MediumSlateBlue,83.4869,Eye,49,50,5.7089,5.0223,614.6219652231653,423.35140142004605,615.9820192825918,413.7085329228242,corps,corps,0.0446,0.4506,-0.8916,-0.0115,0.4199,-0.9075,0,-,-,-,-,-,-,-,-,,,,,,
62588,1082900.556,11:26:26:460,Trial001,Federica Final_WMV_3000Kbps_720p.avi,31,Indigo,88.8617,Eye,16,16,3.7107,3.8091,623.7492461942975,398.8680626155187,619.7911942863043,363.7594720201947,visage1,visage1,0.0000,0.0000,0.0000,0.0000,0.0000,0.0000,,-,-,-,-,-,-,-,-,,,,,,
62590,1082940.432,11:26:26:500,Trial001,Federica Final_WMV_3000Kbps_720p.avi,31,Indigo,88.8617,Eye,16,16,3.6769,3.8226,626.9545209013856,439.0784155986546,627.1068525283437,366.57872301102196,visage1,visage1,0.0000,0.0000,0.0000,0.0000,0.0000,0.0000,,-,-,-,-,-,-,-,-,,,,,,
62592,1082980.181,11:26:26:540,Trial001,Federica Final_WMV_3000Kbps_720p.avi,31,Indigo,88.8617,Eye,16,16,3.7399,3.9063,628.9429075752663,417.6614433564261,621.8961408871477,385.2645269247633,visage1,visage1,0.0000,0.0000,0.0000,0.0000,0.0000,0.0000,,-,-,-,-,-,-,-,-,,,,,,
89282,1083017.729,16:00:04:891,Trial019,Eye Tracking (ballon gauche).avi,31,MediumSlateBlue,83.4869,Eye,49,51,5.693,5.0301,619.4792216661273,368.77183163866533,630.1317501774378,447.1002077268098,corps,corps,0.0503,0.4824,-0.8745,-0.0174,0.4497,-0.893,0,-,-,-,-,-,-,-,-,,,,,,
89284,1083051.738,16:00:04:925,Trial019,Eye Tracking (ballon gauche).avi,31,MediumSlateBlue,83.4869,Eye,49,51,5.697,5.0294,631.2765757221615,368.25612533954353,632.6265891748739,333.76143009487424,corps,corps,0.0465,0.4788,-0.8767,-0.018,0.4582,-0.8887,0,-,-,-,-,-,-,-,-,,,,,,
89286,1083085.746,16:00:04:959,Trial019,Eye Tracking (ballon gauche).avi,31,MediumSlateBlue,83.4869,Eye,49,51,5.6941,5.0336,636.3676984611476,397.2155948018131,630.1883004036807,394.472028463283,corps,corps,0.0457,0.4844,-0.8736,-0.0195,0.456,-0.8898,0,-,-,-,-,-,-,-,-,,,,,,
89288,1083119.754,16:00:04:993,Trial019,Eye Tracking (ballon gauche).avi,31,MediumSlateBlue,83.4869,Eye,49,51,5.6832,5.0426,630.8287240484968,353.5858333572003,632.6944686450132,376.46462455477337,corps,corps,0.0409,0.4813,-0.8756,-0.0191,0.4503,-0.8927,0,-,-,-,-,-,-,-,-,,,,,,
62601,1083159.419,11:26:26:719,Trial001,Federica Final_WMV_3000Kbps_720p.avi,31,Indigo,88.8617,Eye,17,17,3.7525,3.8114,639.1985022879925,374.6860854748262,638.6575120226511,373.16831020883546,visage1,visage1,0.0000,0.0000,0.0000,0.0000,0.0000,0.0000,,-,-,-,-,-,-,-,-,,,,,,
62603,1083199.287,11:26:26:759,Trial001,Federica Final_WMV_3000Kbps_720p.avi,31,Indigo,88.8617,Eye,17,17,3.8287,3.7444,642.4995799401291,413.9732812747513,644.2731039926118,392.37598421015696,visage1,visage1,0.0000,0.0000,0.0000,0.0000,0.0000,0.0000,,-,-,-,-,-,-,-,-,,,,,,
89295,1083238.783,16:00:05:112,Trial019,Eye Tracking (ballon gauche).avi,31,MediumSlateBlue,83.4869,Eye,49,51,5.6975,5.0518,636.6526129203432,346.43021774583576,637.8480367150105,409.3255543207156,corps,corps,0.0392,0.4881,-0.8719,-0.0252,0.4509,-0.8922,0,-,-,-,-,-,-,-,-,,,,,,
89297,1083272.196,16:00:05:146,Trial019,Eye Tracking (ballon gauche).avi,31,MediumSlateBlue,83.4869,Eye,49,51,5.6949,5.0498,634.6960349490976,376.06351813250694,635.202011116944,330.9885906044054,corps,corps,0.0325,0.4842,-0.8744,-0.0299,0.4586,-0.8881,0,-,-,-,-,-,-,-,-,,,,,,
89299,1083305.609,16:00:05:179,Trial019,Eye Tracking (ballon gauche).avi,31,MediumSlateBlue,83.4869,Eye,49,51,5.6955,5.0477,640.9516383730927,357.078528049512,639.1213362488617,374.050192484381,corps,corps,0.0308,0.4924,-0.8698,-0.0291,0.4598,-0.8875,0,-,-,-,-,-,-,-,-,,,,,,
89301,1083339.022,16:00:05:213,Trial019,Eye Tracking (ballon gauche).avi,31,MediumSlateBlue,83.4869,Eye,49,51,5.7006,5.0486,626.8294898919432,399.3061139016386,639.9217311509987,376.4206831593649,corps,corps,0.0313,0.488,-0.8723,-0.0321,0.4531,-0.8909,0,-,-,-,-,-,-,-,-,,,,,,
62612,1083378.548,11:26:26:938,Trial001,Federica Final_WMV_3000Kbps_720p.avi,31,Indigo,88.8617,Eye,18,18,3.8086,4.1001,631.3830123263594,399.38088420953767,635.8272307433506,382.1143825362506,visage1,visage1,0.0000,0.0000,0.0000,0.0000,0.0000,0.0000,,-,-,-,-,-,-,-,-,,,,,,
62614,1083418.42,11:26:26:978,Trial001,Federica Final_WMV_3000Kbps_720p.avi,31,Indigo,88.8617,Eye,18,18,3.8783,4.0365,633.8990133974163,404.7690723275078,632.995188876329,375.3283096339176,visage1,visage1,0.0000,0.0000,0.0000,0.0000,0.0000,0.0000,,-,-,-,-,-,-,-,-,,,,,,
89308,1083455.968,16:00:05:330,Trial019,Eye Tracking (ballon gauche).avi,31,MediumSlateBlue,83.4869,Eye,50,52,5.6784,5.0278,691.6513490873032,361.7068974246971,689.3991255951167,384.7646432177397,Pointage G,Pointage G,0.233,0.3874,-0.892,0.1744,0.3599,-0.9165,0,-,-,-,-,-,-,-,-,,,,,,
89310,1083489.381,16:00:05:363,Trial019,Eye Tracking (ballon gauche).avi,31,MediumSlateBlue,83.4869,Eye,50,52,5.6748,5.0183,734.2717455864769,397.52970022513205,728.5877501353466,410.4673985551643,Pointage G,Pointage G,0.2254,0.3878,-0.8938,0.1717,0.3554,-0.9188,0,-,-,-,-,-,-,-,-,,,,,,
89312,1083522.794,16:00:05:396,Trial019,Eye Tracking (ballon gauche).avi,31,MediumSlateBlue,83.4869,Eye,50,52,5.6789,5.0142,772.6620185213955,415.4555845009739,754.8764553496031,358.71173401725366,Pointage G,Pointage G,0.2244,0.3907,-0.8927,0.1706,0.3599,-0.9173,0,-,-,-,-,-,-,-,-,,,,,,
62621,1083557.792,11:26:27:118,Trial001,Federica Final_WMV_3000Kbps_720p.avi,31,Indigo,88.8617,Eye,18,18,3.8244,4.2025,735.6046234756905,424.50774584308965,717.1293467894343,401.6312973019694,visage1,visage1,0.0000,0.0000,0.0000,0.0000,0.0000,0.0000,,-,-,-,-,-,-,-,-,,,,,,
62623,1083597.535,11:26:27:157,Trial001,Federica Final_WMV_3000Kbps_720p.avi,31,Indigo,88.8617,Eye,19,19,3.8010,4.1511,678.580605097513,364.05203834888545,662.0611067031653,455.06823741382885,corps,corps,0.0000,0.0000,0.0000,0.0000,0.0000,0.0000,,-,-,-,-,-,-,-,-,,,,,,
62625,1083637.285,11:26:27:197,Trial001,Federica Final_WMV_3000Kbps_720p.avi,31,Indigo,88.8617,Eye,19,19,3.8484,4.3677,662.8478045798247,364.4878680795599,651.8832311122952,450.91917670683927,visage1,visage1,0.0000,0.0000,0.0000,0.0000,0.0000,0.0000,,-,-,-,-,-,-,-,-,,,,,,
89321,1083673.149,16:00:05:547,Trial019,Eye Tracking (ballon gauche).avi,31,MediumSlateBlue,83.4869,Eye,50,52,5.6449,4.9815,710.0819992676451,320.0366723859748,705.9885394397518,378.99566216914707,Pointage G,Pointage G,0.2101,0.3845,-0.8989,0.1586,0.362,-0.9186,0,-,-,-,-,-,-,-,-,,,,,,
89323,1083706.561,16:00:05:580,Trial019,Eye Tracking (ballon gauche).avi,31,MediumSlateBlue,83.4869,Eye,50,52,5.6233,4.9769,743.0294597375625,389.9953486290527,748.1648006529583,385.0242825423702,Pointage G,Pointage G,0.2092,0.3833,-0.8996,0.1552,0.3608,-0.9196,0,-,-,-,-,-,-,-,-,,,,,,
89325,1083739.973,16:00:05:614,Trial019,Eye Tracking (ballon gauche).avi,31,MediumSlateBlue,83.4869,Eye,50,53,5.6158,4.9754,770.6615554921983,393.52591603314863,768.1603807747106,383.02638172985843,Pointage G,Pointage G,0.2045,0.3833,-0.9007,0.1548,0.3596,-0.9202,0,-,-,-,-,-,-,-,-,,,,,,
62632,1083776.668,11:26:27:337,Trial001,Federica Final_WMV_3000Kbps_720p.avi,31,Indigo,88.8617,Eye,20,20,3.7982,4.3346,737.9152758605586,429.77242325071916,735.4771842692181,373.59632414110877,visage1,visage1,0.0000,0.0000,0.0000,0.0000,0.0000,0.0000,,-,-,-,-,-,-,-,-,,,,,,
62634,1083816.416,11:26:27:376,Trial001,Federica Final_WMV_3000Kbps_720p.avi,31,Indigo,88.8617,Eye,20,20,3.8128,4.3919,705.8928712472499,433.07048580133414,707.2785079623156,385.91311287826437,visage1,visage1,0.0000,0.0000,0.0000,0.0000,0.0000,0.0000,,-,-,-,-,-,-,-,-,,,,,,
62636,1083856.291,11:26:27:416,Trial001,Federica Final_WMV_3000Kbps_720p.avi,31,Indigo,88.8617,Eye,20,20,3.8695,4.3194,688.1319396540129,412.0009275967342,695.4795602112722,399.4036997700766,visage1,visage1,0.0000,0.0000,0.0000,0.0000,0.0000,0.0000,,-,-,-,-,-,-,-,-,,,,,,
89334,1083890.326,16:00:05:764,Trial019,Eye Tracking (ballon gauche).avi,31,MediumSlateBlue,83.4869,Eye,51,54,5.6378,4.9993,678.6085575208594,368.900742148498,686.8112067308912,382.99300233301216,corps,corps,0.0031,0.4797,-0.8774,-0.0669,0.4509,-0.8901,0,-,-,-,-,-,-,-,-,,,,,,
89336,1083923.737,16:00:05:797,Trial019,Eye Tracking (ballon gauche).avi,31,MediumSlateBlue,83.4869,Eye,51,54,5.6571,5.0043,674.796328752968,377.7666421415004,676.3491544007696,391.74556725340955,corps,corps,-0.0056,0.4805,-0.877,-0.0629,0.4538,-0.8889,0,-,-,-,-,-,-,-,-,,,,,,
89338,1083957.149,16:00:05:831,Trial019,Eye Tracking (ballon gauche).avi,31,MediumSlateBlue,83.4869,Eye,51,54,5.6721,5.0072,659.629740909209,327.9340769545529,669.9474908535667,341.733960008473,corps,corps,-0.0061,0.4886,-0.8725,-0.0686,0.4532,-0.8888,0,-,-,-,-,-,-,-,-,,,,,,
62643,1083995.521,11:26:27:555,Trial001,Federica Final_WMV_3000Kbps_720p.avi,31,Indigo,88.8617,Eye,21,21,3.6463,4.2229,636.5235014654892,340.92619309214996,640.2404641565978,367.9892486895149,corps,corps,0.0000,0.0000,0.0000,0.0000,0.0000,0.0000,,-,-,-,-,-,-,-,-,,,,,,
62645,1084035.406,11:26:27:595,Trial001,Federica Final_WMV_3000Kbps_720p.avi,31,Indigo,88.8617,Eye,-,21,3.6463,4.2891,639.4152240272322,377.3372570160685,645.562936397244,377.1062651322155,corps,corps,0.0000,0.0000,0.0000,0.0000,0.0000,0.0000,,-,-,-,-,-,-,-,-,,,,,,
89345,1084074.09,16:00:05:948,Trial019,Eye Tracking (ballon gauche).avi,31,MediumSlateBlue,83.4869,Eye,51,54,5.6974,4.9963,632.9404049910856,396.30084483313027,640.8968829088662,457.0450201227681,corps,corps,-0.0207,0.4739,-0.8803,-0.0806,0.4557,-0.8865,0,-,-,-,-,-,-,-,-,,,,,,
89347,1084107.488,16:00:05:981,Trial019,Eye Tracking (ballon gauche).avi,31,MediumSlateBlue,83.4869,Eye,51,54,5.6946,4.9906,632.1503803925253,330.6564096339468,641.9686759066071,403.9496834369082,corps,corps,-0.0284,0.4733,-0.8804,-0.0845,0.4472,-0.8904,0,-,-,-,-,-,-,-,-,,,,,,
89349,1084140.873,16:00:06:014,Trial019,Eye Tracking (ballon gauche).avi,31,MediumSlateBlue,83.4869,Eye,51,54,5.6988,4.9833,632.1802489548694,368.2633642283346,648.3939439395447,379.0832629107345,corps,corps,-0.0306,0.4777,-0.878,-0.0884,0.4539,-0.8867,0,-,-,-,-,-,-,-,-,,,,,,
62652,1084174.677,11:26:27:735,Trial001,Federica Final_WMV_3000Kbps_720p.avi,31,Indigo,88.8617,Eye,21,21,3.9449,4.4046,546.1106493656432,408.98997378664654,563.3146274697135,403.02981866316026,chien (1),chien (1),0.0000,0.0000,0.0000,0.0000,0.0000,0.0000,,-,-,-,-,-,-,-,-,,,,,,
62654,1084214.536,11:26:27:774,Trial001,Federica Final_WMV_3000Kbps_720p.avi,31,Indigo,88.8617,Eye,21,21,3.9754,4.2498,488.8342715631911,379.6037740294773,501.57418119181125,365.224439724171,chien (1),chien (1),0.0000,0.0000,0.0000,0.0000,0.0000,0.0000,,-,-,-,-,-,-,-,-,,,,,,
62656,1084254.306,11:26:27:814,Trial001,Federica Final_WMV_3000Kbps_720p.avi,31,Indigo,88.8617,Eye,23,22,3.5864,4.3818,455.3427917401755,356.3465722192355,457.62890398965317,406.6650391068108,-,-,0.0000,0.0000,0.0000,0.0000,0.0000,0.0000,,-,-,-,-,-,-,-,-,,,,,,
89358,1084291.104,16:00:06:165,Trial019,Eye Tracking (ballon gauche).avi,31,MediumSlateBlue,83.4869,Eye,51,54,5.6898,4.9755,502.9000685458067,427.3392716461732,498.7578946151506,426.2738157901425,corps,corps,-0.037,0.4834,-0.8746,-0.0944,0.4479,-0.8891,0,-,-,-,-,-,-,-,-,,,,,,
89360,1084324.488,16:00:06:198,Trial019,Eye Tracking (ballon gauche).avi,31,MediumSlateBlue,83.4869,Eye,51,54,5.7018,4.9676,533.7183573587743,383.7061535352095,530.863557304547,418.2972773518842,corps,corps,-0.0356,0.4772,-0.8781,-0.0982,0.4497,-0.8878,0,-,-,-,-,-,-,-,-,,,,,,
89362,1084357.873,16:00:06:231,Trial019,Eye Tracking (ballon gauche).avi,31,MediumSlateBlue,83.4869,Eye,51,54,5.7114,4.9699,560.7690433223445,385.2753089944145,555.9816671071371,388.553710309286,corps,corps,-0.0377,0.4781,-0.8775,-0.0916,0.4442,-0.8912,0,-,-,-,-,-,-,-,-,,,,,,
62663,1084393.65,11:26:27:954,Trial001,Federica Final_WMV_3000Kbps_720p.avi,31,Indigo,0.0,Eye,22,22,4.0904,4.1625,581.0570577950223,392.8920091327926,574.8202494590796,404.8413809707612,-,-,0.0000,0.0000,0.0000,0.0000,0.0000,0.0000,,-,-,-,-,-,-,-,-,,,,,,
62665,1084433.402,11:26:27:993,Trial001,Federica Final_WMV_3000Kbps_720p.avi,31,Indigo,0.0,Eye,22,22,4.0559,4.3624,596.2730686495305,390.1752764661627,588.9491862230366,381.46768691884097,chien (1),chien (1),0.0000,0.0000,0.0000,0.0000,0.0000,0.0000,,-,-,-,-,-,-,-,-,,,,,,
62667,1084473.275,11:26:28:033,Trial001,Federica Final_WMV_3000Kbps_720p.avi,31,Indigo,0.0,Eye,22,22,4.0622,4.3201,607.6850767904118,394.7110360286724,599.5458887960042,378.8218467400167,chien (1),chien (1),0.0000,0.0000,0.0000,0.0000,0.0000,0.0000,,-,-,-,-,-,-,-,-,,,,,,
89371,1084508.11,16:00:06:382,Trial019,Eye Tracking (ballon gauche).avi,31,MediumSlateBlue,0.0,Eye,51,54,5.747,4.9691,,,,,corps,corps,-0.0459,0.4813,-0.8753,-0.1033,0.4494,-0.8873,0,-,-,-,-,-,-,-,-,,,,,,
89373,1084541.501,16:00:06:415,Trial019,Eye Tracking (ballon gauche).avi,31,MediumSlateBlue,0.0,Eye,51,54,5.7526,4.9688,,,,,corps,corps,-0.0403,0.4805,-0.8761,-0.0962,0.4415,-0.8921,0,-,-,-,-,-,-,-,-,,,,,,
89375,1084574.893,16:00:06:449,Trial019,Eye Tracking (ballon gauche).avi,31,MediumSlateBlue,83.4869,Eye,51,54,5.7541,4.963,615.1656586862044,385.672842048558,620.6270223164112,315.9189678170752,corps,corps,-0.0463,0.485,-0.8733,-0.0963,0.4438,-0.8909,0,-,-,-,-,-,-,-,-,,,,,,
62674,1084612.551,11:26:28:172,Trial001,Federica Final_WMV_3000Kbps_720p.avi,31,Indigo,88.8617,Eye,23,23,3.9756,4.1381,542.1043520181471,426.64249314842294,543.0081752469555,383.8589879974122,chien (1),chien (1),0.0000,0.0000,0.0000,0.0000,0.0000,0.0000,,-,-,-,-,-,-,-,-,,,,,,
62676,1084652.44,11:26:28:212,Trial001,Federica Final_WMV_3000Kbps_720p.avi,31,Indigo,88.8617,Eye,23,23,3.9838,3.9309,480.6652112478237,417.3422075480514,482.2384373128931,388.36001069402437,chien (1),chien (1),0.0000,0.0000,0.0000,0.0000,0.0000,0.0000,,-,-,-,-,-,-,-,-,,,,,,
89382,1084691.762,16:00:06:565,Trial019,Eye Tracking (ballon gauche).avi,31,MediumSlateBlue,83.4869,Eye,51,54,5.7611,4.9231,523.0973257291661,407.84290707274675,530.6936181522932,354.8448029952882,corps,corps,-0.0411,0.484,-0.8741,-0.103,0.4392,-0.8925,0,-,-,-,-,-,-,-,-,,,,,,
89384,1084725.153,16:00:06:599,Trial019,Eye Tracking (ballon gauche).avi,31,MediumSlateBlue,83.4869,Eye,51,54,5.7554,4.91,556.9587527099582,365.671813863736,559.1526440561667,440.0996019459674,corps,corps,-0.0395,0.4853,-0.8735,-0.0965,0.4538,-0.8859,0,-,-,-,-,-,-,-,-,,,,,,
89386,1084758.544,16:00:06:632,Trial019,Eye Tracking (ballon gauche).avi,31,MediumSlateBlue,83.4869,Eye,51,54,5.7551,4.9069,569.7407675964555,365.37396445457085,582.8617752927212,424.5497711006883,corps,corps,-0.039,0.4851,-0.8736,-0.0941,0.4421,-0.892,0,-,-,-,-,-,-,-,-,,,,,,
89388,1084791.935,16:00:06:666,Trial019,Eye Tracking (ballon gauche).avi,31,MediumSlateBlue,83.4869,Eye,51,54,5.7479,4.9064,587.686984797181,383.2342534138376,603.1420353230995,423.6684863536551,corps,corps,-0.0338,0.4866,-0.873,-0.0918,0.4408,-0.8929,0,-,-,-,-,-,-,-,-,,,,,,
62685,1084831.564,11:26:28:391,Trial001,Federica Final_WMV_3000Kbps_720p.avi,31,Indigo,88.8617,Eye,26,25,3.8845,3.9727,531.3806576696034,384.5298074581927,541.0531166402986,377.93087599731854,chien (1),chien (1),0.0000,0.0000,0.0000,0.0000,0.0000,0.0000,,-,-,-,-,-,-,-,-,,,,,,
62687,1084871.262,11:26:28:431,Trial001,Federica Final_WMV_3000Kbps_720p.avi,31,Indigo,88.8617,Eye,26,25,3.6464,4.0722,505.07213926700035,357.17730920253797,507.84331741102073,394.8218471132379,pointage chien (1),pointage chien (1),0.0000,0.0000,0.0000,0.0000,0.0000,0.0000,,-,-,-,-,-,-,-,-,,,,,,
89395,1084908.804,16:00:06:782,Trial019,Eye Tracking (ballon gauche).avi,31,MediumSlateBlue,83.4869,Eye,51,54,5.735,4.9049,538.6538824461461,428.00571689841235,547.5868488906159,356.26477293630126,corps,corps,-0.0252,0.4999,-0.8657,-0.0908,0.4571,-0.8848,0,-,-,-,-,-,-,-,-,,,,,,
89397,1084942.196,16:00:06:816,Trial019,Eye Tracking (ballon gauche).avi,31,MediumSlateBlue,83.4869,Eye,51,54,5.7397,4.8965,550.2678511139384,404.88187639914673,576.3362686548737,439.37908168631515,corps,corps,-0.0293,0.505,-0.8626,-0.0872,0.4497,-0.8889,0,-,-,-,-,-,-,-,-,,,,,,
89399,1084975.587,16:00:06:849,Trial019,Eye Tracking (ballon gauche).avi,31,MediumSlateBlue,83.4869,Eye,51,54,5.7459,4.8962,578.0763949184055,380.76875413487613,584.8213416779416,407.2778833210287,corps,corps,-0.022,0.4991,-0.8663,-0.091,0.4533,-0.8867,0,-,-,-,-,-,-,-,-,,,,,,
62694,1085010.685,11:26:28:571,Trial001,Federica Final_WMV_3000Kbps_720p.avi,31,Indigo,88.8617,Eye,26,25,3.9139,4.3073,621.0399410657775,348.8024894242988,620.2664644702738,397.06281458512154,corps,corps,0.0000,0.0000,0.0000,0.0000,0.0000,0.0000,,-,-,-,-,-,-,-,-,,,,,,
62696,1085050.416,11:26:28:610,Trial001,Federica Final_WMV_3000Kbps_720p.avi,31,Indigo,88.8617,Eye,26,25,3.9303,4.2645,615.1630521150378,364.8678970739965,613.8256335696418,405.0447301610811,visage1,visage1,0.0000,0.0000,0.0000,0.0000,0.0000,0.0000,,-,-,-,-,-,-,-,-,,,,,,
62698,1085090.217,11:26:28:650,Trial001,Federica Final_WMV_3000Kbps_720p.avi,31,Indigo,88.8617,Eye,25,25,3.8731,4.4115,600.929351777123,404.707034433134,605.2576213176402,408.32900437270195,visage1,visage1,0.0000,0.0000,0.0000,0.0000,0.0000,0.0000,,-,-,-,-,-,-,-,-,,,,,,
89408,1085125.849,16:00:06:999,Trial019,Eye Tracking (ballon gauche).avi,31,MediumSlateBlue,83.4869,Eye,52,55,5.7171,4.8545,675.2215383009842,368.5827070849338,674.936441194373,415.76963043154365,Pointage G,Pointage G,0.1883,0.3962,-0.8986,0.1375,0.3587,-0.9233,0,-,-,-,-,-,-,-,-,,,,,,
89410,1085159.241,16:00:07:033,Trial019,Eye Tracking (ballon gauche).avi,31,MediumSlateBlue,83.4869,Eye,52,55,5.7036,4.8494,724.8634539792374,380.2016039020884,726.808530059733,396.31055316756846,Pointage G,Pointage G,0.1861,0.4007,-0.8971,0.1419,0.3555,-0.9238,0,-,-,-,-,-,-,-,-,,,,,,
89412,1085192.633,16:00:07:066,Trial019,Eye Tracking (ballon gauche).avi,31,MediumSlateBlue,83.4869,Eye,52,55,5.6739,4.8452,763.12508379084,416.6129840269126,766.1021245806012,466.49184547693915,Pointage G,Pointage G,0.1882,0.3959,-0.8988,0.1406,0.3609,-0.9219,0,-,-,-,-,-,-,-,-,,,,,,
62705,1085229.521,11:26:28:789,Trial001,Federica Final_WMV_3000Kbps_720p.avi,31,Indigo,88.8617,Eye,25,25,3.8839,4.2422,723.9427768617106,419.91557993583086,731.1114013314875,391.7713448728657,visage1,visage1,0.0000,0.0000,0.0000,0.0000,0.0000,0.0000,,-,-,-,-,-,-,-,-,,,,,,
62707,1085269.308,11:26:28:829,Trial001,Federica Final_WMV_3000Kbps_720p.avi,31,Indigo,88.8617,Eye,25,25,3.7911,4.2870,698.8828666241066,389.406970345134,707.0720372331273,387.5930487709596,visage1,visage1,0.0000,0.0000,0.0000,0.0000,0.0000,0.0000,,-,-,-,-,-,-,-,-,,,,,,
62709,1085309.141,11:26:28:869,Trial001,Federica Final_WMV_3000Kbps_720p.avi,31,Indigo,88.8617,Eye,27,26,3.8098,4.3489,677.8721365481352,360.80777236839305,692.2903257853711,435.4999204442037,visage1,visage1,0.0000,0.0000,0.0000,0.0000,0.0000,0.0000,,-,-,-,-,-,-,-,-,,,,,,
89421,1085342.902,16:00:07:217,Trial019,Eye Tracking (ballon gauche).avi,31,MediumSlateBlue,83.4869,Eye,52,55,5.6085,4.8634,726.4957708276679,430.32027094427775,739.9152150981969,411.09082391400136,Pointage G,Pointage G,0.1896,0.3927,-0.8999,0.1446,0.357,-0.9228,0,-,-,-,-,-,-,-,-,,,,,,
89423,1085376.307,16:00:07:250,Trial019,Eye Tracking (ballon gauche).avi,31,MediumSlateBlue,83.4869,Eye,52,55,5.5995,4.87,776.2998929405834,430.2639274513304,777.8943843780396,436.9025442243577,Pointage G,Pointage G,0.1914,0.3911,-0.9002,0.1436,0.3541,-0.9241,0,-,-,-,-,-,-,-,-,,,,,,
89425,1085409.712,16:00:07:283,Trial019,Eye Tracking (ballon gauche).avi,31,MediumSlateBlue,83.4869,Eye,52,55,5.5889,4.867,796.3460709105473,388.1938455971469,810.1650151235937,375.7255560810338,Pointage G,Pointage G,0.194,0.3898,-0.9002,0.1513,0.3545,-0.9227,0,-,-,-,-,-,-,-,-,,,,,,
62716,1085448.38,11:26:29:008,Trial001,Federica Final_WMV_3000Kbps_720p.avi,31,Indigo,88.8617,Eye,26,26,3.7475,4.2859,754.0255739989443,395.10046945847364,767.0414998724106,394.11337286614855,visage1,visage1,0.0000,0.0000,0.0000,0.0000,0.0000,0.0000,,-,-,-,-,-,-,-,-,,,,,,
62718,1085488.258,11:26:29:048,Trial001,Federica Final_WMV_3000Kbps_720p.avi,31,Indigo,88.8617,Eye,26,26,3.7834,4.3237,719.6182856517829,420.72065567990705,730.1894745416012,389.9080567162947,visage1,visage1,0.0000,0.0000,0.0000,0.0000,0.0000,0.0000,,-,-,-,-,-,-,-,-,,,,,,
89432,1085526.631,16:00:07:400,Trial019,Eye Tracking (ballon gauche).avi,31,MediumSlateBlue,83.4869,Eye,52,55,5.5521,4.8822,760.3753046129511,388.01364592086446,776.2390097955561,350.1933273522962,Pointage G,Pointage G,0.2008,0.387,-0.8999,0.156,0.3546,-0.9219,0,-,-,-,-,-,-,-,-,,,,,,
89434,1085560.036,16:00:07:434,Trial019,Eye Tracking (ballon gauche).avi,31,MediumSlateBlue,83.4869,Eye,52,55,5.5461,4.882,786.8790435678476,355.78946160035593,799.4432061460788,412.57345774728367,Pointage G,Pointage G,0.1975,0.3847,-0.9017,0.1508,0.3576,-0.9216,0,-,-,-,-,-,-,-,-,,,,,,
89436,1085593.442,16:00:07:467,Trial019,Eye Tracking (ballon gauche).avi,31,MediumSlateBlue,83.4869,Eye,52,55,5.5467,4.8731,811.5286455151213,437.1982048577158,826.4242131131961,415.00895604159643,Pointage G,Pointage G,0.2007,0.3888,-0.8992,0.1563,0.3564,-0.9212,0,-,-,-,-,-,-,-,-,,,,,,
62725,1085627.517,11:26:29:187,Trial001,Federica Final_WMV_3000Kbps_720p.avi,31,Indigo,88.8617,Eye,26,26,3.7793,4.2867,765.3874007974425,414.4568461648288,776.4495041782429,436.70140312392766,visage1,visage1,0.0000,0.0000,0.0000,0.0000,0.0000,0.0000,,-,-,-,-,-,-,-,-,,,,,,
62727,1085667.386,11:26:29:227,Trial001,Federica Final_WMV_3000Kbps_720p.avi,31,Indigo,88.8617,Eye,26,26,3.8390,4.3598,735.2314704660394,406.7599297592975,747.0666670177538,430.5845863507221,visage1,visage1,0.0000,0.0000,0.0000,0.0000,0.0000,0.0000,,-,-,-,-,-,-,-,-,,,,,,
62729,1085707.13,11:26:29:267,Trial001,Federica Final_WMV_3000Kbps_720p.avi,31,Indigo,88.8617,Eye,26,26,3.8226,4.3054,713.8894534833814,421.0387498666986,726.5161628098855,465.6018414069333,visage1,visage1,0.0000,0.0000,0.0000,0.0000,0.0000,0.0000,,-,-,-,-,-,-,-,-,,,,,,
89445,1085743.765,16:00:07:617,Trial019,Eye Tracking (ballon gauche).avi,31,MediumSlateBlue,83.4869,Eye,53,56,5.592,4.8776,699.5355763415736,402.77532085683447,704.9033166335987,446.37212898615866,corps,corps,0.0005,0.4925,-0.8703,-0.0577,0.4551,-0.8886,0,-,-,-,-,-,-,-,-,,,,,,
89447,1085777.171,16:00:07:651,Trial019,Eye Tracking (ballon gauche).avi,31,MediumSlateBlue,83.4869,Eye,53,56,5.6101,4.8712,679.66101757706,390.35097958714715,694.8388506225672,380.30288446778616,corps,corps,-0.0021,0.4938,-0.8696,-0.052,0.4529,-0.89,0,-,-,-,-,-,-,-,-,,,,,,
89449,1085810.562,16:00:07:684,Trial019,Eye Tracking (ballon gauche).avi,31,MediumSlateBlue,83.4869,Eye,54,56,5.6256,4.8639,671.3518690382759,412.5268069672061,687.5470552288848,368.01508996483363,corps,corps,-0.0063,0.4839,-0.8751,-0.0528,0.4497,-0.8916,0,-,-,-,-,-,-,-,-,,,,,,
62736,1085846.495,11:26:29:406,Trial001,Federica Final_WMV_3000Kbps_720p.avi,31,Indigo,88.8617,Eye,26,26,3.7582,4.3342,667.4352734995321,356.7431562631898,682.08056307669,410.3699876897715,visage1,visage1,0.0000,0.0000,0.0000,0.0000,0.0000,0.0000,,-,-,-,-,-,-,-,-,,,,,,
62738,1085886.243,11:26:29:446,Trial001,Federica Final_WMV_3000Kbps_720p.avi,31,Indigo,88.8617,Eye,26,26,3.7952,4.2297,661.5016696910502,420.328721320431,679.5523530561987,387.8591779982787,visage1,visage1,0.0000,0.0000,0.0000,0.0000,0.0000,0.0000,,-,-,-,-,-,-,-,-,,,,,,
62740,1085926.192,11:26:29:486,Trial001,Federica Final_WMV_3000Kbps_720p.avi,31,Indigo,88.8617,Eye,26,26,3.8562,4.2561,656.8781855407464,483.34377781774754,674.6089745885104,378.39297211644583,visage1,visage1,0.0000,0.0000,0.0000,0.0000,0.0000,0.0000,,-,-,-,-,-,-,-,-,,,,,,
89458,1085960.826,16:00:07:834,Trial019,Eye Tracking (ballon gauche).avi,31,MediumSlateBlue,83.4869,Eye,54,56,5.6092,4.8221,654.5288842141147,373.9096628949503,671.301148164365,414.45231707406947,corps,corps,-0.0039,0.479,-0.8778,-0.0619,0.4542,-0.8888,0,-,-,-,-,-,-,-,-,,,,,,
89460,1085994.217,16:00:07:868,Trial019,Eye Tracking (ballon gauche).avi,31,MediumSlateBlue,83.4869,Eye,54,56,5.6068,4.8179,647.6771427774728,346.33348651166654,667.3734402408263,385.54077761856956,corps,corps,0.0059,0.4832,-0.8755,-0.058,0.4592,-0.8865,0,-,-,-,-,-,-,-,-,,,,,,
89462,1086027.609,16:00:07:901,Trial019,Eye Tracking (ballon gauche).avi,31,MediumSlateBlue,83.4869,Eye,54,56,5.6083,4.8232,645.2627926361006,410.3783379608352,665.6810500826183,369.5281209075423,corps,corps,0.0058,0.4781,-0.8783,-0.0517,0.4563,-0.8883,0,-,-,-,-,-,-,-,-,,,,,,
62747,1086065.398,11:26:29:625,Trial001,Federica Final_WMV_3000Kbps_720p.avi,31,Indigo,88.8617,Eye,26,26,3.8538,4.3242,650.1330187616653,392.0660193979583,667.339114280651,337.33849531334783,visage1,visage1,0.0000,0.0000,0.0000,0.0000,0.0000,0.0000,,-,-,-,-,-,-,-,-,,,,,,
62749,1086105.299,11:26:29:665,Trial001,Federica Final_WMV_3000Kbps_720p.avi,31,Indigo,88.8617,Eye,26,26,3.8660,4.3396,651.2456201400073,351.93855480574666,666.9603935307617,362.93546168041496,visage1,visage1,0.0000,0.0000,0.0000,0.0000,0.0000,0.0000,,-,-,-,-,-,-,-,-,,,,,,
89469,1086144.48,16:00:08:018,Trial019,Eye Tracking (ballon gauche).avi,31,MediumSlateBlue,83.4869,Eye,54,56,5.6165,4.8288,643.4857742485925,350.7061316782324,671.5153510585116,406.9108275649113,corps,corps,-0.0024,0.4899,-0.8718,-0.0631,0.451,-0.8903,0,-,-,-,-,-,-,-,-,,,,,,
89471,1086177.872,16:00:08:051,Trial019,Eye Tracking (ballon gauche).avi,31,MediumSlateBlue,83.4869,Eye,54,56,5.6192,4.8402,639.3143397392328,382.21002722103026,667.6272436657126,349.7351801421185,corps,corps,0.0021,0.4888,-0.8724,-0.0571,0.4525,-0.89,0,-,-,-,-,-,-,-,-,,,,,,
89473,1086211.247,16:00:08:085,Trial019,Eye Tracking (ballon gauche).avi,31,MediumSlateBlue,83.4869,Eye,54,56,5.6216,4.8514,639.7220086535222,380.5846440976848,664.6701362989239,346.8015574640744,corps,corps,0.0015,0.4905,-0.8714,-0.0652,0.4535,-0.8889,0,-,-,-,-,-,-,-,-,,,,,,
89475,1086244.622,16:00:08:118,Trial019,Eye Tracking (ballon gauche).avi,31,MediumSlateBlue,83.4869,Eye,54,56,5.632,4.8568,647.7807656130467,356.87823843247656,663.9442728268657,409.31926743976254,corps,corps,-0.0039,0.4808,-0.8768,-0.0541,0.464,-0.8842,0,-,-,-,-,-,-,-,-,,,,,,
62758,1086284.381,11:26:29:844,Trial001,Federica Final_WMV_3000Kbps_720p.avi,31,Indigo,88.8617,Eye,26,26,3.9217,4.3335,639.0765184683991,341.4521177070511,652.8703017677091,355.90238218986553,visage1,visage1,0.0000,0.0000,0.0000,0.0000,0.0000,0.0000,,-,-,-,-,-,-,-,-,,,,,,
62760,1086324.119,11:26:29:884,Trial001,Federica Final_WMV_3000Kbps_720p.avi,31,Indigo,88.8617,Eye,26,26,3.8666,4.2786,637.8241060523707,385.95355966218375,649.3362006269953,385.8722449590211,visage1,visage1,0.0000,0.0000,0.0000,0.0000,0.0000,0.0000,,-,-,-,-,-,-,-,-,,,,,,
89482,1086361.433,16:00:08:235,Trial019,Eye Tracking (ballon gauche).avi,31,MediumSlateBlue,83.4869,Eye,54,56,5.6744,4.8871,638.6582899885265,375.16972739789526,655.5750117445615,415.25215125006685,corps,corps,0.0043,0.4913,-0.871,-0.0602,0.4541,-0.8889,0,-,-,-,-,-,-,-,-,,,,,,
89484,1086394.808,16:00:08:268,Trial019,Eye Tracking (ballon gauche).avi,31,MediumSlateBlue,83.4869,Eye,54,56,5.6821,4.8867,649.3102168724683,373.6021212975146,659.3842475143857,389.0173714757594,corps,corps,0.0273,0.5101,-0.8597,-0.0361,0.4754,-0.879,0,-,-,-,-,-,-,-,-,,,,,,
89486,1086428.182,16:00:08:302,Trial019,Eye Tracking (ballon gauche).avi,31,MediumSlateBlue,83.4869,Eye,54,56,5.6808,4.8842,649.3477591687449,399.0036395429987,663.710931644274,406.3062718645929,corps,corps,0.0266,0.5103,-0.8596,-0.035,0.4735,-0.8801,0,-,-,-,-,-,-,-,-,,,,,,
62767,1086463.483,11:26:30:023,Trial001,Federica Final_WMV_3000Kbps_720p.avi,31,Indigo,88.8617,Eye,26,26,3.8957,4.0824,645.6543204794671,380.74417221427814,660.9414824141082,378.3348664601484,visage1,visage1,0.0000,0.0000,0.0000,0.0000,0.0000,0.0000,,-,-,-,-,-,-,-,-,,,,,,
62769,1086503.269,11:26:30:063,Trial001,Federica Final_WMV_3000Kbps_720p.avi,31,Indigo,88.8617,Eye,26,26,3.8608,3.9967,652.2046295329087,385.2487809433108,657.9138206546912,320.9369912070609,visage1,visage1,0.0000,0.0000,0.0000,0.0000,0.0000,0.0000,,-,-,-,-,-,-,-,-,,,,,,
62771,1086543.116,11:26:30:103,Trial001,Federica Final_WMV_3000Kbps_720p.avi,31,Indigo,88.8617,Eye,26,26,3.7966,3.8953,650.8021304130021,370.0742393095591,655.2769632566075,401.7299893295338,visage1,visage1,0.0000,0.0000,0.0000,0.0000,0.0000,0.0000,,-,-,-,-,-,-,-,-,,,,,,
89495,1086578.368,16:00:08:452,Trial019,Eye Tracking (ballon gauche).avi,31,MediumSlateBlue,83.4869,Eye,54,56,5.7031,4.8563,664.1739545631767,414.7366171195302,662.728057611027,399.9826190382592,corps,corps,0.0207,0.5052,-0.8628,-0.0321,0.4649,-0.8848,0,-,-,-,-,-,-,-,-,,,,,,
89497,1086611.743,16:00:08:485,Trial019,Eye Tracking (ballon gauche).avi,31,MediumSlateBlue,83.4869,Eye,54,56,5.699,4.8534,670.864500850153,376.6943697988871,667.3378775429694,422.55072433561975,corps,corps,0.0232,0.5117,-0.8588,-0.032,0.4669,-0.8837,0,-,-,-,-,-,-,-,-,,,,,,
89499,1086645.118,16:00:08:519,Trial019,Eye Tracking (ballon gauche).avi,31,MediumSlateBlue,83.4869,Eye,54,56,5.6871,4.8454,672.5943234381784,353.12777871668106,673.7788733781576,370.142761632075,corps,corps,0.0305,0.5059,-0.8621,-0.0355,0.4679,-0.883,0,-,-,-,-,-,-,-,-,,,,,,
62778,1086682.356,11:26:30:242,Trial001,Federica Final_WMV_3000Kbps_720p.avi,31,Indigo,88.8617,Eye,28,27,3.9281,4.1320,613.5710533592138,357.9413582671176,613.9057694745102,383.08333438336496,corps,corps,0.0000,0.0000,0.0000,0.0000,0.0000,0.0000,,-,-,-,-,-,-,-,-,,,,,,
62780,1086722.23,11:26:30:282,Trial001,Federica Final_WMV_3000Kbps_720p.avi,31,Indigo,88.8617,Eye,27,27,3.9360,3.8126,539.3957414304317,382.555141850938,541.1152237187188,415.1659865284948,chien (1),chien (1),0.0000,0.0000,0.0000,0.0000,0.0000,0.0000,,-,-,-,-,-,-,-,-,,,,,,
89506,1086761.93,16:00:08:636,Trial019,Eye Tracking (ballon gauche).avi,31,MediumSlateBlue,83.4869,Eye,54,56,5.6786,4.8336,573.1056451139239,415.2886271548041,571.5914300103711,415.28621575975114,corps,corps,0.0227,0.5035,-0.8637,-0.0396,0.4621,-0.886,0,-,-,-,-,-,-,-,-,,,,,,
89508,1086795.305,16:00:08:669,Trial019,Eye Tracking (ballon gauche).avi,31,MediumSlateBlue,83.4869,Eye,54,56,5.6801,4.8306,598.6774057478349,383.62641703057767,595.54010829952,386.43757428570825,corps,corps,0.0182,0.5064,-0.8621,-0.0363,0.4669,-0.8836,0,-,-,-,-,-,-,-,-,,,,,,
89510,1086828.68,16:00:08:702,Trial019,Eye Tracking (ballon gauche).avi,31,MediumSlateBlue,83.4869,Eye,54,56,5.6861,4.8296,617.8106441318733,381.3521454467133,612.7095932172039,427.32343883954104,corps,corps,0.0165,0.502,-0.8647,-0.0354,0.4669,-0.8836,0,-,-,-,-,-,-,-,-,,,,,,
89512,1086862.055,16:00:08:736,Trial019,Eye Tracking (ballon gauche).avi,31,MediumSlateBlue,83.4869,Eye,54,56,5.6998,4.8272,625.797678380166,435.19026006457597,630.1184170504131,374.3224561846843,corps,corps,0.0132,0.5014,-0.8651,-0.0318,0.4628,-0.8859,0,-,-,-,-,-,-,-,-,,,,,,
62789,1086901.481,11:26:30:461,Trial001,Federica Final_WMV_3000Kbps_720p.avi,31,Indigo,88.8617,Eye,27,27,3.9122,3.8889,550.9751538745024,323.25311305643083,561.6149277200145,347.8583026956554,chien (1),chien (1),0.0000,0.0000,0.0000,0.0000,0.0000,0.0000,,-,-,-,-,-,-,-,-,,,,,,
62791,1086941.246,11:26:30:501,Trial001,Federica Final_WMV_3000Kbps_720p.avi,31,Indigo,88.8617,Eye,29,28,3.9737,3.6386,495.53758395317436,317.64279673217936,498.80524541023874,419.3901484335189,chien (1),chien (1),0.0000,0.0000,0.0000,0.0000,0.0000,0.0000,,-,-,-,-,-,-,-,-,,,,,,
89519,1086978.868,16:00:08:852,Trial019,Eye Tracking (ballon gauche).avi,31,MediumSlateBlue,83.4869,Eye,55,57,5.6916,4.8051,590.9224090336389,341.2840136920744,591.1320606991907,398.90273566292166,Pointage G,Pointage G,0.2003,0.413,-0.8884,0.1398,0.3754,-0.9162,0,-,-,-,-,-,-,-,-,,,,,,
89521,1087012.243,16:00:08:886,Trial019,Eye Tracking (ballon gauche).avi,31,MediumSlateBlue,83.4869,Eye,55,57,5.6824,4.7899,654.9579493015174,436.82357717087723,663.4673278908767,425.70640206863146,Pointage G,Pointage G,0.1963,0.4093,-0.8911,0.1598,0.3656,-0.9169,0,-,-,-,-,-,-,-,-,,,,,,
89523,1087045.621,16:00:08:919,Trial019,Eye Tracking (ballon gauche).avi,31,MediumSlateBlue,83.4869,Eye,55,57,5.6656,4.7865,713.7322727369216,367.85241166227416,721.9257715869841,418.11219905165945,Pointage G,Pointage G,0.1946,0.407,-0.8925,0.1603,0.3675,-0.9161,0,-,-,-,-,-,-,-,-,,,,,,
62798,1087080.72,11:26:30:641,Trial001,Federica Final_WMV_3000Kbps_720p.avi,31,Indigo,88.8617,Eye,28,28,3.6222,3.1044,610.9762766234221,399.721468610602,612.3557156399597,398.5848258674407,chien (1),chien (1),0.0000,0.0000,0.0000,0.0000,0.0000,0.0000,,-,-,-,-,-,-,-,-,,,,,,
62800,1087120.466,11:26:30:680,Trial001,Federica Final_WMV_3000Kbps_720p.avi,31,Indigo,88.8617,Eye,28,28,3.8294,4.2250,540.8680420104693,345.93951646249826,534.6147876113865,421.2883854211336,chien (1),chien (1),0.0000,0.0000,0.0000,0.0000,0.0000,0.0000,,-,-,-,-,-,-,-,-,,,,,,
62802,1087160.351,11:26:30:720,Trial001,Federica Final_WMV_3000Kbps_720p.avi,31,Indigo,88.8617,Eye,29,29,3.8642,4.4142,485.4929454780886,385.88601512809146,487.33490749907065,434.56074276028863,chien (1),chien (1),0.0000,0.0000,0.0000,0.0000,0.0000,0.0000,,-,-,-,-,-,-,-,-,,,,,,
89532,1087195.84,16:00:09:069,Trial019,Eye Tracking (ballon gauche).avi,31,MediumSlateBlue,83.4869,Eye,55,57,5.6177,4.7551,581.2711037041986,357.67327144393363,581.9102480847996,416.85673817185585,Pointage G,Pointage G,0.2005,0.402,-0.8934,0.155,0.3681,-0.9168,0,-,-,-,-,-,-,-,-,,,,,,
89534,1087229.222,16:00:09:103,Trial019,Eye Tracking (ballon gauche).avi,31,MediumSlateBlue,83.4869,Eye,55,57,5.6173,4.7447,654.6379529448232,388.72762766312985,651.6937688816395,419.31487074522573,Pointage G,Pointage G,0.1961,0.4062,-0.8925,0.1595,0.3725,-0.9142,0,-,-,-,-,-,-,-,-,,,,,,
89536,1087262.603,16:00:09:136,Trial019,Eye Tracking (ballon gauche).avi,31,MediumSlateBlue,83.4869,Eye,55,57,5.6001,4.7341,712.9155978392682,405.7930020989019,712.2725029176037,411.9121961221639,Pointage G,Pointage G,0.1991,0.404,-0.8928,0.1564,0.3744,-0.914,0,-,-,-,-,-,-,-,-,,,,,,
62809,1087299.733,11:26:30:860,Trial001,Federica Final_WMV_3000Kbps_720p.avi,31,Indigo,88.8617,Eye,31,30,3.9451,4.5893,672.073618056183,354.91257375895657,677.4370230625942,441.5378413081027,corps,corps,0.0000,0.0000,0.0000,0.0000,0.0000,0.0000,,-,-,-,-,-,-,-,-,,,,,,
62811,1087339.594,11:26:30:899,Trial001,Federica Final_WMV_3000Kbps_720p.avi,31,Indigo,88.8617,Eye,31,30,3.9369,4.6197,651.4590709814083,320.2578119752213,660.9290418682154,407.82575647436494,visage1,visage1,0.0000,0.0000,0.0000,0.0000,0.0000,0.0000,,-,-,-,-,-,-,-,-,,,,,,
89543,1087379.44,16:00:09:253,Trial019,Eye Tracking (ballon gauche).avi,31,MediumSlateBlue,83.4869,Eye,56,58,5.6256,4.7718,664.7793548486995,367.8035392463277,664.1025136253943,415.31378645047573,corps,corps,0.0236,0.5089,-0.8605,-0.0374,0.4693,-0.8822,0,-,-,-,-,-,-,-,-,,,,,,
89545,1087412.822,16:00:09:286,Trial019,Eye Tracking (ballon gauche).avi,31,MediumSlateBlue,83.4869,Eye,56,58,5.6284,4.7745,669.6948626392624,463.9951325984432,669.1595362754981,427.6466070052346,corps,corps,0.0202,0.5103,-0.8597,-0.0388,0.466,-0.884,0,-,-,-,-,-,-,-,-,,,,,,
89547,1087446.204,16:00:09:320,Trial019,Eye Tracking (ballon gauche).avi,31,MediumSlateBlue,83.4869,Eye,56,58,5.6267,4.7771,676.2509007483956,387.45337479107695,673.5538792780219,395.423714587473,corps,corps,0.0251,0.5094,-0.8602,-0.0407,0.469,-0.8823,0,-,-,-,-,-,-,-,-,,,,,,
89549,1087479.59,16:00:09:353,Trial019,Eye Tracking (ballon gauche).avi,31,MediumSlateBlue,83.4869,Eye,56,58,5.6385,4.7808,676.5277868382761,304.89698657858264,683.0181059668816,372.00281595357063,corps,corps,0.0202,0.5061,-0.8622,-0.0405,0.4629,-0.8855,0,-,-,-,-,-,-,-,-,,,,,,
62820,1087518.844,11:26:31:079,Trial001,Federica Final_WMV_3000Kbps_720p.avi,31,Indigo,88.8617,Eye,30,30,3.9188,4.5402,653.4965569559589,342.8672791430233,658.1517361908651,415.65942660270196,visage1,visage1,0.0000,0.0000,0.0000,0.0000,0.0000,0.0000,,-,-,-,-,-,-,-,-,,,,,,
62822,1087558.72,11:26:31:119,Trial001,Federica Final_WMV_3000Kbps_720p.avi,31,Indigo,88.8617,Eye,30,30,3.9674,4.5404,641.6261531076332,417.18006043582227,647.4174423972461,403.78853060766556,visage1,visage1,0.0000,0.0000,0.0000,0.0000,0.0000,0.0000,,-,-,-,-,-,-,-,-,,,,,,
89556,1087596.456,16:00:09:470,Trial019,Eye Tracking (ballon gauche).avi,31,MediumSlateBlue,83.4869,Eye,56,58,5.6347,4.7606,654.8834448487142,353.66166894081414,667.3168657550875,351.823655109509,corps,corps,0.0149,0.5024,-0.8645,-0.0479,0.4667,-0.8831,0,-,-,-,-,-,-,-,-,,,,,,
89558,1087629.847,16:00:09:503,Trial019,Eye Tracking (ballon gauche).avi,31,MediumSlateBlue,83.4869,Eye,56,58,5.6326,4.753,665.7110417999925,338.6098691594923,673.3181410524128,359.84707823980466,corps,corps,0.0196,0.501,-0.8652,-0.0383,0.4633,-0.8854,0,-,-,-,-,-,-,-,-,,,,,,
89560,1087663.237,16:00:09:537,Trial019,Eye Tracking (ballon gauche).avi,31,MediumSlateBlue,83.4869,Eye,56,58,5.6288,4.7467,663.6224597307055,317.57088355376555,671.3089488346546,384.2701571948377,corps,corps,0.0137,0.5015,-0.8651,-0.0435,0.4676,-0.8829,0,-,-,-,-,-,-,-,-,,,,,,
62829,1087698.095,11:26:31:258,Trial001,Federica Final_WMV_3000Kbps_720p.avi,31,Indigo,88.8617,Eye,30,30,3.9736,4.7222,636.7900783965656,379.5729191938335,655.2232314656616,356.577037136615,visage1,visage1,0.0000,0.0000,0.0000,0.0000,0.0000,0.0000,,-,-,-,-,-,-,-,-,,,,,,
62831,1087737.973,11:26:31:298,Trial001,Federica Final_WMV_3000Kbps_720p.avi,31,Indigo,88.8617,Eye,30,30,3.9980,4.6695,618.929234281289,388.43649932963825,639.8918335143626,384.0381436738887,visage1,visage1,0.0000,0.0000,0.0000,0.0000,0.0000,0.0000,,-,-,-,-,-,-,-,-,,,,,,
62833,1087777.72,11:26:31:338,Trial001,Federica Final_WMV_3000Kbps_720p.avi,31,Indigo,88.8617,Eye,30,30,3.9211,4.6371,614.7895603397484,402.89430053832587,634.2279128867572,382.16074913000335,visage1,visage1,0.0000,0.0000,0.0000,0.0000,0.0000,0.0000,,-,-,-,-,-,-,-,-,,,,,,
89569,1087813.494,16:00:09:687,Trial019,Eye Tracking (ballon gauche).avi,31,MediumSlateBlue,83.4869,Eye,56,58,5.5948,4.7067,628.5383521561442,372.6485375379362,648.6063921365167,368.465139045835,corps,corps,0.0165,0.4983,-0.8668,-0.0387,0.4629,-0.8856,0,-,-,-,-,-,-,-,-,,,,,,
89571,1087846.884,16:00:09:721,Trial019,Eye Tracking (ballon gauche).avi,31,MediumSlateBlue,83.4869,Eye,51,54,5.5994,4.7031,659.3145817312394,388.0124023285605,670.5423347500066,398.1813459256764,corps,corps,0.1069,0.437,-0.8931,0.0404,0.4185,-0.9073,0,-,-,-,-,-,-,-,-,,,,,,
89573,1087880.274,16:00:09:754,Trial019,Eye Tracking (ballon gauche).avi,31,MediumSlateBlue,83.4869,Eye,57,59,5.6032,4.6775,709.9414292774968,377.6024685370871,723.0157116788575,369.6564965674436,Pointage G,Pointage G,0.1894,0.399,-0.8972,0.1428,0.3692,-0.9183,0,-,-,-,-,-,-,-,-,,,,,,
62840,1087917.213,11:26:31:477,Trial001,Federica Final_WMV_3000Kbps_720p.avi,31,Indigo,88.8617,Eye,30,30,3.9406,4.6036,678.2489881642049,420.89742375636666,699.3072076725516,425.4654289008359,visage1,visage1,0.0000,0.0000,0.0000,0.0000,0.0000,0.0000,,-,-,-,-,-,-,-,-,,,,,,
62842,1087956.955,11:26:31:517,Trial001,Federica Final_WMV_3000Kbps_720p.avi,31,Indigo,88.8617,Eye,30,30,3.9097,4.5374,650.6466602474236,357.18357983286336,675.7057334840761,399.0875976585122,visage1,visage1,0.0000,0.0000,0.0000,0.0000,0.0000,0.0000,,-,-,-,-,-,-,-,-,,,,,,
62844,1087996.828,11:26:31:557,Trial001,Federica Final_WMV_3000Kbps_720p.avi,31,Indigo,88.8617,Eye,-,-,3.8174,4.6137,555.8006636181632,324.66748416790074,565.3034969952308,323.05361141280656,-,-,0.0000,0.0000,0.0000,0.0000,0.0000,0.0000,,-,-,-,-,-,-,-,-,,,,,,
89582,1088030.527,16:00:09:904,Trial019,Eye Tracking (ballon gauche).avi,31,MediumSlateBlue,83.4869,Eye,57,59,5.5662,4.6466,643.6581802272701,399.77884238258014,654.2665878085764,340.03743509505307,Pointage G,Pointage G,0.193,0.4036,-0.8943,0.1462,0.3643,-0.9197,0,-,-,-,-,-,-,-,-,,,,,,
89584,1088063.916,16:00:09:938,Trial019,Eye Tracking (ballon gauche).avi,31,MediumSlateBlue,83.4869,Eye,57,59,5.5509,4.6504,710.6672909017259,450.4231097579933,705.192673515057,403.75562230157533,Pointage G,Pointage G,0.2068,0.3637,-0.9083,0.1472,0.3551,-0.9232,0,-,-,-,-,-,-,-,-,,,,,,
89586,1088097.305,16:00:09:971,Trial019,Eye Tracking (ballon gauche).avi,31,MediumSlateBlue,83.4869,Eye,10,13,0,0,597.7601846404259,381.6541070542989,593.6542216004242,376.4119127325977,-,-,0,0,0,0,0,0,0,-,-,-,-,-,-,-,-,,,,,,
62851,1088136.332,11:26:31:696,Trial001,Federica Final_WMV_3000Kbps_720p.avi,31,Indigo,88.8617,Eye,32,31,3.8628,3.9893,528.1954584966655,348.71011182650966,528.1672852018331,372.34255450128626,chien (1),chien (1),0.0000,0.0000,0.0000,0.0000,0.0000,0.0000,,-,-,-,-,-,-,-,-,,,,,,
62853,1088176.092,11:26:31:736,Trial001,Federica Final_WMV_3000Kbps_720p.avi,31,Indigo,88.8617,Eye,32,31,3.8773,4.0050,468.20705920883125,397.737353688434,460.87043094323826,357.6486777278424,-,-,0.0000,0.0000,0.0000,0.0000,0.0000,0.0000,,-,-,-,-,-,-,-,-,,,,,,
89593,1088214.167,16:00:10:088,Trial019,Eye Tracking (ballon gauche).avi,31,MediumSlateBlue,83.4869,Eye,10,13,0,0,415.8866588847088,361.55604637079415,410.384187685514,352.534615845369,-,-,0,0,0,0,0,0,0,-,-,-,-,-,-,-,-,,,,,,
89595,1088247.556,16:00:10:121,Trial019,Eye Tracking (ballon gauche).avi,31,MediumSlateBlue,83.4869,Eye,58,60,5.3139,4.6408,533.5134270822689,390.62665207540937,520.0468024622285,301.53236219279756,Pointage G,Pointage G,0.1827,0.3748,-0.9089,0.1146,0.3593,-0.9262,0,-,-,-,-,-,-,-,-,,,,,,
89597,1088280.945,16:00:10:155,Trial019,Eye Tracking (ballon gauche).avi,31,MediumSlateBlue,83.4869,Eye,58,60,5.3629,4.6446,618.2295615004509,439.1041008010871,606.8438013154467,319.3721241733353,Pointage G,Pointage G,0.1697,0.4004,-0.9005,0.114,0.3845,-0.916,0,-,-,-,-,-,-,-,-,,,,,,
62860,1088315.573,11:26:31:875,Trial001,Federica Final_WMV_3000Kbps_720p.avi,31,Indigo,88.8617,Eye,31,31,3.9076,4.0615,549.1486929589369,367.4511667824962,539.1830812042131,329.26751230353193,chien (1),chien (1),0.0000,0.0000,0.0000,0.0000,0.0000,0.0000,,-,-,-,-,-,-,-,-,,,,,,
62862,1088355.33,11:26:31:915,Trial001,Federica Final_WMV_3000Kbps_720p.avi,31,Indigo,88.8617,Eye,31,31,3.8094,4.0850,495.0916613349531,403.86671198593797,491.28284486508034,350.72462643451337,chien (1),chien (1),0.0000,0.0000,0.0000,0.0000,0.0000,0.0000,,-,-,-,-,-,-,-,-,,,,,,
62864,1088395.206,11:26:31:955,Trial001,Federica Final_WMV_3000Kbps_720p.avi,31,Indigo,88.8617,Eye,31,31,3.7333,4.0184,455.23107839215083,366.6835278954058,455.28578107160706,334.39703131094024,chien (1),chien (1),0.0000,0.0000,0.0000,0.0000,0.0000,0.0000,,-,-,-,-,-,-,-,-,,,,,,
89606,1088431.178,16:00:10:305,Trial019,Eye Tracking (ballon gauche).avi,31,MediumSlateBlue,83.4869,Eye,59,60,5.4959,4.6256,549.6459140085374,420.86547215122454,549.1262679521349,393.3889234456769,-,Pointage G,0.174,0.4234,-0.8891,0.13,0.3811,-0.9153,0,-,-,-,-,-,-,-,-,,,,,,
89608,1088464.563,16:00:10:338,Trial019,Eye Tracking (ballon gauche).avi,31,MediumSlateBlue,83.4869,Eye,59,60,5.5053,4.6246,626.1571912917741,452.8162094506205,624.2049811918448,348.2103106769529,-,Pointage G,0.1804,0.4264,-0.8864,0.1281,0.387,-0.9132,0,-,-,-,-,-,-,-,-,,,,,,
89610,1088497.947,16:00:10:372,Trial019,Eye Tracking (ballon gauche).avi,31,MediumSlateBlue,83.4869,Eye,59,60,5.5149,4.6275,684.9599644468268,406.97894653440693,685.8545243114271,362.4717968171062,-,Pointage G,0.1862,0.4283,-0.8842,0.1338,0.3877,-0.912,0,-,-,-,-,-,-,-,-,,,,,,
62871,1088534.608,11:26:32:094,Trial001,Federica Final_WMV_3000Kbps_720p.avi,31,Indigo,88.8617,Eye,33,32,3.7393,4.1431,586.9291393733045,369.2751833298029,584.7473043983616,369.93666467024184,-,-,0.0000,0.0000,0.0000,0.0000,0.0000,0.0000,,-,-,-,-,-,-,-,-,,,,,,
62873,1088574.454,11:26:32:134,Trial001,Federica Final_WMV_3000Kbps_720p.avi,31,Indigo,88.8617,Eye,33,32,3.7006,3.9891,503.8615817125879,429.9770941027944,518.2718367130973,335.419771970267,chien (1),chien (1),0.0000,0.0000,0.0000,0.0000,0.0000,0.0000,,-,-,-,-,-,-,-,-,,,,,,
62875,1088614.327,11:26:32:174,Trial001,Federica Final_WMV_3000Kbps_720p.avi,31,Indigo,88.8617,Eye,32,32,3.7878,4.1069,525.3952634855857,329.0536607843055,539.2181726218395,400.6707838875089,yeux (1),yeux (1),0.0000,0.0000,0.0000,0.0000,0.0000,0.0000,,-,-,-,-,-,-,-,-,,,,,,
89619,1088648.179,16:00:10:522,Trial019,Eye Tracking (ballon gauche).avi,31,MediumSlateBlue,83.4869,Eye,60,61,5.5655,4.7209,559.5084651609344,383.3388444235811,564.7854079110044,345.0856436480393,corps,corps,-0.0025,0.5063,-0.8624,-0.0568,0.4696,-0.8811,0,-,-,-,-,-,-,-,-,,,,,,
89621,1088681.563,16:00:10:555,Trial019,Eye Tracking (ballon gauche).avi,31,MediumSlateBlue,83.4869,Eye,60,61,5.5689,4.7367,590.584752388044,415.4327787635691,586.353318023993,367.5535417739457,corps,corps,-0.0004,0.5032,-0.8641,-0.0602,0.4666,-0.8824,0,-,-,-,-,-,-,-,-,,,,,,
89623,1088714.948,16:00:10:589,Trial019,Eye Tracking (ballon gauche).avi,31,MediumSlateBlue,83.4869,Eye,60,61,5.5758,4.7555,604.5200736694501,397.85747217230465,608.7224442404366,351.5964606252247,corps,corps,-0.0004,0.4985,-0.8669,-0.0604,0.4692,-0.881,0,-,-,-,-,-,-,-,-,,,,,,
62882,1088753.697,11:26:32:314,Trial001,Federica Final_WMV_3000Kbps_720p.avi,31,Indigo,88.8617,Eye,32,32,3.7048,3.8741,605.0441737442894,315.7809848576187,611.6317429663751,400.85476985629344,yeux (1),yeux (1),0.0000,0.0000,0.0000,0.0000,0.0000,0.0000,,-,-,-,-,-,-,-,-,,,,,,
62884,1088793.56,11:26:32:353,Trial001,Federica Final_WMV_3000Kbps_720p.avi,31,Indigo,88.8617,Eye,32,32,3.7857,3.8618,612.1778497783108,318.89322306528334,600.9279660573649,392.9483501539362,yeux (1),yeux (1),0.0000,0.0000,0.0000,0.0000,0.0000,0.0000,,-,-,-,-,-,-,-,-,,,,,,
89630,1088831.794,16:00:10:705,Trial019,Eye Tracking (ballon gauche).avi,31,MediumSlateBlue,83.4869,Eye,60,61,5.5974,4.8323,619.7326547220364,366.8626377485757,617.4204391367177,340.4696262354264,corps,corps,-0.0037,0.4997,-0.8662,-0.0354,0.4616,-0.8864,0,-,-,-,-,-,-,-,-,,,,,,
89632,1088865.179,16:00:10:739,Trial019,Eye Tracking (ballon gauche).avi,31,MediumSlateBlue,83.4869,Eye,60,61,5.613,4.869,626.6534296733696,323.6735909455708,626.1157086969566,401.54130271644914,corps,corps,0.0042,0.4934,-0.8698,-0.0375,0.463,-0.8855,0,-,-,-,-,-,-,-,-,,,,,,
89634,1088898.568,16:00:10:772,Trial019,Eye Tracking (ballon gauche).avi,31,MediumSlateBlue,83.4869,Eye,60,-,5.6098,4.892,640.6188577444207,377.2313592793964,634.2840400147556,358.5806925205937,corps,corps,-0.0065,0.5045,-0.8634,-0.0327,0.464,-0.8852,0,-,-,-,-,-,-,-,-,,,,,,
62891,1088932.982,11:26:32:493,Trial001,Federica Final_WMV_3000Kbps_720p.avi,31,Indigo,88.8617,Eye,33,33,3.6826,3.7210,639.3458113352558,405.93808674617566,630.8643356103178,398.57892913101614,visage1,visage1,0.0000,0.0000,0.0000,0.0000,0.0000,0.0000,,-,-,-,-,-,-,-,-,,,,,,
62893,1088972.858,11:26:32:533,Trial001,Federica Final_WMV_3000Kbps_720p.avi,31,Indigo,88.8617,Eye,35,34,3.6568,3.7030,642.8613570051551,371.65747389157985,634.453628514772,416.60842475200275,visage1,visage1,0.0000,0.0000,0.0000,0.0000,0.0000,0.0000,,-,-,-,-,-,-,-,-,,,,,,
62895,1089012.627,11:26:32:572,Trial001,Federica Final_WMV_3000Kbps_720p.avi,31,Indigo,88.8617,Eye,35,34,3.7327,3.7514,613.4380015548945,363.30941326260285,601.8710065664926,401.01544586260775,corps,corps,0.0000,0.0000,0.0000,0.0000,0.0000,0.0000,,-,-,-,-,-,-,-,-,,,,,,
89643,1089048.82,16:00:10:922,Trial019,Eye Tracking (ballon gauche).avi,31,MediumSlateBlue,83.4869,Eye,61,14,5.6747,0,631.6554470742058,349.1855927450277,515.9776202080308,324.09582736748445,corps,-,0.0377,0.5175,-0.8548,0,0,0,0,-,-,-,-,-,-,-,-,,,,,,
89645,1089082.209,16:00:10:956,Trial019,Eye Tracking (ballon gauche).avi,31,MediumSlateBlue,83.4869,Eye,61,14,5.7005,0,638.4057560904935,322.7744810020302,451.56940438907895,351.20292943839974,corps,-,0.0412,0.5182,-0.8543,0,0,0,0,-,-,-,-,-,-,-,-,,,,,,
89647,1089115.598,16:00:10:989,Trial019,Eye Tracking (ballon gauche).avi,31,MediumSlateBlue,83.4869,Eye,61,14,5.731,0,652.1534901392137,348.78048447302655,403.2382030836151,321.29194136414173,-,-,0.0384,0.5247,-0.8504,0,0,0,0,-,-,-,-,-,-,-,-,,,,,,
62902,1089152.078,11:26:32:712,Trial001,Federica Final_WMV_3000Kbps_720p.avi,31,Indigo,88.8617,Eye,34,34,3.6351,3.8662,671.1811489966362,362.63053502982746,491.68915006775023,332.7268511698211,corps,corps,0.0000,0.0000,0.0000,0.0000,0.0000,0.0000,,-,-,-,-,-,-,-,-,,,,,,
62904,1089191.824,11:26:32:752,Trial001,Federica Final_WMV_3000Kbps_720p.avi,31,Indigo,88.8617,Eye,34,34,3.6145,3.9641,678.1623132140382,345.1761480988709,544.66399068556,349.55984543447346,corps,corps,0.0000,0.0000,0.0000,0.0000,0.0000,0.0000,,-,-,-,-,-,-,-,-,,,,,,
62906,1089231.693,11:26:32:792,Trial001,Federica Final_WMV_3000Kbps_720p.avi,31,Indigo,88.8617,Eye,34,34,3.6095,4.0272,682.5123801941362,404.2894178961428,590.460999513229,330.7149463139562,corps,corps,0.0000,0.0000,0.0000,0.0000,0.0000,0.0000,,-,-,-,-,-,-,-,-,,,,,,
89656,1089265.854,16:00:11:139,Trial019,Eye Tracking (ballon gauche).avi,31,MediumSlateBlue,83.4869,Eye,11,14,0,0,576.4402472676526,339.50448912091787,507.40171175697213,325.2568493674816,-,-,0,0,0,0,0,0,0,-,-,-,-,-,-,-,-,,,,,,
89658,1089299.246,16:00:11:173,Trial019,Eye Tracking (ballon gauche).avi,31,MediumSlateBlue,83.4869,Eye,11,14,0,0,496.88522890154735,320.98829215558453,445.10632726853703,263.48647348418797,-,-,0,0,0,0,0,0,0,-,-,-,-,-,-,-,-,,,,,,
89660,1089332.638,16:00:11:206,Trial019,Eye Tracking (ballon gauche).avi,31,MediumSlateBlue,83.4869,Eye,11,14,0,0,437.25993620454506,291.7137426852508,398.42575997978736,320.5659339340712,-,-,0,0,0,0,0,0,0,-,-,-,-,-,-,-,-,,,,,,
62913,1089371.089,11:26:32:931,Trial001,Federica Final_WMV_3000Kbps_720p.avi,31,Indigo,88.8617,Eye,35,35,3.6006,3.8762,502.7463918789084,301.66367996940784,479.53407476199305,322.4896138413097,corps,corps,0.0000,0.0000,0.0000,0.0000,0.0000,0.0000,,-,-,-,-,-,-,-,-,,,,,,
62915,1089410.983,11:26:32:971,Trial001,Federica Final_WMV_3000Kbps_720p.avi,31,Indigo,88.8617,Eye,37,36,3.6488,3.8752,506.1483913613707,372.8082935716993,494.89034942364015,309.27098206958556,corps,corps,0.0000,0.0000,0.0000,0.0000,0.0000,0.0000,,-,-,-,-,-,-,-,-,,,,,,
89667,1089449.51,16:00:11:323,Trial019,Eye Tracking (ballon gauche).avi,31,MediumSlateBlue,83.4869,Eye,11,14,0,0,444.26346615881585,380.55645572999765,435.8199347055179,338.88090682761646,-,-,0,0,0,0,0,0,0,-,-,-,-,-,-,-,-,,,,,,
89669,1089482.902,16:00:11:357,Trial019,Eye Tracking (ballon gauche).avi,31,MediumSlateBlue,83.4869,Eye,11,14,0,0,397.85196907540455,292.1721723565936,391.5193204854311,331.81143518192147,-,-,0,0,0,0,0,0,0,-,-,-,-,-,-,-,-,,,,,,
89671,1089516.294,16:00:11:390,Trial019,Eye Tracking (ballon gauche).avi,31,MediumSlateBlue,83.4869,Eye,11,14,0,0,363.04003485368514,272.72800855395974,358.29054841120507,327.33667536413066,-,-,0,0,0,0,0,0,0,-,-,-,-,-,-,-,-,,,,,,
62922,1089550.446,11:26:33:110,Trial001,Federica Final_WMV_3000Kbps_720p.avi,31,Indigo,88.8617,Eye,36,36,3.6866,4.2860,353.46925368464485,317.108331015076,352.6044195229499,347.284535852962,chien (1),chien (1),0.0000,0.0000,0.0000,0.0000,0.0000,0.0000,,-,-,-,-,-,-,-,-,,,,,,
62924,1089590.194,11:26:33:150,Trial001,Federica Final_WMV_3000Kbps_720p.avi,31,Indigo,88.8617,Eye,36,36,3.6214,4.0439,356.1086974034673,370.8358046111226,345.5385790194933,328.3389546081828,chien (1),chien (1),0.0000,0.0000,0.0000,0.0000,0.0000,0.0000,,-,-,-,-,-,-,-,-,,,,,,
62926,1089630.131,11:26:33:190,Trial001,Federica Final_WMV_3000Kbps_720p.avi,31,Indigo,88.8617,Eye,36,36,3.6705,4.1638,351.35935151307154,308.7605605668061,350.27906106400314,368.57959237589046,chien (1),chien (1),0.0000,0.0000,0.0000,0.0000,0.0000,0.0000,,-,-,-,-,-,-,-,-,,,,,,
89680,1089666.558,16:00:11:540,Trial019,Eye Tracking (ballon gauche).avi,31,MediumSlateBlue,83.4869,Eye,11,14,0,0,328.03021599893873,319.2807569420533,327.21999816213736,329.186088976002,-,-,0,0,0,0,0,0,0,-,-,-,-,-,-,-,-,,,,,,
89682,1089699.95,16:00:11:574,Trial019,Eye Tracking (ballon gauche).avi,31,MediumSlateBlue,83.4869,Eye,11,14,0,0,310.5239547513251,340.5163641080403,309.9162913737241,314.74766958503744,-,-,0,0,0,0,0,0,0,-,-,-,-,-,-,-,-,,,,,,
89684,1089733.342,16:00:11:607,Trial019,Eye Tracking (ballon gauche).avi,31,MediumSlateBlue,83.4869,Eye,11,14,0,0,297.3410391305882,319.3814489938594,296.8852915973874,265.2913505352393,-,-,0,0,0,0,0,0,0,-,-,-,-,-,-,-,-,,,,,,
89686,1089783.432,16:00:11:657,Trial019,Eye Tracking (ballon gauche).avi,31,MediumSlateBlue,83.4869,Eye,11,14,0,0,287.42860751874946,315.4794077966234,287.0867968688489,337.0284419129735,-,-,0,0,0,0,0,0,0,-,-,-,-,-,-,-,-,,,,,,
62936,1089829.212,11:26:33:389,Trial001,Federica Final_WMV_3000Kbps_720p.avi,31,Indigo,88.8617,Eye,36,36,3.7605,4.0901,302.0087653308169,279.58469643176716,308.3252059208599,348.59361787547226,chien (1),chien (1),0.0000,0.0000,0.0000,0.0000,0.0000,0.0000,,-,-,-,-,-,-,-,-,,,,,,
89690,1089866.918,16:00:11:741,Trial019,Eye Tracking (ballon gauche).avi,31,MediumSlateBlue,83.4869,Eye,11,14,0,0,290.90755714786195,357.17071503994634,295.6448875903942,347.92144795111903,-,-,0,0,0,0,0,0,0,-,-,-,-,-,-,-,-,,,,,,
89692,1089900.313,16:00:11:774,Trial019,Eye Tracking (ballon gauche).avi,31,MediumSlateBlue,83.4869,Eye,11,14,0,0,282.5775439189398,307.2486609372095,286.130541750839,337.6749619787404,-,-,0,0,0,0,0,0,0,-,-,-,-,-,-,-,-,,,,,,
89694,1089933.708,16:00:11:807,Trial019,Eye Tracking (ballon gauche).avi,31,MediumSlateBlue,83.4869,Eye,11,14,0,0,276.3451885070721,328.50468975230626,279.0099368809965,364.6966736621244,-,-,0,0,0,0,0,0,0,-,-,-,-,-,-,-,-,,,,,,
62943,1089968.7,11:26:33:529,Trial001,Federica Final_WMV_3000Kbps_720p.avi,31,Indigo,88.8617,Eye,37,37,3.5743,3.9069,288.928976756514,308.74600189608435,305.99953021149776,349.8270574064272,chien (1),chien (1),0.0000,0.0000,0.0000,0.0000,0.0000,0.0000,,-,-,-,-,-,-,-,-,,,,,,
89698,1090017.194,16:00:11:891,Trial019,Eye Tracking (ballon gauche).avi,31,MediumSlateBlue,83.4869,Eye,11,14,0,0,281.1115146649796,324.2375267528917,293.91442975621743,269.5030014408328,-,-,0,0,0,0,0,0,0,-,-,-,-,-,-,-,-,,,,,,
89700,1090050.589,16:00:11:924,Trial019,Eye Tracking (ballon gauche).avi,31,MediumSlateBlue,83.4869,Eye,11,14,0,0,275.25303672325475,233.9861996645741,284.85522304168313,341.89349516225786,-,-,0,0,0,0,0,0,0,-,-,-,-,-,-,-,-,,,,,,
62949,1090088.199,11:26:33:648,Trial001,Federica Final_WMV_3000Kbps_720p.avi,31,Indigo,88.8617,Eye,39,38,3.6267,3.8643,288.99705927588656,341.50606166847695,297.84751956593874,364.4529172465781,chien (1),chien (1),0.0000,0.0000,0.0000,0.0000,0.0000,0.0000,,-,-,-,-,-,-,-,-,,,,,,
89704,1090134.058,16:00:12:008,Trial019,Eye Tracking (ballon gauche).avi,31,MediumSlateBlue,83.4869,Eye,11,14,0,0,281.1038208135366,370.8962431624064,287.7416660310756,379.381246767986,-,-,0,0,0,0,0,0,0,-,-,-,-,-,-,-,-,,,,,,
62953,1090167.806,11:26:33:728,Trial001,Federica Final_WMV_3000Kbps_720p.avi,31,Indigo,88.8617,Eye,38,38,3.5712,3.8575,369.88821552895985,301.8048180205601,378.65040975261786,359.02416660253976,visage1,visage1,0.0000,0.0000,0.0000,0.0000,0.0000,0.0000,,-,-,-,-,-,-,-,-,,,,,,
62955,1090207.551,11:26:33:767,Trial001,Federica Final_WMV_3000Kbps_720p.avi,31,Indigo,88.8617,Eye,38,38,3.5858,3.7723,436.13737384362173,356.11738384108264,443.91340932556557,365.17063684839377,yeux (1),yeux (1),0.0000,0.0000,0.0000,0.0000,0.0000,0.0000,,-,-,-,-,-,-,-,-,,,,,,
62957,1090247.432,11:26:33:807,Trial001,Federica Final_WMV_3000Kbps_720p.avi,31,Indigo,88.8617,Eye,38,38,3.5919,3.7865,484.56588998169485,427.0241198265443,487.34658091338633,369.88525240778097,yeux (1),yeux (1),0.0000,0.0000,0.0000,0.0000,0.0000,0.0000,,-,-,-,-,-,-,-,-,,,,,,
89713,1090284.255,16:00:12:158,Trial019,Eye Tracking (ballon gauche).avi,31,MediumSlateBlue,83.4869,Eye,11,14,0,0,427.8664945855629,360.40788875131835,429.9520127843316,314.280547904227,-,-,0,0,0,0,0,0,0,-,-,-,-,-,-,-,-,,,,,,
89715,1090317.632,16:00:12:191,Trial019,Eye Tracking (ballon gauche).avi,31,MediumSlateBlue,83.4869,Eye,11,14,0,0,385.33076943876966,255.53400167748265,386.89490808784615,349.77217883259726,-,-,0,0,0,0,0,0,0,-,-,-,-,-,-,-,-,,,,,,
89717,1090351.009,16:00:12:225,Trial019,Eye Tracking (ballon gauche).avi,31,MediumSlateBlue,83.4869,Eye,11,14,0,0,353.4102710875526,301.15844347860207,354.58337507436,348.0470763885796,-,-,0,0,0,0,0,0,0,-,-,-,-,-,-,-,-,,,,,,
62964,1090386.694,11:26:33:947,Trial001,Federica Final_WMV_3000Kbps_720p.avi,31,Indigo,88.8617,Eye,39,39,3.6065,3.8534,429.9380320901677,339.1507330118153,422.50841024834125,300.3043925951638,yeux (1),yeux (1),0.0000,0.0000,0.0000,0.0000,0.0000,0.0000,,-,-,-,-,-,-,-,-,,,,,,
62966,1090426.454,11:26:33:986,Trial001,Federica Final_WMV_3000Kbps_720p.avi,31,Indigo,88.8617,Eye,39,39,3.5874,3.9615,470.43584636655095,286.17486660247687,472.18940548304477,369.44398319609905,yeux (1),yeux (1),0.0000,0.0000,0.0000,0.0000,0.0000,0.0000,,-,-,-,-,-,-,-,-,,,,,,
89723,1090467.829,16:00:12:341,Trial019,Eye Tracking (ballon gauche).avi,31,MediumSlateBlue,83.4869,Eye,11,14,0,0,417.19226433843534,346.8848547459937,418.5074336758057,334.0180811452068,-,-,0,0,0,0,0,0,0,-,-,-,-,-,-,-,-,,,,,,
62970,1090505.955,11:26:34:066,Trial001,Federica Final_WMV_3000Kbps_720p.avi,31,Indigo,88.8617,Eye,39,39,3.5559,3.9015,475.50400438864864,315.50317463939905,464.5372106482988,365.59291345562497,yeux (1),yeux (1),0.0000,0.0000,0.0000,0.0000,0.0000,0.0000,,-,-,-,-,-,-,-,-,,,,,,
62972,1090545.809,11:26:34:106,Trial001,Federica Final_WMV_3000Kbps_720p.avi,31,Indigo,88.8617,Eye,40,40,3.6039,3.7519,518.5155085523925,342.5475655694731,510.064776285917,377.03235224808606,yeux (1),yeux (1),0.0000,0.0000,0.0000,0.0000,0.0000,0.0000,,-,-,-,-,-,-,-,-,,,,,,
89730,1090584.649,16:00:12:458,Trial019,Eye Tracking (ballon gauche).avi,31,MediumSlateBlue,83.4869,Eye,11,14,0,0,453.2638439086045,326.8988771807655,446.9257947087479,359.87360956282555,-,-,0,0,0,0,0,0,0,-,-,-,-,-,-,-,-,,,,,,
89732,1090618.026,16:00:12:492,Trial019,Eye Tracking (ballon gauche).avi,31,MediumSlateBlue,83.4869,Eye,11,14,0,0,404.3448288736488,298.98787990834205,399.59129197375637,325.7041075810876,-,-,0,0,0,0,0,0,0,-,-,-,-,-,-,-,-,,,,,,
62978,1090665.077,11:26:34:225,Trial001,Federica Final_WMV_3000Kbps_720p.avi,31,Indigo,88.8617,Eye,41,41,3.5801,3.6993,471.22680782052976,368.25701400516937,468.19215563019884,313.3135969052717,yeux (1),yeux (1),0.0000,0.0000,0.0000,0.0000,0.0000,0.0000,,-,-,-,-,-,-,-,-,,,,,,
89736,1090701.469,16:00:12:575,Trial019,Eye Tracking (ballon gauche).avi,31,MediumSlateBlue,83.4869,Eye,11,14,0,5.1338,417.760753793084,397.22759636677745,515.2665424206527,382.6364352101215,-,-,0,0,0,-0.0323,0.5398,-0.8412,0,-,-,-,-,-,-,-,-,,,,,,
89738,1090734.846,16:00:12:608,Trial019,Eye Tracking (ballon gauche).avi,31,MediumSlateBlue,83.4869,Eye,11,14,0,0,377.6905532951067,354.3543347723419,450.81989476578326,309.74189775542703,-,-,0,0,0,0,0,0,0,-,-,-,-,-,-,-,-,,,,,,
89740,1090768.223,16:00:12:642,Trial019,Eye Tracking (ballon gauche).avi,31,MediumSlateBlue,83.4869,Eye,11,14,0,5.2123,347.6403266202956,299.41681522925177,513.1120806226738,357.6798516464182,-,-,0,0,0,-0.0445,0.5423,-0.839,0,-,-,-,-,-,-,-,-,,,,,,
62985,1090804.298,11:26:34:364,Trial001,Federica Final_WMV_3000Kbps_720p.avi,31,Indigo,88.8617,Eye,41,41,3.7322,3.8603,421.44434763734694,316.5348305703666,539.1739753060021,343.18596327740266,visage1,visage1,0.0000,0.0000,0.0000,0.0000,0.0000,0.0000,,-,-,-,-,-,-,-,-,,,,,,
62987,1090844.167,11:26:34:404,Trial001,Federica Final_WMV_3000Kbps_720p.avi,31,Indigo,88.8617,Eye,41,41,3.7726,3.9175,479.76152384894,264.8950174176387,561.9798487272554,354.511522257323,visage1,visage1,0.0000,0.0000,0.0000,0.0000,0.0000,0.0000,,-,-,-,-,-,-,-,-,,,,,,
62989,1090883.908,11:26:34:444,Trial001,Federica Final_WMV_3000Kbps_720p.avi,31,Indigo,88.8617,Eye,41,41,3.7799,3.8530,520.8458742680166,395.31858783134544,581.5449570936412,393.6463795587615,visage1,visage1,0.0000,0.0000,0.0000,0.0000,0.0000,0.0000,,-,-,-,-,-,-,-,-,,,,,,
89749,1090918.42,16:00:12:792,Trial019,Eye Tracking (ballon gauche).avi,31,MediumSlateBlue,83.4869,Eye,11,14,0,0,454.9857301238005,379.24134277792484,500.51004224301903,330.4034298487904,-,-,0,0,0,0,0,0,0,-,-,-,-,-,-,-,-,,,,,,
89751,1090951.797,16:00:12:825,Trial019,Eye Tracking (ballon gauche).avi,31,MediumSlateBlue,83.4869,Eye,11,14,0,0,405.5750045063156,313.0284531222902,439.71823859572953,280.09076893038684,-,-,0,0,0,0,0,0,0,-,-,-,-,-,-,-,-,,,,,,
89753,1090985.174,16:00:12:859,Trial019,Eye Tracking (ballon gauche).avi,31,MediumSlateBlue,83.4869,Eye,11,14,0,0,368.51596563096945,324.844369067685,394.12339119802994,340.7217428391246,-,-,0,0,0,0,0,0,0,-,-,-,-,-,-,-,-,,,,,,
62996,1091023.17,11:26:34:583,Trial001,Federica Final_WMV_3000Kbps_720p.avi,31,Indigo,88.8617,Eye,42,42,3.8064,3.8940,432.1211952229004,335.2285273113077,450.8523555036213,324.85427963391317,visage1,visage1,0.0000,0.0000,0.0000,0.0000,0.0000,0.0000,,-,-,-,-,-,-,-,-,,,,,,
62998,1091062.955,11:26:34:623,Trial001,Federica Final_WMV_3000Kbps_720p.avi,31,Indigo,88.8617,Eye,42,42,3.8515,4.0624,495.1635946563614,387.44915966046125,501.47983909519075,361.5102804918708,visage1,visage1,0.0000,0.0000,0.0000,0.0000,0.0000,0.0000,,-,-,-,-,-,-,-,-,,,,,,
89760,1091101.994,16:00:12:976,Trial019,Eye Tracking (ballon gauche).avi,31,MediumSlateBlue,83.4869,Eye,11,14,0,0,435.76877929871364,298.2256796719032,440.50596262783563,311.73404743570467,-,-,0,0,0,0,0,0,0,-,-,-,-,-,-,-,-,,,,,,
89762,1091135.371,16:00:13:009,Trial019,Eye Tracking (ballon gauche).avi,31,MediumSlateBlue,83.4869,Eye,11,14,0,0,391.1786478161867,313.39275359064976,394.7315353130282,293.0802761730387,-,-,0,0,0,0,0,0,0,-,-,-,-,-,-,-,-,,,,,,
89764,1091168.748,16:00:13:042,Trial019,Eye Tracking (ballon gauche).avi,31,MediumSlateBlue,83.4869,Eye,11,14,0,5.2884,357.8230893367308,333.27962763193534,478.4491213969556,319.7291117887891,-,-,0,0,0,-0.037,0.5136,-0.8572,0,-,-,-,-,-,-,-,-,,,,,,
63005,1091202.148,11:26:34:762,Trial001,Federica Final_WMV_3000Kbps_720p.avi,31,Indigo,88.8617,Eye,43,43,3.9351,4.0922,423.5819259161311,328.5270706784499,515.831088648068,365.11295829592586,visage1,visage1,0.0000,0.0000,0.0000,0.0000,0.0000,0.0000,,-,-,-,-,-,-,-,-,,,,,,
63007,1091241.906,11:26:34:802,Trial001,Federica Final_WMV_3000Kbps_720p.avi,31,Indigo,88.8617,Eye,43,43,3.9727,3.9529,479.2426654414716,384.8665131018486,543.5035555445322,341.83138806414576,visage1,visage1,0.0000,0.0000,0.0000,0.0000,0.0000,0.0000,,-,-,-,-,-,-,-,-,,,,,,
63009,1091281.654,11:26:34:842,Trial001,Federica Final_WMV_3000Kbps_720p.avi,31,Indigo,88.8617,Eye,43,43,3.9125,3.9698,523.4254200724308,306.16173205483415,568.1717791894588,408.5554851148968,visage1,visage1,0.0000,0.0000,0.0000,0.0000,0.0000,0.0000,,-,-,-,-,-,-,-,-,,,,,,
89773,1091318.945,16:00:13:193,Trial019,Eye Tracking (ballon gauche).avi,31,MediumSlateBlue,83.4869,Eye,11,14,0,0,457.05234129765824,301.2006500494592,490.6121106354292,401.62687373957255,-,-,0,0,0,0,0,0,0,-,-,-,-,-,-,-,-,,,,,,
89775,1091352.322,16:00:13:226,Trial019,Eye Tracking (ballon gauche).avi,31,MediumSlateBlue,83.4869,Eye,11,14,0,0,407.2363357577823,283.57300236462544,432.40616276111047,362.0333685586693,-,-,0,0,0,0,0,0,0,-,-,-,-,-,-,-,-,,,,,,
89777,1091385.699,16:00:13:259,Trial019,Eye Tracking (ballon gauche).avi,31,MediumSlateBlue,83.4869,Eye,11,14,0,5.139,369.9031439346874,330.02320572826267,503.7977607818284,323.73856383090947,-,-,0,0,0,-0.0611,0.5416,-0.8384,0,-,-,-,-,-,-,-,-,,,,,,
63016,1091420.909,11:26:34:981,Trial001,Federica Final_WMV_3000Kbps_720p.avi,31,Indigo,88.8617,Eye,45,44,3.8828,4.2079,355.828030516877,337.026206224134,453.2147055121078,307.7888459577233,-,-,0.0000,0.0000,0.0000,0.0000,0.0000,0.0000,,-,-,-,-,-,-,-,-,,,,,,
63018,1091460.772,11:26:35:021,Trial001,Federica Final_WMV_3000Kbps_720p.avi,31,Indigo,88.8617,Eye,45,44,3.9132,4.2859,336.29874334619166,378.87832997924033,417.81725543008116,312.5330741125541,-,-,0.0000,0.0000,0.0000,0.0000,0.0000,0.0000,,-,-,-,-,-,-,-,-,,,,,,
63020,1091500.532,11:26:35:060,Trial001,Federica Final_WMV_3000Kbps_720p.avi,31,Indigo,88.8617,Eye,45,44,3.9331,4.2037,343.6039570679446,400.92468309434736,400.4949207740495,345.5344100596614,chien (1),chien (1),0.0000,0.0000,0.0000,0.0000,0.0000,0.0000,,-,-,-,-,-,-,-,-,,,,,,
89786,1091535.896,16:00:13:410,Trial019,Eye Tracking (ballon gauche).avi,31,MediumSlateBlue,83.4869,Eye,11,14,0,5.0665,322.24763862313904,393.4801624500511,485.0606862791692,330.2411685444739,-,corps,0,0,0,-0.0353,0.5191,-0.854,0,-,-,-,-,-,-,-,-,,,,,,
89788,1091569.955,16:00:13:444,Trial019,Eye Tracking (ballon gauche).avi,31,MediumSlateBlue,83.4869,Eye,11,14,0,0,306.2311793538837,312.84388580084425,428.3409650959063,374.30606816270745,-,-,0,0,0,0,0,0,0,-,-,-,-,-,-,-,-,,,,,,
89790,1091604.02,16:00:13:478,Trial019,Eye Tracking (ballon gauche).avi,31,MediumSlateBlue,83.4869,Eye,11,14,0,0,294.24917252810206,328.5566100618855,385.831511834619,247.7789818913748,-,-,0,0,0,0,0,0,0,-,-,-,-,-,-,-,-,,,,,,
63027,1091639.776,11:26:35:200,Trial001,Federica Final_WMV_3000Kbps_720p.avi,31,Indigo,88.8617,Eye,45,44,3.8984,3.8030,299.7608899493851,303.6641578291677,383.1515298695033,384.1958207320535,chien (1),chien (1),0.0000,0.0000,0.0000,0.0000,0.0000,0.0000,,-,-,-,-,-,-,-,-,,,,,,
63029,1091679.649,11:26:35:239,Trial001,Federica Final_WMV_3000Kbps_720p.avi,31,Indigo,88.8617,Eye,45,44,3.9086,4.1854,296.87977358165057,334.2906409017329,360.62758367540056,368.5362473942292,chien (1),chien (1),0.0000,0.0000,0.0000,0.0000,0.0000,0.0000,,-,-,-,-,-,-,-,-,,,,,,
63031,1091719.397,11:26:35:279,Trial001,Federica Final_WMV_3000Kbps_720p.avi,31,Indigo,88.8617,Eye,45,44,3.9105,4.2660,299.3252662377071,386.4989891752313,356.82995720642543,405.1230065817245,chien (1),chien (1),0.0000,0.0000,0.0000,0.0000,0.0000,0.0000,,-,-,-,-,-,-,-,-,,,,,,
89799,1091757.334,16:00:13:631,Trial019,Eye Tracking (ballon gauche).avi,31,MediumSlateBlue,83.4869,Eye,62,15,5.8475,0,403.7810975079266,327.71263901338887,332.21425419603213,292.8389702372643,-,-,0.0069,0.5536,-0.8328,0,0,0,0,-,-,-,-,-,-,-,-,,,,,,
89801,1091791.403,16:00:13:665,Trial019,Eye Tracking (ballon gauche).avi,31,MediumSlateBlue,83.4869,Eye,62,15,5.8111,0,485.9118834496802,282.045189156356,313.74976823053186,381.07955978741427,-,-,0.0141,0.5519,-0.8338,0,0,0,0,-,-,-,-,-,-,-,-,,,,,,
89803,1091825.473,16:00:13:699,Trial019,Eye Tracking (ballon gauche).avi,31,MediumSlateBlue,83.4869,Eye,62,15,5.7778,0,540.8310388682468,296.578875033407,299.96197279363247,327.44539743394773,-,-,0.0075,0.5515,-0.8341,0,0,0,0,-,-,-,-,-,-,-,-,,,,,,
89805,1091859.543,16:00:13:733,Trial019,Eye Tracking (ballon gauche).avi,31,MediumSlateBlue,83.4869,Eye,62,15,5.7428,0,585.6372269596175,357.7497118687652,289.5907941562119,346.5895592249934,-,-,-0.0025,0.547,-0.8371,0,0,0,0,-,-,-,-,-,-,-,-,,,,,,
63040,1091898.525,11:26:35:458,Trial001,Federica Final_WMV_3000Kbps_720p.avi,31,Indigo,88.8617,Eye,44,44,3.7574,3.4417,626.5799208643939,310.95735076790794,404.7651896439986,300.7629966536771,corps,corps,0.0000,0.0000,0.0000,0.0000,0.0000,0.0000,,-,-,-,-,-,-,-,-,,,,,,
63042,1091938.276,11:26:35:498,Trial001,Federica Final_WMV_3000Kbps_720p.avi,31,Indigo,88.8617,Eye,44,44,3.7668,3.2911,656.0701898731952,404.98447954231096,484.8762518081486,315.16928123814614,corps,corps,0.0000,0.0000,0.0000,0.0000,0.0000,0.0000,,-,-,-,-,-,-,-,-,,,,,,
63044,1091978.152,11:26:35:538,Trial001,Federica Final_WMV_3000Kbps_720p.avi,31,Indigo,88.8617,Eye,46,45,3.8071,3.0832,679.8363023798687,440.11156826058345,544.9943439167737,376.21647863983435,corps,corps,0.0000,0.0000,0.0000,0.0000,0.0000,0.0000,,-,-,-,-,-,-,-,-,,,,,,
89814,1092012.857,16:00:13:886,Trial019,Eye Tracking (ballon gauche).avi,31,MediumSlateBlue,83.4869,Eye,63,15,5.663,0,684.0353758891599,393.5782370892737,473.47292665817486,384.09232284713795,-,-,-0.0127,0.5356,-0.8444,0,0,0,0,-,-,-,-,-,-,-,-,,,,,,
89816,1092046.927,16:00:13:921,Trial019,Eye Tracking (ballon gauche).avi,31,MediumSlateBlue,83.4869,Eye,63,15,5.6573,0,680.9007236480334,396.2418016245787,419.8001993707254,293.7590084278466,-,-,-0.0184,0.5325,-0.8463,0,0,0,0,-,-,-,-,-,-,-,-,,,,,,
89818,1092080.997,16:00:13:955,Trial019,Eye Tracking (ballon gauche).avi,31,MediumSlateBlue,83.4869,Eye,63,15,5.654,0,683.4139159122415,359.8561248835835,379.5839829074294,334.8852827696203,corps,-,-0.0187,0.5306,-0.8474,0,0,0,0,-,-,-,-,-,-,-,-,,,,,,
63051,1092117.382,11:26:35:677,Trial001,Federica Final_WMV_3000Kbps_720p.avi,31,Indigo,88.8617,Eye,46,45,3.6231,3.6023,689.6024295757388,348.12521333127864,460.4792149107569,283.0597404281166,corps,corps,0.0000,0.0000,0.0000,0.0000,0.0000,0.0000,,-,-,-,-,-,-,-,-,,,,,,
63053,1092157.255,11:26:35:717,Trial001,Federica Final_WMV_3000Kbps_720p.avi,31,Indigo,88.8617,Eye,45,45,3.6951,3.5846,691.3962455378758,376.82871260337726,517.7828031880354,354.5988673696074,corps,corps,0.0000,0.0000,0.0000,0.0000,0.0000,0.0000,,-,-,-,-,-,-,-,-,,,,,,
63055,1092197.019,11:26:35:757,Trial001,Federica Final_WMV_3000Kbps_720p.avi,31,Indigo,88.8617,Eye,45,45,3.7548,3.5726,692.752498106643,401.6274501861852,550.0075971788302,333.2948291408628,visage1,visage1,0.0000,0.0000,0.0000,0.0000,0.0000,0.0000,,-,-,-,-,-,-,-,-,,,,,,
89827,1092234.31,16:00:14:108,Trial019,Eye Tracking (ballon gauche).avi,31,MediumSlateBlue,83.4869,Eye,63,15,5.6088,0,693.0233554142995,344.3710818891435,477.2401018341509,317.03914579989316,corps,-,-0.0374,0.5228,-0.8516,0,0,0,0,-,-,-,-,-,-,-,-,,,,,,
89829,1092268.38,16:00:14:142,Trial019,Eye Tracking (ballon gauche).avi,31,MediumSlateBlue,83.4869,Eye,63,15,5.5953,0,690.1328504048194,336.2910614220991,422.7024128909695,300.98586148473373,corps,-,-0.0393,0.5226,-0.8517,0,0,0,0,-,-,-,-,-,-,-,-,,,,,,
89831,1092302.45,16:00:14:176,Trial019,Eye Tracking (ballon gauche).avi,31,MediumSlateBlue,83.4869,Eye,57,15,5.5865,0,691.4012819231376,380.39250078615646,381.77249081617543,338.37397738605324,corps,-,-0.0455,0.5359,-0.843,0,0,0,0,-,-,-,-,-,-,-,-,,,,,,
89833,1092336.52,16:00:14:210,Trial019,Eye Tracking (ballon gauche).avi,31,MediumSlateBlue,83.4869,Eye,64,15,5.569,0,687.7962832727375,297.7813011104446,351.1100487914007,259.0887757379162,corps,-,-0.0499,0.5361,-0.8427,0,0,0,0,-,-,-,-,-,-,-,-,,,,,,
63064,1092376.143,11:26:35:936,Trial001,Federica Final_WMV_3000Kbps_720p.avi,31,Indigo,88.8617,Eye,47,46,3.8109,4.0094,697.9945425215462,364.59150256897794,432.4924426927621,268.4232346259971,corps,corps,0.0000,0.0000,0.0000,0.0000,0.0000,0.0000,,-,-,-,-,-,-,-,-,,,,,,
63066,1092415.894,11:26:35:976,Trial001,Federica Final_WMV_3000Kbps_720p.avi,31,Indigo,88.8617,Eye,46,46,3.7948,4.1201,685.8703028275911,399.720887597852,490.24668064100985,369.12229052996537,pointage chien (1),pointage chien (1),0.0000,0.0000,0.0000,0.0000,0.0000,0.0000,,-,-,-,-,-,-,-,-,,,,,,
89840,1092454.487,16:00:14:328,Trial019,Eye Tracking (ballon gauche).avi,31,MediumSlateBlue,83.4869,Eye,64,15,5.5108,0,689.8395755058257,326.008180085495,432.49273507951114,342.8516525561095,corps,-,-0.0586,0.5327,-0.8443,0,0,0,0,-,-,-,-,-,-,-,-,,,,,,
89842,1092487.913,16:00:14:362,Trial019,Eye Tracking (ballon gauche).avi,31,MediumSlateBlue,83.4869,Eye,64,15,5.4977,0,688.2414697635598,441.87871482323357,389.1955819279736,349.3304071135481,corps,-,-0.0477,0.5241,-0.8503,0,0,0,0,-,-,-,-,-,-,-,-,,,,,,
89844,1092521.339,16:00:14:395,Trial019,Eye Tracking (ballon gauche).avi,31,MediumSlateBlue,83.4869,Eye,64,15,5.4883,0,688.8774976753596,327.91769844050697,356.6811687323851,282.905562933529,corps,-,-0.0623,0.5368,-0.8414,0,0,0,0,-,-,-,-,-,-,-,-,,,,,,
63073,1092555.262,11:26:36:115,Trial001,Federica Final_WMV_3000Kbps_720p.avi,31,Indigo,88.8617,Eye,48,47,3.8342,4.3913,673.1112018794922,432.57014812812855,433.1318908750227,431.84620744435176,pointage chien (1),pointage chien (1),0.0000,0.0000,0.0000,0.0000,0.0000,0.0000,,-,-,-,-,-,-,-,-,,,,,,
63075,1092595.007,11:26:36:155,Trial001,Federica Final_WMV_3000Kbps_720p.avi,31,Indigo,88.8617,Eye,48,47,3.8709,4.2497,679.9463933111674,440.3991759319768,502.53146139782956,410.40895351390196,corps,corps,0.0000,0.0000,0.0000,0.0000,0.0000,0.0000,,-,-,-,-,-,-,-,-,,,,,,
63077,1092634.761,11:26:36:195,Trial001,Federica Final_WMV_3000Kbps_720p.avi,31,Indigo,88.8617,Eye,48,47,3.7147,4.3275,669.8954867989347,449.3520403721848,532.9200826731021,411.9312159570015,pointage chien (1),pointage chien (1),0.0000,0.0000,0.0000,0.0000,0.0000,0.0000,,-,-,-,-,-,-,-,-,,,,,,
89853,1092671.757,16:00:14:545,Trial019,Eye Tracking (ballon gauche).avi,31,MediumSlateBlue,83.4869,Eye,64,15,5.4373,0,669.3337167365347,341.8845478624623,464.3637122336518,379.8204499228043,corps,-,-0.0699,0.5326,-0.8435,0,0,0,0,-,-,-,-,-,-,-,-,,,,,,
89855,1092705.183,16:00:14:579,Trial019,Eye Tracking (ballon gauche).avi,31,MediumSlateBlue,83.4869,Eye,64,62,5.4441,0,670.5383566421658,481.8820792352828,413.0145647055598,327.87592562564794,corps,-,-0.0634,0.5079,-0.8591,0,0,0,0,-,-,-,-,-,-,-,-,,,,,,
89857,1092738.61,16:00:14:612,Trial019,Eye Tracking (ballon gauche).avi,31,MediumSlateBlue,83.4869,Eye,64,62,5.4443,4.9265,670.5176542472449,400.8750330283294,495.5928458945284,347.1056686911864,corps,corps,-0.0634,0.5144,-0.8552,-0.0695,0.4615,-0.8844,0,-,-,-,-,-,-,-,-,,,,,,
63084,1092774.209,11:26:36:334,Trial001,Federica Final_WMV_3000Kbps_720p.avi,31,Indigo,88.8617,Eye,48,47,3.7110,4.0205,708.7864374565831,309.13349861592343,583.4203554421917,398.0566951826122,corps,corps,0.0000,0.0000,0.0000,0.0000,0.0000,0.0000,,-,-,-,-,-,-,-,-,,,,,,
63086,1092813.925,11:26:36:374,Trial001,Federica Final_WMV_3000Kbps_720p.avi,31,Indigo,88.8617,Eye,47,47,3.7689,3.8069,700.3740622936887,412.7792613038712,615.2671966493131,429.0560178951079,pointage chien (1),pointage chien (1),0.0000,0.0000,0.0000,0.0000,0.0000,0.0000,,-,-,-,-,-,-,-,-,,,,,,
63088,1092853.768,11:26:36:414,Trial001,Federica Final_WMV_3000Kbps_720p.avi,31,Indigo,88.8617,Eye,47,47,3.6700,3.5512,701.0764774988326,502.93937432746645,641.1051101313856,501.430038446773,pointage chien (1),pointage chien (1),0.0000,0.0000,0.0000,0.0000,0.0000,0.0000,,-,-,-,-,-,-,-,-,,,,,,
89866,1092889.027,16:00:14:763,Trial019,Eye Tracking (ballon gauche).avi,31,MediumSlateBlue,83.4869,Eye,64,16,5.4692,0,704.1429123112857,417.75423184889223,545.5837763827699,393.60931308484857,corps,-,-0.067,0.5256,-0.8481,0,0,0,0,-,-,-,-,-,-,-,-,,,,,,
89868,1092922.454,16:00:14:796,Trial019,Eye Tracking (ballon gauche).avi,31,MediumSlateBlue,83.4869,Eye,64,16,5.4728,0,705.5834679022504,505.03058395898694,473.9380399141168,354.3751104949969,corps,-,-0.075,0.513,-0.8551,0,0,0,0,-,-,-,-,-,-,-,-,,,,,,
89870,1092955.88,16:00:14:829,Trial019,Eye Tracking (ballon gauche).avi,31,MediumSlateBlue,83.4869,Eye,64,16,5.4794,0,699.8796158310231,427.0486137838908,420.2290578502967,361.02128539170434,corps,-,-0.1029,0.5231,-0.846,0,0,0,0,-,-,-,-,-,-,-,-,,,,,,
63095,1092993.01,11:26:36:553,Trial001,Federica Final_WMV_3000Kbps_720p.avi,31,Indigo,88.8617,Eye,49,48,3.5482,3.5392,680.6962618407905,413.0301316402022,469.77039518572167,329.14689013093033,yeux (1),yeux (1),0.0000,0.0000,0.0000,0.0000,0.0000,0.0000,,-,-,-,-,-,-,-,-,,,,,,
63097,1093032.758,11:26:36:593,Trial001,Federica Final_WMV_3000Kbps_720p.avi,31,Indigo,88.8617,Eye,48,48,3.5060,3.5256,666.2376389207008,402.0210665599864,507.44397971037245,325.2908227644996,yeux (1),yeux (1),0.0000,0.0000,0.0000,0.0000,0.0000,0.0000,,-,-,-,-,-,-,-,-,,,,,,
63099,1093072.626,11:26:36:632,Trial001,Federica Final_WMV_3000Kbps_720p.avi,31,Indigo,88.8617,Eye,48,48,3.5200,3.6054,657.4745655028715,335.2358029260544,534.803764353592,389.5668593879303,yeux (1),yeux (1),0.0000,0.0000,0.0000,0.0000,0.0000,0.0000,,-,-,-,-,-,-,-,-,,,,,,
89879,1093106.298,16:00:14:980,Trial019,Eye Tracking (ballon gauche).avi,31,MediumSlateBlue,83.4869,Eye,65,63,5.5449,5.0367,661.9607528986078,311.966448428239,588.9869048097755,323.8565446184224,corps,corps,-0.0629,0.5329,-0.8438,-0.0739,0.4902,-0.8685,0,-,-,-,-,-,-,-,-,,,,,,
89881,1093139.724,16:00:15:013,Trial019,Eye Tracking (ballon gauche).avi,31,MediumSlateBlue,83.4869,Eye,65,63,5.5489,5.0514,669.0416071941665,334.24610793905697,622.1555566014713,370.32067063487625,corps,corps,-0.1036,0.5337,-0.8393,-0.069,0.489,-0.8695,0,-,-,-,-,-,-,-,-,,,,,,
89883,1093173.15,16:00:15:047,Trial019,Eye Tracking (ballon gauche).avi,31,MediumSlateBlue,83.4869,Eye,-,63,0,5.0699,566.6218771350455,358.93222927794005,652.8187996842403,343.83793367142874,-,corps,0,0,0,-0.0688,0.4936,-0.8669,0,-,-,-,-,-,-,-,-,,,,,,
63106,1093211.903,11:26:36:772,Trial001,Federica Final_WMV_3000Kbps_720p.avi,31,Indigo,88.8617,Eye,49,49,3.3566,3.5931,569.1341401020053,368.6312450187049,630.9141636977279,342.9632454788862,visage1,visage1,0.0000,0.0000,0.0000,0.0000,0.0000,0.0000,,-,-,-,-,-,-,-,-,,,,,,
63108,1093251.798,11:26:36:812,Trial001,Federica Final_WMV_3000Kbps_720p.avi,31,Indigo,88.8617,Eye,49,49,3.3247,3.5409,581.2403366146852,338.3444730272713,625.3984816156185,342.38686192703966,yeux (1),yeux (1),0.0000,0.0000,0.0000,0.0000,0.0000,0.0000,,-,-,-,-,-,-,-,-,,,,,,
89890,1093290.077,16:00:15:164,Trial019,Eye Tracking (ballon gauche).avi,31,MediumSlateBlue,83.4869,Eye,66,17,0,0,500.7026046680912,339.45800734943384,533.8212134187911,407.31623701820104,-,-,0,0,0,0,0,0,0,-,-,-,-,-,-,-,-,,,,,,
89892,1093323.46,16:00:15:197,Trial019,Eye Tracking (ballon gauche).avi,31,MediumSlateBlue,83.4869,Eye,66,17,5.5733,0,549.6560398856082,407.96217809283576,465.1408414517863,358.4845774723947,-,-,-0.0588,0.5454,-0.8361,0,0,0,0,-,-,-,-,-,-,-,-,,,,,,
89894,1093356.828,16:00:15:230,Trial019,Eye Tracking (ballon gauche).avi,31,MediumSlateBlue,83.4869,Eye,66,17,0,0,477.0441813812323,330.0878262391583,413.657782555866,312.72983004674967,-,-,0,0,0,0,0,0,0,-,-,-,-,-,-,-,-,,,,,,
63115,1093390.998,11:26:36:951,Trial001,Federica Final_WMV_3000Kbps_720p.avi,31,Indigo,88.8617,Eye,49,49,3.2761,3.5932,498.8769281084922,320.4867434868149,463.7542833037363,269.8597667475756,yeux (1),yeux (1),0.0000,0.0000,0.0000,0.0000,0.0000,0.0000,,-,-,-,-,-,-,-,-,,,,,,
63117,1093430.748,11:26:36:991,Trial001,Federica Final_WMV_3000Kbps_720p.avi,31,Indigo,88.8617,Eye,49,49,3.4516,3.5960,511.4678305422284,354.09277629803984,497.0967292348695,332.3752926778965,yeux (1),yeux (1),0.0000,0.0000,0.0000,0.0000,0.0000,0.0000,,-,-,-,-,-,-,-,-,,,,,,
63119,1093470.63,11:26:37:030,Trial001,Federica Final_WMV_3000Kbps_720p.avi,31,Indigo,88.8617,Eye,49,49,3.4268,3.3536,537.232913471354,311.43100483695184,522.3399867909739,361.67065056647743,yeux (1),yeux (1),0.0000,0.0000,0.0000,0.0000,0.0000,0.0000,,-,-,-,-,-,-,-,-,,,,,,
89903,1093506.918,16:00:15:381,Trial019,Eye Tracking (ballon gauche).avi,31,MediumSlateBlue,83.4869,Eye,66,17,5.6158,0,576.9913178255082,355.9233612338773,456.6187515431147,307.2665193024609,-,-,-0.0106,0.5653,-0.8248,0,0,0,0,-,-,-,-,-,-,-,-,,,,,,
89905,1093540.272,16:00:15:414,Trial019,Eye Tracking (ballon gauche).avi,31,MediumSlateBlue,83.4869,Eye,12,17,0,0,497.6226070454195,333.8636686191081,407.34318233362444,342.84389879296066,-,-,0,0,0,0,0,0,0,-,-,-,-,-,-,-,-,,,,,,
89907,1093573.625,16:00:15:447,Trial019,Eye Tracking (ballon gauche).avi,31,MediumSlateBlue,83.4869,Eye,12,17,0,0,438.0908857585842,293.3602513833723,370.38131722473787,338.0200386617165,-,-,0,0,0,0,0,0,0,-,-,-,-,-,-,-,-,,,,,,
63126,1093609.877,11:26:37:170,Trial001,Federica Final_WMV_3000Kbps_720p.avi,31,Indigo,88.8617,Eye,51,50,3.5405,3.6824,490.8071137804002,277.6229142220727,442.82829368308387,312.3222136796712,yeux (1),yeux (1),0.0000,0.0000,0.0000,0.0000,0.0000,0.0000,,-,-,-,-,-,-,-,-,,,,,,
63128,1093649.746,11:26:37:210,Trial001,Federica Final_WMV_3000Kbps_720p.avi,31,Indigo,88.8617,Eye,51,50,3.5713,3.8715,535.9845208352482,325.50357213059715,498.4444979360168,277.57845986942914,corps,corps,0.0000,0.0000,0.0000,0.0000,0.0000,0.0000,,-,-,-,-,-,-,-,-,,,,,,
63130,1093689.555,11:26:37:249,Trial001,Federica Final_WMV_3000Kbps_720p.avi,31,Indigo,88.8617,Eye,51,50,3.6366,3.5976,547.7778236046046,343.42925423798494,519.9239120065117,373.72080910724213,visage1,visage1,0.0000,0.0000,0.0000,0.0000,0.0000,0.0000,,-,-,-,-,-,-,-,-,,,,,,
89916,1093723.715,16:00:15:597,Trial019,Eye Tracking (ballon gauche).avi,31,MediumSlateBlue,83.4869,Eye,67,17,5.6452,0,589.6816863897424,287.2612328378368,454.7585779089286,348.06673826085904,-,-,0.038,0.5503,-0.8341,0,0,0,0,-,-,-,-,-,-,-,-,,,,,,
89918,1093757.069,16:00:15:631,Trial019,Eye Tracking (ballon gauche).avi,31,MediumSlateBlue,83.4869,Eye,67,17,5.676,0,614.2622725197998,318.3132135040583,405.9072625237389,295.19472779902264,-,-,0.0265,0.5252,-0.8506,0,0,0,0,-,-,-,-,-,-,-,-,,,,,,
89920,1093790.422,16:00:15:664,Trial019,Eye Tracking (ballon gauche).avi,31,MediumSlateBlue,83.4869,Eye,67,17,5.6837,0,635.2610320819615,323.2406555229297,369.2833936811652,292.90392931569124,-,-,0.05,0.57,-0.8201,0,0,0,0,-,-,-,-,-,-,-,-,,,,,,
63137,1093828.739,11:26:37:389,Trial001,Federica Final_WMV_3000Kbps_720p.avi,31,Indigo,88.8617,Eye,52,51,3.6376,3.5574,612.3095347965631,367.104036712736,405.2659773802085,326.80295643989643,corps,corps,0.0000,0.0000,0.0000,0.0000,0.0000,0.0000,,-,-,-,-,-,-,-,-,,,,,,
63139,1093868.623,11:26:37:428,Trial001,Federica Final_WMV_3000Kbps_720p.avi,31,Indigo,88.8617,Eye,52,51,3.5883,3.6014,532.2499869111163,366.5331388588529,378.5762518961135,343.90530217043886,chien (1),chien (1),0.0000,0.0000,0.0000,0.0000,0.0000,0.0000,,-,-,-,-,-,-,-,-,,,,,,
89927,1093907.159,16:00:15:781,Trial019,Eye Tracking (ballon gauche).avi,31,MediumSlateBlue,83.4869,Eye,13,17,0,0,464.00201183724147,343.8468221748761,348.7467105759894,372.19424498660516,-,-,0,0,0,0,0,0,0,-,-,-,-,-,-,-,-,,,,,,
89929,1093940.513,16:00:15:814,Trial019,Eye Tracking (ballon gauche).avi,31,MediumSlateBlue,83.4869,Eye,13,17,0,0,412.8064918228862,317.0455952040239,326.3650158769471,320.23983623332305,-,-,0,0,0,0,0,0,0,-,-,-,-,-,-,-,-,,,,,,
89931,1093973.866,16:00:15:847,Trial019,Eye Tracking (ballon gauche).avi,31,MediumSlateBlue,83.4869,Eye,13,17,0,0,374.34159191900176,354.8324330494495,309.5104849595474,298.52010118340974,-,-,0,0,0,0,0,0,0,-,-,-,-,-,-,-,-,,,,,,
63146,1094007.867,11:26:37:568,Trial001,Federica Final_WMV_3000Kbps_720p.avi,31,Indigo,88.8617,Eye,51,51,3.7025,3.5260,369.48227218511886,343.574192394132,310.5124282238944,383.0544274404809,chien (1),chien (1),0.0000,0.0000,0.0000,0.0000,0.0000,0.0000,,-,-,-,-,-,-,-,-,,,,,,
63148,1094047.755,11:26:37:608,Trial001,Federica Final_WMV_3000Kbps_720p.avi,31,Indigo,88.8617,Eye,51,51,3.6242,3.5717,358.78246822815817,304.32101200138163,306.3090167228071,325.0580001799269,chien (1),chien (1),0.0000,0.0000,0.0000,0.0000,0.0000,0.0000,,-,-,-,-,-,-,-,-,,,,,,
63150,1094087.496,11:26:37:647,Trial001,Federica Final_WMV_3000Kbps_720p.avi,31,Indigo,88.8617,Eye,51,51,3.7321,3.5748,342.9055560097629,383.9685922683899,307.03415897175773,280.6505662070314,chien (1),chien (1),0.0000,0.0000,0.0000,0.0000,0.0000,0.0000,,-,-,-,-,-,-,-,-,,,,,,
89940,1094123.987,16:00:15:998,Trial019,Eye Tracking (ballon gauche).avi,31,MediumSlateBlue,83.4869,Eye,13,17,0,0,321.90482804543154,347.1559354576097,295.00128026692767,304.44132820217663,-,-,0,0,0,0,0,0,0,-,-,-,-,-,-,-,-,,,,,,
89942,1094157.37,16:00:16:031,Trial019,Eye Tracking (ballon gauche).avi,31,MediumSlateBlue,83.4869,Eye,13,17,0,0,306.1422511238083,347.02588532264383,285.9645902899304,325.04219236418743,-,-,0,0,0,0,0,0,0,-,-,-,-,-,-,-,-,,,,,,
89944,1094190.754,16:00:16:064,Trial019,Eye Tracking (ballon gauche).avi,31,MediumSlateBlue,83.4869,Eye,13,17,0,0,294.33714237952756,371.0200356334667,279.20389675411906,355.2296028919224,-,-,0,0,0,0,0,0,0,-,-,-,-,-,-,-,-,,,,,,
63157,1094226.76,11:26:37:787,Trial001,Federica Final_WMV_3000Kbps_720p.avi,31,Indigo,88.8617,Eye,52,52,3.7999,3.8233,374.93816390985097,356.06829096405613,368.20133711486653,361.3820528853796,visage1,visage1,0.0000,0.0000,0.0000,0.0000,0.0000,0.0000,,-,-,-,-,-,-,-,-,,,,,,
63159,1094266.632,11:26:37:826,Trial001,Federica Final_WMV_3000Kbps_720p.avi,31,Indigo,88.8617,Eye,52,52,3.7157,3.7566,442.95988475911145,400.81760056598927,437.5192518482066,413.43467935373803,visage1,visage1,0.0000,0.0000,0.0000,0.0000,0.0000,0.0000,,-,-,-,-,-,-,-,-,,,,,,
63161,1094306.377,11:26:37:866,Trial001,Federica Final_WMV_3000Kbps_720p.avi,31,Indigo,88.8617,Eye,52,52,3.7896,3.6896,492.34393186674305,313.71705025041905,487.9371714900378,394.75411514697015,visage1,visage1,0.0000,0.0000,0.0000,0.0000,0.0000,0.0000,,-,-,-,-,-,-,-,-,,,,,,
63163,1094346.261,11:26:37:906,Trial001,Federica Final_WMV_3000Kbps_720p.avi,31,Indigo,88.8617,Eye,52,52,3.7767,3.7236,524.3621254200668,402.15048807364883,517.3723144344126,383.7473101441529,visage1,visage1,0.0000,0.0000,0.0000,0.0000,0.0000,0.0000,,-,-,-,-,-,-,-,-,,,,,,
63165,1094386.057,11:26:37:946,Trial001,Federica Final_WMV_3000Kbps_720p.avi,31,Indigo,88.8617,Eye,52,52,3.6828,3.8099,557.1844475646903,360.2213007381446,544.261682384194,384.01645410404507,visage1,visage1,0.0000,0.0000,0.0000,0.0000,0.0000,0.0000,,-,-,-,-,-,-,-,-,,,,,,
89957,1094424.567,16:00:16:298,Trial019,Eye Tracking (ballon gauche).avi,31,MediumSlateBlue,83.4869,Eye,13,17,0,0,482.6554350042321,409.0903891307171,472.9633611188599,403.1279467552708,-,-,0,0,0,0,0,0,0,-,-,-,-,-,-,-,-,,,,,,
89959,1094457.954,16:00:16:332,Trial019,Eye Tracking (ballon gauche).avi,31,MediumSlateBlue,83.4869,Eye,13,17,0,0,426.7351509587893,357.62305373421844,419.4660955447602,284.249423968824,-,-,0,0,0,0,0,0,0,-,-,-,-,-,-,-,-,,,,,,
89961,1094491.341,16:00:16:365,Trial019,Eye Tracking (ballon gauche).avi,31,MediumSlateBlue,83.4869,Eye,13,17,0,0,384.7735839649655,284.0459634357149,379.32179240444367,349.00572696901486,-,-,0,0,0,0,0,0,0,-,-,-,-,-,-,-,-,,,,,,
63172,1094525.238,11:26:38:085,Trial001,Federica Final_WMV_3000Kbps_720p.avi,31,Indigo,88.8617,Eye,52,52,3.6802,3.6967,445.4539976293544,355.48195809862466,444.4259654324063,355.5185280526573,visage1,visage1,0.0000,0.0000,0.0000,0.0000,0.0000,0.0000,,-,-,-,-,-,-,-,-,,,,,,
63174,1094565.105,11:26:38:125,Trial001,Federica Final_WMV_3000Kbps_720p.avi,31,Indigo,88.8617,Eye,52,52,3.7154,3.7334,483.2122342456213,334.3755160458738,494.4992243822966,355.8396826103631,visage1,visage1,0.0000,0.0000,0.0000,0.0000,0.0000,0.0000,,-,-,-,-,-,-,-,-,,,,,,
63176,1094604.849,11:26:38:165,Trial001,Federica Final_WMV_3000Kbps_720p.avi,31,Indigo,0.0,Eye,52,52,3.7081,3.8339,511.5309117078215,358.18188803386283,532.0541685947142,355.2274971865182,visage1,visage1,0.0000,0.0000,0.0000,0.0000,0.0000,0.0000,,-,-,-,-,-,-,-,-,,,,,,
89970,1094641.583,16:00:16:515,Trial019,Eye Tracking (ballon gauche).avi,31,MediumSlateBlue,0.0,Eye,68,64,5.5777,4.8531,532.7699198044716,398.70977224880767,560.2203767540274,366.8519229166667,corps,corps,0.0557,0.4548,-0.8889,0.0174,0.3892,-0.921,0,-,-,-,-,-,-,-,-,,,,,,
89972,1094674.97,16:00:16:549,Trial019,Eye Tracking (ballon gauche).avi,31,MediumSlateBlue,0.0,Eye,68,64,5.5217,4.7649,548.6991758769591,376.01113791574085,581.3450328735124,374.9177082496821,corps,corps,0.0477,0.4599,-0.8867,0.0033,0.4207,-0.9072,0,-,-,-,-,-,-,-,-,,,,,,
89974,1094708.357,16:00:16:582,Trial019,Eye Tracking (ballon gauche).avi,31,MediumSlateBlue,0.0,Eye,68,64,5.4355,4.6323,,,,,corps,corps,0.0443,0.4563,-0.8887,0.0011,0.425,-0.9052,0,-,-,-,-,-,-,-,-,,,,,,
63183,1094744.289,11:26:38:304,Trial001,Federica Final_WMV_3000Kbps_720p.avi,31,Indigo,0.0,Eye,53,53,3.7898,3.9136,,,,,corps,corps,0.0000,0.0000,0.0000,0.0000,0.0000,0.0000,,-,-,-,-,-,-,-,-,,,,,,
63185,1094784.019,11:26:38:344,Trial001,Federica Final_WMV_3000Kbps_720p.avi,31,Indigo,0.0,Eye,53,53,3.7999,3.9216,,,,,corps,corps,0.0000,0.0000,0.0000,0.0000,0.0000,0.0000,,-,-,-,-,-,-,-,-,,,,,,
63187,1094823.724,11:26:38:384,Trial001,Federica Final_WMV_3000Kbps_720p.avi,31,Indigo,0.0,Eye,55,54,3.7589,3.9152,,,,,corps,corps,0.0000,0.0000,0.0000,0.0000,0.0000,0.0000,,-,-,-,-,-,-,-,-,,,,,,
89983,1094858.599,16:00:16:732,Trial019,Eye Tracking (ballon gauche).avi,31,MediumSlateBlue,0.0,Eye,69,64,5.292,4.4572,,,,,corps,corps,0.0378,0.434,-0.9001,-0.011,0.4271,-0.9041,0,-,-,-,-,-,-,-,-,,,,,,
89985,1094891.986,16:00:16:766,Trial019,Eye Tracking (ballon gauche).avi,31,MediumSlateBlue,83.4869,Eye,69,64,5.2796,4.4462,605.9857229595927,366.7797714106814,603.3146172743479,437.29938805717546,corps,corps,0.0362,0.4373,-0.8986,-0.0169,0.426,-0.9046,0,-,-,-,-,-,-,-,-,,,,,,
89987,1094925.373,16:00:16:799,Trial019,Eye Tracking (ballon gauche).avi,31,MediumSlateBlue,83.4869,Eye,69,64,0,0,519.0102266906547,324.1343137413003,517.006897426721,369.7401974737957,-,-,0,0,0,0,0,0,0,-,-,-,-,-,-,-,-,,,,,,
63194,1094962.969,11:26:38:523,Trial001,Federica Final_WMV_3000Kbps_720p.avi,31,Indigo,88.8617,Eye,54,54,3.8679,3.8379,463.75235758181714,355.8653502682494,475.19324130724215,414.7507790854315,chien (1),chien (1),0.0000,0.0000,0.0000,0.0000,0.0000,0.0000,,-,-,-,-,-,-,-,-,,,,,,
63196,1095002.84,11:26:38:563,Trial001,Federica Final_WMV_3000Kbps_720p.avi,31,Indigo,88.8617,Eye,54,54,3.7897,3.9421,429.96344945045473,426.06036248940705,436.25958741569303,362.9502325899819,chien (1),chien (1),0.0000,0.0000,0.0000,0.0000,0.0000,0.0000,,-,-,-,-,-,-,-,-,,,,,,
89994,1095042.228,16:00:16:916,Trial019,Eye Tracking (ballon gauche).avi,31,MediumSlateBlue,83.4869,Eye,69,64,5.3401,4.4737,489.2099878464317,407.89050393203763,491.262981444208,413.26486880824257,corps,corps,0.0328,0.4348,-0.8999,-0.0204,0.4162,-0.909,0,-,-,-,-,-,-,-,-,,,,,,
89996,1095075.615,16:00:16:949,Trial019,Eye Tracking (ballon gauche).avi,31,MediumSlateBlue,83.4869,Eye,69,64,5.3843,4.4839,525.0139908904177,400.0989843330025,533.133248084154,404.76600334504724,corps,corps,0.0304,0.4373,-0.8988,-0.0244,0.4037,-0.9146,0,-,-,-,-,-,-,-,-,,,,,,
89998,1095109.002,16:00:16:983,Trial019,Eye Tracking (ballon gauche).avi,31,MediumSlateBlue,83.4869,Eye,69,64,5.4258,4.4955,558.5267568595672,354.33608255564496,554.223379862133,455.89305167988437,corps,corps,0.0294,0.4362,-0.8994,-0.0304,0.4071,-0.9129,0,-,-,-,-,-,-,-,-,,,,,,
90000,1095142.39,16:00:17:016,Trial019,Eye Tracking (ballon gauche).avi,31,MediumSlateBlue,83.4869,Eye,69,64,5.4692,4.502,580.9283257592408,395.7346185474419,574.9150445412824,404.00011816616035,corps,corps,0.0271,0.4395,-0.8979,-0.0324,0.405,-0.9137,0,-,-,-,-,-,-,-,-,,,,,,
63205,1095181.848,11:26:38:742,Trial001,Federica Final_WMV_3000Kbps_720p.avi,31,Indigo,88.8617,Eye,54,54,3.8425,3.8456,517.630923047371,417.7893983032743,506.2642982421778,408.74878490751684,chien (1),chien (1),0.0000,0.0000,0.0000,0.0000,0.0000,0.0000,,-,-,-,-,-,-,-,-,,,,,,
63207,1095221.596,11:26:38:781,Trial001,Federica Final_WMV_3000Kbps_720p.avi,31,Indigo,88.8617,Eye,54,54,3.8496,3.7774,470.6024404165067,342.1431994295884,456.33341173321537,410.7759944734803,chien (1),chien (1),0.0000,0.0000,0.0000,0.0000,0.0000,0.0000,,-,-,-,-,-,-,-,-,,,,,,
90007,1095259.244,16:00:17:133,Trial019,Eye Tracking (ballon gauche).avi,31,MediumSlateBlue,83.4869,Eye,70,65,5.5227,4.5478,515.1874898886979,366.4679182479658,497.07921926981646,428.1057267661011,corps,corps,0.0193,0.4728,-0.881,-0.0449,0.453,-0.8904,0,-,-,-,-,-,-,-,-,,,,,,
90009,1095292.632,16:00:17:166,Trial019,Eye Tracking (ballon gauche).avi,31,MediumSlateBlue,83.4869,Eye,70,65,5.5228,4.5511,543.1688490644465,355.7349817750187,532.2793885507153,444.2189413469196,corps,corps,0.0189,0.4663,-0.8844,-0.0451,0.4542,-0.8898,0,-,-,-,-,-,-,-,-,,,,,,
90011,1095326.019,16:00:17:200,Trial019,Eye Tracking (ballon gauche).avi,31,MediumSlateBlue,83.4869,Eye,70,65,5.5207,4.5685,569.6542181358062,387.82510803735715,556.3845859180688,401.45401923313136,corps,corps,0.0166,0.4657,-0.8848,-0.0501,0.4518,-0.8907,0,-,-,-,-,-,-,-,-,,,,,,
63214,1095360.834,11:26:38:921,Trial001,Federica Final_WMV_3000Kbps_720p.avi,31,Indigo,88.8617,Eye,56,55,3.7015,3.5897,512.0091641570782,364.96978032727037,498.4436561364938,386.84880435973344,chien (1),chien (1),0.0000,0.0000,0.0000,0.0000,0.0000,0.0000,,-,-,-,-,-,-,-,-,,,,,,
63216,1095400.586,11:26:38:960,Trial001,Federica Final_WMV_3000Kbps_720p.avi,31,Indigo,88.8617,Eye,56,55,3.7405,3.3206,460.9766329774785,359.40158626202157,454.6225303666836,450.78908626057176,chien (1),chien (1),0.0000,0.0000,0.0000,0.0000,0.0000,0.0000,,-,-,-,-,-,-,-,-,,,,,,
63218,1095440.336,11:26:39:000,Trial001,Federica Final_WMV_3000Kbps_720p.avi,31,Indigo,88.8617,Eye,56,55,3.6806,3.4828,438.74357743410513,406.69796657737595,422.6640756060899,351.15650087897984,chien (1),chien (1),0.0000,0.0000,0.0000,0.0000,0.0000,0.0000,,-,-,-,-,-,-,-,-,,,,,,
90020,1095476.261,16:00:17:350,Trial019,Eye Tracking (ballon gauche).avi,31,MediumSlateBlue,83.4869,Eye,70,65,5.5179,4.6024,484.3804673147039,354.307408717477,476.44109295497594,398.1533064931044,corps,corps,0.0061,0.4782,-0.8782,-0.063,0.4428,-0.8944,0,-,-,-,-,-,-,-,-,,,,,,
90022,1095509.648,16:00:17:383,Trial019,Eye Tracking (ballon gauche).avi,31,MediumSlateBlue,83.4869,Eye,70,65,5.5188,4.5906,516.4130366692129,323.55435218797555,522.4202064729936,472.3026525509414,corps,corps,0.0111,0.479,-0.8778,-0.0611,0.4351,-0.8983,0,-,-,-,-,-,-,-,-,,,,,,
90024,1095543.66,16:00:17:417,Trial019,Eye Tracking (ballon gauche).avi,31,MediumSlateBlue,83.4869,Eye,70,65,5.5307,4.5775,550.5181005678188,335.90778270886744,545.5983976079169,423.4998310657857,corps,corps,0.0077,0.4717,-0.8817,-0.0616,0.4366,-0.8975,0,-,-,-,-,-,-,-,-,,,,,,
63225,1095579.578,11:26:39:139,Trial001,Federica Final_WMV_3000Kbps_720p.avi,31,Indigo,88.8617,Eye,55,55,3.7559,4.0637,568.4228616656885,413.73392204796687,563.855010662365,421.6493657067246,visage1,visage1,0.0000,0.0000,0.0000,0.0000,0.0000,0.0000,,-,-,-,-,-,-,-,-,,,,,,
63227,1095619.456,11:26:39:179,Trial001,Federica Final_WMV_3000Kbps_720p.avi,31,Indigo,88.8617,Eye,55,55,3.7606,4.1715,581.4179590150636,386.49140823301025,579.098809323895,392.8751458613546,visage1,visage1,0.0000,0.0000,0.0000,0.0000,0.0000,0.0000,,-,-,-,-,-,-,-,-,,,,,,
63229,1095659.214,11:26:39:219,Trial001,Federica Final_WMV_3000Kbps_720p.avi,31,Indigo,88.8617,Eye,55,55,3.8222,4.1167,591.6236897534664,374.6270529934927,590.3465501318226,414.9411090799205,visage1,visage1,0.0000,0.0000,0.0000,0.0000,0.0000,0.0000,,-,-,-,-,-,-,-,-,,,,,,
90033,1095696.716,16:00:17:570,Trial019,Eye Tracking (ballon gauche).avi,31,MediumSlateBlue,83.4869,Eye,70,65,5.5688,4.5833,603.3234812776592,383.3750386578825,601.3589112196794,387.38455827551564,corps,corps,0.0038,0.4776,-0.8786,-0.0595,0.4299,-0.9009,0,-,-,-,-,-,-,-,-,,,,,,
90035,1095730.728,16:00:17:604,Trial019,Eye Tracking (ballon gauche).avi,31,MediumSlateBlue,83.4869,Eye,70,65,5.5704,4.5921,610.736498648905,398.4813307080922,606.5707460882021,392.87357989610024,corps,corps,0.011,0.4753,-0.8797,-0.0589,0.4289,-0.9015,0,-,-,-,-,-,-,-,-,,,,,,
90037,1095764.741,16:00:17:638,Trial019,Eye Tracking (ballon gauche).avi,31,MediumSlateBlue,83.4869,Eye,70,65,5.5786,4.5938,613.8067286207805,316.82206239935937,614.3552986358587,399.413723210877,corps,corps,0.0046,0.4679,-0.8838,-0.0623,0.4287,-0.9013,0,-,-,-,-,-,-,-,-,,,,,,
90039,1095798.753,16:00:17:672,Trial019,Eye Tracking (ballon gauche).avi,31,MediumSlateBlue,83.4869,Eye,70,65,5.5719,4.6035,618.2446161320988,404.57698530729505,620.7956729206091,383.8993018071688,corps,corps,0.0064,0.4638,-0.8859,-0.0583,0.4192,-0.906,0,-,-,-,-,-,-,-,-,,,,,,
63238,1095838.205,11:26:39:398,Trial001,Federica Final_WMV_3000Kbps_720p.avi,31,Indigo,88.8617,Eye,55,55,3.7208,3.8981,617.5013582924671,346.11798189743763,624.2535676998901,347.2419077696535,visage1,visage1,0.0000,0.0000,0.0000,0.0000,0.0000,0.0000,,-,-,-,-,-,-,-,-,,,,,,
63240,1095877.944,11:26:39:438,Trial001,Federica Final_WMV_3000Kbps_720p.avi,31,Indigo,88.8617,Eye,55,55,3.7261,3.9534,624.5213346729587,370.2818956105469,631.6046995510703,409.740212292114,visage1,visage1,0.0000,0.0000,0.0000,0.0000,0.0000,0.0000,,-,-,-,-,-,-,-,-,,,,,,
90046,1095917.796,16:00:17:791,Trial019,Eye Tracking (ballon gauche).avi,31,MediumSlateBlue,83.4869,Eye,70,65,5.5781,4.6028,634.2128454169881,390.42067983426455,630.6125821006974,371.43611081727613,corps,corps,0.0149,0.4372,-0.8993,-0.0595,0.4061,-0.9119,0,-,-,-,-,-,-,-,-,,,,,,
90048,1095951.809,16:00:17:825,Trial019,Eye Tracking (ballon gauche).avi,31,MediumSlateBlue,83.4869,Eye,70,65,5.5656,4.607,639.6580954125609,377.5286740261852,639.9120542091075,375.28346188626045,corps,corps,0.018,0.431,-0.9022,-0.0555,0.4063,-0.912,0,-,-,-,-,-,-,-,-,,,,,,
90050,1095985.821,16:00:17:859,Trial019,Eye Tracking (ballon gauche).avi,31,MediumSlateBlue,83.4869,Eye,70,65,5.5816,4.6146,634.1856222041922,358.80436124316316,643.5000831489835,388.78493356022824,corps,corps,0.0143,0.4376,-0.899,-0.0475,0.4044,-0.9134,0,-,-,-,-,-,-,-,-,,,,,,
90052,1096019.834,16:00:17:893,Trial019,Eye Tracking (ballon gauche).avi,31,MediumSlateBlue,83.4869,Eye,70,65,5.5982,4.6214,638.5182878805798,291.36582157960936,643.4718288022742,354.7450010671002,corps,corps,0.0177,0.4321,-0.9017,-0.0507,0.3925,-0.9183,0,-,-,-,-,-,-,-,-,,,,,,
63249,1096057.083,11:26:39:617,Trial001,Federica Final_WMV_3000Kbps_720p.avi,31,Indigo,88.8617,Eye,56,56,3.6892,3.4696,552.4690493492858,366.05455133965785,550.2033007125888,381.2425320693591,-,-,0.0000,0.0000,0.0000,0.0000,0.0000,0.0000,,-,-,-,-,-,-,-,-,,,,,,
63251,1096096.831,11:26:39:657,Trial001,Federica Final_WMV_3000Kbps_720p.avi,31,Indigo,88.8617,Eye,56,56,3.5937,3.2978,492.78144180911227,314.859625812084,488.99886584592844,377.2560784525532,chien (1),chien (1),0.0000,0.0000,0.0000,0.0000,0.0000,0.0000,,-,-,-,-,-,-,-,-,,,,,,
63253,1096136.699,11:26:39:697,Trial001,Federica Final_WMV_3000Kbps_720p.avi,31,Indigo,88.8617,Eye,56,56,3.7074,3.5090,443.41912669219715,359.36237127042705,445.5061346925115,350.75306974395437,-,-,0.0000,0.0000,0.0000,0.0000,0.0000,0.0000,,-,-,-,-,-,-,-,-,,,,,,
90061,1096172.889,16:00:18:047,Trial019,Eye Tracking (ballon gauche).avi,31,MediumSlateBlue,83.4869,Eye,70,65,5.6398,4.6725,499.070294986668,424.96354540018694,501.57338159189857,409.0250755230851,corps,corps,0.018,0.4364,-0.8996,-0.0501,0.4019,-0.9143,0,-,-,-,-,-,-,-,-,,,,,,
90063,1096206.902,16:00:18:081,Trial019,Eye Tracking (ballon gauche).avi,31,MediumSlateBlue,83.4869,Eye,70,65,5.6373,4.6829,522.7794119817962,352.2114235065768,532.8381654753016,376.56429608993324,corps,corps,0.0177,0.4365,-0.8995,-0.0396,0.4035,-0.9141,0,-,-,-,-,-,-,-,-,,,,,,
90065,1096240.914,16:00:18:115,Trial019,Eye Tracking (ballon gauche).avi,31,MediumSlateBlue,83.4869,Eye,70,65,5.6358,4.6979,539.541116795878,344.71363822598704,567.4368362644641,423.38963210278297,corps,corps,0.0129,0.4432,-0.8963,-0.0412,0.4012,-0.915,0,-,-,-,-,-,-,-,-,,,,,,
63260,1096276.073,11:26:39:836,Trial001,Federica Final_WMV_3000Kbps_720p.avi,31,Indigo,88.8617,Eye,58,57,3.5680,3.6578,479.65100341388177,335.86481941413854,505.80298359564165,399.83763845912466,chien (1),chien (1),0.0000,0.0000,0.0000,0.0000,0.0000,0.0000,,-,-,-,-,-,-,-,-,,,,,,
63262,1096315.946,11:26:39:876,Trial001,Federica Final_WMV_3000Kbps_720p.avi,31,Indigo,88.8617,Eye,58,57,3.6819,3.8734,483.3210425591684,417.8244272059025,507.33655606330797,395.7537424726941,corps,corps,0.0000,0.0000,0.0000,0.0000,0.0000,0.0000,,-,-,-,-,-,-,-,-,,,,,,
63264,1096355.696,11:26:39:916,Trial001,Federica Final_WMV_3000Kbps_720p.avi,31,Indigo,88.8617,Eye,57,57,3.6643,3.9277,449.8682204655082,388.340174117074,465.9377560881421,347.05450461443473,chien (1),chien (1),0.0000,0.0000,0.0000,0.0000,0.0000,0.0000,,-,-,-,-,-,-,-,-,,,,,,
90074,1096393.423,16:00:18:267,Trial019,Eye Tracking (ballon gauche).avi,31,MediumSlateBlue,83.4869,Eye,70,65,5.6639,4.7528,495.2043143469803,384.6650099863715,506.24504551334917,317.37605679231683,corps,corps,0.0232,0.4571,-0.8891,-0.0445,0.4172,-0.9077,0,-,-,-,-,-,-,-,-,,,,,,
90076,1096426.889,16:00:18:301,Trial019,Eye Tracking (ballon gauche).avi,31,MediumSlateBlue,83.4869,Eye,70,65,5.672,4.7622,538.191720121385,404.8084515438189,542.5126651772633,408.825437257829,corps,corps,0.025,0.4557,-0.8898,-0.0437,0.422,-0.9055,0,-,-,-,-,-,-,-,-,,,,,,
90078,1096460.356,16:00:18:334,Trial019,Eye Tracking (ballon gauche).avi,31,MediumSlateBlue,83.4869,Eye,70,65,5.6795,4.7734,562.6939915711775,426.8014214020372,567.2084879805171,366.9975415634704,corps,corps,0.0253,0.4655,-0.8847,-0.0437,0.4215,-0.9058,0,-,-,-,-,-,-,-,-,,,,,,
63271,1096495.075,11:26:40:055,Trial001,Federica Final_WMV_3000Kbps_720p.avi,31,Indigo,88.8617,Eye,57,57,3.6932,3.8923,514.8645279200897,385.88827115999936,508.03005422423905,381.66494471914535,chien (1),chien (1),0.0000,0.0000,0.0000,0.0000,0.0000,0.0000,,-,-,-,-,-,-,-,-,,,,,,
63273,1096534.936,11:26:40:095,Trial001,Federica Final_WMV_3000Kbps_720p.avi,31,Indigo,88.8617,Eye,57,57,3.7653,3.8287,471.4211519918989,349.32156868973874,463.1445305493812,318.54146566590384,chien (1),chien (1),0.0000,0.0000,0.0000,0.0000,0.0000,0.0000,,-,-,-,-,-,-,-,-,,,,,,
63275,1096574.817,11:26:40:135,Trial001,Federica Final_WMV_3000Kbps_720p.avi,31,Indigo,88.8617,Eye,57,57,3.7352,3.8075,436.9918290373391,348.0113380530836,425.29261513473284,374.01103708517667,chien (1),chien (1),0.0000,0.0000,0.0000,0.0000,0.0000,0.0000,,-,-,-,-,-,-,-,-,,,,,,
90087,1096610.954,16:00:18:485,Trial019,Eye Tracking (ballon gauche).avi,31,MediumSlateBlue,83.4869,Eye,70,65,5.6989,4.7641,492.0102698082562,405.3848851737298,483.7840274505129,392.6924067294765,corps,corps,0.0286,0.4686,-0.8829,-0.0522,0.4313,-0.9007,0,-,-,-,-,-,-,-,-,,,,,,
90089,1096644.42,16:00:18:518,Trial019,Eye Tracking (ballon gauche).avi,31,MediumSlateBlue,83.4869,Eye,70,65,5.696,4.7492,532.2379557198589,379.08670320233256,527.1354648139678,341.30140121507725,corps,corps,0.0271,0.4735,-0.8804,-0.0509,0.4333,-0.8998,0,-,-,-,-,-,-,-,-,,,,,,
90091,1096677.887,16:00:18:552,Trial019,Eye Tracking (ballon gauche).avi,31,MediumSlateBlue,83.4869,Eye,70,65,5.6867,4.749,562.9857655152765,364.01101686751406,561.6221502331449,401.13275369257326,corps,corps,0.0319,0.4764,-0.8786,-0.047,0.4362,-0.8986,0,-,-,-,-,-,-,-,-,,,,,,
63282,1096714.189,11:26:40:274,Trial001,Federica Final_WMV_3000Kbps_720p.avi,31,Indigo,0.0,Eye,59,58,3.6324,3.7505,586.0466228618398,342.37705032101854,587.4871642975278,351.60139717103044,chien (1),chien (1),0.0000,0.0000,0.0000,0.0000,0.0000,0.0000,,-,-,-,-,-,-,-,-,,,,,,
63284,1096754.066,11:26:40:314,Trial001,Federica Final_WMV_3000Kbps_720p.avi,31,Indigo,0.0,Eye,58,58,3.8103,3.9760,603.3422658717622,367.24136941623243,606.885924845815,417.0651192179771,visage1,visage1,0.0000,0.0000,0.0000,0.0000,0.0000,0.0000,,-,-,-,-,-,-,-,-,,,,,,
63286,1096793.819,11:26:40:354,Trial001,Federica Final_WMV_3000Kbps_720p.avi,31,Indigo,0.0,Eye,58,58,3.8494,4.0005,616.313998129204,323.02704311047955,621.4349952570303,375.7305685937943,visage1,visage1,0.0000,0.0000,0.0000,0.0000,0.0000,0.0000,,-,-,-,-,-,-,-,-,,,,,,
90100,1096828.485,16:00:18:702,Trial019,Eye Tracking (ballon gauche).avi,31,MediumSlateBlue,0.0,Eye,70,65,5.661,4.7183,,,,,corps,corps,0.0278,0.4683,-0.8831,-0.0414,0.4243,-0.9046,0,-,-,-,-,-,-,-,-,,,,,,
90102,1096861.951,16:00:18:736,Trial019,Eye Tracking (ballon gauche).avi,31,MediumSlateBlue,0.0,Eye,70,65,5.6579,4.7139,,,,,corps,corps,0.0308,0.4649,-0.8848,-0.0481,0.4228,-0.9049,0,-,-,-,-,-,-,-,-,,,,,,
90104,1096895.418,16:00:18:769,Trial019,Eye Tracking (ballon gauche).avi,31,MediumSlateBlue,0.0,Eye,70,65,5.6608,4.7042,,,,,corps,corps,0.0239,0.4646,-0.8852,-0.0428,0.4265,-0.9035,0,-,-,-,-,-,-,-,-,,,,,,
63293,1096933.244,11:26:40:493,Trial001,Federica Final_WMV_3000Kbps_720p.avi,31,Indigo,0.0,Eye,59,59,3.8573,4.2258,,,,,yeux (1),yeux (1),0.0000,0.0000,0.0000,0.0000,0.0000,0.0000,,-,-,-,-,-,-,-,-,,,,,,
63295,1096973.117,11:26:40:533,Trial001,Federica Final_WMV_3000Kbps_720p.avi,31,Indigo,0.0,Eye,59,59,3.8844,4.0841,,,,,visage1,visage1,0.0000,0.0000,0.0000,0.0000,0.0000,0.0000,,-,-,-,-,-,-,-,-,,,,,,
90111,1097012.55,16:00:18:886,Trial019,Eye Tracking (ballon gauche).avi,31,MediumSlateBlue,83.4869,Eye,70,65,5.6646,4.6972,646.5939425756845,374.55956625119927,638.1569704208051,371.20394822233277,corps,corps,0.023,0.4675,-0.8837,-0.0405,0.4245,-0.9045,0,-,-,-,-,-,-,-,-,,,,,,
90113,1097046.016,16:00:18:920,Trial019,Eye Tracking (ballon gauche).avi,31,MediumSlateBlue,83.4869,Eye,70,65,5.6637,4.6897,643.8017124795361,323.3801590409959,652.2768085497277,382.32101474704115,corps,corps,0.0226,0.4655,-0.8848,-0.0407,0.4207,-0.9063,0,-,-,-,-,-,-,-,-,,,,,,
90115,1097079.482,16:00:18:953,Trial019,Eye Tracking (ballon gauche).avi,31,MediumSlateBlue,83.4869,Eye,70,65,5.6652,4.6749,648.6812234665292,409.7732138597878,653.5471699319115,414.520068203965,corps,corps,0.0241,0.4665,-0.8842,-0.0438,0.4266,-0.9034,0,-,-,-,-,-,-,-,-,,,,,,
90117,1097112.949,16:00:18:987,Trial019,Eye Tracking (ballon gauche).avi,31,MediumSlateBlue,83.4869,Eye,70,65,5.6607,4.6651,651.0585533870773,360.3327419711887,659.9555407817176,341.3243450269306,corps,corps,0.0249,0.4675,-0.8836,-0.0385,0.4221,-0.9057,0,-,-,-,-,-,-,-,-,,,,,,
63304,1097152.309,11:26:40:712,Trial001,Federica Final_WMV_3000Kbps_720p.avi,31,Indigo,88.8617,Eye,60,60,4.0308,4.0782,661.0116580173451,330.3052132302143,663.9660431937813,388.4447368408259,visage1,visage1,0.0000,0.0000,0.0000,0.0000,0.0000,0.0000,,-,-,-,-,-,-,-,-,,,,,,
63306,1097192.192,11:26:40:752,Trial001,Federica Final_WMV_3000Kbps_720p.avi,31,Indigo,88.8617,Eye,60,60,4.0127,4.1857,656.5988650519079,308.09422861341153,662.3955659949027,376.6335118563947,visage1,visage1,0.0000,0.0000,0.0000,0.0000,0.0000,0.0000,,-,-,-,-,-,-,-,-,,,,,,
90124,1097229.999,16:00:19:104,Trial019,Eye Tracking (ballon gauche).avi,31,MediumSlateBlue,83.4869,Eye,71,65,5.5993,4.6269,655.1138039259184,389.81784604421586,660.2541504658953,355.5491865773536,corps,corps,0.0333,0.4731,-0.8804,-0.0317,0.4285,-0.903,0,-,-,-,-,-,-,-,-,,,,,,
90126,1097263.381,16:00:19:137,Trial019,Eye Tracking (ballon gauche).avi,31,MediumSlateBlue,83.4869,Eye,71,65,5.5865,4.6129,648.2304004150416,348.1688841958614,651.5397586747573,384.3993993515397,corps,corps,0.0284,0.4667,-0.8839,-0.0315,0.4343,-0.9002,0,-,-,-,-,-,-,-,-,,,,,,
90128,1097296.762,16:00:19:170,Trial019,Eye Tracking (ballon gauche).avi,31,MediumSlateBlue,83.4869,Eye,71,65,5.5666,4.6047,646.4494493446352,424.6539295233272,656.1496402226943,365.1090232346224,corps,corps,0.0275,0.4647,-0.885,-0.0389,0.4293,-0.9023,0,-,-,-,-,-,-,-,-,,,,,,
63313,1097331.607,11:26:40:891,Trial001,Federica Final_WMV_3000Kbps_720p.avi,31,Indigo,88.8617,Eye,62,61,3.9481,4.3044,630.4978447135537,381.74166648792954,627.0877853306364,375.67882981096244,corps,corps,0.0000,0.0000,0.0000,0.0000,0.0000,0.0000,,-,-,-,-,-,-,-,-,,,,,,
63315,1097371.331,11:26:40:931,Trial001,Federica Final_WMV_3000Kbps_720p.avi,31,Indigo,88.8617,Eye,62,61,3.8518,4.2096,643.1712915068254,389.50378547898544,637.3374313590364,423.64153823435487,visage1,visage1,0.0000,0.0000,0.0000,0.0000,0.0000,0.0000,,-,-,-,-,-,-,-,-,,,,,,
63317,1097411.194,11:26:40:971,Trial001,Federica Final_WMV_3000Kbps_720p.avi,31,Indigo,88.8617,Eye,61,61,3.8089,4.0410,649.2607226939687,319.86793654540963,654.4512446653497,388.1138142576135,yeux (1),yeux (1),0.0000,0.0000,0.0000,0.0000,0.0000,0.0000,,-,-,-,-,-,-,-,-,,,,,,
90137,1097446.98,16:00:19:321,Trial019,Eye Tracking (ballon gauche).avi,31,MediumSlateBlue,83.4869,Eye,71,65,5.4908,4.5674,647.0825791919942,437.54624186227704,659.2995936424783,389.4493249448363,corps,corps,0.0318,0.4715,-0.8813,-0.0283,0.4384,-0.8984,0,-,-,-,-,-,-,-,-,,,,,,
90139,1097480.362,16:00:19:354,Trial019,Eye Tracking (ballon gauche).avi,31,MediumSlateBlue,83.4869,Eye,71,65,5.4848,4.5614,649.6019858773636,402.1041283231507,662.5276367243783,394.12761478093967,corps,corps,0.0331,0.4651,-0.8847,-0.0262,0.4328,-0.9011,0,-,-,-,-,-,-,-,-,,,,,,
90141,1097513.744,16:00:19:387,Trial019,Eye Tracking (ballon gauche).avi,31,MediumSlateBlue,83.4869,Eye,71,65,5.4805,4.5587,646.9960135317991,387.86106575999804,657.4805241206107,341.72361877577976,corps,corps,0.0343,0.4687,-0.8827,-0.0297,0.4371,-0.8989,0,-,-,-,-,-,-,-,-,,,,,,
63324,1097550.557,11:26:41:110,Trial001,Federica Final_WMV_3000Kbps_720p.avi,31,Indigo,88.8617,Eye,61,61,3.9096,4.2200,653.5119706661787,352.9192603851021,660.55133019241,356.5271594919918,yeux (1),yeux (1),0.0000,0.0000,0.0000,0.0000,0.0000,0.0000,,-,-,-,-,-,-,-,-,,,,,,
63326,1097590.433,11:26:41:150,Trial001,Federica Final_WMV_3000Kbps_720p.avi,31,Indigo,88.8617,Eye,61,61,3.8620,4.0894,656.5404079693943,378.1798062803342,667.1480311003085,368.20659904848713,yeux (1),yeux (1),0.0000,0.0000,0.0000,0.0000,0.0000,0.0000,,-,-,-,-,-,-,-,-,,,,,,
63328,1097630.323,11:26:41:190,Trial001,Federica Final_WMV_3000Kbps_720p.avi,31,Indigo,88.8617,Eye,61,61,3.8339,4.1449,660.1022917350056,384.1726898044816,667.1891279248512,372.2094049293027,yeux (1),yeux (1),0.0000,0.0000,0.0000,0.0000,0.0000,0.0000,,-,-,-,-,-,-,-,-,,,,,,
90150,1097663.961,16:00:19:538,Trial019,Eye Tracking (ballon gauche).avi,31,MediumSlateBlue,83.4869,Eye,71,65,5.5034,4.5853,652.6654393920855,426.8835435559068,660.7048648285266,387.55261651518083,corps,corps,0.0168,0.4649,-0.8852,-0.0432,0.4322,-0.9007,0,-,-,-,-,-,-,-,-,,,,,,
90152,1097697.343,16:00:19:571,Trial019,Eye Tracking (ballon gauche).avi,31,MediumSlateBlue,83.4869,Eye,71,65,5.5112,4.5849,653.2887422922959,370.5340758345099,651.2209681143173,381.91339605811896,corps,corps,0.0178,0.4689,-0.8831,-0.0365,0.4337,-0.9003,0,-,-,-,-,-,-,-,-,,,,,,
90154,1097730.725,16:00:19:604,Trial019,Eye Tracking (ballon gauche).avi,31,MediumSlateBlue,83.4869,Eye,71,65,5.5097,4.584,646.9616272060724,411.39226771923245,660.459815955655,337.56347743853445,corps,corps,0.0174,0.4661,-0.8846,-0.0432,0.437,-0.8984,0,-,-,-,-,-,-,-,-,,,,,,
63335,1097769.707,11:26:41:330,Trial001,Federica Final_WMV_3000Kbps_720p.avi,31,Indigo,88.8617,Eye,61,61,3.8446,4.0913,652.3419827357832,303.63316910515715,663.0825711294864,382.9593990958515,yeux (1),yeux (1),0.0000,0.0000,0.0000,0.0000,0.0000,0.0000,,-,-,-,-,-,-,-,-,,,,,,
63337,1097809.436,11:26:41:369,Trial001,Federica Final_WMV_3000Kbps_720p.avi,31,Indigo,88.8617,Eye,61,61,3.8364,4.1907,657.9091231038888,374.0841530761441,678.9706202466015,398.31052258299314,yeux (1),yeux (1),0.0000,0.0000,0.0000,0.0000,0.0000,0.0000,,-,-,-,-,-,-,-,-,,,,,,
90161,1097847.561,16:00:19:721,Trial019,Eye Tracking (ballon gauche).avi,31,MediumSlateBlue,83.4869,Eye,71,65,5.5337,4.6067,656.6915081964524,360.8676646582692,665.4062810293602,345.0114686078135,corps,corps,0.0125,0.4639,-0.8858,-0.0446,0.4321,-0.9007,0,-,-,-,-,-,-,-,-,,,,,,
90163,1097880.942,16:00:19:755,Trial019,Eye Tracking (ballon gauche).avi,31,MediumSlateBlue,83.4869,Eye,71,65,5.5372,4.6085,657.3263138686001,361.862395049614,665.3143030415948,354.18910970151273,corps,corps,0.0125,0.4689,-0.8831,-0.0495,0.4329,-0.9001,0,-,-,-,-,-,-,-,-,,,,,,
90165,1097914.324,16:00:19:788,Trial019,Eye Tracking (ballon gauche).avi,31,MediumSlateBlue,83.4869,Eye,71,65,5.5455,4.6079,646.9924318236414,317.803550974925,657.1020437944671,307.0472287611632,corps,corps,0.0148,0.4701,-0.8825,-0.0468,0.4322,-0.9006,0,-,-,-,-,-,-,-,-,,,,,,
63344,1097948.922,11:26:41:509,Trial001,Federica Final_WMV_3000Kbps_720p.avi,31,Indigo,88.8617,Eye,61,61,3.9396,4.2461,666.5396832160054,454.5625340582188,672.1554429621432,373.09517252632185,yeux (1),yeux (1),0.0000,0.0000,0.0000,0.0000,0.0000,0.0000,,-,-,-,-,-,-,-,-,,,,,,
63346,1097988.675,11:26:41:549,Trial001,Federica Final_WMV_3000Kbps_720p.avi,31,Indigo,88.8617,Eye,61,61,3.8864,4.1469,675.5271598204828,379.6260676017443,663.3578056316358,361.4529990316139,yeux (1),yeux (1),0.0000,0.0000,0.0000,0.0000,0.0000,0.0000,,-,-,-,-,-,-,-,-,,,,,,
63348,1098028.539,11:26:41:588,Trial001,Federica Final_WMV_3000Kbps_720p.avi,31,Indigo,88.8617,Eye,61,61,4.0759,4.1277,682.9166391381414,324.5017154789015,666.8614217509603,395.46454780011925,yeux (1),yeux (1),0.0000,0.0000,0.0000,0.0000,0.0000,0.0000,,-,-,-,-,-,-,-,-,,,,,,
90174,1098064.55,16:00:19:938,Trial019,Eye Tracking (ballon gauche).avi,31,MediumSlateBlue,83.4869,Eye,71,65,5.5519,4.6396,675.7381787906124,394.07703252415337,662.9577720969999,363.79508798662755,corps,corps,0.0046,0.4639,-0.8859,-0.0455,0.4255,-0.9038,0,-,-,-,-,-,-,-,-,,,,,,
90176,1098097.944,16:00:19:972,Trial019,Eye Tracking (ballon gauche).avi,31,MediumSlateBlue,83.4869,Eye,71,65,5.5522,4.6528,666.0492631438714,339.12890677294945,657.9953640773061,457.38659996810935,corps,corps,0.0034,0.4721,-0.8815,-0.0533,0.4242,-0.904,0,-,-,-,-,-,-,-,-,,,,,,
90178,1098131.343,16:00:20:005,Trial019,Eye Tracking (ballon gauche).avi,31,MediumSlateBlue,83.4869,Eye,71,65,5.5576,4.6619,661.3993082848293,351.70708036252626,659.0060421152075,415.15266224991296,corps,corps,0.0056,0.4622,-0.8868,-0.0506,0.4266,-0.903,0,-,-,-,-,-,-,-,-,,,,,,
63355,1098167.926,11:26:41:728,Trial001,Federica Final_WMV_3000Kbps_720p.avi,31,Indigo,88.8617,Eye,61,61,4.0972,4.1939,666.7230174982886,367.53275386210737,657.584536989293,405.7940868030862,visage1,visage1,0.0000,0.0000,0.0000,0.0000,0.0000,0.0000,,-,-,-,-,-,-,-,-,,,,,,
63357,1098207.81,11:26:41:768,Trial001,Federica Final_WMV_3000Kbps_720p.avi,31,Indigo,88.8617,Eye,61,61,4.0742,4.2377,675.8573595195601,375.2474944978837,664.0789856475575,400.8359850195593,visage1,visage1,0.0000,0.0000,0.0000,0.0000,0.0000,0.0000,,-,-,-,-,-,-,-,-,,,,,,
63359,1098247.537,11:26:41:807,Trial001,Federica Final_WMV_3000Kbps_720p.avi,31,Indigo,88.8617,Eye,63,62,4.2060,4.2863,678.4959027417053,414.2037121820469,661.8155126753883,342.7001126395947,visage1,visage1,0.0000,0.0000,0.0000,0.0000,0.0000,0.0000,,-,-,-,-,-,-,-,-,,,,,,
90187,1098281.64,16:00:20:155,Trial019,Eye Tracking (ballon gauche).avi,31,MediumSlateBlue,83.4869,Eye,71,65,5.6083,4.7021,666.7830691056183,390.9294825592693,659.8211127571315,374.40255303019177,corps,corps,0.0069,0.4852,-0.8744,-0.0558,0.4499,-0.8913,0,-,-,-,-,-,-,-,-,,,,,,
90189,1098315.039,16:00:20:189,Trial019,Eye Tracking (ballon gauche).avi,31,MediumSlateBlue,83.4869,Eye,71,65,5.6171,4.7089,653.5073553576676,361.6952949265468,657.6597773494348,368.5297745323726,corps,corps,0.0115,0.4835,-0.8753,-0.0465,0.4507,-0.8914,0,-,-,-,-,-,-,-,-,,,,,,
90191,1098348.438,16:00:20:222,Trial019,Eye Tracking (ballon gauche).avi,31,MediumSlateBlue,83.4869,Eye,71,65,5.6009,4.7064,649.5429455628102,329.7975868162788,648.8167212195196,416.7946319600654,corps,corps,0.0081,0.4761,-0.8793,-0.0443,0.4502,-0.8918,0,-,-,-,-,-,-,-,-,,,,,,
63366,1098386.901,11:26:41:947,Trial001,Federica Final_WMV_3000Kbps_720p.avi,31,Indigo,88.8617,Eye,62,62,4.2220,4.3451,648.1950819252668,372.71846370829337,659.8777212928467,391.93383054508877,visage1,visage1,0.0000,0.0000,0.0000,0.0000,0.0000,0.0000,,-,-,-,-,-,-,-,-,,,,,,
63368,1098426.8,11:26:41:987,Trial001,Federica Final_WMV_3000Kbps_720p.avi,31,Indigo,88.8617,Eye,62,62,4.2148,4.3837,655.670332433841,420.1400242853326,658.4546259855189,402.23199432414,visage1,visage1,0.0000,0.0000,0.0000,0.0000,0.0000,0.0000,,-,-,-,-,-,-,-,-,,,,,,
90198,1098465.335,16:00:20:339,Trial019,Eye Tracking (ballon gauche).avi,31,MediumSlateBlue,83.4869,Eye,71,65,5.576,4.7005,646.1551138821866,412.5266266133799,654.1984855583772,405.6459571398894,corps,corps,0.0204,0.4843,-0.8747,-0.0359,0.4458,-0.8944,0,-,-,-,-,-,-,-,-,,,,,,
90200,1098498.734,16:00:20:372,Trial019,Eye Tracking (ballon gauche).avi,31,MediumSlateBlue,83.4869,Eye,71,65,5.5762,4.6982,653.8759026472834,389.4652120667983,650.3117669781201,362.95855288804756,corps,corps,0.0176,0.487,-0.8732,-0.0337,0.4483,-0.8932,0,-,-,-,-,-,-,-,-,,,,,,
90202,1098532.133,16:00:20:406,Trial019,Eye Tracking (ballon gauche).avi,31,MediumSlateBlue,83.4869,Eye,71,65,5.5856,4.6994,642.4364355186316,353.71473541338514,646.6519388486677,436.2877762125201,corps,corps,0.0228,0.4821,-0.8758,-0.0261,0.4501,-0.8926,0,-,-,-,-,-,-,-,-,,,,,,
63375,1098566.168,11:26:42:126,Trial001,Federica Final_WMV_3000Kbps_720p.avi,31,Indigo,88.8617,Eye,63,63,4.2113,4.3871,646.6331627017571,342.0473917956039,645.7006228643568,385.79441123464625,corps,corps,0.0000,0.0000,0.0000,0.0000,0.0000,0.0000,,-,-,-,-,-,-,-,-,,,,,,
63377,1098605.92,11:26:42:166,Trial001,Federica Final_WMV_3000Kbps_720p.avi,31,Indigo,88.8617,Eye,63,63,4.2848,4.3536,648.3970478375993,300.48211216402535,648.6251237488756,431.40181036373315,corps,corps,0.0000,0.0000,0.0000,0.0000,0.0000,0.0000,,-,-,-,-,-,-,-,-,,,,,,
63379,1098645.789,11:26:42:206,Trial001,Federica Final_WMV_3000Kbps_720p.avi,31,Indigo,88.8617,Eye,63,63,4.1900,4.3814,649.517711397477,420.87836009530474,654.5725869477355,432.0341240585775,corps,corps,0.0000,0.0000,0.0000,0.0000,0.0000,0.0000,,-,-,-,-,-,-,-,-,,,,,,
90211,1098682.429,16:00:20:556,Trial019,Eye Tracking (ballon gauche).avi,31,MediumSlateBlue,83.4869,Eye,71,65,5.5527,4.7162,653.0744922808539,423.7124109182217,656.3889559801149,377.7672127651718,corps,corps,0.0172,0.4838,-0.875,-0.0295,0.4442,-0.8955,0,-,-,-,-,-,-,-,-,,,,,,
90213,1098715.828,16:00:20:589,Trial019,Eye Tracking (ballon gauche).avi,31,MediumSlateBlue,83.4869,Eye,71,65,5.5456,4.7169,644.4009451028961,348.46171132588563,652.4781040789967,399.109246303037,corps,corps,0.0171,0.4898,-0.8717,-0.0295,0.4517,-0.8917,0,-,-,-,-,-,-,-,-,,,,,,
90215,1098749.228,16:00:20:623,Trial019,Eye Tracking (ballon gauche).avi,31,MediumSlateBlue,83.4869,Eye,71,65,5.5439,4.7146,634.4977078057278,380.6826384527108,649.389416810128,395.0649879539158,corps,corps,0.0274,0.4875,-0.8727,-0.0368,0.4533,-0.8906,0,-,-,-,-,-,-,-,-,,,,,,
63386,1098785.047,11:26:42:345,Trial001,Federica Final_WMV_3000Kbps_720p.avi,31,Indigo,88.8617,Eye,63,63,4.2328,4.3209,636.5978550286469,335.3555912142008,656.7823011235794,391.03081927196735,corps,corps,0.0000,0.0000,0.0000,0.0000,0.0000,0.0000,,-,-,-,-,-,-,-,-,,,,,,
63388,1098824.936,11:26:42:385,Trial001,Federica Final_WMV_3000Kbps_720p.avi,31,Indigo,88.8617,Eye,63,63,4.2756,4.4647,641.2908924525019,434.84697025186307,658.7085673638785,419.65201813041534,corps,corps,0.0000,0.0000,0.0000,0.0000,0.0000,0.0000,,-,-,-,-,-,-,-,-,,,,,,
63390,1098864.712,11:26:42:425,Trial001,Federica Final_WMV_3000Kbps_720p.avi,31,Indigo,88.8617,Eye,63,63,4.2697,4.3637,649.2331385509307,363.4708375375785,661.6770058958118,409.0809930258455,corps,corps,0.0000,0.0000,0.0000,0.0000,0.0000,0.0000,,-,-,-,-,-,-,-,-,,,,,,
90224,1098899.517,16:00:20:773,Trial019,Eye Tracking (ballon gauche).avi,31,MediumSlateBlue,83.4869,Eye,71,65,5.5358,4.7272,641.6985728687304,388.7247643171179,643.3951585835883,377.50188394192475,corps,corps,0.023,0.4817,-0.8761,-0.0371,0.4384,-0.898,0,-,-,-,-,-,-,-,-,,,,,,
90226,1098932.902,16:00:20:807,Trial019,Eye Tracking (ballon gauche).avi,31,MediumSlateBlue,83.4869,Eye,71,65,5.5369,4.7181,636.0224739432625,331.2050632230934,642.7779327085258,399.3077901188941,corps,corps,0.0163,0.4906,-0.8712,-0.0362,0.449,-0.8928,0,-,-,-,-,-,-,-,-,,,,,,
90228,1098966.287,16:00:20:840,Trial019,Eye Tracking (ballon gauche).avi,31,MediumSlateBlue,83.4869,Eye,71,65,5.5421,4.7124,625.9336044145666,354.022746229509,639.6863268887082,364.2811399073372,corps,corps,0.0181,0.4879,-0.8727,-0.0346,0.4498,-0.8924,0,-,-,-,-,-,-,-,-,,,,,,
63397,1099004.034,11:26:42:564,Trial001,Federica Final_WMV_3000Kbps_720p.avi,31,Indigo,88.8617,Eye,63,63,4.2897,4.3023,632.7121924108302,390.19477304501055,642.8325415548065,457.1888372412951,visage1,visage1,0.0000,0.0000,0.0000,0.0000,0.0000,0.0000,,-,-,-,-,-,-,-,-,,,,,,
63399,1099043.896,11:26:42:604,Trial001,Federica Final_WMV_3000Kbps_720p.avi,31,Indigo,88.8617,Eye,63,63,4.2606,4.4429,632.0859994652265,351.80797136840147,644.843755896178,346.31638259386324,visage1,visage1,0.0000,0.0000,0.0000,0.0000,0.0000,0.0000,,-,-,-,-,-,-,-,-,,,,,,
90235,1099083.249,16:00:20:957,Trial019,Eye Tracking (ballon gauche).avi,31,MediumSlateBlue,83.4869,Eye,72,66,5.5563,4.6747,602.5103381586391,394.39495296842085,615.3998728154525,405.728299618249,corps,corps,-0.0709,0.3707,-0.9261,-0.1163,0.3311,-0.9364,0,-,-,-,-,-,-,-,-,,,,,,
90237,1099116.666,16:00:20:990,Trial019,Eye Tracking (ballon gauche).avi,31,MediumSlateBlue,83.4869,Eye,72,66,5.5561,4.6671,593.9187795108256,386.67042200504955,602.0469298701275,393.6572641793539,corps,corps,-0.0695,0.3717,-0.9257,-0.1207,0.341,-0.9323,0,-,-,-,-,-,-,-,-,,,,,,
90239,1099150.084,16:00:21:024,Trial019,Eye Tracking (ballon gauche).avi,31,MediumSlateBlue,83.4869,Eye,72,66,5.5462,4.6557,579.5082840271631,441.0710511807852,588.1609624373677,414.79287710827873,corps,corps,-0.0644,0.3762,-0.9243,-0.1182,0.3362,-0.9344,0,-,-,-,-,-,-,-,-,,,,,,
90241,1099183.502,16:00:21:057,Trial019,Eye Tracking (ballon gauche).avi,31,MediumSlateBlue,83.4869,Eye,72,66,5.5384,4.6405,565.2827546860652,438.02586015349294,582.148234609054,389.1523210091584,corps,corps,-0.0647,0.3701,-0.9267,-0.1147,0.3326,-0.9361,0,-,-,-,-,-,-,-,-,,,,,,
63408,1099223.028,11:26:42:783,Trial001,Federica Final_WMV_3000Kbps_720p.avi,31,Indigo,88.8617,Eye,63,63,4.2954,4.4526,587.5124917316168,465.08572078531773,602.2231429522749,426.68207541256163,corps,corps,0.0000,0.0000,0.0000,0.0000,0.0000,0.0000,,-,-,-,-,-,-,-,-,,,,,,
63410,1099262.785,11:26:42:823,Trial001,Federica Final_WMV_3000Kbps_720p.avi,31,Indigo,88.8617,Eye,63,63,4.3217,4.3877,607.140045751641,427.61581003641527,615.833709624739,442.1057283950173,corps,corps,0.0000,0.0000,0.0000,0.0000,0.0000,0.0000,,-,-,-,-,-,-,-,-,,,,,,
90248,1099300.464,16:00:21:174,Trial019,Eye Tracking (ballon gauche).avi,31,MediumSlateBlue,83.4869,Eye,72,66,5.5169,4.6189,595.5315633724503,416.9208646667431,599.2975925615929,425.6933119634553,corps,corps,-0.0696,0.3705,-0.9262,-0.1185,0.3336,-0.9353,0,-,-,-,-,-,-,-,-,,,,,,
90250,1099333.881,16:00:21:208,Trial019,Eye Tracking (ballon gauche).avi,31,MediumSlateBlue,83.4869,Eye,72,66,5.5137,4.6155,578.5787951299282,463.3631186115535,583.3514680783549,477.72879898251267,corps,corps,-0.0717,0.369,-0.9267,-0.121,0.3319,-0.9355,0,-,-,-,-,-,-,-,-,,,,,,
90252,1099367.299,16:00:21:241,Trial019,Eye Tracking (ballon gauche).avi,31,MediumSlateBlue,83.4869,Eye,72,66,5.5085,4.6127,571.5270829295454,387.4998129564546,578.0957841172597,399.8221130351993,corps,corps,-0.0728,0.3702,-0.9261,-0.1194,0.3401,-0.9328,0,-,-,-,-,-,-,-,-,,,,,,
63417,1099402.146,11:26:42:962,Trial001,Federica Final_WMV_3000Kbps_720p.avi,31,Indigo,88.8617,Eye,65,64,4.3074,4.6888,609.9364457601266,399.47108495542307,614.5585333481417,457.60772713319074,corps,corps,0.0000,0.0000,0.0000,0.0000,0.0000,0.0000,,-,-,-,-,-,-,-,-,,,,,,
63419,1099442.015,11:26:43:002,Trial001,Federica Final_WMV_3000Kbps_720p.avi,31,Indigo,88.8617,Eye,65,64,4.3762,4.7752,640.3990617720186,390.28611603388856,650.9647106012017,395.61724949075364,corps,corps,0.0000,0.0000,0.0000,0.0000,0.0000,0.0000,,-,-,-,-,-,-,-,-,,,,,,
63421,1099481.769,11:26:43:042,Trial001,Federica Final_WMV_3000Kbps_720p.avi,31,Indigo,88.8617,Eye,65,64,4.4142,4.8511,702.928031272302,348.44956016866286,704.0009569237283,408.90305822440706,-,-,0.0000,0.0000,0.0000,0.0000,0.0000,0.0000,,-,-,-,-,-,-,-,-,,,,,,
90261,1099517.679,16:00:21:391,Trial019,Eye Tracking (ballon gauche).avi,31,MediumSlateBlue,83.4869,Eye,72,66,5.5328,4.6045,662.7513030722477,424.56377926433436,663.4572362062568,443.7049418696957,corps,corps,-0.0748,0.3785,-0.9226,-0.1284,0.337,-0.9327,0,-,-,-,-,-,-,-,-,,,,,,
90263,1099551.097,16:00:21:425,Trial019,Eye Tracking (ballon gauche).avi,31,MediumSlateBlue,83.4869,Eye,72,66,5.5294,4.6052,625.5155890426436,400.95183885121617,634.590641945034,418.56846729261935,corps,corps,-0.078,0.3771,-0.9229,-0.1305,0.3347,-0.9333,0,-,-,-,-,-,-,-,-,,,,,,
90265,1099584.514,16:00:21:458,Trial019,Eye Tracking (ballon gauche).avi,31,MediumSlateBlue,83.4869,Eye,72,66,5.5216,4.6004,599.0815123125651,441.00841989728656,616.3245435708603,365.597371342517,corps,corps,-0.0782,0.3752,-0.9237,-0.1312,0.3385,-0.9318,0,-,-,-,-,-,-,-,-,,,,,,
63428,1099621.15,11:26:43:181,Trial001,Federica Final_WMV_3000Kbps_720p.avi,31,Indigo,88.8617,Eye,64,64,4.3483,4.7603,608.8644099738399,408.05356779996856,626.035285946443,424.90428791835745,yeux (1),yeux (1),0.0000,0.0000,0.0000,0.0000,0.0000,0.0000,,-,-,-,-,-,-,-,-,,,,,,
63430,1099660.897,11:26:43:221,Trial001,Federica Final_WMV_3000Kbps_720p.avi,31,Indigo,88.8617,Eye,64,64,4.3855,4.7219,625.1413816915765,366.70783978315967,633.633467616639,411.3216149340262,yeux (1),yeux (1),0.0000,0.0000,0.0000,0.0000,0.0000,0.0000,,-,-,-,-,-,-,-,-,,,,,,
63432,1099700.765,11:26:43:261,Trial001,Federica Final_WMV_3000Kbps_720p.avi,31,Indigo,88.8617,Eye,64,64,4.3574,4.5787,643.2730184193426,411.3839647477461,647.0665930952478,366.7202269019542,yeux (1),yeux (1),0.0000,0.0000,0.0000,0.0000,0.0000,0.0000,,-,-,-,-,-,-,-,-,,,,,,
90274,1099734.894,16:00:21:609,Trial019,Eye Tracking (ballon gauche).avi,31,MediumSlateBlue,83.4869,Eye,72,66,5.5331,4.5998,618.4760966862563,398.39621926981226,632.4346035909232,372.3611063657973,corps,corps,-0.0754,0.3749,-0.924,-0.1333,0.3364,-0.9322,0,-,-,-,-,-,-,-,-,,,,,,
90276,1099768.286,16:00:21:642,Trial019,Eye Tracking (ballon gauche).avi,31,MediumSlateBlue,83.4869,Eye,72,66,5.539,4.6043,597.7060353798947,395.84781130024345,619.2520133965306,445.15149787169,corps,corps,-0.0766,0.3768,-0.9231,-0.1356,0.3358,-0.9321,0,-,-,-,-,-,-,-,-,,,,,,
90278,1099801.679,16:00:21:675,Trial019,Eye Tracking (ballon gauche).avi,31,MediumSlateBlue,83.4869,Eye,72,66,5.5419,4.6075,583.645945026896,416.44322270030904,603.5357526883373,437.17768552059204,corps,corps,-0.0771,0.3748,-0.9239,-0.137,0.3377,-0.9312,0,-,-,-,-,-,-,-,-,,,,,,
63439,1099840.135,11:26:43:400,Trial001,Federica Final_WMV_3000Kbps_720p.avi,31,Indigo,88.8617,Eye,64,64,4.0978,4.4338,594.510395521015,391.8701118507707,629.4025852697129,409.1362644838747,yeux (1),yeux (1),0.0000,0.0000,0.0000,0.0000,0.0000,0.0000,,-,-,-,-,-,-,-,-,,,,,,
63441,1099879.888,11:26:43:440,Trial001,Federica Final_WMV_3000Kbps_720p.avi,31,Indigo,88.8617,Eye,66,65,4.1454,4.5797,616.3416547317296,375.02988485314125,639.7898717559203,399.95646883702176,visage1,visage1,0.0000,0.0000,0.0000,0.0000,0.0000,0.0000,,-,-,-,-,-,-,-,-,,,,,,
90285,1099918.471,16:00:21:792,Trial019,Eye Tracking (ballon gauche).avi,31,MediumSlateBlue,83.4869,Eye,73,67,5.5138,4.6411,618.4479552739624,429.793911494137,633.5598931505319,431.43643450855376,corps,corps,0.0023,0.4654,-0.8851,-0.0668,0.4476,-0.8917,0,-,-,-,-,-,-,-,-,,,,,,
90287,1099951.823,16:00:21:825,Trial019,Eye Tracking (ballon gauche).avi,31,MediumSlateBlue,83.4869,Eye,73,67,5.507,4.6513,622.1062591796167,418.0462526727588,632.8783658003625,434.3478772866631,corps,corps,-0.005,0.4661,-0.8847,-0.0608,0.4448,-0.8936,0,-,-,-,-,-,-,-,-,,,,,,
90289,1099985.174,16:00:21:859,Trial019,Eye Tracking (ballon gauche).avi,31,MediumSlateBlue,83.4869,Eye,73,67,5.5094,4.6527,629.5763314101587,391.2909740125876,633.2674821962886,342.1293770511157,corps,corps,-0.0012,0.4703,-0.8825,-0.0605,0.4359,-0.8979,0,-,-,-,-,-,-,-,-,,,,,,
63448,1100019.266,11:26:43:579,Trial001,Federica Final_WMV_3000Kbps_720p.avi,31,Indigo,88.8617,Eye,66,65,4.1357,3.3817,552.9670485202155,416.275908342942,562.5399011895707,436.49419826144367,chien (1),chien (1),0.0000,0.0000,0.0000,0.0000,0.0000,0.0000,,-,-,-,-,-,-,-,-,,,,,,
63450,1100059.012,11:26:43:619,Trial001,Federica Final_WMV_3000Kbps_720p.avi,31,Indigo,88.8617,Eye,66,65,4.1666,3.6895,491.6195069048215,333.02122749124254,489.98330969325986,394.66493916599694,-,-,0.0000,0.0000,0.0000,0.0000,0.0000,0.0000,,-,-,-,-,-,-,-,-,,,,,,
63452,1100098.881,11:26:43:659,Trial001,Federica Final_WMV_3000Kbps_720p.avi,31,Indigo,88.8617,Eye,66,65,4.1500,3.1369,464.46242072590996,395.8013795233378,455.86201270531967,361.78723698337785,chien (1),chien (1),0.0000,0.0000,0.0000,0.0000,0.0000,0.0000,,-,-,-,-,-,-,-,-,,,,,,
90298,1100135.257,16:00:22:009,Trial019,Eye Tracking (ballon gauche).avi,31,MediumSlateBlue,83.4869,Eye,73,67,5.5443,4.6845,513.3978268979047,374.7717278963882,508.63238163768057,425.0015027167224,corps,corps,-0.0002,0.4674,-0.884,-0.0621,0.4289,-0.9012,0,-,-,-,-,-,-,-,-,,,,,,
90300,1100168.609,16:00:22:042,Trial019,Eye Tracking (ballon gauche).avi,31,MediumSlateBlue,83.4869,Eye,73,67,5.5452,4.6941,544.5706129024854,371.5190063530125,536.2557918934262,410.63088687622496,corps,corps,-0.0012,0.4727,-0.8812,-0.0518,0.4383,-0.8973,0,-,-,-,-,-,-,-,-,,,,,,
90302,1100201.961,16:00:22:076,Trial019,Eye Tracking (ballon gauche).avi,31,MediumSlateBlue,83.4869,Eye,74,60,5.5414,4.7018,555.1457380871033,373.11530866544837,564.5531942232675,375.3921997323494,corps,corps,0.0196,0.4918,-0.8705,-0.0374,0.4447,-0.8949,0,-,-,-,-,-,-,-,-,,,,,,
63459,1100238.255,11:26:43:798,Trial001,Federica Final_WMV_3000Kbps_720p.avi,31,Indigo,88.8617,Eye,66,65,4.1093,3.6932,492.49529908721706,362.74151962880785,504.9846508621681,352.73429736104254,-,-,0.0000,0.0000,0.0000,0.0000,0.0000,0.0000,,-,-,-,-,-,-,-,-,,,,,,
63461,1100277.995,11:26:43:838,Trial001,Federica Final_WMV_3000Kbps_720p.avi,31,Indigo,88.8617,Eye,66,65,4.0122,2.7451,448.62286401286485,400.3674724359125,455.59257401445745,365.67651715057804,chien (1),chien (1),0.0000,0.0000,0.0000,0.0000,0.0000,0.0000,,-,-,-,-,-,-,-,-,,,,,,
63463,1100317.869,11:26:43:878,Trial001,Federica Final_WMV_3000Kbps_720p.avi,31,Indigo,88.8617,Eye,66,65,4.0388,3.0670,399.0648458353102,364.66480585461,404.2921283365047,412.41456058316896,-,-,0.0000,0.0000,0.0000,0.0000,0.0000,0.0000,,-,-,-,-,-,-,-,-,,,,,,
90311,1100352.044,16:00:22:226,Trial019,Eye Tracking (ballon gauche).avi,31,MediumSlateBlue,83.4869,Eye,74,68,5.5418,4.7141,461.44332646489306,401.0576223204774,463.6219182788918,331.4474551108983,corps,corps,0.0156,0.492,-0.8705,-0.0478,0.459,-0.8871,0,-,-,-,-,-,-,-,-,,,,,,
90313,1100385.396,16:00:22:259,Trial019,Eye Tracking (ballon gauche).avi,31,MediumSlateBlue,83.4869,Eye,74,68,5.5377,4.7278,510.45549515593325,426.9264164189836,506.06975957386004,372.5339935278897,corps,corps,0.0142,0.4856,-0.8741,-0.0513,0.4573,-0.8878,0,-,-,-,-,-,-,-,-,,,,,,
90315,1100418.748,16:00:22:292,Trial019,Eye Tracking (ballon gauche).avi,31,MediumSlateBlue,83.4869,Eye,74,68,5.5411,4.7342,544.5852453487723,364.188484941361,532.0707686450406,386.4494171972272,corps,corps,0.0093,0.4779,-0.8784,-0.0466,0.4558,-0.8889,0,-,-,-,-,-,-,-,-,,,,,,
63470,1100457.145,11:26:44:017,Trial001,Federica Final_WMV_3000Kbps_720p.avi,31,Indigo,88.8617,Eye,65,65,4.0160,4.2668,569.1705653173472,387.4433866254997,572.8349565853769,407.7461609439708,visage1,visage1,0.0000,0.0000,0.0000,0.0000,0.0000,0.0000,,-,-,-,-,-,-,-,-,,,,,,
63472,1100497.004,11:26:44:057,Trial001,Federica Final_WMV_3000Kbps_720p.avi,31,Indigo,88.8617,Eye,65,65,4.1004,4.3966,599.031826545241,380.1939721408153,598.781541471996,411.81720761037246,visage1,visage1,0.0000,0.0000,0.0000,0.0000,0.0000,0.0000,,-,-,-,-,-,-,-,-,,,,,,
90322,1100535.479,16:00:22:409,Trial019,Eye Tracking (ballon gauche).avi,31,MediumSlateBlue,83.4869,Eye,74,68,5.5608,4.7517,612.5574828342027,404.1676892052585,610.6681101145745,378.22479345385517,corps,corps,0.0077,0.4823,-0.8759,-0.0507,0.4503,-0.8915,0,-,-,-,-,-,-,-,-,,,,,,
90324,1100568.831,16:00:22:442,Trial019,Eye Tracking (ballon gauche).avi,31,MediumSlateBlue,83.4869,Eye,74,68,5.5699,4.763,618.4450430091481,374.0659229848464,615.943215223916,392.41294347246026,corps,corps,0.0143,0.4817,-0.8762,-0.0471,0.4487,-0.8924,0,-,-,-,-,-,-,-,-,,,,,,
90326,1100602.22,16:00:22:476,Trial019,Eye Tracking (ballon gauche).avi,31,MediumSlateBlue,83.4869,Eye,74,68,5.5826,4.7629,630.6508817038806,402.69127141358564,618.0755779863629,413.497139315639,corps,corps,0.0085,0.4783,-0.8782,-0.0498,0.4525,-0.8904,0,-,-,-,-,-,-,-,-,,,,,,
63479,1100636.362,11:26:44:196,Trial001,Federica Final_WMV_3000Kbps_720p.avi,31,Indigo,88.8617,Eye,67,66,4.0775,3.8067,628.4255186908543,408.78868160382456,618.9051449948756,391.4403790370791,corps,corps,0.0000,0.0000,0.0000,0.0000,0.0000,0.0000,,-,-,-,-,-,-,-,-,,,,,,
63481,1100676.122,11:26:44:236,Trial001,Federica Final_WMV_3000Kbps_720p.avi,31,Indigo,88.8617,Eye,67,66,4.0549,3.2058,616.0318469929634,353.6055044635849,607.6797370750801,322.4066845264248,corps,corps,0.0000,0.0000,0.0000,0.0000,0.0000,0.0000,,-,-,-,-,-,-,-,-,,,,,,
63483,1100715.994,11:26:44:276,Trial001,Federica Final_WMV_3000Kbps_720p.avi,31,Indigo,88.8617,Eye,67,1,4.0559,3.9520,632.5908303379395,322.30044242233265,627.8367932848932,323.0187138103974,visage1,visage1,0.0000,0.0000,0.0000,0.0000,0.0000,0.0000,,-,-,-,-,-,-,-,-,,,,,,
90335,1100752.497,16:00:22:626,Trial019,Eye Tracking (ballon gauche).avi,31,MediumSlateBlue,83.4869,Eye,74,68,5.6148,4.7955,638.0833525869828,348.7691078308763,630.9820287787483,373.5128507036686,corps,corps,0.0108,0.4824,-0.8759,-0.0522,0.4379,-0.8975,0,-,-,-,-,-,-,-,-,,,,,,
90337,1100785.903,16:00:22:660,Trial019,Eye Tracking (ballon gauche).avi,31,MediumSlateBlue,83.4869,Eye,14,18,0,0,543.4454950266191,343.1081390163846,538.1195021704432,349.9886987025911,-,-,0,0,0,0,0,0,0,-,-,-,-,-,-,-,-,,,,,,
90339,1100819.31,16:00:22:693,Trial019,Eye Tracking (ballon gauche).avi,31,MediumSlateBlue,83.4869,Eye,14,18,0,0,472.4765298509976,351.7176629390058,468.48203520886574,379.9416878799583,-,-,0,0,0,0,0,0,0,-,-,-,-,-,-,-,-,,,,,,
63490,1100855.252,11:26:44:415,Trial001,Federica Final_WMV_3000Kbps_720p.avi,31,Indigo,88.8617,Eye,67,67,3.9890,3.3851,492.72161258350604,321.77520684226863,490.3282431499391,372.46102050545227,corps,corps,0.0000,0.0000,0.0000,0.0000,0.0000,0.0000,,-,-,-,-,-,-,-,-,,,,,,
63492,1100895.126,11:26:44:455,Trial001,Federica Final_WMV_3000Kbps_720p.avi,31,Indigo,88.8617,Eye,67,67,4.0512,3.4690,503.6185802118181,387.583322694323,500.1973133553515,318.2597998715368,corps,corps,0.0000,0.0000,0.0000,0.0000,0.0000,0.0000,,-,-,-,-,-,-,-,-,,,,,,
63494,1100934.864,11:26:44:495,Trial001,Federica Final_WMV_3000Kbps_720p.avi,31,Indigo,88.8617,Eye,67,67,4.1376,3.6090,545.9535534675438,292.14592642678616,538.3536354914335,415.05851822138294,yeux (1),yeux (1),0.0000,0.0000,0.0000,0.0000,0.0000,0.0000,,-,-,-,-,-,-,-,-,,,,,,
90348,1100969.638,16:00:22:843,Trial019,Eye Tracking (ballon gauche).avi,31,MediumSlateBlue,83.4869,Eye,14,18,5.3986,0,474.20341379829233,345.22234473658534,468.50347531620963,366.2305736820627,-,-,-0.6035,0.0713,-0.7941,0,0,0,0,-,-,-,-,-,-,-,-,,,,,,
90350,1101003.044,16:00:22:877,Trial019,Eye Tracking (ballon gauche).avi,31,MediumSlateBlue,83.4869,Eye,14,18,5.4053,4.7107,420.3824569922108,327.46700782167034,416.10750313064875,310.5980437590619,-,-,-0.6011,0.0697,-0.7961,-0.4243,0.0135,-0.9054,0,-,-,-,-,-,-,-,-,,,,,,
90352,1101036.451,16:00:22:910,Trial019,Eye Tracking (ballon gauche).avi,31,MediumSlateBlue,83.4869,Eye,14,18,5.4071,4.7086,380.048714410122,318.1710442574928,376.8424990139505,338.17781710986173,-,-,-0.6116,0.0694,-0.7881,-0.4228,0.0328,-0.9056,0,-,-,-,-,-,-,-,-,,,,,,
63501,1101074.237,11:26:44:634,Trial001,Federica Final_WMV_3000Kbps_720p.avi,31,Indigo,88.8617,Eye,66,66,4.2377,4.4259,445.82001543683083,346.5412807183205,446.7926772444078,341.80752104267674,visage1,visage1,0.0000,0.0000,0.0000,0.0000,0.0000,0.0000,,-,-,-,-,-,-,-,-,,,,,,
63503,1101114.112,11:26:44:674,Trial001,Federica Final_WMV_3000Kbps_720p.avi,31,Indigo,88.8617,Eye,68,69,4.2033,4.2847,498.21806792033215,356.2407973312328,498.23765382123133,317.2864509355407,visage1,visage1,0.0000,0.0000,0.0000,0.0000,0.0000,0.0000,,-,-,-,-,-,-,-,-,,,,,,
90359,1101153.373,16:00:23:027,Trial019,Eye Tracking (ballon gauche).avi,31,MediumSlateBlue,83.4869,Eye,14,18,5.4188,0,438.4503704242645,345.09370832748004,438.46505984993894,268.2836875518967,-,-,-0.6123,0.1251,-0.7807,0,0,0,0,-,-,-,-,-,-,-,-,,,,,,
90361,1101186.779,16:00:23:060,Trial019,Eye Tracking (ballon gauche).avi,31,MediumSlateBlue,83.4869,Eye,14,18,5.4286,0,393.6231068346668,331.5636587928377,393.6341239039226,349.7984649056182,-,-,-0.6104,0.1208,-0.7829,0,0,0,0,-,-,-,-,-,-,-,-,,,,,,
90363,1101220.185,16:00:23:094,Trial019,Eye Tracking (ballon gauche).avi,31,MediumSlateBlue,83.4869,Eye,14,18,5.4336,0,359.9841879095831,371.04338326571235,359.99245071152495,277.5528546767929,-,-,-0.6043,0.1214,-0.7874,0,0,0,0,-,-,-,-,-,-,-,-,,,,,,
90365,1101253.592,16:00:23:127,Trial019,Eye Tracking (ballon gauche).avi,31,MediumSlateBlue,83.4869,Eye,14,18,5.4318,0,334.71479878506,313.6427071760877,334.7209958865164,328.1154272312523,-,-,-0.615,0.1288,-0.7779,0,0,0,0,-,-,-,-,-,-,-,-,,,,,,
63512,1101293.328,11:26:44:853,Trial001,Federica Final_WMV_3000Kbps_720p.avi,31,Indigo,88.8617,Eye,67,67,4.2459,4.4912,417.42135649425495,276.1374231667847,415.2286212419775,323.0341422272218,visage1,visage1,0.0000,0.0000,0.0000,0.0000,0.0000,0.0000,,-,-,-,-,-,-,-,-,,,,,,
63516,1101372.91,11:26:44:933,Trial001,Federica Final_WMV_3000Kbps_720p.avi,31,Indigo,88.8617,Eye,67,67,4.1932,4.4444,477.5028489727001,289.1665407873901,473.6724442772288,352.2418460390269,visage1,visage1,0.0000,0.0000,0.0000,0.0000,0.0000,0.0000,,-,-,-,-,-,-,-,-,,,,,,
63520,1101452.507,11:26:45:012,Trial001,Federica Final_WMV_3000Kbps_720p.avi,31,Indigo,88.8617,Eye,67,67,4.1931,4.4869,523.430006677408,366.0711816973505,515.5206400150101,363.2794708599958,visage1,visage1,0.0000,0.0000,0.0000,0.0000,0.0000,0.0000,,-,-,-,-,-,-,-,-,,,,,,
63524,1101532.152,11:26:45:092,Trial001,Federica Final_WMV_3000Kbps_720p.avi,31,Indigo,88.8617,Eye,67,67,4.1166,4.3696,550.3372343354275,347.3933240022983,553.336356645779,342.6652106210501,visage1,visage1,0.0000,0.0000,0.0000,0.0000,0.0000,0.0000,,-,-,-,-,-,-,-,-,,,,,,
63528,1101611.734,11:26:45:172,Trial001,Federica Final_WMV_3000Kbps_720p.avi,31,Indigo,88.8617,Eye,69,70,4.0508,3.7376,593.7017653621806,378.0025079746414,591.6989307771647,365.5718926458938,visage1,visage1,0.0000,0.0000,0.0000,0.0000,0.0000,0.0000,,-,-,-,-,-,-,-,-,,,,,,
63532,1101691.409,11:26:45:251,Trial001,Federica Final_WMV_3000Kbps_720p.avi,31,Indigo,88.8617,Eye,68,68,3.9853,4.0511,611.1562273147263,375.9329197315701,600.8834072282335,332.19355753370553,visage1,visage1,0.0000,0.0000,0.0000,0.0000,0.0000,0.0000,,-,-,-,-,-,-,-,-,,,,,,
63536,1101771.024,11:26:45:331,Trial001,Federica Final_WMV_3000Kbps_720p.avi,31,Indigo,88.8617,Eye,68,68,3.9805,4.1347,620.7613978842596,385.3900991401329,606.5452012380034,370.86139483808563,visage1,visage1,0.0000,0.0000,0.0000,0.0000,0.0000,0.0000,,-,-,-,-,-,-,-,-,,,,,,
63540,1101850.65,11:26:45:411,Trial001,Federica Final_WMV_3000Kbps_720p.avi,31,Indigo,88.8617,Eye,68,68,4.0649,4.0981,632.6897959385516,454.5603564871868,622.4544684095447,359.49323381558656,visage1,visage1,0.0000,0.0000,0.0000,0.0000,0.0000,0.0000,,-,-,-,-,-,-,-,-,,,,,,
63544,1101930.276,11:26:45:490,Trial001,Federica Final_WMV_3000Kbps_720p.avi,31,Indigo,88.8617,Eye,68,68,4.0313,4.0858,629.6468776663547,382.0136998564086,629.1243732396831,314.76492244270537,visage1,visage1,0.0000,0.0000,0.0000,0.0000,0.0000,0.0000,,-,-,-,-,-,-,-,-,,,,,,
63548,1102009.872,11:26:45:570,Trial001,Federica Final_WMV_3000Kbps_720p.avi,31,Indigo,88.8617,Eye,68,68,4.0529,4.1551,645.9413790760246,365.39029315708024,639.065469635497,342.4858622032823,visage1,visage1,0.0000,0.0000,0.0000,0.0000,0.0000,0.0000,,-,-,-,-,-,-,-,-,,,,,,
63552,1102089.487,11:26:45:649,Trial001,Federica Final_WMV_3000Kbps_720p.avi,31,Indigo,88.8617,Eye,68,68,4.0684,4.2595,651.7282237811833,412.93186420140137,655.5804903958291,341.390074462631,visage1,visage1,0.0000,0.0000,0.0000,0.0000,0.0000,0.0000,,-,-,-,-,-,-,-,-,,,,,,
63556,1102169.108,11:26:45:729,Trial001,Federica Final_WMV_3000Kbps_720p.avi,31,Indigo,88.8617,Eye,69,69,4.0355,4.0787,565.3346097028932,378.2228684105608,574.0460286143233,361.9887890583687,chien (1),chien (1),0.0000,0.0000,0.0000,0.0000,0.0000,0.0000,,-,-,-,-,-,-,-,-,,,,,,
63560,1102248.73,11:26:45:809,Trial001,Federica Final_WMV_3000Kbps_720p.avi,31,Indigo,88.8617,Eye,69,69,4.0456,4.1671,491.12477731120396,352.1722109452992,502.3440378768158,365.8969083175773,-,-,0.0000,0.0000,0.0000,0.0000,0.0000,0.0000,,-,-,-,-,-,-,-,-,,,,,,
63564,1102328.343,11:26:45:888,Trial001,Federica Final_WMV_3000Kbps_720p.avi,31,Indigo,88.8617,Eye,71,72,3.9765,4.3083,440.2740103834126,401.09958629309835,445.0771826733452,417.0614800403114,-,-,0.0000,0.0000,0.0000,0.0000,0.0000,0.0000,,-,-,-,-,-,-,-,-,,,,,,
63568,1102407.976,11:26:45:968,Trial001,Federica Final_WMV_3000Kbps_720p.avi,31,Indigo,88.8617,Eye,71,72,4.2768,4.7891,409.51283215069867,396.03736349765205,413.6893586170838,389.29861491146266,chien (1),chien (1),0.0000,0.0000,0.0000,0.0000,0.0000,0.0000,,-,-,-,-,-,-,-,-,,,,,,
63572,1102487.591,11:26:46:047,Trial001,Federica Final_WMV_3000Kbps_720p.avi,31,Indigo,88.8617,Eye,71,72,4.1669,4.8526,450.89150673679717,356.37469017217205,465.73896016656136,408.13610539291733,corps,corps,0.0000,0.0000,0.0000,0.0000,0.0000,0.0000,,-,-,-,-,-,-,-,-,,,,,,
63576,1102567.227,11:26:46:127,Trial001,Federica Final_WMV_3000Kbps_720p.avi,31,Indigo,88.8617,Eye,70,70,4.0962,4.7909,509.96453386898486,413.69258766317836,525.0430704608789,382.7061101706126,visage1,visage1,0.0000,0.0000,0.0000,0.0000,0.0000,0.0000,,-,-,-,-,-,-,-,-,,,,,,
63580,1102646.849,11:26:46:207,Trial001,Federica Final_WMV_3000Kbps_720p.avi,31,Indigo,88.8617,Eye,70,70,4.1390,4.6726,570.1374690802448,461.12590570047894,572.3204449658285,393.0851011758483,visage1,visage1,0.0000,0.0000,0.0000,0.0000,0.0000,0.0000,,-,-,-,-,-,-,-,-,,,,,,
63584,1102726.464,11:26:46:286,Trial001,Federica Final_WMV_3000Kbps_720p.avi,31,Indigo,0.0,Eye,70,70,4.1185,4.7157,615.2671704886899,449.7324524790429,607.7784758445408,414.88748080030564,visage1,visage1,0.0000,0.0000,0.0000,0.0000,0.0000,0.0000,,-,-,-,-,-,-,-,-,,,,,,
63588,1102806.089,11:26:46:366,Trial001,Federica Final_WMV_3000Kbps_720p.avi,31,Indigo,0.0,Eye,70,70,4.0909,4.6797,649.1144465450236,360.2922567519608,634.371999003575,426.742209479189,visage1,visage1,0.0000,0.0000,0.0000,0.0000,0.0000,0.0000,,-,-,-,-,-,-,-,-,,,,,,
63592,1102885.707,11:26:46:446,Trial001,Federica Final_WMV_3000Kbps_720p.avi,31,Indigo,0.0,Eye,70,70,4.2237,4.5354,674.4999035872739,424.03755069035816,654.3171413728506,362.0346038187999,visage1,visage1,0.0000,0.0000,0.0000,0.0000,0.0000,0.0000,,-,-,-,-,-,-,-,-,,,,,,
63596,1102965.336,11:26:46:525,Trial001,Federica Final_WMV_3000Kbps_720p.avi,31,Indigo,0.0,Eye,70,70,4.1115,4.3961,,,,,visage1,visage1,0.0000,0.0000,0.0000,0.0000,0.0000,0.0000,,-,-,-,-,-,-,-,-,,,,,,
63600,1103044.965,11:26:46:605,Trial001,Federica Final_WMV_3000Kbps_720p.avi,31,Indigo,0.0,Eye,72,73,4.0489,4.1376,,,,,chat (1),chat (1),0.0000,0.0000,0.0000,0.0000,0.0000,0.0000,,-,-,-,-,-,-,-,-,,,,,,
63604,1103124.588,11:26:46:684,Trial001,Federica Final_WMV_3000Kbps_720p.avi,31,Indigo,0.0,Eye,72,73,3.9774,4.1954,,,,,corps,corps,0.0000,0.0000,0.0000,0.0000,0.0000,0.0000,,-,-,-,-,-,-,-,-,,,,,,
63608,1103204.194,11:26:46:764,Trial001,Federica Final_WMV_3000Kbps_720p.avi,31,Indigo,0.0,Eye,72,73,4.0108,3.5884,,,,,corps,corps,0.0000,0.0000,0.0000,0.0000,0.0000,0.0000,,-,-,-,-,-,-,-,-,,,,,,
63612,1103283.818,11:26:46:844,Trial001,Federica Final_WMV_3000Kbps_720p.avi,31,Indigo,0.0,Eye,72,73,3.9482,3.9713,,,,,visage1,visage1,0.0000,0.0000,0.0000,0.0000,0.0000,0.0000,,-,-,-,-,-,-,-,-,,,,,,
63616,1103363.445,11:26:46:923,Trial001,Federica Final_WMV_3000Kbps_720p.avi,31,Indigo,0.0,Eye,71,71,3.9542,4.0933,,,,,visage1,visage1,0.0000,0.0000,0.0000,0.0000,0.0000,0.0000,,-,-,-,-,-,-,-,-,,,,,,
63620,1103443.072,11:26:47:003,Trial001,Federica Final_WMV_3000Kbps_720p.avi,31,Indigo,0.0,Eye,71,71,3.9163,4.0491,,,,,visage1,visage1,0.0000,0.0000,0.0000,0.0000,0.0000,0.0000,,-,-,-,-,-,-,-,-,,,,,,
63624,1103522.69,11:26:47:083,Trial001,Federica Final_WMV_3000Kbps_720p.avi,31,Indigo,0.0,Eye,71,71,3.9101,4.1215,,,,,visage1,visage1,0.0000,0.0000,0.0000,0.0000,0.0000,0.0000,,-,-,-,-,-,-,-,-,,,,,,
63628,1103602.319,11:26:47:162,Trial001,Federica Final_WMV_3000Kbps_720p.avi,31,Indigo,0.0,Eye,72,72,3.9058,4.1216,,,,,visage1,visage1,0.0000,0.0000,0.0000,0.0000,0.0000,0.0000,,-,-,-,-,-,-,-,-,,,,,,
63632,1103681.944,11:26:47:242,Trial001,Federica Final_WMV_3000Kbps_720p.avi,31,Indigo,0.0,Eye,72,72,4.0053,4.2466,,,,,visage1,visage1,0.0000,0.0000,0.0000,0.0000,0.0000,0.0000,,-,-,-,-,-,-,-,-,,,,,,
63636,1103761.441,11:26:47:321,Trial001,Federica Final_WMV_3000Kbps_720p.avi,31,Indigo,0.0,Eye,72,72,4.0554,4.2118,,,,,visage1,visage1,0.0000,0.0000,0.0000,0.0000,0.0000,0.0000,,-,-,-,-,-,-,-,-,,,,,,
63640,1103841.066,11:26:47:401,Trial001,Federica Final_WMV_3000Kbps_720p.avi,31,Indigo,0.0,Eye,72,72,4.0693,4.2022,,,,,visage1,visage1,0.0000,0.0000,0.0000,0.0000,0.0000,0.0000,,-,-,-,-,-,-,-,-,,,,,,
63644,1103920.566,11:26:47:480,Trial001,Federica Final_WMV_3000Kbps_720p.avi,31,Indigo,0.0,Eye,72,72,4.0907,4.2029,,,,,visage1,visage1,0.0000,0.0000,0.0000,0.0000,0.0000,0.0000,,-,-,-,-,-,-,-,-,,,,,,
63648,1104000.18,11:26:47:560,Trial001,Federica Final_WMV_3000Kbps_720p.avi,31,Indigo,0.0,Eye,74,75,4.0789,4.1901,,,,,visage1,visage1,0.0000,0.0000,0.0000,0.0000,0.0000,0.0000,,-,-,-,-,-,-,-,-,,,,,,
63652,1104079.676,11:26:47:640,Trial001,Federica Final_WMV_3000Kbps_720p.avi,31,Indigo,88.8617,Eye,74,75,4.0128,3.6252,337.8150996028546,364.62489988043455,334.88452759181973,348.97653971270955,chien (1),chien (1),0.0000,0.0000,0.0000,0.0000,0.0000,0.0000,,-,-,-,-,-,-,-,-,,,,,,
63656,1104159.319,11:26:47:719,Trial001,Federica Final_WMV_3000Kbps_720p.avi,31,Indigo,88.8617,Eye,74,76,3.9256,3.7347,334.09482764084316,357.3668075778646,339.01056115980435,413.4781212236282,chien (1),chien (1),0.0000,0.0000,0.0000,0.0000,0.0000,0.0000,,-,-,-,-,-,-,-,-,,,,,,
63660,1104238.811,11:26:47:799,Trial001,Federica Final_WMV_3000Kbps_720p.avi,31,Indigo,88.8617,Eye,74,76,3.8989,3.8724,325.92036662893753,404.2923740787046,331.2955045771818,347.057642227553,chien (1),chien (1),0.0000,0.0000,0.0000,0.0000,0.0000,0.0000,,-,-,-,-,-,-,-,-,,,,,,
63664,1104318.309,11:26:47:878,Trial001,Federica Final_WMV_3000Kbps_720p.avi,31,Indigo,88.8617,Eye,74,76,3.9414,2.9451,358.14115727863935,420.9706294494416,354.522849910449,401.16270374741066,corps,corps,0.0000,0.0000,0.0000,0.0000,0.0000,0.0000,,-,-,-,-,-,-,-,-,,,,,,
63668,1104397.942,11:26:47:958,Trial001,Federica Final_WMV_3000Kbps_720p.avi,31,Indigo,88.8617,Eye,74,76,3.9186,3.7239,345.723791223612,435.54177736407684,350.1514519142721,352.88566715986184,chien (1),chien (1),0.0000,0.0000,0.0000,0.0000,0.0000,0.0000,,-,-,-,-,-,-,-,-,,,,,,
63672,1104477.433,11:26:48:037,Trial001,Federica Final_WMV_3000Kbps_720p.avi,31,Indigo,88.8617,Eye,74,76,3.7518,3.7322,346.2800812682917,405.5693088474031,350.349742207919,366.76562813744283,chien (1),chien (1),0.0000,0.0000,0.0000,0.0000,0.0000,0.0000,,-,-,-,-,-,-,-,-,,,,,,
63676,1104557.055,11:26:48:117,Trial001,Federica Final_WMV_3000Kbps_720p.avi,31,Indigo,88.8617,Eye,73,73,3.7835,3.6545,330.79242077516454,452.8877131279739,341.6810620231115,376.208165979666,chien (1),chien (1),0.0000,0.0000,0.0000,0.0000,0.0000,0.0000,,-,-,-,-,-,-,-,-,,,,,,
63680,1104636.566,11:26:48:196,Trial001,Federica Final_WMV_3000Kbps_720p.avi,31,Indigo,88.8617,Eye,75,77,3.8052,3.2625,330.34617436696834,429.66986690416644,334.7534077551405,395.2365082059342,chien (1),chien (1),0.0000,0.0000,0.0000,0.0000,0.0000,0.0000,,-,-,-,-,-,-,-,-,,,,,,
63684,1104716.181,11:26:48:276,Trial001,Federica Final_WMV_3000Kbps_720p.avi,31,Indigo,88.8617,Eye,74,78,3.6741,3.5176,334.92724256928835,390.632177110342,339.64457594901126,395.2963848904084,chien (1),chien (1),0.0000,0.0000,0.0000,0.0000,0.0000,0.0000,,-,-,-,-,-,-,-,-,,,,,,
63688,1104795.675,11:26:48:356,Trial001,Federica Final_WMV_3000Kbps_720p.avi,31,Indigo,88.8617,Eye,74,2,3.7374,3.4012,335.42581171448626,404.111680451044,336.1120754732808,434.4147214857942,chien (1),chien (1),0.0000,0.0000,0.0000,0.0000,0.0000,0.0000,,-,-,-,-,-,-,-,-,,,,,,
63692,1104875.299,11:26:48:435,Trial001,Federica Final_WMV_3000Kbps_720p.avi,31,Indigo,88.8617,Eye,74,2,3.7146,3.4012,336.4532047987481,346.84802137844486,345.14103553710714,361.89015645382966,chien (1),chien (1),0.0000,0.0000,0.0000,0.0000,0.0000,0.0000,,-,-,-,-,-,-,-,-,,,,,,
63696,1104954.789,11:26:48:515,Trial001,Federica Final_WMV_3000Kbps_720p.avi,31,Indigo,88.8617,Eye,1,2,3.7253,3.4012,316.4804343117019,377.11308445985804,317.97042304506084,361.8250227833328,-,-,0.0000,0.0000,0.0000,0.0000,0.0000,0.0000,,-,-,-,-,-,-,-,-,,,,,,
63700,1105156.25,11:26:48:716,Trial001,Federica Final_WMV_3000Kbps_720p.avi,31,Indigo,88.8617,Eye,1,2,3.7253,3.4012,302.09637458420474,315.22815161189226,303.2138661342239,350.18414177116995,-,-,0.0000,0.0000,0.0000,0.0000,0.0000,0.0000,,-,-,-,-,-,-,-,-,,,,,,
63704,1105332.4,11:26:48:892,Trial001,Federica Final_WMV_3000Kbps_720p.avi,31,Indigo,88.8617,Eye,1,2,3.7253,3.4012,291.299105310091,361.50280921661744,292.1372239726054,389.5896812475717,-,-,0.0000,0.0000,0.0000,0.0000,0.0000,0.0000,,-,-,-,-,-,-,-,-,,,,,,
63708,1105508.622,11:26:49:068,Trial001,Federica Final_WMV_3000Kbps_720p.avi,31,Indigo,88.8617,Eye,1,2,3.7253,3.4012,283.2228567973622,324.7065768666639,283.851445794248,339.3263262875795,-,-,0.0000,0.0000,0.0000,0.0000,0.0000,0.0000,,-,-,-,-,-,-,-,-,,,,,,
63712,1105684.739,11:26:49:245,Trial001,Federica Final_WMV_3000Kbps_720p.avi,31,Indigo,88.8617,Eye,1,2,3.7253,3.4012,277.18917265342134,359.6373680135708,277.6606144010857,337.71838273518927,-,-,0.0000,0.0000,0.0000,0.0000,0.0000,0.0000,,-,-,-,-,-,-,-,-,,,,,,
63716,1105860.862,11:26:49:421,Trial001,Federica Final_WMV_3000Kbps_720p.avi,31,Indigo,88.8617,Eye,1,2,3.7253,3.4012,272.6816980574502,293.73586121352173,273.0352793681985,354.847284606,-,-,0.0000,0.0000,0.0000,0.0000,0.0000,0.0000,,-,-,-,-,-,-,-,-,,,,,,
63720,1106037.109,11:26:49:597,Trial001,Federica Final_WMV_3000Kbps_720p.avi,31,Indigo,88.8617,Eye,1,2,3.7253,3.4012,269.2858291735417,328.0043745745723,269.5510151566029,380.59514948357156,-,-,0.0000,0.0000,0.0000,0.0000,0.0000,0.0000,,-,-,-,-,-,-,-,-,,,,,,
63724,1106213.262,11:26:49:773,Trial001,Federica Final_WMV_3000Kbps_720p.avi,31,Indigo,88.8617,Eye,1,2,3.7253,3.4012,266.69743799895497,286.86615807680664,266.89632748625087,313.74657240847563,-,-,0.0000,0.0000,0.0000,0.0000,0.0000,0.0000,,-,-,-,-,-,-,-,-,,,,,,
63728,1106389.353,11:26:49:949,Trial001,Federica Final_WMV_3000Kbps_720p.avi,31,Indigo,88.8617,Eye,1,2,3.7253,3.4012,264.7726323865323,268.8134173044004,264.92179950200415,278.37932319281947,-,-,0.0000,0.0000,0.0000,0.0000,0.0000,0.0000,,-,-,-,-,-,-,-,-,,,,,,
63732,1106565.614,11:26:50:125,Trial001,Federica Final_WMV_3000Kbps_720p.avi,31,Indigo,88.8617,Eye,1,2,3.7253,3.4012,263.33711501194506,334.9481639846199,263.448990348549,345.4960823237231,-,-,0.0000,0.0000,0.0000,0.0000,0.0000,0.0000,,-,-,-,-,-,-,-,-,,,,,,
63736,1106741.744,11:26:50:302,Trial001,Federica Final_WMV_3000Kbps_720p.avi,31,Indigo,88.8617,Eye,1,2,3.7253,3.4012,262.30783778627585,337.7861482298213,262.39174428872883,313.6120587242045,-,-,0.0000,0.0000,0.0000,0.0000,0.0000,0.0000,,-,-,-,-,-,-,-,-,,,,,,
63740,1106917.839,11:26:50:478,Trial001,Federica Final_WMV_3000Kbps_720p.avi,31,Indigo,88.8617,Eye,1,2,3.7253,3.4012,261.54233102189625,309.3240784044275,261.60526089873593,324.1352582196219,-,-,0.0000,0.0000,0.0000,0.0000,0.0000,0.0000,,-,-,-,-,-,-,-,-,,,,,,
63744,1107093.98,11:26:50:654,Trial001,Federica Final_WMV_3000Kbps_720p.avi,31,Indigo,88.8617,Eye,1,2,3.7253,3.4012,261.02508893487914,266.201017975013,261.0722863425089,302.3354267726214,-,-,0.0000,0.0000,0.0000,0.0000,0.0000,0.0000,,-,-,-,-,-,-,-,-,,,,,,
63748,1107270.213,11:26:50:830,Trial001,Federica Final_WMV_3000Kbps_720p.avi,31,Indigo,88.8617,Eye,1,2,3.7253,3.4012,260.6683049217424,338.4338203933054,260.70370297746473,325.86232746255286,-,-,0.0000,0.0000,0.0000,0.0000,0.0000,0.0000,,-,-,-,-,-,-,-,-,,,,,,
63752,1107446.338,11:26:51:006,Trial001,Federica Final_WMV_3000Kbps_720p.avi,31,Indigo,88.8617,Eye,1,2,3.7253,3.4012,260.3707123868965,273.74606941338163,260.3972609286882,243.53728683465505,-,-,0.0000,0.0000,0.0000,0.0000,0.0000,0.0000,,-,-,-,-,-,-,-,-,,,,,,
63756,1107622.487,11:26:51:182,Trial001,Federica Final_WMV_3000Kbps_720p.avi,31,Indigo,88.8617,Eye,1,2,3.7253,3.4012,260.17816880439324,356.57860484118027,260.1980802107371,290.5118012621391,-,-,0.0000,0.0000,0.0000,0.0000,0.0000,0.0000,,-,-,-,-,-,-,-,-,,,,,,
63760,1107798.7,11:26:51:359,Trial001,Federica Final_WMV_3000Kbps_720p.avi,31,Indigo,88.8617,Eye,1,2,3.7253,3.4012,260.06528288029904,264.2253432188558,260.0802164350569,253.72991436696753,-,-,0.0000,0.0000,0.0000,0.0000,0.0000,0.0000,,-,-,-,-,-,-,-,-,,,,,,
63764,1107974.827,11:26:51:535,Trial001,Federica Final_WMV_3000Kbps_720p.avi,31,Indigo,88.8617,Eye,1,2,3.7253,3.4012,259.93714680799695,293.33249160946116,259.9483469740653,299.63437092522895,-,-,0.0000,0.0000,0.0000,0.0000,0.0000,0.0000,,-,-,-,-,-,-,-,-,,,,,,
63768,1108150.943,11:26:51:711,Trial001,Federica Final_WMV_3000Kbps_720p.avi,31,Indigo,88.8617,Eye,1,2,3.7253,3.4012,259.8379215510925,274.1081636067579,259.8463216756438,325.29354965701026,-,-,0.0000,0.0000,0.0000,0.0000,0.0000,0.0000,,-,-,-,-,-,-,-,-,,,,,,
63772,1108327.193,11:26:51:887,Trial001,Federica Final_WMV_3000Kbps_720p.avi,31,Indigo,88.8617,Eye,1,2,3.7253,3.4012,259.7575414913706,240.86793043270725,259.7638415847841,329.8656693759267,-,-,0.0000,0.0000,0.0000,0.0000,0.0000,0.0000,,-,-,-,-,-,-,-,-,,,,,,
63776,1108503.343,11:26:52:063,Trial001,Federica Final_WMV_3000Kbps_720p.avi,31,Indigo,88.8617,Eye,1,2,3.7253,3.4012,259.7030463558213,310.2458201828437,259.7077714258814,322.98256135236943,-,-,0.0000,0.0000,0.0000,0.0000,0.0000,0.0000,,-,-,-,-,-,-,-,-,,,,,,
63780,1108679.437,11:26:52:239,Trial001,Federica Final_WMV_3000Kbps_720p.avi,31,Indigo,88.8617,Eye,1,2,3.7253,3.4012,259.66068221063614,280.9057840506707,259.66422601318123,243.74162398222063,-,-,0.0000,0.0000,0.0000,0.0000,0.0000,0.0000,,-,-,-,-,-,-,-,-,,,,,,
63784,1108855.687,11:26:52:416,Trial001,Federica Final_WMV_3000Kbps_720p.avi,31,Indigo,88.8617,Eye,1,2,3.7253,3.4012,259.5986417520338,330.9233446208899,259.60129960394266,267.3368515240014,-,-,0.0000,0.0000,0.0000,0.0000,0.0000,0.0000,,-,-,-,-,-,-,-,-,,,,,,
63788,1109031.807,11:26:52:592,Trial001,Federica Final_WMV_3000Kbps_720p.avi,31,Indigo,88.8617,Eye,1,2,3.7253,3.4012,259.56274492192455,268.8664671497953,259.5647383108562,331.374782035027,-,-,0.0000,0.0000,0.0000,0.0000,0.0000,0.0000,,-,-,-,-,-,-,-,-,,,,,,
63792,1109207.934,11:26:52:768,Trial001,Federica Final_WMV_3000Kbps_720p.avi,31,Indigo,88.8617,Eye,1,2,3.7253,3.4012,259.5719881908022,281.78442955443103,259.5734832325009,247.1942184384148,-,-,0.0000,0.0000,0.0000,0.0000,0.0000,0.0000,,-,-,-,-,-,-,-,-,,,,,,
63796,1109384.081,11:26:52:944,Trial001,Federica Final_WMV_3000Kbps_720p.avi,31,Indigo,88.8617,Eye,1,2,3.7253,3.4012,259.60384734820656,336.9716695655783,259.6049686294806,296.22610397278953,-,-,0.0000,0.0000,0.0000,0.0000,0.0000,0.0000,,-,-,-,-,-,-,-,-,,,,,,
63800,1109560.295,11:26:53:120,Trial001,Federica Final_WMV_3000Kbps_720p.avi,31,Indigo,88.8617,Eye,1,2,3.7253,3.4012,259.59299800897924,322.85214393867807,259.5938389699348,275.4638046497382,-,-,0.0000,0.0000,0.0000,0.0000,0.0000,0.0000,,-,-,-,-,-,-,-,-,,,,,,
63804,1109736.426,11:26:53:296,Trial001,Federica Final_WMV_3000Kbps_720p.avi,31,Indigo,88.8617,Eye,1,2,3.7253,3.4012,259.60963432877213,322.31141970690373,259.61026504948876,268.13519296042665,-,-,0.0000,0.0000,0.0000,0.0000,0.0000,0.0000,,-,-,-,-,-,-,-,-,,,,,,
63808,1110022.986,11:26:53:583,Trial001,Federica Final_WMV_3000Kbps_720p.avi,31,Indigo,88.8617,Eye,1,2,3.7253,3.4012,345.37105503068284,364.06368084351993,350.4137370184074,233.9006844779102,corps,corps,0.0000,0.0000,0.0000,0.0000,0.0000,0.0000,,-,-,-,-,-,-,-,-,,,,,,
63812,1110102.616,11:26:53:662,Trial001,Federica Final_WMV_3000Kbps_720p.avi,31,Indigo,88.8617,Eye,76,-,4.3550,2.9910,384.36461738150234,349.39816037843684,383.8025354352528,321.7696927497916,corps,corps,0.0000,0.0000,0.0000,0.0000,0.0000,0.0000,,-,-,-,-,-,-,-,-,,,,,,
63816,1110182.095,11:26:53:742,Trial001,Federica Final_WMV_3000Kbps_720p.avi,31,Indigo,88.8617,Eye,2,-,4.1667,3.3436,431.33797353450245,341.61252563974625,427.63416733942734,374.24610611474986,corps,corps,0.0000,0.0000,0.0000,0.0000,0.0000,0.0000,,-,-,-,-,-,-,-,-,,,,,,
63820,1110261.587,11:26:53:821,Trial001,Federica Final_WMV_3000Kbps_720p.avi,31,Indigo,88.8617,Eye,2,-,4.1667,5.0740,388.357622070057,377.86389443321025,385.5797674237507,324.97991092549637,-,-,0.0000,0.0000,0.0000,0.0000,0.0000,0.0000,,-,-,-,-,-,-,-,-,,,,,,
63824,1110341.213,11:26:53:901,Trial001,Federica Final_WMV_3000Kbps_720p.avi,31,Indigo,88.8617,Eye,2,3,4.1667,4.0764,356.086850918755,306.2827438932193,354.0034599340252,344.63025263958434,-,-,0.0000,0.0000,0.0000,0.0000,0.0000,0.0000,,-,-,-,-,-,-,-,-,,,,,,
63828,1110676.691,11:26:54:237,Trial001,Federica Final_WMV_3000Kbps_720p.avi,31,Indigo,88.8617,Eye,75,4,4.2972,4.2529,430.7936385275764,287.52910455000404,435.1434196041395,355.37584741027615,visage1,visage1,0.0000,0.0000,0.0000,0.0000,0.0000,0.0000,,-,-,-,-,-,-,-,-,,,,,,
63832,1110756.323,11:26:54:316,Trial001,Federica Final_WMV_3000Kbps_720p.avi,31,Indigo,88.8617,Eye,75,4,4.2064,4.2529,487.48434668952325,327.5895961685513,488.8449017073589,356.21867204056565,visage1,visage1,0.0000,0.0000,0.0000,0.0000,0.0000,0.0000,,-,-,-,-,-,-,-,-,,,,,,
63836,1110835.955,11:26:54:396,Trial001,Federica Final_WMV_3000Kbps_720p.avi,31,Indigo,88.8617,Eye,75,4,4.2371,4.2529,525.7702602936242,447.91130817315064,531.0672559404838,346.3709621815571,visage1,visage1,0.0000,0.0000,0.0000,0.0000,0.0000,0.0000,,-,-,-,-,-,-,-,-,,,,,,
63840,1110915.574,11:26:54:475,Trial001,Federica Final_WMV_3000Kbps_720p.avi,31,Indigo,88.8617,Eye,75,4,4.1729,4.2529,557.5571350810202,426.6843304659032,559.3488173956857,361.1447441550144,visage1,visage1,0.0000,0.0000,0.0000,0.0000,0.0000,0.0000,,-,-,-,-,-,-,-,-,,,,,,
63844,1110995.192,11:26:54:555,Trial001,Federica Final_WMV_3000Kbps_720p.avi,31,Indigo,88.8617,Eye,77,81,4.2686,4.1140,590.9459413438783,368.48433842329274,600.8290925101667,366.4001507059231,visage1,visage1,0.0000,0.0000,0.0000,0.0000,0.0000,0.0000,,-,-,-,-,-,-,-,-,,,,,,
63848,1111074.82,11:26:54:635,Trial001,Federica Final_WMV_3000Kbps_720p.avi,31,Indigo,88.8617,Eye,77,81,4.0304,3.7422,640.3359657561705,361.0120839953502,650.0808042897763,331.21160545874744,corps,corps,0.0000,0.0000,0.0000,0.0000,0.0000,0.0000,,-,-,-,-,-,-,-,-,,,,,,
63852,1111154.438,11:26:54:714,Trial001,Federica Final_WMV_3000Kbps_720p.avi,31,Indigo,88.8617,Eye,77,81,3.8219,3.3288,587.4588532515892,349.4573776644836,590.1917892957724,328.07957944645966,-,-,0.0000,0.0000,0.0000,0.0000,0.0000,0.0000,,-,-,-,-,-,-,-,-,,,,,,
63856,1111234.063,11:26:54:794,Trial001,Federica Final_WMV_3000Kbps_720p.avi,31,Indigo,88.8617,Eye,77,81,4.3186,2.7244,602.4860552502663,412.0444541050085,604.2651537652853,383.54764530175896,visage1,visage1,0.0000,0.0000,0.0000,0.0000,0.0000,0.0000,,-,-,-,-,-,-,-,-,,,,,,
63860,1111313.692,11:26:54:874,Trial001,Federica Final_WMV_3000Kbps_720p.avi,31,Indigo,88.8617,Eye,76,74,4.2799,3.3330,562.7663152702987,374.8706711781299,566.1556178773178,386.1787385049679,-,-,0.0000,0.0000,0.0000,0.0000,0.0000,0.0000,,-,-,-,-,-,-,-,-,,,,,,
63864,1111393.323,11:26:54:953,Trial001,Federica Final_WMV_3000Kbps_720p.avi,31,Indigo,88.8617,Eye,76,74,4.3678,3.1859,542.8587486945837,323.30229483233256,542.4039329802614,386.4798292760661,corps,corps,0.0000,0.0000,0.0000,0.0000,0.0000,0.0000,,-,-,-,-,-,-,-,-,,,,,,
63868,1111472.929,11:26:55:033,Trial001,Federica Final_WMV_3000Kbps_720p.avi,31,Indigo,88.8617,Eye,78,82,4.3073,3.6038,540.738375975804,420.6290314477899,549.2324863383864,331.4815886947921,corps,corps,0.0000,0.0000,0.0000,0.0000,0.0000,0.0000,,-,-,-,-,-,-,-,-,,,,,,
63872,1111552.566,11:26:55:112,Trial001,Federica Final_WMV_3000Kbps_720p.avi,31,Indigo,88.8617,Eye,78,82,4.3789,2.7868,541.849094200942,350.66293531008466,544.4880929184236,374.5823553941305,corps,corps,0.0000,0.0000,0.0000,0.0000,0.0000,0.0000,,-,-,-,-,-,-,-,-,,,,,,
63876,1111632.19,11:26:55:192,Trial001,Federica Final_WMV_3000Kbps_720p.avi,31,Indigo,88.8617,Eye,78,82,4.3346,4.1117,645.2727235895253,396.42707451858604,648.2491864878996,396.56533889532676,pointage chat,pointage chat,0.0000,0.0000,0.0000,0.0000,0.0000,0.0000,,-,-,-,-,-,-,-,-,,,,,,
63880,1111711.812,11:26:55:272,Trial001,Federica Final_WMV_3000Kbps_720p.avi,31,Indigo,88.8617,Eye,77,75,4.3688,4.4072,731.7341159541859,406.6369674515954,734.8893530530306,358.0474334570305,-,-,0.0000,0.0000,0.0000,0.0000,0.0000,0.0000,,-,-,-,-,-,-,-,-,,,,,,
63884,1111791.559,11:26:55:351,Trial001,Federica Final_WMV_3000Kbps_720p.avi,31,Indigo,88.8617,Eye,77,75,4.3587,4.5354,784.213365549159,396.6917807285214,792.734880099755,381.54248166227603,chat (1),chat (1),0.0000,0.0000,0.0000,0.0000,0.0000,0.0000,,-,-,-,-,-,-,-,-,,,,,,
63888,1111871.186,11:26:55:431,Trial001,Federica Final_WMV_3000Kbps_720p.avi,31,Indigo,88.8617,Eye,77,75,4.3195,4.5681,835.8994061001604,388.38763905795446,837.5633368770241,387.12540011119086,chat (1),chat (1),0.0000,0.0000,0.0000,0.0000,0.0000,0.0000,,-,-,-,-,-,-,-,-,,,,,,
63892,1111950.813,11:26:55:511,Trial001,Federica Final_WMV_3000Kbps_720p.avi,31,Indigo,88.8617,Eye,78,76,4.3294,4.5956,793.3507238322771,455.45336433107747,791.4319932889196,417.9253806558071,pointage chat,pointage chat,0.0000,0.0000,0.0000,0.0000,0.0000,0.0000,,-,-,-,-,-,-,-,-,,,,,,
63896,1112030.445,11:26:55:590,Trial001,Federica Final_WMV_3000Kbps_720p.avi,31,Indigo,88.8617,Eye,78,76,4.3342,4.6000,762.1668956600167,418.43515546299494,763.4577682872053,399.2832012266504,visage1,visage1,0.0000,0.0000,0.0000,0.0000,0.0000,0.0000,,-,-,-,-,-,-,-,-,,,,,,
63900,1112110.184,11:26:55:670,Trial001,Federica Final_WMV_3000Kbps_720p.avi,31,Indigo,88.8617,Eye,78,76,4.2004,4.3028,733.3203246910422,428.6735165636259,743.0529289485033,418.28711382458425,visage1,visage1,0.0000,0.0000,0.0000,0.0000,0.0000,0.0000,,-,-,-,-,-,-,-,-,,,,,,
63904,1112189.827,11:26:55:750,Trial001,Federica Final_WMV_3000Kbps_720p.avi,31,Indigo,88.8617,Eye,78,76,4.1739,4.2380,728.27035031422,346.95779211213295,717.3220647821156,396.0544285157293,visage1,visage1,0.0000,0.0000,0.0000,0.0000,0.0000,0.0000,,-,-,-,-,-,-,-,-,,,,,,
63908,1112269.438,11:26:55:829,Trial001,Federica Final_WMV_3000Kbps_720p.avi,31,Indigo,88.8617,Eye,80,84,4.1358,4.5111,705.4214407658075,345.90467311031995,695.1025722348718,361.8409523825682,visage1,visage1,0.0000,0.0000,0.0000,0.0000,0.0000,0.0000,,-,-,-,-,-,-,-,-,,,,,,
63912,1112348.97,11:26:55:909,Trial001,Federica Final_WMV_3000Kbps_720p.avi,31,Indigo,88.8617,Eye,80,84,4.0970,4.0919,660.0942024893126,357.9168863318568,643.6835695203631,354.7366289546711,corps,corps,0.0000,0.0000,0.0000,0.0000,0.0000,0.0000,,-,-,-,-,-,-,-,-,,,,,,
63916,1112428.459,11:26:55:988,Trial001,Federica Final_WMV_3000Kbps_720p.avi,31,Indigo,88.8617,Eye,80,84,4.1076,3.3920,632.9711798017066,361.42157940576493,629.9595145842312,402.44967181666885,corps,corps,0.0000,0.0000,0.0000,0.0000,0.0000,0.0000,,-,-,-,-,-,-,-,-,,,,,,
63920,1112508.062,11:26:56:068,Trial001,Federica Final_WMV_3000Kbps_720p.avi,31,Indigo,88.8617,Eye,80,84,4.1364,2.7357,595.3505541078533,438.93858649651617,592.1605618117424,338.47258548669635,corps,corps,0.0000,0.0000,0.0000,0.0000,0.0000,0.0000,,-,-,-,-,-,-,-,-,,,,,,
63924,1112587.794,11:26:56:148,Trial001,Federica Final_WMV_3000Kbps_720p.avi,31,Indigo,88.8617,Eye,80,84,4.0699,3.0774,579.6228104990737,345.8351134814543,579.3076668076411,449.82585458821836,corps,corps,0.0000,0.0000,0.0000,0.0000,0.0000,0.0000,,-,-,-,-,-,-,-,-,,,,,,
63928,1112667.439,11:26:56:227,Trial001,Federica Final_WMV_3000Kbps_720p.avi,31,Indigo,88.8617,Eye,80,84,4.0199,3.3889,580.8715229712151,373.6468890325626,573.9360471201412,410.2191250096638,corps,corps,0.0000,0.0000,0.0000,0.0000,0.0000,0.0000,,-,-,-,-,-,-,-,-,,,,,,
63932,1112747.067,11:26:56:307,Trial001,Federica Final_WMV_3000Kbps_720p.avi,31,Indigo,88.8617,Eye,79,77,4.1019,3.1342,579.3058862928199,341.0587164340713,577.6086556375326,351.5435284727527,corps,corps,0.0000,0.0000,0.0000,0.0000,0.0000,0.0000,,-,-,-,-,-,-,-,-,,,,,,
63936,1112826.71,11:26:56:387,Trial001,Federica Final_WMV_3000Kbps_720p.avi,31,Indigo,88.8617,Eye,79,77,4.0657,3.2865,580.5402118361256,435.5934321685922,577.2381375104707,345.6546450501282,corps,corps,0.0000,0.0000,0.0000,0.0000,0.0000,0.0000,,-,-,-,-,-,-,-,-,,,,,,
63940,1112906.312,11:26:56:466,Trial001,Federica Final_WMV_3000Kbps_720p.avi,31,Indigo,88.8617,Eye,79,77,4.1349,3.3969,587.9564442096759,349.18089239723855,591.227573368294,325.6622527540951,corps,corps,0.0000,0.0000,0.0000,0.0000,0.0000,0.0000,,-,-,-,-,-,-,-,-,,,,,,
63944,1112985.964,11:26:56:546,Trial001,Federica Final_WMV_3000Kbps_720p.avi,31,Indigo,88.8617,Eye,79,77,4.0628,3.5602,597.216500238069,362.7110884361701,597.3147335051158,446.383011071909,corps,corps,0.0000,0.0000,0.0000,0.0000,0.0000,0.0000,,-,-,-,-,-,-,-,-,,,,,,
63948,1113065.553,11:26:56:625,Trial001,Federica Final_WMV_3000Kbps_720p.avi,31,Indigo,88.8617,Eye,80,78,4.0641,3.9917,614.384357610123,395.2844139250508,607.7909026421614,389.09785138774845,yeux (1),yeux (1),0.0000,0.0000,0.0000,0.0000,0.0000,0.0000,,-,-,-,-,-,-,-,-,,,,,,
63952,1113145.041,11:26:56:705,Trial001,Federica Final_WMV_3000Kbps_720p.avi,31,Indigo,88.8617,Eye,80,78,4.1311,4.0676,624.6570399239231,391.21489023800683,620.6376727393556,381.9524817388718,yeux (1),yeux (1),0.0000,0.0000,0.0000,0.0000,0.0000,0.0000,,-,-,-,-,-,-,-,-,,,,,,
63956,1113224.678,11:26:56:785,Trial001,Federica Final_WMV_3000Kbps_720p.avi,31,Indigo,88.8617,Eye,82,86,4.1057,4.0673,638.8257392121529,338.1207812989304,635.7538088546033,395.43140413467654,yeux (1),yeux (1),0.0000,0.0000,0.0000,0.0000,0.0000,0.0000,,-,-,-,-,-,-,-,-,,,,,,
63960,1113304.333,11:26:56:864,Trial001,Federica Final_WMV_3000Kbps_720p.avi,31,Indigo,88.8617,Eye,81,79,3.9252,4.3273,554.4468019274443,361.6831447590812,568.4858535072055,321.9507835355015,chien (1),chien (1),0.0000,0.0000,0.0000,0.0000,0.0000,0.0000,,-,-,-,-,-,-,-,-,,,,,,
63964,1113383.91,11:26:56:944,Trial001,Federica Final_WMV_3000Kbps_720p.avi,31,Indigo,88.8617,Eye,81,79,3.9390,4.3114,496.9899674006583,357.8027740060421,513.7604417639767,339.4068688003917,chien (1),chien (1),0.0000,0.0000,0.0000,0.0000,0.0000,0.0000,,-,-,-,-,-,-,-,-,,,,,,
63968,1113463.568,11:26:57:023,Trial001,Federica Final_WMV_3000Kbps_720p.avi,31,Indigo,88.8617,Eye,83,87,3.8760,4.3897,449.68756279043305,398.52918292995764,468.12291501543785,374.8745111429192,-,-,0.0000,0.0000,0.0000,0.0000,0.0000,0.0000,,-,-,-,-,-,-,-,-,,,,,,
63972,1113543.143,11:26:57:103,Trial001,Federica Final_WMV_3000Kbps_720p.avi,31,Indigo,88.8617,Eye,82,80,3.9184,4.3048,421.09012409530413,366.3211524164507,432.63786048314347,383.29096665334566,chien (1),chien (1),0.0000,0.0000,0.0000,0.0000,0.0000,0.0000,,-,-,-,-,-,-,-,-,,,,,,
63976,1113622.785,11:26:57:183,Trial001,Federica Final_WMV_3000Kbps_720p.avi,31,Indigo,88.8617,Eye,84,88,3.9521,4.3793,392.77966931460077,393.50071595403125,414.98018177008316,395.86198577637305,chien (1),chien (1),0.0000,0.0000,0.0000,0.0000,0.0000,0.0000,,-,-,-,-,-,-,-,-,,,,,,
63980,1113702.399,11:26:57:262,Trial001,Federica Final_WMV_3000Kbps_720p.avi,31,Indigo,88.8617,Eye,84,88,3.9577,3.9803,459.7455663478454,455.64691566295164,477.9826450279343,373.2231795832883,visage1,visage1,0.0000,0.0000,0.0000,0.0000,0.0000,0.0000,,-,-,-,-,-,-,-,-,,,,,,
63984,1113782.027,11:26:57:342,Trial001,Federica Final_WMV_3000Kbps_720p.avi,31,Indigo,88.8617,Eye,83,81,3.8373,3.7077,507.07768759575987,421.4591945518451,521.9666159416532,344.26719774085205,yeux (1),yeux (1),0.0000,0.0000,0.0000,0.0000,0.0000,0.0000,,-,-,-,-,-,-,-,-,,,,,,
63988,1113861.782,11:26:57:422,Trial001,Federica Final_WMV_3000Kbps_720p.avi,31,Indigo,88.8617,Eye,83,81,3.8287,3.8321,546.6102183372061,369.10825494444407,549.3996123786079,387.898538750802,yeux (1),yeux (1),0.0000,0.0000,0.0000,0.0000,0.0000,0.0000,,-,-,-,-,-,-,-,-,,,,,,
63992,1113941.273,11:26:57:501,Trial001,Federica Final_WMV_3000Kbps_720p.avi,31,Indigo,88.8617,Eye,85,89,3.7035,4.0626,576.783259494424,389.6896410371874,571.3645567416905,339.42919836679107,yeux (1),yeux (1),0.0000,0.0000,0.0000,0.0000,0.0000,0.0000,,-,-,-,-,-,-,-,-,,,,,,
63996,1114020.911,11:26:57:581,Trial001,Federica Final_WMV_3000Kbps_720p.avi,31,Indigo,88.8617,Eye,85,89,3.8331,4.0825,608.0253178832766,395.1496077671636,595.2364882708927,382.9930036869764,visage1,visage1,0.0000,0.0000,0.0000,0.0000,0.0000,0.0000,,-,-,-,-,-,-,-,-,,,,,,
64000,1114100.514,11:26:57:660,Trial001,Federica Final_WMV_3000Kbps_720p.avi,31,Indigo,88.8617,Eye,85,89,3.7385,4.1183,623.3429520402192,377.68243058517146,618.3446023492453,385.4433859011472,visage1,visage1,0.0000,0.0000,0.0000,0.0000,0.0000,0.0000,,-,-,-,-,-,-,-,-,,,,,,
64004,1114180.15,11:26:57:740,Trial001,Federica Final_WMV_3000Kbps_720p.avi,31,Indigo,88.8617,Eye,85,89,3.8342,4.2190,605.6665371188637,345.8494199581044,600.9055322549441,385.7582242645942,corps,corps,0.0000,0.0000,0.0000,0.0000,0.0000,0.0000,,-,-,-,-,-,-,-,-,,,,,,
64008,1114259.771,11:26:57:820,Trial001,Federica Final_WMV_3000Kbps_720p.avi,31,Indigo,88.8617,Eye,84,82,3.9191,4.2737,629.1405383814944,432.1088738438577,623.0669029814626,341.63331904259593,visage1,visage1,0.0000,0.0000,0.0000,0.0000,0.0000,0.0000,,-,-,-,-,-,-,-,-,,,,,,
64012,1114339.396,11:26:57:899,Trial001,Federica Final_WMV_3000Kbps_720p.avi,31,Indigo,88.8617,Eye,85,83,3.9293,4.3346,643.6380325421436,328.4567996222128,647.8982713812588,387.65195271880395,visage1,visage1,0.0000,0.0000,0.0000,0.0000,0.0000,0.0000,,-,-,-,-,-,-,-,-,,,,,,
64016,1114419.037,11:26:57:979,Trial001,Federica Final_WMV_3000Kbps_720p.avi,31,Indigo,88.8617,Eye,85,83,3.9844,4.3060,653.2501441655405,363.49632181427904,654.4940258933357,329.8990381706661,visage1,visage1,0.0000,0.0000,0.0000,0.0000,0.0000,0.0000,,-,-,-,-,-,-,-,-,,,,,,
64020,1114498.769,11:26:58:059,Trial001,Federica Final_WMV_3000Kbps_720p.avi,31,Indigo,88.8617,Eye,85,83,3.9488,4.4531,666.857062436277,353.08837273794995,663.3464751627931,375.0649829370078,visage1,visage1,0.0000,0.0000,0.0000,0.0000,0.0000,0.0000,,-,-,-,-,-,-,-,-,,,,,,
64024,1114578.382,11:26:58:138,Trial001,Federica Final_WMV_3000Kbps_720p.avi,31,Indigo,88.8617,Eye,85,83,4.0138,4.2608,678.1471116798997,427.625325901651,673.860049323921,418.27030305896886,visage1,visage1,0.0000,0.0000,0.0000,0.0000,0.0000,0.0000,,-,-,-,-,-,-,-,-,,,,,,
64028,1114658.014,11:26:58:218,Trial001,Federica Final_WMV_3000Kbps_720p.avi,31,Indigo,88.8617,Eye,85,83,3.9398,4.2262,688.5623590626506,363.552211236057,681.7050203914932,380.3398322303679,visage1,visage1,0.0000,0.0000,0.0000,0.0000,0.0000,0.0000,,-,-,-,-,-,-,-,-,,,,,,
64032,1114737.781,11:26:58:298,Trial001,Federica Final_WMV_3000Kbps_720p.avi,31,Indigo,88.8617,Eye,85,83,3.9133,4.1608,688.5719643246497,352.4935061938591,682.4365629969649,331.92014056480383,visage1,visage1,0.0000,0.0000,0.0000,0.0000,0.0000,0.0000,,-,-,-,-,-,-,-,-,,,,,,
64036,1114817.389,11:26:58:377,Trial001,Federica Final_WMV_3000Kbps_720p.avi,31,Indigo,88.8617,Eye,86,84,3.8848,4.3562,687.2930670063512,366.3700436412825,684.8555712667306,396.21954954487404,yeux (1),yeux (1),0.0000,0.0000,0.0000,0.0000,0.0000,0.0000,,-,-,-,-,-,-,-,-,,,,,,
64040,1114897.013,11:26:58:457,Trial001,Federica Final_WMV_3000Kbps_720p.avi,31,Indigo,88.8617,Eye,86,84,3.9376,4.2780,687.0712379519522,340.1489197086061,695.3411905210212,440.66284601449365,yeux (1),yeux (1),0.0000,0.0000,0.0000,0.0000,0.0000,0.0000,,-,-,-,-,-,-,-,-,,,,,,
64044,1114976.638,11:26:58:536,Trial001,Federica Final_WMV_3000Kbps_720p.avi,31,Indigo,88.8617,Eye,86,84,3.8608,4.2930,691.6342357046202,371.0902700831554,693.0602757392383,346.8249796241083,yeux (1),yeux (1),0.0000,0.0000,0.0000,0.0000,0.0000,0.0000,,-,-,-,-,-,-,-,-,,,,,,
64048,1115056.387,11:26:58:616,Trial001,Federica Final_WMV_3000Kbps_720p.avi,31,Indigo,88.8617,Eye,86,84,3.9939,4.3033,690.0542014945329,419.87349617293654,699.3382188440844,429.7885492358661,yeux (1),yeux (1),0.0000,0.0000,0.0000,0.0000,0.0000,0.0000,,-,-,-,-,-,-,-,-,,,,,,
64052,1115136.002,11:26:58:696,Trial001,Federica Final_WMV_3000Kbps_720p.avi,31,Indigo,88.8617,Eye,86,84,3.8379,4.2632,695.5139750671347,376.40677416029285,697.1013536860437,355.6327477718937,yeux (1),yeux (1),0.0000,0.0000,0.0000,0.0000,0.0000,0.0000,,-,-,-,-,-,-,-,-,,,,,,
64056,1115215.71,11:26:58:776,Trial001,Federica Final_WMV_3000Kbps_720p.avi,31,Indigo,88.8617,Eye,86,84,3.9013,4.2783,689.1754253331567,380.1757780404533,699.4881745840383,371.5112353111198,yeux (1),yeux (1),0.0000,0.0000,0.0000,0.0000,0.0000,0.0000,,-,-,-,-,-,-,-,-,,,,,,
64060,1115295.256,11:26:58:855,Trial001,Federica Final_WMV_3000Kbps_720p.avi,31,Indigo,88.8617,Eye,86,84,3.8080,4.2799,693.4298794470559,407.4489837203364,695.8493281196477,393.29966361783687,yeux (1),yeux (1),0.0000,0.0000,0.0000,0.0000,0.0000,0.0000,,-,-,-,-,-,-,-,-,,,,,,
64064,1115375.013,11:26:58:935,Trial001,Federica Final_WMV_3000Kbps_720p.avi,31,Indigo,88.8617,Eye,87,85,3.9262,4.3928,680.4801456305802,386.91621137513755,672.2607094432088,345.62079948342847,visage1,visage1,0.0000,0.0000,0.0000,0.0000,0.0000,0.0000,,-,-,-,-,-,-,-,-,,,,,,
64068,1115454.638,11:26:59:014,Trial001,Federica Final_WMV_3000Kbps_720p.avi,31,Indigo,88.8617,Eye,87,85,3.9751,4.3690,654.2669001245818,359.2034210831913,653.1258320980326,313.0087397204781,visage1,visage1,0.0000,0.0000,0.0000,0.0000,0.0000,0.0000,,-,-,-,-,-,-,-,-,,,,,,
64072,1115534.272,11:26:59:094,Trial001,Federica Final_WMV_3000Kbps_720p.avi,31,Indigo,88.8617,Eye,87,85,3.9861,4.1988,640.5180256666767,374.83911683375175,643.1796409133392,353.24398586525814,corps,corps,0.0000,0.0000,0.0000,0.0000,0.0000,0.0000,,-,-,-,-,-,-,-,-,,,,,,
64076,1115614.002,11:26:59:174,Trial001,Federica Final_WMV_3000Kbps_720p.avi,31,Indigo,88.8617,Eye,89,93,4.0608,4.2784,638.8704897584382,346.0984146736717,635.992495627799,445.48895914014116,visage1,visage1,0.0000,0.0000,0.0000,0.0000,0.0000,0.0000,,-,-,-,-,-,-,-,-,,,,,,
64080,1115693.618,11:26:59:253,Trial001,Federica Final_WMV_3000Kbps_720p.avi,31,Indigo,88.8617,Eye,88,86,4.0588,4.2214,633.216925704172,321.069945989351,625.6889268392989,355.0009959940811,visage1,visage1,0.0000,0.0000,0.0000,0.0000,0.0000,0.0000,,-,-,-,-,-,-,-,-,,,,,,
64084,1115773.29,11:26:59:333,Trial001,Federica Final_WMV_3000Kbps_720p.avi,31,Indigo,88.8617,Eye,88,86,4.0712,4.2041,630.4522559422661,375.9392984377007,624.0784415483229,378.2990474022516,visage1,visage1,0.0000,0.0000,0.0000,0.0000,0.0000,0.0000,,-,-,-,-,-,-,-,-,,,,,,
64088,1115852.92,11:26:59:413,Trial001,Federica Final_WMV_3000Kbps_720p.avi,31,Indigo,88.8617,Eye,89,87,3.9631,4.1205,628.4232187170202,368.59514494494624,624.4003214224057,399.3889846511201,corps,corps,0.0000,0.0000,0.0000,0.0000,0.0000,0.0000,,-,-,-,-,-,-,-,-,,,,,,
64092,1115932.684,11:26:59:493,Trial001,Federica Final_WMV_3000Kbps_720p.avi,31,Indigo,88.8617,Eye,89,87,3.7812,4.0523,621.1307444607779,411.66709903493825,615.3502328745702,421.330238127998,corps,corps,0.0000,0.0000,0.0000,0.0000,0.0000,0.0000,,-,-,-,-,-,-,-,-,,,,,,
64096,1116012.254,11:26:59:572,Trial001,Federica Final_WMV_3000Kbps_720p.avi,31,Indigo,88.8617,Eye,91,95,3.8496,4.3021,600.0649485222242,358.3936486942824,597.7074201547617,442.2206110632517,corps,corps,0.0000,0.0000,0.0000,0.0000,0.0000,0.0000,,-,-,-,-,-,-,-,-,,,,,,
64100,1116091.926,11:26:59:652,Trial001,Federica Final_WMV_3000Kbps_720p.avi,31,Indigo,88.8617,Eye,90,88,3.8839,4.3705,611.9615199837176,392.8629502196507,612.3426992767372,428.30372724388485,visage1,visage1,0.0000,0.0000,0.0000,0.0000,0.0000,0.0000,,-,-,-,-,-,-,-,-,,,,,,
64104,1116171.535,11:26:59:731,Trial001,Federica Final_WMV_3000Kbps_720p.avi,31,Indigo,88.8617,Eye,90,88,3.9805,4.4386,620.2179706287616,400.9278725600864,615.9079407462884,400.4495532703901,visage1,visage1,0.0000,0.0000,0.0000,0.0000,0.0000,0.0000,,-,-,-,-,-,-,-,-,,,,,,
64108,1116251.016,11:26:59:811,Trial001,Federica Final_WMV_3000Kbps_720p.avi,31,Indigo,88.8617,Eye,90,88,4.0602,4.4492,621.5822075965401,428.4657398191832,615.8440116371405,379.3516459820069,visage1,visage1,0.0000,0.0000,0.0000,0.0000,0.0000,0.0000,,-,-,-,-,-,-,-,-,,,,,,
64112,1116330.618,11:26:59:890,Trial001,Federica Final_WMV_3000Kbps_720p.avi,31,Indigo,88.8617,Eye,90,88,4.0926,4.3773,630.7600095108937,377.5607262296331,638.4014224499077,429.15769583479846,visage1,visage1,0.0000,0.0000,0.0000,0.0000,0.0000,0.0000,,-,-,-,-,-,-,-,-,,,,,,
64116,1116410.119,11:26:59:970,Trial001,Federica Final_WMV_3000Kbps_720p.avi,31,Indigo,88.8617,Eye,90,88,4.0423,4.3629,631.5320785250649,394.01964645589464,640.0571628847024,389.80516956473707,visage1,visage1,0.0000,0.0000,0.0000,0.0000,0.0000,0.0000,,-,-,-,-,-,-,-,-,,,,,,
64120,1116489.753,11:27:00:050,Trial001,Federica Final_WMV_3000Kbps_720p.avi,31,Indigo,88.8617,Eye,90,88,3.9783,4.2935,638.8820059786806,365.8943295037007,635.432868207678,406.54418799698624,visage1,visage1,0.0000,0.0000,0.0000,0.0000,0.0000,0.0000,,-,-,-,-,-,-,-,-,,,,,,
64124,1116569.243,11:27:00:129,Trial001,Federica Final_WMV_3000Kbps_720p.avi,31,Indigo,88.8617,Eye,90,88,3.9478,4.2991,640.2333480281329,349.3537581244414,642.2575614051528,394.6596624699596,visage1,visage1,0.0000,0.0000,0.0000,0.0000,0.0000,0.0000,,-,-,-,-,-,-,-,-,,,,,,
64128,1116648.882,11:27:00:209,Trial001,Federica Final_WMV_3000Kbps_720p.avi,31,Indigo,88.8617,Eye,90,88,3.8592,4.2675,639.2965931788734,352.8575132527156,641.0859153344674,404.7949500831499,visage1,visage1,0.0000,0.0000,0.0000,0.0000,0.0000,0.0000,,-,-,-,-,-,-,-,-,,,,,,
64132,1116728.359,11:27:00:288,Trial001,Federica Final_WMV_3000Kbps_720p.avi,31,Indigo,88.8617,Eye,90,88,3.9204,4.2771,638.819043048836,363.27893579763247,640.6382631560808,406.2726040593109,visage1,visage1,0.0000,0.0000,0.0000,0.0000,0.0000,0.0000,,-,-,-,-,-,-,-,-,,,,,,
64136,1116807.87,11:27:00:368,Trial001,Federica Final_WMV_3000Kbps_720p.avi,31,Indigo,88.8617,Eye,90,88,3.9031,4.1969,641.8333768480961,382.5947407296234,650.8498511772277,390.4353500996517,visage1,visage1,0.0000,0.0000,0.0000,0.0000,0.0000,0.0000,,-,-,-,-,-,-,-,-,,,,,,
64140,1116887.471,11:27:00:447,Trial001,Federica Final_WMV_3000Kbps_720p.avi,31,Indigo,88.8617,Eye,90,88,3.9088,4.2362,634.8343013780218,414.382946215611,658.5843998657263,439.28189745342246,visage1,visage1,0.0000,0.0000,0.0000,0.0000,0.0000,0.0000,,-,-,-,-,-,-,-,-,,,,,,
64144,1116966.98,11:27:00:527,Trial001,Federica Final_WMV_3000Kbps_720p.avi,31,Indigo,88.8617,Eye,90,88,3.8479,4.2093,631.6721760962253,391.3586682895604,662.5771871858071,405.81549551538274,visage1,visage1,0.0000,0.0000,0.0000,0.0000,0.0000,0.0000,,-,-,-,-,-,-,-,-,,,,,,
64148,1117046.591,11:27:00:606,Trial001,Federica Final_WMV_3000Kbps_720p.avi,31,Indigo,88.8617,Eye,90,88,3.9412,4.2767,640.6990294698234,369.3949994832773,654.2854115871278,393.3541920335017,visage1,visage1,0.0000,0.0000,0.0000,0.0000,0.0000,0.0000,,-,-,-,-,-,-,-,-,,,,,,
64152,1117126.114,11:27:00:686,Trial001,Federica Final_WMV_3000Kbps_720p.avi,31,Indigo,88.8617,Eye,90,88,3.9721,4.2823,640.8519793013008,403.97417009292946,647.5987096228945,379.99135547261557,visage1,visage1,0.0000,0.0000,0.0000,0.0000,0.0000,0.0000,,-,-,-,-,-,-,-,-,,,,,,
64156,1117205.771,11:27:00:766,Trial001,Federica Final_WMV_3000Kbps_720p.avi,31,Indigo,88.8617,Eye,90,88,4.0219,4.3348,642.8296246552836,454.7192903697731,651.5523760577728,382.5953357635106,visage1,visage1,0.0000,0.0000,0.0000,0.0000,0.0000,0.0000,,-,-,-,-,-,-,-,-,,,,,,
64160,1117285.356,11:27:00:845,Trial001,Federica Final_WMV_3000Kbps_720p.avi,31,Indigo,88.8617,Eye,90,88,3.8976,4.2989,644.5798449649492,387.29883412016676,643.7906171861725,414.94871223254484,visage1,visage1,0.0000,0.0000,0.0000,0.0000,0.0000,0.0000,,-,-,-,-,-,-,-,-,,,,,,
64164,1117364.984,11:27:00:925,Trial001,Federica Final_WMV_3000Kbps_720p.avi,31,Indigo,88.8617,Eye,90,88,3.8655,4.2758,638.3004457908719,438.75701387700735,635.9949591228061,400.3634507334922,visage1,visage1,0.0000,0.0000,0.0000,0.0000,0.0000,0.0000,,-,-,-,-,-,-,-,-,,,,,,
64168,1117444.596,11:27:01:004,Trial001,Federica Final_WMV_3000Kbps_720p.avi,31,Indigo,88.8617,Eye,90,88,3.8747,4.2499,634.4344504560546,402.30687243348154,637.9628603908765,413.09877161858276,visage1,visage1,0.0000,0.0000,0.0000,0.0000,0.0000,0.0000,,-,-,-,-,-,-,-,-,,,,,,
64172,1117524.214,11:27:01:084,Trial001,Federica Final_WMV_3000Kbps_720p.avi,31,Indigo,88.8617,Eye,90,88,3.8407,4.1986,637.5508805013478,356.2155966224894,634.923238993808,441.63939633237794,visage1,visage1,0.0000,0.0000,0.0000,0.0000,0.0000,0.0000,,-,-,-,-,-,-,-,-,,,,,,
64176,1117603.826,11:27:01:164,Trial001,Federica Final_WMV_3000Kbps_720p.avi,31,Indigo,88.8617,Eye,90,88,3.8215,4.2382,637.1404690585538,402.7949603388087,640.1272925961807,386.83802176146236,visage1,visage1,0.0000,0.0000,0.0000,0.0000,0.0000,0.0000,,-,-,-,-,-,-,-,-,,,,,,
64180,1117683.463,11:27:01:243,Trial001,Federica Final_WMV_3000Kbps_720p.avi,31,Indigo,88.8617,Eye,90,88,3.7676,4.0490,642.8594019043105,408.0887141471661,639.9254923701235,437.549180186392,visage1,visage1,0.0000,0.0000,0.0000,0.0000,0.0000,0.0000,,-,-,-,-,-,-,-,-,,,,,,
64184,1117763.073,11:27:01:323,Trial001,Federica Final_WMV_3000Kbps_720p.avi,31,Indigo,88.8617,Eye,90,88,3.7314,4.0297,648.5105175405675,351.98220450428374,635.2344479645915,416.0657682623859,visage1,visage1,0.0000,0.0000,0.0000,0.0000,0.0000,0.0000,,-,-,-,-,-,-,-,-,,,,,,
64188,1117842.702,11:27:01:403,Trial001,Federica Final_WMV_3000Kbps_720p.avi,31,Indigo,88.8617,Eye,90,88,3.7294,4.0168,645.4237806736168,498.6916852625175,642.5836780359423,418.4669239940839,visage1,visage1,0.0000,0.0000,0.0000,0.0000,0.0000,0.0000,,-,-,-,-,-,-,-,-,,,,,,
64192,1117922.323,11:27:01:482,Trial001,Federica Final_WMV_3000Kbps_720p.avi,31,Indigo,88.8617,Eye,90,88,3.6309,3.9458,643.593991244993,412.1752135954984,636.3664839585094,413.00397685154985,visage1,visage1,0.0000,0.0000,0.0000,0.0000,0.0000,0.0000,,-,-,-,-,-,-,-,-,,,,,,
64196,1118001.946,11:27:01:562,Trial001,Federica Final_WMV_3000Kbps_720p.avi,31,Indigo,88.8617,Eye,90,88,3.6354,3.9946,641.2996164273228,391.1828097695928,635.1454208995725,365.8876565719834,visage1,visage1,0.0000,0.0000,0.0000,0.0000,0.0000,0.0000,,-,-,-,-,-,-,-,-,,,,,,
64200,1118081.448,11:27:01:641,Trial001,Federica Final_WMV_3000Kbps_720p.avi,31,Indigo,88.8617,Eye,90,88,3.6339,3.9485,634.6094654190446,434.28241626909784,632.5345498551743,375.87873451023995,visage1,visage1,0.0000,0.0000,0.0000,0.0000,0.0000,0.0000,,-,-,-,-,-,-,-,-,,,,,,
64204,1118161.071,11:27:01:721,Trial001,Federica Final_WMV_3000Kbps_720p.avi,31,Indigo,88.8617,Eye,92,96,3.6596,3.9363,629.3032130680874,399.41880333964684,625.2362816422266,352.14141134837047,visage1,visage1,0.0000,0.0000,0.0000,0.0000,0.0000,0.0000,,-,-,-,-,-,-,-,-,,,,,,
64208,1118240.697,11:27:01:801,Trial001,Federica Final_WMV_3000Kbps_720p.avi,31,Indigo,88.8617,Eye,92,96,3.7109,3.9031,534.3802735173434,360.1388092379069,531.3300749479479,468.8891949100645,-,-,0.0000,0.0000,0.0000,0.0000,0.0000,0.0000,,-,-,-,-,-,-,-,-,,,,,,
64212,1118320.322,11:27:01:880,Trial001,Federica Final_WMV_3000Kbps_720p.avi,31,Indigo,88.8617,Eye,91,89,3.7524,3.9308,467.7277144432415,391.69492517913017,465.8909034999914,407.0032402517655,-,-,0.0000,0.0000,0.0000,0.0000,0.0000,0.0000,,-,-,-,-,-,-,-,-,,,,,,
64216,1118399.945,11:27:01:960,Trial001,Federica Final_WMV_3000Kbps_720p.avi,31,Indigo,88.8617,Eye,93,97,3.6990,4.0696,417.0593083952146,342.37507327849835,412.8919352046928,408.0382475459521,-,-,0.0000,0.0000,0.0000,0.0000,0.0000,0.0000,,-,-,-,-,-,-,-,-,,,,,,
64220,1118479.566,11:27:02:039,Trial001,Federica Final_WMV_3000Kbps_720p.avi,31,Indigo,88.8617,Eye,92,90,3.8076,4.2497,468.30991571484424,347.2982636928725,475.3715390693408,436.77372761193595,visage1,visage1,0.0000,0.0000,0.0000,0.0000,0.0000,0.0000,,-,-,-,-,-,-,-,-,,,,,,
64224,1118559.19,11:27:02:119,Trial001,Federica Final_WMV_3000Kbps_720p.avi,31,Indigo,88.8617,Eye,92,90,3.8376,4.2381,512.6627147234796,407.304875400939,521.3417684602856,386.86236713783734,visage1,visage1,0.0000,0.0000,0.0000,0.0000,0.0000,0.0000,,-,-,-,-,-,-,-,-,,,,,,
64228,1118638.815,11:27:02:199,Trial001,Federica Final_WMV_3000Kbps_720p.avi,31,Indigo,88.8617,Eye,92,90,3.7694,4.1816,546.9331608611271,417.4708740977847,554.1073830447862,440.369094069408,visage1,visage1,0.0000,0.0000,0.0000,0.0000,0.0000,0.0000,,-,-,-,-,-,-,-,-,,,,,,
64232,1118718.438,11:27:02:278,Trial001,Federica Final_WMV_3000Kbps_720p.avi,31,Indigo,88.8617,Eye,92,90,3.7854,4.1112,570.0715988379345,401.89102532077465,574.5107015265178,380.75563026940733,visage1,visage1,0.0000,0.0000,0.0000,0.0000,0.0000,0.0000,,-,-,-,-,-,-,-,-,,,,,,
64236,1118798.063,11:27:02:358,Trial001,Federica Final_WMV_3000Kbps_720p.avi,31,Indigo,88.8617,Eye,92,90,3.7289,4.0658,593.202077798257,396.87850829150574,588.7296778481561,414.3485422969226,visage1,visage1,0.0000,0.0000,0.0000,0.0000,0.0000,0.0000,,-,-,-,-,-,-,-,-,,,,,,
64240,1118877.685,11:27:02:438,Trial001,Federica Final_WMV_3000Kbps_720p.avi,31,Indigo,88.8617,Eye,92,90,3.6903,4.0482,604.090346742795,397.925457659718,603.3534868486253,453.16003589052474,visage1,visage1,0.0000,0.0000,0.0000,0.0000,0.0000,0.0000,,-,-,-,-,-,-,-,-,,,,,,
64244,1118957.302,11:27:02:517,Trial001,Federica Final_WMV_3000Kbps_720p.avi,31,Indigo,88.8617,Eye,92,90,3.7637,4.0376,616.0588006362458,369.65923980251273,610.9693379043686,356.69330660737114,visage1,visage1,0.0000,0.0000,0.0000,0.0000,0.0000,0.0000,,-,-,-,-,-,-,-,-,,,,,,
64248,1119036.809,11:27:02:597,Trial001,Federica Final_WMV_3000Kbps_720p.avi,31,Indigo,88.8617,Eye,92,90,3.7873,4.0957,628.9748116500189,415.8156245617412,620.7322305452717,359.370456110313,visage1,visage1,0.0000,0.0000,0.0000,0.0000,0.0000,0.0000,,-,-,-,-,-,-,-,-,,,,,,
64252,1119116.432,11:27:02:676,Trial001,Federica Final_WMV_3000Kbps_720p.avi,31,Indigo,88.8617,Eye,92,90,3.8477,4.1395,630.6585956829143,398.2773546414264,632.8280962048689,348.0304475961745,visage1,visage1,0.0000,0.0000,0.0000,0.0000,0.0000,0.0000,,-,-,-,-,-,-,-,-,,,,,,
64256,1119196.062,11:27:02:756,Trial001,Federica Final_WMV_3000Kbps_720p.avi,31,Indigo,88.8617,Eye,92,90,3.8247,4.1559,636.5014383187727,399.4199306744382,638.567489267227,395.3076643912891,visage1,visage1,0.0000,0.0000,0.0000,0.0000,0.0000,0.0000,,-,-,-,-,-,-,-,-,,,,,,
64260,1119275.682,11:27:02:836,Trial001,Federica Final_WMV_3000Kbps_720p.avi,31,Indigo,88.8617,Eye,92,90,3.8657,4.1514,637.140280399517,449.4113240939026,638.4598771373115,396.1666505237988,visage1,visage1,0.0000,0.0000,0.0000,0.0000,0.0000,0.0000,,-,-,-,-,-,-,-,-,,,,,,
64264,1119355.309,11:27:02:915,Trial001,Federica Final_WMV_3000Kbps_720p.avi,31,Indigo,88.8617,Eye,92,90,3.8532,4.1847,637.6566255687071,381.7947084157415,638.1915851227786,435.0281745689438,visage1,visage1,0.0000,0.0000,0.0000,0.0000,0.0000,0.0000,,-,-,-,-,-,-,-,-,,,,,,
64268,1119434.931,11:27:02:995,Trial001,Federica Final_WMV_3000Kbps_720p.avi,31,Indigo,88.8617,Eye,94,98,3.9065,3.5870,627.1122784357492,410.3869960874814,621.1235552722136,402.551920497201,corps,corps,0.0000,0.0000,0.0000,0.0000,0.0000,0.0000,,-,-,-,-,-,-,-,-,,,,,,
64272,1119514.547,11:27:03:074,Trial001,Federica Final_WMV_3000Kbps_720p.avi,31,Indigo,88.8617,Eye,94,5,3.9068,3.9086,632.0604352528251,432.20062671704966,622.7563961729486,361.4641363218559,visage1,visage1,0.0000,0.0000,0.0000,0.0000,0.0000,0.0000,,-,-,-,-,-,-,-,-,,,,,,
64276,1119594.173,11:27:03:154,Trial001,Federica Final_WMV_3000Kbps_720p.avi,31,Indigo,88.8617,Eye,94,99,3.8490,3.0669,673.0237054551702,383.73954295763934,660.3285151251981,399.1802754533513,corps,corps,0.0000,0.0000,0.0000,0.0000,0.0000,0.0000,,-,-,-,-,-,-,-,-,,,,,,
64280,1119673.805,11:27:03:234,Trial001,Federica Final_WMV_3000Kbps_720p.avi,31,Indigo,88.8617,Eye,93,6,3.9110,3.7568,674.2258806415426,402.1412798881306,666.4522589710996,422.79494578764104,yeux (1),yeux (1),0.0000,0.0000,0.0000,0.0000,0.0000,0.0000,,-,-,-,-,-,-,-,-,,,,,,
64284,1119753.424,11:27:03:313,Trial001,Federica Final_WMV_3000Kbps_720p.avi,31,Indigo,88.8617,Eye,95,6,3.8864,3.7568,668.6968078219907,342.5810084838434,681.8074712661922,400.54090935034037,yeux (1),yeux (1),0.0000,0.0000,0.0000,0.0000,0.0000,0.0000,,-,-,-,-,-,-,-,-,,,,,,
64288,1119833.052,11:27:03:393,Trial001,Federica Final_WMV_3000Kbps_720p.avi,31,Indigo,88.8617,Eye,95,100,3.8755,3.7568,633.1100381041881,386.72870118616885,643.8457288459256,323.76850098620065,corps,corps,0.0000,0.0000,0.0000,0.0000,0.0000,0.0000,,-,-,-,-,-,-,-,-,,,,,,
64292,1119912.677,11:27:03:473,Trial001,Federica Final_WMV_3000Kbps_720p.avi,31,Indigo,88.8617,Eye,94,7,3.9616,3.7568,643.2418632235741,374.6112743150412,639.8559328783738,361.9110513393847,yeux (1),yeux (1),0.0000,0.0000,0.0000,0.0000,0.0000,0.0000,,-,-,-,-,-,-,-,-,,,,,,
64296,1119992.293,11:27:03:552,Trial001,Federica Final_WMV_3000Kbps_720p.avi,31,Indigo,88.8617,Eye,94,7,3.9383,3.7568,640.6279547093973,378.48072074816065,649.194203965095,420.0079139187295,yeux (1),yeux (1),0.0000,0.0000,0.0000,0.0000,0.0000,0.0000,,-,-,-,-,-,-,-,-,,,,,,
64300,1120071.791,11:27:03:632,Trial001,Federica Final_WMV_3000Kbps_720p.avi,31,Indigo,88.8617,Eye,96,7,3.8929,3.7568,639.5331334146558,355.2328981521686,650.1651880640676,336.9837856909052,yeux (1),yeux (1),0.0000,0.0000,0.0000,0.0000,0.0000,0.0000,,-,-,-,-,-,-,-,-,,,,,,
64304,1120151.422,11:27:03:711,Trial001,Federica Final_WMV_3000Kbps_720p.avi,31,Indigo,88.8617,Eye,95,8,3.9299,3.6163,642.1874674957329,370.0779183194345,651.4603620300045,414.17330688609036,yeux (1),yeux (1),0.0000,0.0000,0.0000,0.0000,0.0000,0.0000,,-,-,-,-,-,-,-,-,,,,,,
64308,1120231.046,11:27:03:791,Trial001,Federica Final_WMV_3000Kbps_720p.avi,31,Indigo,88.8617,Eye,95,8,3.9990,3.6163,643.9745792109022,421.44439202003866,650.9159937891095,415.67245468378724,visage1,visage1,0.0000,0.0000,0.0000,0.0000,0.0000,0.0000,,-,-,-,-,-,-,-,-,,,,,,
64312,1120310.661,11:27:03:871,Trial001,Federica Final_WMV_3000Kbps_720p.avi,31,Indigo,88.8617,Eye,95,8,3.9008,3.6163,640.5747767824707,345.35522392445444,663.500837862067,359.76966632512386,yeux (1),yeux (1),0.0000,0.0000,0.0000,0.0000,0.0000,0.0000,,-,-,-,-,-,-,-,-,,,,,,
64316,1120390.315,11:27:03:950,Trial001,Federica Final_WMV_3000Kbps_720p.avi,31,Indigo,88.8617,Eye,-,8,4.0991,3.6163,644.81788708348,337.4692254439711,663.0594790867314,399.34132833013354,visage1,visage1,0.0000,0.0000,0.0000,0.0000,0.0000,0.0000,,-,-,-,-,-,-,-,-,,,,,,
64320,1120469.913,11:27:04:030,Trial001,Federica Final_WMV_3000Kbps_720p.avi,31,Indigo,88.8617,Eye,3,8,4.0134,3.6163,548.0352127680862,342.8592132599964,561.7164067705248,408.4900590399005,-,-,0.0000,0.0000,0.0000,0.0000,0.0000,0.0000,,-,-,-,-,-,-,-,-,,,,,,
64324,1120808.788,11:27:04:369,Trial001,Federica Final_WMV_3000Kbps_720p.avi,31,Indigo,88.8617,Eye,97,102,4.2317,4.0994,475.62246924000453,362.4003436935246,486.0285438801296,338.87949462002837,-,-,0.0000,0.0000,0.0000,0.0000,0.0000,0.0000,,-,-,-,-,-,-,-,-,,,,,,
64328,1120888.409,11:27:04:448,Trial001,Federica Final_WMV_3000Kbps_720p.avi,31,Indigo,88.8617,Eye,97,9,4.3177,3.6941,515.2960124982399,366.23371927915366,517.3609875985637,366.1877464442511,yeux (1),yeux (1),0.0000,0.0000,0.0000,0.0000,0.0000,0.0000,,-,-,-,-,-,-,-,-,,,,,,
64332,1120968.038,11:27:04:528,Trial001,Federica Final_WMV_3000Kbps_720p.avi,31,Indigo,88.8617,Eye,97,9,4.2609,3.6941,597.802957912822,351.7795260020703,597.5712208522765,376.1265589788837,corps,corps,0.0000,0.0000,0.0000,0.0000,0.0000,0.0000,,-,-,-,-,-,-,-,-,,,,,,
64336,1121047.788,11:27:04:608,Trial001,Federica Final_WMV_3000Kbps_720p.avi,31,Indigo,88.8617,Eye,97,9,4.0627,3.6941,611.1964841744674,316.207089947726,607.1504573158107,368.54807995626953,visage1,visage1,0.0000,0.0000,0.0000,0.0000,0.0000,0.0000,,-,-,-,-,-,-,-,-,,,,,,
64340,1121127.41,11:27:04:687,Trial001,Federica Final_WMV_3000Kbps_720p.avi,31,Indigo,88.8617,Eye,96,9,3.9251,3.3343,623.7347460955116,383.9576477304561,620.0412301813298,334.2341246749877,yeux (1),yeux (1),0.0000,0.0000,0.0000,0.0000,0.0000,0.0000,,-,-,-,-,-,-,-,-,,,,,,
64344,1121207.029,11:27:04:767,Trial001,Federica Final_WMV_3000Kbps_720p.avi,31,Indigo,88.8617,Eye,98,103,3.9300,2.7366,585.5974212535098,347.564582942384,583.3674529294935,391.7564000796536,corps,corps,0.0000,0.0000,0.0000,0.0000,0.0000,0.0000,,-,-,-,-,-,-,-,-,,,,,,
64348,1121286.654,11:27:04:847,Trial001,Federica Final_WMV_3000Kbps_720p.avi,31,Indigo,88.8617,Eye,98,104,3.8691,2.6712,553.2966294298521,366.80288802610113,543.5008191411068,375.3549102826028,corps,corps,0.0000,0.0000,0.0000,0.0000,0.0000,0.0000,,-,-,-,-,-,-,-,-,,,,,,
64352,1121366.293,11:27:04:926,Trial001,Federica Final_WMV_3000Kbps_720p.avi,31,Indigo,88.8617,Eye,98,104,3.9612,3.0873,541.4225997920435,399.7269631432517,541.4835919292883,388.1143671490578,corps,corps,0.0000,0.0000,0.0000,0.0000,0.0000,0.0000,,-,-,-,-,-,-,-,-,,,,,,
64356,1121445.902,11:27:05:006,Trial001,Federica Final_WMV_3000Kbps_720p.avi,31,Indigo,88.8617,Eye,97,91,3.9123,3.3581,549.8227294813644,424.49288827203463,543.2551791964434,380.84969718706384,corps,corps,0.0000,0.0000,0.0000,0.0000,0.0000,0.0000,,-,-,-,-,-,-,-,-,,,,,,
64360,1121525.526,11:27:05:085,Trial001,Federica Final_WMV_3000Kbps_720p.avi,31,Indigo,88.8617,Eye,97,91,3.9589,3.3220,548.860442660213,365.6695494656127,544.1505766903941,377.7553570833357,corps,corps,0.0000,0.0000,0.0000,0.0000,0.0000,0.0000,,-,-,-,-,-,-,-,-,,,,,,
64364,1121605.122,11:27:05:165,Trial001,Federica Final_WMV_3000Kbps_720p.avi,31,Indigo,88.8617,Eye,98,92,4.0216,3.8017,519.614928554435,351.8370911140108,520.7430664544033,377.73953228145245,-,-,0.0000,0.0000,0.0000,0.0000,0.0000,0.0000,,-,-,-,-,-,-,-,-,,,,,,
64368,1121684.768,11:27:05:245,Trial001,Federica Final_WMV_3000Kbps_720p.avi,31,Indigo,88.8617,Eye,100,106,3.9957,4.0537,483.62709301379454,387.2499044757097,488.23992936697164,360.53591836786387,chien (1),chien (1),0.0000,0.0000,0.0000,0.0000,0.0000,0.0000,,-,-,-,-,-,-,-,-,,,,,,
64372,1121764.52,11:27:05:324,Trial001,Federica Final_WMV_3000Kbps_720p.avi,31,Indigo,88.8617,Eye,100,106,3.9802,3.9937,439.48081432441245,335.38213192854033,444.00761837911045,397.3668230975991,chien (1),chien (1),0.0000,0.0000,0.0000,0.0000,0.0000,0.0000,,-,-,-,-,-,-,-,-,,,,,,
64376,1121844.151,11:27:05:404,Trial001,Federica Final_WMV_3000Kbps_720p.avi,31,Indigo,88.8617,Eye,100,106,3.9909,4.1312,404.65667695727507,393.750922473027,416.7501059657086,380.6693926213337,chien (1),chien (1),0.0000,0.0000,0.0000,0.0000,0.0000,0.0000,,-,-,-,-,-,-,-,-,,,,,,
64380,1121923.763,11:27:05:484,Trial001,Federica Final_WMV_3000Kbps_720p.avi,31,Indigo,88.8617,Eye,100,106,4.1003,4.0169,402.5623048333733,401.71399596638173,416.1671148900797,351.97176140037294,-,-,0.0000,0.0000,0.0000,0.0000,0.0000,0.0000,,-,-,-,-,-,-,-,-,,,,,,
64384,1122003.377,11:27:05:563,Trial001,Federica Final_WMV_3000Kbps_720p.avi,31,Indigo,88.8617,Eye,99,10,3.9683,4.0169,449.845148019049,426.7286399718622,463.9464930207207,399.1696285129927,yeux (1),yeux (1),0.0000,0.0000,0.0000,0.0000,0.0000,0.0000,,-,-,-,-,-,-,-,-,,,,,,
64388,1122083.011,11:27:05:643,Trial001,Federica Final_WMV_3000Kbps_720p.avi,31,Indigo,88.8617,Eye,99,10,3.8975,4.0169,487.98398385485166,343.3461061937153,502.92162216448696,376.7985494928769,yeux (1),yeux (1),0.0000,0.0000,0.0000,0.0000,0.0000,0.0000,,-,-,-,-,-,-,-,-,,,,,,
64392,1122162.63,11:27:05:722,Trial001,Federica Final_WMV_3000Kbps_720p.avi,31,Indigo,88.8617,Eye,101,107,3.9276,4.0169,572.3669456713827,402.4314239688773,583.7104555248499,323.22081517946253,corps,corps,0.0000,0.0000,0.0000,0.0000,0.0000,0.0000,,-,-,-,-,-,-,-,-,,,,,,
64396,1122242.266,11:27:05:802,Trial001,Federica Final_WMV_3000Kbps_720p.avi,31,Indigo,88.8617,Eye,101,107,3.8488,3.7800,611.4135853008661,338.4808742736293,625.063022830723,384.23021323229955,corps,corps,0.0000,0.0000,0.0000,0.0000,0.0000,0.0000,,-,-,-,-,-,-,-,-,,,,,,
64400,1122321.861,11:27:05:882,Trial001,Federica Final_WMV_3000Kbps_720p.avi,31,Indigo,88.8617,Eye,101,108,3.8309,2.9945,646.3604396269697,412.3454480854842,645.8595978606684,408.3933199154828,corps,corps,0.0000,0.0000,0.0000,0.0000,0.0000,0.0000,,-,-,-,-,-,-,-,-,,,,,,
64404,1122401.506,11:27:05:961,Trial001,Federica Final_WMV_3000Kbps_720p.avi,31,Indigo,88.8617,Eye,101,108,3.7534,3.6365,674.8116241230719,365.7011570141005,675.0044209091828,360.57262351379234,corps,corps,0.0000,0.0000,0.0000,0.0000,0.0000,0.0000,,-,-,-,-,-,-,-,-,,,,,,
64408,1122481.25,11:27:06:041,Trial001,Federica Final_WMV_3000Kbps_720p.avi,31,Indigo,88.8617,Eye,101,108,3.8243,3.4820,709.5877058851457,421.4704170692007,709.7555713996235,420.35603031722417,corps,corps,0.0000,0.0000,0.0000,0.0000,0.0000,0.0000,,-,-,-,-,-,-,-,-,,,,,,
64412,1122560.868,11:27:06:121,Trial001,Federica Final_WMV_3000Kbps_720p.avi,31,Indigo,0.0,Eye,100,93,3.8033,3.4820,735.6697672067011,396.3343688885594,735.818934267454,411.26200271541114,corps,corps,0.0000,0.0000,0.0000,0.0000,0.0000,0.0000,,-,-,-,-,-,-,-,-,,,,,,
64416,1122640.497,11:27:06:200,Trial001,Federica Final_WMV_3000Kbps_720p.avi,31,Indigo,0.0,Eye,100,93,3.7931,2.6721,755.2313131978676,388.06537895844605,755.3664564183268,371.8991672497154,corps,corps,0.0000,0.0000,0.0000,0.0000,0.0000,0.0000,,-,-,-,-,-,-,-,-,,,,,,
64420,1122720.111,11:27:06:280,Trial001,Federica Final_WMV_3000Kbps_720p.avi,31,Indigo,0.0,Eye,102,109,3.8258,2.7132,769.9024726912426,407.16647944935477,770.0270980314815,379.03710588933893,corps,corps,0.0000,0.0000,0.0000,0.0000,0.0000,0.0000,,-,-,-,-,-,-,-,-,,,,,,
64424,1122799.737,11:27:06:360,Trial001,Federica Final_WMV_3000Kbps_720p.avi,31,Indigo,0.0,Eye,102,109,3.8861,3.4591,,,,,chien (1),chien (1),0.0000,0.0000,0.0000,0.0000,0.0000,0.0000,,-,-,-,-,-,-,-,-,,,,,,
64428,1122879.357,11:27:06:439,Trial001,Federica Final_WMV_3000Kbps_720p.avi,31,Indigo,0.0,Eye,101,94,3.8799,2.8568,,,,,-,-,0.0000,0.0000,0.0000,0.0000,0.0000,0.0000,,-,-,-,-,-,-,-,-,,,,,,
64432,1122958.991,11:27:06:519,Trial001,Federica Final_WMV_3000Kbps_720p.avi,31,Indigo,0.0,Eye,101,94,4.0116,3.1179,,,,,-,-,0.0000,0.0000,0.0000,0.0000,0.0000,0.0000,,-,-,-,-,-,-,-,-,,,,,,
64436,1123038.609,11:27:06:598,Trial001,Federica Final_WMV_3000Kbps_720p.avi,31,Indigo,0.0,Eye,-,110,4.0896,3.0672,,,,,chien (1),chien (1),0.0000,0.0000,0.0000,0.0000,0.0000,0.0000,,-,-,-,-,-,-,-,-,,,,,,
64440,1123118.232,11:27:06:678,Trial001,Federica Final_WMV_3000Kbps_720p.avi,31,Indigo,0.0,Eye,-,11,4.1647,3.0459,,,,,chien (1),chien (1),0.0000,0.0000,0.0000,0.0000,0.0000,0.0000,,-,-,-,-,-,-,-,-,,,,,,
64444,1123197.862,11:27:06:758,Trial001,Federica Final_WMV_3000Kbps_720p.avi,31,Indigo,0.0,Eye,-,11,3.9515,3.7665,,,,,-,-,0.0000,0.0000,0.0000,0.0000,0.0000,0.0000,,-,-,-,-,-,-,-,-,,,,,,
59913,1123510.444,11:27:07:070,Trial002,1 coucou D.jpg,31,Indigo,23.5479,Information,1,1,-,-,,,,,-,-,-,-,-,-,-,-,,-,-,-,-,-,-,-,1 coucou d.jpg,,,,,,
59917,1123663.299,11:27:07:223,Trial002,1 coucou D.jpg,31,Indigo,23.5479,Eye,1,1,4.0687,3.0842,404.2246013580675,322.1075131665915,404.2602373073945,341.75296380653583,-,-,0.0000,0.0000,0.0000,0.0000,0.0000,0.0000,,-,-,-,-,-,-,-,-,,,,,,
59921,1123839.451,11:27:07:399,Trial002,1 coucou D.jpg,31,Indigo,23.5479,Eye,1,1,4.0687,3.0842,367.6381790921284,309.2241447087748,367.6649060541236,367.89817332192456,-,-,0.0000,0.0000,0.0000,0.0000,0.0000,0.0000,,-,-,-,-,-,-,-,-,,,,,,
59925,1124015.55,11:27:07:575,Trial002,1 coucou D.jpg,31,Indigo,23.5479,Eye,1,1,4.0687,3.0842,340.1760984461745,302.9554569039551,340.1961436676709,282.5165970416571,-,-,0.0000,0.0000,0.0000,0.0000,0.0000,0.0000,,-,-,-,-,-,-,-,-,,,,,,
59929,1124191.794,11:27:07:751,Trial002,1 coucou D.jpg,31,Indigo,23.5479,Eye,1,1,4.0687,3.0842,319.57752422160047,314.2110820425589,319.5925581377228,227.3554619454664,-,-,0.0000,0.0000,0.0000,0.0000,0.0000,0.0000,,-,-,-,-,-,-,-,-,,,,,,
59933,1124367.914,11:27:07:927,Trial002,1 coucou D.jpg,31,Indigo,23.5479,Eye,1,1,4.0687,3.0842,304.1228016525362,355.63587525922543,304.13407708962785,315.96994860466197,-,-,0.0000,0.0000,0.0000,0.0000,0.0000,0.0000,,-,-,-,-,-,-,-,-,,,,,,
59937,1124544.04,11:27:08:104,Trial002,1 coucou D.jpg,31,Indigo,23.5479,Eye,1,1,4.0687,3.0842,292.4865106179973,260.0292047926715,292.49496719581606,316.59968813473364,-,-,0.0000,0.0000,0.0000,0.0000,0.0000,0.0000,,-,-,-,-,-,-,-,-,,,,,,
59941,1124720.28,11:27:08:280,Trial002,1 coucou D.jpg,31,Indigo,23.5479,Eye,1,1,4.0687,3.0842,283.78562554669435,293.7544909886043,283.7919679800585,295.53137496987074,-,-,0.0000,0.0000,0.0000,0.0000,0.0000,0.0000,,-,-,-,-,-,-,-,-,,,,,,
59945,1125103.279,11:27:08:663,Trial002,1 coucou D.jpg,31,Indigo,23.5479,Eye,1,1,4.0687,3.0842,277.2834021993857,245.94138750211366,277.28815902440886,354.0652831260061,-,-,0.0000,0.0000,0.0000,0.0000,0.0000,0.0000,,-,-,-,-,-,-,-,-,,,,,,
59949,1125279.4,11:27:08:839,Trial002,1 coucou D.jpg,31,Indigo,23.5479,Eye,1,1,4.0687,3.0842,272.4176240617892,258.64681187952584,272.42119168055655,241.6364568834785,-,-,0.0000,0.0000,0.0000,0.0000,0.0000,0.0000,,-,-,-,-,-,-,-,-,,,,,,
59953,1125455.646,11:27:09:015,Trial002,1 coucou D.jpg,31,Indigo,23.5479,Eye,1,1,4.0687,3.0842,268.7542204849401,278.96882370050514,268.75689619901556,304.25362039204435,-,-,0.0000,0.0000,0.0000,0.0000,0.0000,0.0000,,-,-,-,-,-,-,-,-,,,,,,
59957,1125741.562,11:27:09:301,Trial002,1 coucou D.jpg,31,Indigo,23.5479,Eye,1,1,4.0687,3.6825,359.0844373535661,279.2305640254516,355.28919506704165,326.67217964973406,White Space,White Space,0.0000,0.0000,0.0000,0.0000,0.0000,0.0000,,-,-,-,-,-,-,-,-,,,,,,
59961,1125821.178,11:27:09:381,Trial002,1 coucou D.jpg,31,Indigo,23.5479,Eye,1,1,3.7711,3.9654,432.84085924155886,348.4184788294782,442.7124789308942,310.1001750409059,White Space,White Space,0.0000,0.0000,0.0000,0.0000,0.0000,0.0000,,-,-,-,-,-,-,-,-,,,,,,
59965,1125900.681,11:27:09:460,Trial002,1 coucou D.jpg,31,Indigo,23.5479,Eye,1,1,3.5806,3.6983,557.9500467973363,327.77553037358143,567.2438608355296,432.0473014509686,White Space,White Space,0.0000,0.0000,0.0000,0.0000,0.0000,0.0000,,-,-,-,-,-,-,-,-,,,,,,
59969,1125980.303,11:27:09:540,Trial002,1 coucou D.jpg,31,Indigo,23.5479,Eye,1,1,3.2880,3.5414,662.1433178408829,386.25475234960805,674.4032752182864,358.75249948098866,White Space,White Space,0.0000,0.0000,0.0000,0.0000,0.0000,0.0000,,-,-,-,-,-,-,-,-,,,,,,
59973,1126059.922,11:27:09:619,Trial002,1 coucou D.jpg,31,Indigo,23.5479,Eye,1,1,3.0209,2.9606,741.3925203333603,355.91164498164136,755.0388716452154,335.92305141238506,White Space,White Space,0.0000,0.0000,0.0000,0.0000,0.0000,0.0000,,-,-,-,-,-,-,-,-,,,,,,
59977,1126139.559,11:27:09:699,Trial002,1 coucou D.jpg,31,Indigo,23.5479,Eye,1,2,2.4698,3.4644,801.5237449760466,432.57578746241586,806.3825345449948,336.1039589550553,White Space,White Space,0.0000,0.0000,0.0000,0.0000,0.0000,0.0000,,-,-,-,-,-,-,-,-,,,,,,
59981,1126219.171,11:27:09:779,Trial002,1 coucou D.jpg,31,Indigo,23.5479,Eye,1,2,3.4848,3.3542,855.619102281159,378.2509679746728,861.0161435418361,342.6447641664761,White Space,White Space,0.0000,0.0000,0.0000,0.0000,0.0000,0.0000,,-,-,-,-,-,-,-,-,,,,,,
59985,1126298.801,11:27:09:858,Trial002,1 coucou D.jpg,31,Indigo,23.5479,Eye,1,2,3.4211,3.5521,885.9575978975223,438.3517754786547,900.0940315423175,335.05230224522666,White Space,White Space,0.0000,0.0000,0.0000,0.0000,0.0000,0.0000,,-,-,-,-,-,-,-,-,,,,,,
59989,1126378.302,11:27:09:938,Trial002,1 coucou D.jpg,31,Indigo,23.5479,Eye,1,2,3.5577,3.3389,858.6037795817666,389.8095920992204,872.2944816695313,412.76884087003157,White Space,White Space,0.0000,0.0000,0.0000,0.0000,0.0000,0.0000,,-,-,-,-,-,-,-,-,,,,,,
59993,1126497.681,11:27:10:058,Trial003,2 devant.jpg,31,Indigo,100.0,Eye,1,1,3.3987,2.9380,835.9701550328919,388.43581855983,850.3357674179962,349.0357747269431,White Space,White Space,0.0000,0.0000,0.0000,0.0000,0.0000,0.0000,,-,-,-,-,-,-,-,-,,,,,,
59997,1126577.179,11:27:10:137,Trial003,2 devant.jpg,31,Indigo,100.0,Eye,1,1,3.5528,3.6320,789.7031476473782,385.4651384539747,804.9758610453083,331.57450286314406,White Space,White Space,0.0000,0.0000,0.0000,0.0000,0.0000,0.0000,,-,-,-,-,-,-,-,-,,,,,,
60001,1126656.784,11:27:10:217,Trial003,2 devant.jpg,31,Indigo,100.0,Eye,1,1,3.5189,3.7527,763.5720329523972,331.9997317924083,771.8387908366586,358.1784097525604,White Space,White Space,0.0000,0.0000,0.0000,0.0000,0.0000,0.0000,,-,-,-,-,-,-,-,-,,,,,,
60005,1126736.329,11:27:10:297,Trial003,2 devant.jpg,31,Indigo,100.0,Eye,1,1,3.5044,3.8268,733.0371717243237,378.1183516711863,740.7302041498666,340.8709037236537,White Space,White Space,0.0000,0.0000,0.0000,0.0000,0.0000,0.0000,,-,-,-,-,-,-,-,-,,,,,,
60009,1126815.918,11:27:10:376,Trial003,2 devant.jpg,31,Indigo,100.0,Eye,1,1,3.5062,3.7714,714.8128047534024,397.29189930406136,708.7892696060707,383.8567157247946,White Space,White Space,0.0000,0.0000,0.0000,0.0000,0.0000,0.0000,,-,-,-,-,-,-,-,-,,,,,,
60013,1126895.419,11:27:10:456,Trial003,2 devant.jpg,31,Indigo,100.0,Eye,1,1,3.6094,3.8790,679.5750142002563,372.91529113101916,690.453511817633,376.31081944693017,White Space,White Space,0.0000,0.0000,0.0000,0.0000,0.0000,0.0000,,-,-,-,-,-,-,-,-,,,,,,
60017,1126975.04,11:27:10:535,Trial003,2 devant.jpg,31,Indigo,100.0,Eye,2,2,3.6135,3.8897,661.2715502878416,305.6039719066346,675.0369688530396,375.2615234456723,White Space,White Space,0.0000,0.0000,0.0000,0.0000,0.0000,0.0000,,-,-,-,-,-,-,-,-,,,,,,
60021,1127054.531,11:27:10:615,Trial003,2 devant.jpg,31,Indigo,100.0,Eye,2,2,3.6768,3.9173,656.9466475962408,357.4634178002534,668.1771416357418,370.5785962542427,White Space,White Space,0.0000,0.0000,0.0000,0.0000,0.0000,0.0000,,-,-,-,-,-,-,-,-,,,,,,
60025,1127134.288,11:27:10:695,Trial003,2 devant.jpg,31,Indigo,100.0,Eye,2,2,3.7706,3.9628,649.6168381077796,335.21414944231236,663.6843532354914,404.6742464803649,White Space,White Space,0.0000,0.0000,0.0000,0.0000,0.0000,0.0000,,-,-,-,-,-,-,-,-,,,,,,
60029,1127213.902,11:27:10:774,Trial003,2 devant.jpg,31,Indigo,100.0,Eye,2,2,3.7868,3.7839,661.4053755580031,383.84744304339563,665.9498997730665,368.5693334966267,White Space,White Space,0.0000,0.0000,0.0000,0.0000,0.0000,0.0000,,-,-,-,-,-,-,-,-,,,,,,
60033,1127293.539,11:27:10:854,Trial003,2 devant.jpg,31,Indigo,100.0,Eye,2,2,3.7688,4.1912,661.9512640327384,403.83457911679676,652.0813746631744,336.8812874474102,White Space,White Space,0.0000,0.0000,0.0000,0.0000,0.0000,0.0000,,-,-,-,-,-,-,-,-,,,,,,
60037,1127373.155,11:27:10:933,Trial003,2 devant.jpg,31,Indigo,100.0,Eye,2,2,3.7930,4.2450,648.259048134212,320.9879917250881,644.9945536324896,388.9355512508667,White Space,White Space,0.0000,0.0000,0.0000,0.0000,0.0000,0.0000,,-,-,-,-,-,-,-,-,,,,,,
60041,1127452.786,11:27:11:013,Trial003,2 devant.jpg,31,Indigo,100.0,Eye,2,2,3.9123,3.9984,670.9327855024626,425.70334864209633,670.3195266275989,417.278212277193,White Space,White Space,0.0000,0.0000,0.0000,0.0000,0.0000,0.0000,,-,-,-,-,-,-,-,-,,,,,,
60045,1127532.531,11:27:11:093,Trial003,2 devant.jpg,31,Indigo,100.0,Eye,2,2,3.9579,4.0631,662.4891396224409,398.20810860317476,663.9636445602058,421.00553133169484,White Space,White Space,0.0000,0.0000,0.0000,0.0000,0.0000,0.0000,,-,-,-,-,-,-,-,-,,,,,,
60049,1127612.154,11:27:11:172,Trial003,2 devant.jpg,31,Indigo,100.0,Eye,2,2,4.0070,4.0446,603.3670703445682,438.275435285602,609.9217934182058,393.42515294157613,White Space,White Space,0.0000,0.0000,0.0000,0.0000,0.0000,0.0000,,-,-,-,-,-,-,-,-,,,,,,
60053,1127691.905,11:27:11:252,Trial003,2 devant.jpg,31,Indigo,100.0,Eye,2,2,3.8561,3.9196,674.9726685091265,411.52280719232226,681.6691896787896,494.71194831750756,White Space,White Space,0.0000,0.0000,0.0000,0.0000,0.0000,0.0000,,-,-,-,-,-,-,-,-,,,,,,
60057,1127771.393,11:27:11:332,Trial003,2 devant.jpg,31,Indigo,100.0,Eye,2,2,3.7632,4.0022,733.2919921780721,444.97594056073973,745.577174346597,424.47385796082455,White Space,White Space,0.0000,0.0000,0.0000,0.0000,0.0000,0.0000,,-,-,-,-,-,-,-,-,,,,,,
60061,1127851.028,11:27:11:411,Trial003,2 devant.jpg,31,Indigo,100.0,Eye,2,2,3.7111,4.0516,772.5748482456846,389.3950262424688,779.4217576844255,434.75948763822475,White Space,White Space,0.0000,0.0000,0.0000,0.0000,0.0000,0.0000,,-,-,-,-,-,-,-,-,,,,,,
60065,1127930.641,11:27:11:491,Trial003,2 devant.jpg,31,Indigo,100.0,Eye,3,3,3.6533,3.9652,825.1326628134719,378.9968931123652,825.1035809784972,428.7229086824851,White Space,White Space,0.0000,0.0000,0.0000,0.0000,0.0000,0.0000,,-,-,-,-,-,-,-,-,,,,,,
60069,1128010.152,11:27:11:570,Trial003,2 devant.jpg,31,Indigo,100.0,Eye,3,3,3.5193,3.8119,863.6898423953147,389.5029076712476,861.3499755261983,374.0386737985925,White Space,White Space,0.0000,0.0000,0.0000,0.0000,0.0000,0.0000,,-,-,-,-,-,-,-,-,,,,,,
60073,1128089.766,11:27:11:650,Trial003,2 devant.jpg,31,Indigo,100.0,Eye,4,4,3.7753,3.9991,851.4191222744809,382.58571909760894,852.5427142910348,350.703844228477,White Space,White Space,0.0000,0.0000,0.0000,0.0000,0.0000,0.0000,,-,-,-,-,-,-,-,-,,,,,,
60077,1128169.392,11:27:11:730,Trial003,2 devant.jpg,31,Indigo,100.0,Eye,4,4,3.6351,3.7877,799.2928604772677,393.7107831687703,800.3522121345097,403.66364419499985,White Space,White Space,0.0000,0.0000,0.0000,0.0000,0.0000,0.0000,,-,-,-,-,-,-,-,-,,,,,,
60081,1128248.887,11:27:11:809,Trial003,2 devant.jpg,31,Indigo,100.0,Eye,4,4,3.6705,4.0142,761.2506468825417,389.01333286734484,757.4449458135597,356.5779005050102,White Space,White Space,0.0000,0.0000,0.0000,0.0000,0.0000,0.0000,,-,-,-,-,-,-,-,-,,,,,,
60085,1128328.52,11:27:11:889,Trial003,2 devant.jpg,31,Indigo,100.0,Eye,4,4,3.6359,4.0871,729.8087343526373,450.61759721420384,726.024766732013,373.21683003278133,White Space,White Space,0.0000,0.0000,0.0000,0.0000,0.0000,0.0000,,-,-,-,-,-,-,-,-,,,,,,
60089,1128408.13,11:27:11:968,Trial003,2 devant.jpg,31,Indigo,100.0,Eye,5,5,3.6182,3.9725,708.3861734678928,380.90730635794245,710.5660496146319,407.4022327185652,White Space,White Space,0.0000,0.0000,0.0000,0.0000,0.0000,0.0000,,-,-,-,-,-,-,-,-,,,,,,
60093,1128487.643,11:27:12:048,Trial003,2 devant.jpg,31,Indigo,100.0,Eye,5,5,3.6385,3.9020,683.8618337899036,423.65787198598196,684.9661421097719,385.26615587335544,White Space,White Space,0.0000,0.0000,0.0000,0.0000,0.0000,0.0000,,-,-,-,-,-,-,-,-,,,,,,
60097,1128567.264,11:27:12:128,Trial003,2 devant.jpg,31,Indigo,100.0,Eye,5,5,3.6572,3.9490,662.8124591461635,379.59315728417175,664.7605551158714,414.761458601162,White Space,White Space,0.0000,0.0000,0.0000,0.0000,0.0000,0.0000,,-,-,-,-,-,-,-,-,,,,,,
60101,1128646.889,11:27:12:207,Trial003,2 devant.jpg,31,Indigo,100.0,Eye,5,5,3.6942,3.9652,644.9817140502556,364.51849500949646,651.4215043197545,329.7862738717643,White Space,White Space,0.0000,0.0000,0.0000,0.0000,0.0000,0.0000,,-,-,-,-,-,-,-,-,,,,,,
60105,1128726.388,11:27:12:287,Trial003,2 devant.jpg,31,Indigo,100.0,Eye,6,6,3.7246,4.1344,626.3508339791249,394.66003416856256,632.5400440632598,393.48912376028596,White Space,White Space,0.0000,0.0000,0.0000,0.0000,0.0000,0.0000,,-,-,-,-,-,-,-,-,,,,,,
60109,1128806.011,11:27:12:366,Trial003,2 devant.jpg,31,Indigo,100.0,Eye,6,6,3.9090,4.2928,644.6739265877861,361.9551652911636,642.7940572045031,400.6270459761513,White Space,White Space,0.0000,0.0000,0.0000,0.0000,0.0000,0.0000,,-,-,-,-,-,-,-,-,,,,,,
60113,1128885.63,11:27:12:446,Trial003,2 devant.jpg,31,Indigo,100.0,Eye,6,6,3.9492,4.1307,659.8746687806286,367.0262728533634,665.8284171923883,377.02015384548065,White Space,White Space,0.0000,0.0000,0.0000,0.0000,0.0000,0.0000,,-,-,-,-,-,-,-,-,,,,,,
60117,1128965.251,11:27:12:526,Trial003,2 devant.jpg,31,Indigo,100.0,Eye,6,6,3.9747,4.1217,685.9346885328598,376.98983783251225,680.5811705822675,319.074715523641,White Space,White Space,0.0000,0.0000,0.0000,0.0000,0.0000,0.0000,,-,-,-,-,-,-,-,-,,,,,,
60121,1129044.75,11:27:12:605,Trial003,2 devant.jpg,31,Indigo,100.0,Eye,6,6,3.9976,2.5327,647.4698800378411,409.67580077792707,648.36281874167,394.20898775646293,White Space,White Space,0.0000,0.0000,0.0000,0.0000,0.0000,0.0000,,-,-,-,-,-,-,-,-,,,,,,
60125,1129124.381,11:27:12:685,Trial003,2 devant.jpg,31,Indigo,100.0,Eye,6,6,4.0330,3.8376,625.554616154125,448.3315387834725,621.8644723155189,430.6526494214654,White Space,White Space,0.0000,0.0000,0.0000,0.0000,0.0000,0.0000,,-,-,-,-,-,-,-,-,,,,,,
60129,1129203.996,11:27:12:764,Trial003,2 devant.jpg,31,Indigo,100.0,Eye,7,7,4.0343,3.5817,604.6904869650098,420.42403620745534,599.9947678282862,432.8874485631719,White Space,White Space,0.0000,0.0000,0.0000,0.0000,0.0000,0.0000,,-,-,-,-,-,-,-,-,,,,,,
60133,1129283.506,11:27:12:844,Trial003,2 devant.jpg,31,Indigo,100.0,Eye,7,7,4.0406,2.4958,588.7140810772638,480.8459235815758,586.5617869814718,437.73500856605193,White Space,White Space,0.0000,0.0000,0.0000,0.0000,0.0000,0.0000,,-,-,-,-,-,-,-,-,,,,,,
60137,1129420.295,11:27:12:980,Trial004,3 regard chien D.jpg,31,Indigo,100.0,Information,1,1,-,-,576.7317766614544,420.50600584392447,576.4870513463609,351.16321933068923,-,-,-,-,-,-,-,-,,-,-,-,-,-,-,-,3 regard chien d.jpg,,,,,,
60141,1129482.515,11:27:13:042,Trial004,3 regard chien D.jpg,31,Indigo,100.0,Eye,1,1,3.9565,2.5915,610.5627933141617,509.1237339174884,608.7313373760826,395.72175609075106,White Space,White Space,0.0000,0.0000,0.0000,0.0000,0.0000,0.0000,,-,-,-,-,-,-,-,-,,,,,,
60145,1129562.114,11:27:13:122,Trial004,3 regard chien D.jpg,31,Indigo,100.0,Eye,1,1,3.9362,2.9034,621.2622969408321,475.9162291996755,616.5906788307452,431.50877467483855,White Space,White Space,0.0000,0.0000,0.0000,0.0000,0.0000,0.0000,,-,-,-,-,-,-,-,-,,,,,,
60149,1129641.744,11:27:13:201,Trial004,3 regard chien D.jpg,31,Indigo,100.0,Eye,1,1,3.9467,2.7267,621.17128113671,480.1978747379779,625.4694363043932,438.11330116788133,White Space,White Space,0.0000,0.0000,0.0000,0.0000,0.0000,0.0000,,-,-,-,-,-,-,-,-,,,,,,
60153,1129721.386,11:27:13:281,Trial004,3 regard chien D.jpg,31,Indigo,100.0,Eye,1,1,3.9302,2.7194,610.4279806181761,376.2502746088155,621.7505885424297,435.8676964815764,White Space,White Space,0.0000,0.0000,0.0000,0.0000,0.0000,0.0000,,-,-,-,-,-,-,-,-,,,,,,
60157,1129800.994,11:27:13:361,Trial004,3 regard chien D.jpg,31,Indigo,100.0,Eye,1,1,3.9032,3.3485,612.9191764216007,454.16423756512364,609.6867614585035,441.2724323213999,White Space,White Space,0.0000,0.0000,0.0000,0.0000,0.0000,0.0000,,-,-,-,-,-,-,-,-,,,,,,
60161,1129880.739,11:27:13:440,Trial004,3 regard chien D.jpg,31,Indigo,100.0,Eye,1,1,3.8404,3.2319,590.6197927793758,440.45641011510503,587.6207459092547,389.2997364434675,White Space,White Space,0.0000,0.0000,0.0000,0.0000,0.0000,0.0000,,-,-,-,-,-,-,-,-,,,,,,
60165,1129960.36,11:27:13:520,Trial004,3 regard chien D.jpg,31,Indigo,100.0,Eye,1,1,3.7808,3.3534,578.6912967513006,363.36337467874546,565.1991581859266,368.77069641975777,White Space,White Space,0.0000,0.0000,0.0000,0.0000,0.0000,0.0000,,-,-,-,-,-,-,-,-,,,,,,
60169,1130039.99,11:27:13:600,Trial004,3 regard chien D.jpg,31,Indigo,100.0,Eye,1,1,3.7768,3.2456,564.3572057188238,352.65769038505135,551.9747146642073,354.72131076322535,White Space,White Space,0.0000,0.0000,0.0000,0.0000,0.0000,0.0000,,-,-,-,-,-,-,-,-,,,,,,
60173,1130119.614,11:27:13:679,Trial004,3 regard chien D.jpg,31,Indigo,100.0,Eye,2,2,3.7391,3.1938,550.9389239465927,391.50607520063136,547.6578674377029,360.6591707947264,White Space,White Space,0.0000,0.0000,0.0000,0.0000,0.0000,0.0000,,-,-,-,-,-,-,-,-,,,,,,
60177,1130199.233,11:27:13:759,Trial004,3 regard chien D.jpg,31,Indigo,100.0,Eye,2,2,3.7910,3.0218,552.1128215226325,395.0449273304342,540.3837401533315,318.22773787980697,White Space,White Space,0.0000,0.0000,0.0000,0.0000,0.0000,0.0000,,-,-,-,-,-,-,-,-,,,,,,
60181,1130278.851,11:27:13:839,Trial004,3 regard chien D.jpg,31,Indigo,100.0,Eye,2,2,3.8372,3.0901,542.6627744421345,378.9672094039401,545.6017964775642,355.99988483808215,White Space,White Space,0.0000,0.0000,0.0000,0.0000,0.0000,0.0000,,-,-,-,-,-,-,-,-,,,,,,
60185,1130358.473,11:27:13:918,Trial004,3 regard chien D.jpg,31,Indigo,100.0,Eye,2,2,3.7945,2.9921,540.618077713048,375.91595883408985,540.4049741350898,352.1975457621335,White Space,White Space,0.0000,0.0000,0.0000,0.0000,0.0000,0.0000,,-,-,-,-,-,-,-,-,,,,,,
60189,1130438.234,11:27:13:998,Trial004,3 regard chien D.jpg,31,Indigo,100.0,Eye,3,3,3.7349,2.6295,529.0620997059714,368.28251831215425,531.6099660833198,376.2702795550526,White Space,White Space,0.0000,0.0000,0.0000,0.0000,0.0000,0.0000,,-,-,-,-,-,-,-,-,,,,,,
60193,1130517.858,11:27:14:078,Trial004,3 regard chien D.jpg,31,Indigo,100.0,Eye,3,4,3.7314,2.9172,555.974657617542,367.27470457392275,563.1354491138952,401.06798666789496,White Space,White Space,0.0000,0.0000,0.0000,0.0000,0.0000,0.0000,,-,-,-,-,-,-,-,-,,,,,,
60197,1130597.483,11:27:14:157,Trial004,3 regard chien D.jpg,31,Indigo,100.0,Eye,3,4,3.6888,2.9459,547.1010964701729,388.99602436027345,552.6361795345699,400.0842151095095,White Space,White Space,0.0000,0.0000,0.0000,0.0000,0.0000,0.0000,,-,-,-,-,-,-,-,-,,,,,,
60201,1130677.098,11:27:14:237,Trial004,3 regard chien D.jpg,31,Indigo,100.0,Eye,3,3,3.6580,3.1743,551.4202996760372,410.5357504810301,557.3269280788069,341.29162807129245,White Space,White Space,0.0000,0.0000,0.0000,0.0000,0.0000,0.0000,,-,-,-,-,-,-,-,-,,,,,,
60205,1130756.719,11:27:14:316,Trial004,3 regard chien D.jpg,31,Indigo,100.0,Eye,3,3,3.7326,3.3567,553.6423572583903,403.76150682874606,562.1662318016907,399.6051676890247,White Space,White Space,0.0000,0.0000,0.0000,0.0000,0.0000,0.0000,,-,-,-,-,-,-,-,-,,,,,,
60209,1130836.346,11:27:14:396,Trial004,3 regard chien D.jpg,31,Indigo,100.0,Eye,4,5,3.6283,3.6268,561.084767658131,387.2869455033786,563.2878923524893,380.1021023991336,White Space,White Space,0.0000,0.0000,0.0000,0.0000,0.0000,0.0000,,-,-,-,-,-,-,-,-,,,,,,
60213,1130916.095,11:27:14:476,Trial004,3 regard chien D.jpg,31,Indigo,100.0,Eye,4,5,3.5581,3.4228,613.003635316859,381.16335740880265,615.50544921863,318.9763119855442,White Space,White Space,0.0000,0.0000,0.0000,0.0000,0.0000,0.0000,,-,-,-,-,-,-,-,-,,,,,,
60217,1130995.715,11:27:14:555,Trial004,3 regard chien D.jpg,31,Indigo,100.0,Eye,4,1,3.6255,3.5041,691.8057956759201,413.29933694563147,691.9579466976008,436.1089903122946,White Space,White Space,0.0000,0.0000,0.0000,0.0000,0.0000,0.0000,,-,-,-,-,-,-,-,-,,,,,,
60221,1131075.346,11:27:14:635,Trial004,3 regard chien D.jpg,31,Indigo,100.0,Eye,5,1,3.5649,3.5041,583.2759703780061,341.8554352294047,583.3900836442667,329.20544663395424,-,-,0.0000,0.0000,0.0000,0.0000,0.0000,0.0000,,-,-,-,-,-,-,-,-,,,,,,
60225,1131154.974,11:27:14:715,Trial004,3 regard chien D.jpg,31,Indigo,100.0,Eye,5,4,3.6332,3.2472,595.5705246280189,307.60082236592723,607.6751262597951,380.2577791816022,White Space,White Space,0.0000,0.0000,0.0000,0.0000,0.0000,0.0000,,-,-,-,-,-,-,-,-,,,,,,
60229,1131234.584,11:27:14:794,Trial004,3 regard chien D.jpg,31,Indigo,100.0,Eye,5,4,3.6506,3.3287,609.0448619151987,366.7689930534513,612.7920626415628,367.130609308232,White Space,White Space,0.0000,0.0000,0.0000,0.0000,0.0000,0.0000,,-,-,-,-,-,-,-,-,,,,,,
60233,1131314.219,11:27:14:874,Trial004,3 regard chien D.jpg,31,Indigo,100.0,Eye,5,4,3.5951,3.1734,613.159182041963,368.4822291564869,614.2315468150978,398.13020692233897,White Space,White Space,0.0000,0.0000,0.0000,0.0000,0.0000,0.0000,,-,-,-,-,-,-,-,-,,,,,,
60237,1131393.842,11:27:14:954,Trial004,3 regard chien D.jpg,31,Indigo,100.0,Eye,6,5,3.4844,3.2976,601.9400299754556,390.39445722875513,602.5259481797916,395.76175190804184,White Space,White Space,0.0000,0.0000,0.0000,0.0000,0.0000,0.0000,,-,-,-,-,-,-,-,-,,,,,,
60241,1131473.587,11:27:15:033,Trial004,3 regard chien D.jpg,31,Indigo,100.0,Eye,6,5,3.3887,3.3197,592.6795104481058,420.4596393439842,593.9063902649106,371.6994597019401,White Space,White Space,0.0000,0.0000,0.0000,0.0000,0.0000,0.0000,,-,-,-,-,-,-,-,-,,,,,,
60245,1131553.214,11:27:15:113,Trial004,3 regard chien D.jpg,31,Indigo,100.0,Eye,6,5,3.3713,3.0817,595.7493363969236,372.08083041039856,592.062042877945,349.538699953417,White Space,White Space,0.0000,0.0000,0.0000,0.0000,0.0000,0.0000,,-,-,-,-,-,-,-,-,,,,,,
60249,1131632.831,11:27:15:193,Trial004,3 regard chien D.jpg,31,Indigo,100.0,Eye,6,5,3.3596,3.1542,587.7218724787532,331.6760061118737,585.8931544083821,404.67940831796886,White Space,White Space,0.0000,0.0000,0.0000,0.0000,0.0000,0.0000,,-,-,-,-,-,-,-,-,,,,,,
60253,1131712.462,11:27:15:272,Trial004,3 regard chien D.jpg,31,Indigo,100.0,Eye,7,6,3.5460,3.0963,587.3569955939637,350.19062564328874,576.3010063468516,375.1498239427022,White Space,White Space,0.0000,0.0000,0.0000,0.0000,0.0000,0.0000,,-,-,-,-,-,-,-,-,,,,,,
60257,1131792.078,11:27:15:352,Trial004,3 regard chien D.jpg,31,Indigo,100.0,Eye,7,6,3.4662,3.0643,576.8936809064174,325.2157475412093,572.0502048892411,333.82258611022087,White Space,White Space,0.0000,0.0000,0.0000,0.0000,0.0000,0.0000,,-,-,-,-,-,-,-,-,,,,,,
60261,1131871.711,11:27:15:431,Trial004,3 regard chien D.jpg,31,Indigo,100.0,Eye,7,6,3.4973,3.0044,575.4391192796799,481.051663587601,576.875434830956,415.08178551653646,White Space,White Space,0.0000,0.0000,0.0000,0.0000,0.0000,0.0000,,-,-,-,-,-,-,-,-,,,,,,
60265,1131951.455,11:27:15:511,Trial004,3 regard chien D.jpg,31,Indigo,100.0,Eye,7,6,3.5358,2.8250,568.29438301517,366.6412714122139,565.7479427288368,391.11916356022004,White Space,White Space,0.0000,0.0000,0.0000,0.0000,0.0000,0.0000,,-,-,-,-,-,-,-,-,,,,,,
60269,1132031.078,11:27:15:591,Trial004,3 regard chien D.jpg,31,Indigo,100.0,Eye,7,6,3.5173,2.7911,555.3580285240411,361.0104140916768,562.9137597247079,311.8265736752967,White Space,White Space,0.0000,0.0000,0.0000,0.0000,0.0000,0.0000,,-,-,-,-,-,-,-,-,,,,,,
60273,1132110.695,11:27:15:670,Trial004,3 regard chien D.jpg,31,Indigo,100.0,Eye,8,7,3.5960,2.7185,543.6509616923206,352.64415310964995,546.8862901068504,389.4403518698653,White Space,White Space,0.0000,0.0000,0.0000,0.0000,0.0000,0.0000,,-,-,-,-,-,-,-,-,,,,,,
60277,1132190.322,11:27:15:750,Trial004,3 regard chien D.jpg,31,Indigo,100.0,Eye,8,7,3.5592,2.6146,530.7904090192405,389.0627432260562,539.5087143489893,435.20413101599536,White Space,White Space,0.0000,0.0000,0.0000,0.0000,0.0000,0.0000,,-,-,-,-,-,-,-,-,,,,,,
60281,1132269.954,11:27:15:830,Trial004,3 regard chien D.jpg,31,Indigo,100.0,Eye,9,10,3.6013,2.9241,600.5601324812146,351.05744268623965,619.7663163611502,390.92692576519386,White Space,White Space,0.0000,0.0000,0.0000,0.0000,0.0000,0.0000,,-,-,-,-,-,-,-,-,,,,,,
60285,1132369.572,11:27:15:929,Trial005,4 tete chien D.jpg,31,Indigo,100.0,Eye,1,1,3.5027,3.6210,683.9506517161984,407.63380483303285,697.8869048258014,368.66997385016396,White Space,White Space,0.0000,0.0000,0.0000,0.0000,0.0000,0.0000,,-,-,-,-,-,-,-,-,,,,,,
60289,1132449.204,11:27:16:009,Trial005,4 tete chien D.jpg,31,Indigo,100.0,Eye,1,1,3.5370,3.6991,756.2164649616648,381.5453962617309,760.1479516077787,392.3910455322559,White Space,White Space,0.0000,0.0000,0.0000,0.0000,0.0000,0.0000,,-,-,-,-,-,-,-,-,,,,,,
60293,1132528.703,11:27:16:088,Trial005,4 tete chien D.jpg,31,Indigo,100.0,Eye,1,1,3.5206,3.7138,823.2416242235228,448.1970829977649,810.3198043175086,406.46641028682944,White Space,White Space,0.0000,0.0000,0.0000,0.0000,0.0000,0.0000,,-,-,-,-,-,-,-,-,,,,,,
60297,1132608.328,11:27:16:168,Trial005,4 tete chien D.jpg,31,Indigo,100.0,Eye,1,1,3.4698,3.6368,865.3924938952883,405.35746828903746,853.0962698726032,402.4357714609356,White Space,White Space,0.0000,0.0000,0.0000,0.0000,0.0000,0.0000,,-,-,-,-,-,-,-,-,,,,,,
60301,1132687.819,11:27:16:247,Trial005,4 tete chien D.jpg,31,Indigo,100.0,Eye,1,1,3.3963,3.5181,894.2695172803553,387.95657198539004,885.1203098161377,394.42087859214735,White Space,White Space,0.0000,0.0000,0.0000,0.0000,0.0000,0.0000,,-,-,-,-,-,-,-,-,,,,,,
60305,1132767.447,11:27:16:327,Trial005,4 tete chien D.jpg,31,Indigo,100.0,Eye,2,1,3.3314,3.5223,849.7307225769968,420.31738080598114,841.4646253511835,366.65300244844633,White Space,White Space,0.0000,0.0000,0.0000,0.0000,0.0000,0.0000,,-,-,-,-,-,-,-,-,,,,,,
60309,1132846.943,11:27:16:407,Trial005,4 tete chien D.jpg,31,Indigo,100.0,Eye,2,1,3.2224,3.5223,823.1961695390347,335.6362935791412,815.6628498095829,373.9174051566091,White Space,White Space,0.0000,0.0000,0.0000,0.0000,0.0000,0.0000,,-,-,-,-,-,-,-,-,,,,,,
60313,1132926.433,11:27:16:486,Trial005,4 tete chien D.jpg,31,Indigo,100.0,Eye,2,2,3.3404,3.5223,826.69057219644,405.48186635395354,809.299945143498,392.29864063239035,White Space,White Space,0.0000,0.0000,0.0000,0.0000,0.0000,0.0000,,-,-,-,-,-,-,-,-,,,,,,
60317,1133006.064,11:27:16:566,Trial005,4 tete chien D.jpg,31,Indigo,100.0,Eye,2,2,3.1599,3.5223,799.4328576059575,341.5308405536722,788.1834054319771,339.8873677744026,White Space,White Space,0.0000,0.0000,0.0000,0.0000,0.0000,0.0000,,-,-,-,-,-,-,-,-,,,,,,
60321,1133085.552,11:27:16:645,Trial005,4 tete chien D.jpg,31,Indigo,100.0,Eye,2,3,3.3531,3.5223,770.7944328367711,347.15088918687354,759.6868934755246,343.231947458268,White Space,White Space,0.0000,0.0000,0.0000,0.0000,0.0000,0.0000,,-,-,-,-,-,-,-,-,,,,,,
60325,1133165.185,11:27:16:725,Trial005,4 tete chien D.jpg,31,Indigo,100.0,Eye,2,4,3.2264,3.5223,778.1237745718438,357.47534093030765,772.8202886751537,352.39957348312595,White Space,White Space,0.0000,0.0000,0.0000,0.0000,0.0000,0.0000,,-,-,-,-,-,-,-,-,,,,,,
60329,1133244.688,11:27:16:804,Trial005,4 tete chien D.jpg,31,Indigo,100.0,Eye,2,5,3.3747,2.5587,777.2402696636941,341.88856096913213,773.0331478800449,413.69083181888124,White Space,White Space,0.0000,0.0000,0.0000,0.0000,0.0000,0.0000,,-,-,-,-,-,-,-,-,,,,,,
60333,1133324.175,11:27:16:884,Trial005,4 tete chien D.jpg,31,Indigo,100.0,Eye,2,5,3.2849,3.2899,779.238799065895,336.58643519299716,776.8995557296689,385.7815975610499,White Space,White Space,0.0000,0.0000,0.0000,0.0000,0.0000,0.0000,,-,-,-,-,-,-,-,-,,,,,,
60337,1133403.803,11:27:16:963,Trial005,4 tete chien D.jpg,31,Indigo,100.0,Eye,3,2,3.2743,2.8588,780.3177753804234,398.5068114920917,769.185181542116,352.1934239573585,White Space,White Space,0.0000,0.0000,0.0000,0.0000,0.0000,0.0000,,-,-,-,-,-,-,-,-,,,,,,
60341,1133483.293,11:27:17:043,Trial005,4 tete chien D.jpg,31,Indigo,100.0,Eye,3,2,3.2824,2.4826,790.7119065673157,393.23740648985506,782.5489366782053,406.7600479563971,White Space,White Space,0.0000,0.0000,0.0000,0.0000,0.0000,0.0000,,-,-,-,-,-,-,-,-,,,,,,
60345,1133562.933,11:27:17:123,Trial005,4 tete chien D.jpg,31,Indigo,100.0,Eye,3,6,3.4864,2.7585,796.6124023914524,363.64913654535667,781.1947501475387,345.05686814459,White Space,White Space,0.0000,0.0000,0.0000,0.0000,0.0000,0.0000,,-,-,-,-,-,-,-,-,,,,,,
60349,1133642.418,11:27:17:202,Trial005,4 tete chien D.jpg,31,Indigo,100.0,Eye,3,6,3.4356,2.9636,797.4022742944626,340.7093696661244,788.9156641937334,342.3452112479633,White Space,White Space,0.0000,0.0000,0.0000,0.0000,0.0000,0.0000,,-,-,-,-,-,-,-,-,,,,,,
60353,1133722.048,11:27:17:282,Trial005,4 tete chien D.jpg,31,Indigo,100.0,Eye,4,3,3.4878,3.8579,837.4879591983196,356.11451673742533,820.3109871230545,396.2332501043444,White Space,White Space,0.0000,0.0000,0.0000,0.0000,0.0000,0.0000,,-,-,-,-,-,-,-,-,,,,,,
60357,1133801.547,11:27:17:361,Trial005,4 tete chien D.jpg,31,Indigo,100.0,Eye,4,3,3.6113,3.7950,865.9253990900859,361.381595235347,853.9897914868384,400.4636422449908,White Space,White Space,0.0000,0.0000,0.0000,0.0000,0.0000,0.0000,,-,-,-,-,-,-,-,-,,,,,,
60361,1133881.034,11:27:17:441,Trial005,4 tete chien D.jpg,31,Indigo,100.0,Eye,4,3,3.6563,3.8422,883.6255204131983,343.1308514621266,878.2087535262896,323.92422365397,White Space,White Space,0.0000,0.0000,0.0000,0.0000,0.0000,0.0000,,-,-,-,-,-,-,-,-,,,,,,
60365,1133960.668,11:27:17:520,Trial005,4 tete chien D.jpg,31,Indigo,100.0,Eye,4,3,3.6141,3.7820,897.179868399013,446.501230305514,895.6826225388753,401.91466599074397,White Space,White Space,0.0000,0.0000,0.0000,0.0000,0.0000,0.0000,,-,-,-,-,-,-,-,-,,,,,,
60369,1134040.161,11:27:17:600,Trial005,4 tete chien D.jpg,31,Indigo,100.0,Eye,4,7,3.5667,3.6852,902.789480041236,344.15422414541956,907.3523245529664,343.584634205602,White Space,White Space,0.0000,0.0000,0.0000,0.0000,0.0000,0.0000,,-,-,-,-,-,-,-,-,,,,,,
60373,1134119.796,11:27:17:679,Trial005,4 tete chien D.jpg,31,Indigo,100.0,Eye,5,4,3.4879,3.6969,907.4508247706392,398.2764811752155,912.8794530572802,400.8962189121362,White Space,White Space,0.0000,0.0000,0.0000,0.0000,0.0000,0.0000,,-,-,-,-,-,-,-,-,,,,,,
60377,1134199.29,11:27:17:759,Trial005,4 tete chien D.jpg,31,Indigo,100.0,Eye,5,4,3.5144,3.6984,914.2476252377603,416.9961300915625,914.0916448857597,389.0030270454118,White Space,White Space,0.0000,0.0000,0.0000,0.0000,0.0000,0.0000,,-,-,-,-,-,-,-,-,,,,,,
60381,1134278.791,11:27:17:838,Trial005,4 tete chien D.jpg,31,Indigo,100.0,Eye,5,8,3.4450,3.5046,919.3125373309848,405.0272724191096,917.8886209714149,390.00173740451015,White Space,White Space,0.0000,0.0000,0.0000,0.0000,0.0000,0.0000,,-,-,-,-,-,-,-,-,,,,,,
60385,1134358.41,11:27:17:918,Trial005,4 tete chien D.jpg,31,Indigo,100.0,Eye,5,8,3.4950,3.7627,894.3978495347726,379.0498518024818,894.7827508322752,431.05552048676765,White Space,White Space,0.0000,0.0000,0.0000,0.0000,0.0000,0.0000,,-,-,-,-,-,-,-,-,,,,,,
60389,1134437.909,11:27:17:998,Trial005,4 tete chien D.jpg,31,Indigo,100.0,Eye,6,5,3.4498,3.7592,918.9836495528108,394.9540955819369,918.9086023046686,399.6150841373864,White Space,White Space,0.0000,0.0000,0.0000,0.0000,0.0000,0.0000,,-,-,-,-,-,-,-,-,,,,,,
60393,1134517.539,11:27:18:077,Trial005,4 tete chien D.jpg,31,Indigo,100.0,Eye,6,5,3.4943,3.7219,929.0458250565957,380.99414396609814,933.228928806886,416.35903042586415,White Space,White Space,0.0000,0.0000,0.0000,0.0000,0.0000,0.0000,,-,-,-,-,-,-,-,-,,,,,,
60397,1134597.038,11:27:18:157,Trial005,4 tete chien D.jpg,31,Indigo,100.0,Eye,6,5,3.5010,3.7211,939.5713154994281,323.27657224511756,938.2549324172428,442.15584775808526,White Space,White Space,0.0000,0.0000,0.0000,0.0000,0.0000,0.0000,,-,-,-,-,-,-,-,-,,,,,,
60401,1134676.535,11:27:18:236,Trial005,4 tete chien D.jpg,31,Indigo,100.0,Eye,6,5,3.4767,3.7644,953.5661154306295,365.63811554205773,948.090293236357,391.9720819512083,White Space,White Space,0.0000,0.0000,0.0000,0.0000,0.0000,0.0000,,-,-,-,-,-,-,-,-,,,,,,
60405,1134756.16,11:27:18:316,Trial005,4 tete chien D.jpg,31,Indigo,100.0,Eye,6,5,3.4087,3.6618,962.0683743366593,386.14505822996074,962.8388415323807,371.01263265278385,White Space,White Space,0.0000,0.0000,0.0000,0.0000,0.0000,0.0000,,-,-,-,-,-,-,-,-,,,,,,
60409,1134835.658,11:27:18:395,Trial005,4 tete chien D.jpg,31,Indigo,100.0,Eye,6,5,3.3630,3.5380,959.9595582189194,404.6556471664619,964.4857347191135,343.9888220459112,White Space,White Space,0.0000,0.0000,0.0000,0.0000,0.0000,0.0000,,-,-,-,-,-,-,-,-,,,,,,
60413,1134915.264,11:27:18:475,Trial005,4 tete chien D.jpg,31,Indigo,100.0,Eye,6,5,3.3411,3.5652,973.3555589505477,358.44933916258105,971.368880693919,367.3160479481417,White Space,White Space,0.0000,0.0000,0.0000,0.0000,0.0000,0.0000,,-,-,-,-,-,-,-,-,,,,,,
60417,1134994.781,11:27:18:554,Trial005,4 tete chien D.jpg,31,Indigo,100.0,Eye,6,5,3.3116,3.6612,972.8378433961832,388.6696069647905,973.689042233125,351.3676002122253,White Space,White Space,0.0000,0.0000,0.0000,0.0000,0.0000,0.0000,,-,-,-,-,-,-,-,-,,,,,,
60421,1135074.397,11:27:18:634,Trial005,4 tete chien D.jpg,31,Indigo,100.0,Eye,6,9,3.2656,3.5145,938.0702470433033,401.4428465647304,931.5303142299438,411.3568783755567,White Space,White Space,0.0000,0.0000,0.0000,0.0000,0.0000,0.0000,,-,-,-,-,-,-,-,-,,,,,,
60425,1135153.894,11:27:18:714,Trial005,4 tete chien D.jpg,31,Indigo,100.0,Eye,6,9,3.3896,3.1354,898.300743011752,345.2692255918213,888.1532292596343,391.6919426953657,White Space,White Space,0.0000,0.0000,0.0000,0.0000,0.0000,0.0000,,-,-,-,-,-,-,-,-,,,,,,
60429,1135233.406,11:27:18:793,Trial005,4 tete chien D.jpg,31,Indigo,100.0,Eye,6,9,3.4500,3.0845,856.256032973848,374.7372691771612,845.7370369218879,369.7769891654569,White Space,White Space,0.0000,0.0000,0.0000,0.0000,0.0000,0.0000,,-,-,-,-,-,-,-,-,,,,,,
60433,1135332.897,11:27:18:893,Trial006,5 tete point chien D.jpg,31,Indigo,96.3068,Eye,1,1,3.3671,3.6024,877.9438088215263,362.1044951220314,869.3370658186677,390.01558226690804,White Space,White Space,0.0000,0.0000,0.0000,0.0000,0.0000,0.0000,,-,-,-,-,-,-,-,-,,,,,,
60437,1135412.391,11:27:18:972,Trial006,5 tete point chien D.jpg,31,Indigo,96.3068,Eye,1,1,3.5442,3.5055,893.1889395636356,381.07776770078124,884.3081811008104,385.9442155755257,White Space,White Space,0.0000,0.0000,0.0000,0.0000,0.0000,0.0000,,-,-,-,-,-,-,-,-,,,,,,
60441,1135492.031,11:27:19:052,Trial006,5 tete point chien D.jpg,31,Indigo,96.3068,Eye,2,2,3.3654,3.0333,904.0286377256975,384.04680742304095,904.1385871820917,319.4224848488827,White Space,White Space,0.0000,0.0000,0.0000,0.0000,0.0000,0.0000,,-,-,-,-,-,-,-,-,,,,,,
60445,1135571.532,11:27:19:131,Trial006,5 tete point chien D.jpg,31,Indigo,96.3068,Eye,2,1,3.4774,3.3646,910.754877654367,361.67861167924036,909.2352855451154,429.9553102069551,White Space,White Space,0.0000,0.0000,0.0000,0.0000,0.0000,0.0000,,-,-,-,-,-,-,-,-,,,,,,
60449,1135651.149,11:27:19:211,Trial006,5 tete point chien D.jpg,31,Indigo,96.3068,Eye,3,1,3.5646,3.3646,902.0515006437549,420.78023766813396,911.3360640402218,351.6520521593572,White Space,White Space,0.0000,0.0000,0.0000,0.0000,0.0000,0.0000,,-,-,-,-,-,-,-,-,,,,,,
60453,1135730.635,11:27:19:290,Trial006,5 tete point chien D.jpg,31,Indigo,96.3068,Eye,3,2,3.6475,3.6416,907.7774874745986,405.24375133860093,913.3846332610849,446.51836238359635,White Space,White Space,0.0000,0.0000,0.0000,0.0000,0.0000,0.0000,,-,-,-,-,-,-,-,-,,,,,,
60457,1135810.143,11:27:19:370,Trial006,5 tete point chien D.jpg,31,Indigo,96.3068,Eye,3,2,3.6595,3.8298,904.2408905300251,400.4612348591192,901.3311815561069,411.28696717440783,White Space,White Space,0.0000,0.0000,0.0000,0.0000,0.0000,0.0000,,-,-,-,-,-,-,-,-,,,,,,
60461,1135889.756,11:27:19:450,Trial006,5 tete point chien D.jpg,31,Indigo,96.3068,Eye,3,2,3.6968,3.6336,902.282123639894,394.7906747166858,908.9383351920592,389.0345342885525,White Space,White Space,0.0000,0.0000,0.0000,0.0000,0.0000,0.0000,,-,-,-,-,-,-,-,-,,,,,,
60465,1135969.264,11:27:19:529,Trial006,5 tete point chien D.jpg,31,Indigo,96.3068,Eye,4,4,3.7841,3.5510,904.5711497112641,419.8342600866698,918.5220163768411,354.31138571825306,White Space,White Space,0.0000,0.0000,0.0000,0.0000,0.0000,0.0000,,-,-,-,-,-,-,-,-,,,,,,
60469,1136048.893,11:27:19:609,Trial006,5 tete point chien D.jpg,31,Indigo,96.3068,Eye,4,2,3.8026,3.5550,888.8310438011762,398.6371279732724,897.8195736725227,381.27940139755935,White Space,White Space,0.0000,0.0000,0.0000,0.0000,0.0000,0.0000,,-,-,-,-,-,-,-,-,,,,,,
60473,1136128.379,11:27:19:688,Trial006,5 tete point chien D.jpg,31,Indigo,96.3068,Eye,4,2,3.6305,3.5550,881.4460221260988,380.1998752244327,877.8049223853142,409.2378111334786,White Space,White Space,0.0000,0.0000,0.0000,0.0000,0.0000,0.0000,,-,-,-,-,-,-,-,-,,,,,,
60477,1136207.886,11:27:19:768,Trial006,5 tete point chien D.jpg,31,Indigo,96.3068,Eye,5,2,3.6666,3.5550,868.604255215735,406.45307209649206,866.197446603187,387.261493554244,White Space,White Space,0.0000,0.0000,0.0000,0.0000,0.0000,0.0000,,-,-,-,-,-,-,-,-,,,,,,
60481,1136287.497,11:27:19:847,Trial006,5 tete point chien D.jpg,31,Indigo,96.3068,Eye,5,5,3.6693,2.8331,769.845323508696,364.51404883653754,770.5646952774084,397.36216560271646,White Space,White Space,0.0000,0.0000,0.0000,0.0000,0.0000,0.0000,,-,-,-,-,-,-,-,-,,,,,,
60485,1136367.009,11:27:19:927,Trial006,5 tete point chien D.jpg,31,Indigo,96.3068,Eye,5,5,3.5739,3.0503,704.4931850896954,400.4129234279723,702.7125556357881,413.81763638630156,White Space,White Space,0.0000,0.0000,0.0000,0.0000,0.0000,0.0000,,-,-,-,-,-,-,-,-,,,,,,
60489,1136446.615,11:27:20:006,Trial006,5 tete point chien D.jpg,31,Indigo,96.3068,Eye,5,3,3.5894,3.6261,704.9423967995999,353.4257239909856,702.1099932431338,378.54594930073745,White Space,White Space,0.0000,0.0000,0.0000,0.0000,0.0000,0.0000,,-,-,-,-,-,-,-,-,,,,,,
60493,1136526.13,11:27:20:086,Trial006,5 tete point chien D.jpg,31,Indigo,96.3068,Eye,5,3,3.5728,3.4419,703.9352479799409,340.48213280775514,699.9095369119813,390.535381373744,White Space,White Space,0.0000,0.0000,0.0000,0.0000,0.0000,0.0000,,-,-,-,-,-,-,-,-,,,,,,
60497,1136605.62,11:27:20:165,Trial006,5 tete point chien D.jpg,31,Indigo,96.3068,Eye,6,3,3.4406,3.2617,756.4223115888819,376.3801310385406,754.4368357528381,328.4455023128638,White Space,White Space,0.0000,0.0000,0.0000,0.0000,0.0000,0.0000,,-,-,-,-,-,-,-,-,,,,,,
60501,1136685.243,11:27:20:245,Trial006,5 tete point chien D.jpg,31,Indigo,96.3068,Eye,6,3,3.4341,3.2617,794.8732423073637,392.3476402280837,797.301225381532,397.59207555744035,White Space,White Space,0.0000,0.0000,0.0000,0.0000,0.0000,0.0000,,-,-,-,-,-,-,-,-,,,,,,
60505,1136764.753,11:27:20:325,Trial006,5 tete point chien D.jpg,31,Indigo,96.3068,Eye,-,3,3.4963,3.2617,660.4626206947784,332.7924932328132,662.2836080004046,372.7789733474533,-,-,0.0000,0.0000,0.0000,0.0000,0.0000,0.0000,,-,-,-,-,-,-,-,-,,,,,,
60509,1136844.368,11:27:20:404,Trial006,5 tete point chien D.jpg,31,Indigo,96.3068,Eye,-,3,3.4946,3.2617,559.6818996930816,377.17091653167756,561.0476401723014,344.3495082421932,-,-,0.0000,0.0000,0.0000,0.0000,0.0000,0.0000,,-,-,-,-,-,-,-,-,,,,,,
60513,1136923.875,11:27:20:484,Trial006,5 tete point chien D.jpg,31,Indigo,96.3068,Eye,7,3,3.4803,3.2617,484.081692552654,328.22870597491067,485.1059979120687,352.5158213133539,-,-,0.0000,0.0000,0.0000,0.0000,0.0000,0.0000,,-,-,-,-,-,-,-,-,,,,,,
60517,1137003.489,11:27:20:563,Trial006,5 tete point chien D.jpg,31,Indigo,96.3068,Eye,7,4,3.4981,3.7046,607.0290973952507,342.7570933377194,601.6374958347818,326.212850658284,White Space,White Space,0.0000,0.0000,0.0000,0.0000,0.0000,0.0000,,-,-,-,-,-,-,-,-,,,,,,
60521,1137082.989,11:27:20:643,Trial006,5 tete point chien D.jpg,31,Indigo,96.3068,Eye,7,4,3.4712,3.8193,692.1003564985105,387.6649711876186,686.7136013262302,384.6719284894085,White Space,White Space,0.0000,0.0000,0.0000,0.0000,0.0000,0.0000,,-,-,-,-,-,-,-,-,,,,,,
60525,1137162.496,11:27:20:722,Trial006,5 tete point chien D.jpg,31,Indigo,96.3068,Eye,7,4,3.6289,3.7975,763.2724651480756,362.36209935735883,753.4022831640472,368.56833412843343,White Space,White Space,0.0000,0.0000,0.0000,0.0000,0.0000,0.0000,,-,-,-,-,-,-,-,-,,,,,,
60529,1137242.112,11:27:20:802,Trial006,5 tete point chien D.jpg,31,Indigo,96.3068,Eye,7,4,3.4974,3.6846,805.911247232408,368.5426979660277,794.7160507263513,461.9666212016634,White Space,White Space,0.0000,0.0000,0.0000,0.0000,0.0000,0.0000,,-,-,-,-,-,-,-,-,,,,,,
60533,1137321.618,11:27:20:881,Trial006,5 tete point chien D.jpg,31,Indigo,96.3068,Eye,7,4,3.4627,3.5631,840.2263805066798,356.6791385071328,831.8809899244802,350.3568813022946,White Space,White Space,0.0000,0.0000,0.0000,0.0000,0.0000,0.0000,,-,-,-,-,-,-,-,-,,,,,,
60537,1137401.241,11:27:20:961,Trial006,5 tete point chien D.jpg,31,Indigo,96.3068,Eye,8,7,3.3098,3.3279,860.8304936189085,338.9014362087623,862.2793515092711,446.20691824548936,White Space,White Space,0.0000,0.0000,0.0000,0.0000,0.0000,0.0000,,-,-,-,-,-,-,-,-,,,,,,
60541,1137480.741,11:27:21:041,Trial006,5 tete point chien D.jpg,31,Indigo,96.3068,Eye,8,4,3.2543,3.5297,887.2317342544759,325.17527688243933,882.4572267103566,383.2078519371104,White Space,White Space,0.0000,0.0000,0.0000,0.0000,0.0000,0.0000,,-,-,-,-,-,-,-,-,,,,,,
60545,1137560.237,11:27:21:120,Trial006,5 tete point chien D.jpg,31,Indigo,96.3068,Eye,9,8,3.3488,3.5700,904.2201706679707,390.51172353043785,895.6905981501345,377.7046342030915,White Space,White Space,0.0000,0.0000,0.0000,0.0000,0.0000,0.0000,,-,-,-,-,-,-,-,-,,,,,,
60549,1137639.851,11:27:21:200,Trial006,5 tete point chien D.jpg,31,Indigo,96.3068,Eye,9,5,3.2267,3.4049,907.139743362446,426.56612479092615,908.8360834194391,361.5577233785416,White Space,White Space,0.0000,0.0000,0.0000,0.0000,0.0000,0.0000,,-,-,-,-,-,-,-,-,,,,,,
60553,1137719.354,11:27:21:279,Trial006,5 tete point chien D.jpg,31,Indigo,96.3068,Eye,10,9,3.3551,2.9955,916.4268058968544,365.2937900655939,919.976934065618,396.1720992528298,White Space,White Space,0.0000,0.0000,0.0000,0.0000,0.0000,0.0000,,-,-,-,-,-,-,-,-,,,,,,
60557,1137798.972,11:27:21:359,Trial006,5 tete point chien D.jpg,31,Indigo,96.3068,Eye,10,5,3.2459,3.5663,928.792352576811,367.7843503909808,921.2252117956125,361.94751502696204,White Space,White Space,0.0000,0.0000,0.0000,0.0000,0.0000,0.0000,,-,-,-,-,-,-,-,-,,,,,,
60561,1137878.477,11:27:21:438,Trial006,5 tete point chien D.jpg,31,Indigo,96.3068,Eye,10,5,3.2201,3.2595,929.4104698812247,380.27195499544433,922.4192847921593,365.6914517009631,White Space,White Space,0.0000,0.0000,0.0000,0.0000,0.0000,0.0000,,-,-,-,-,-,-,-,-,,,,,,
60565,1137957.971,11:27:21:518,Trial006,5 tete point chien D.jpg,31,Indigo,96.3068,Eye,11,6,3.4220,3.6114,940.7313387871538,363.9074128092173,938.114569129642,382.8044374851451,White Space,White Space,0.0000,0.0000,0.0000,0.0000,0.0000,0.0000,,-,-,-,-,-,-,-,-,,,,,,
60569,1138037.607,11:27:21:597,Trial006,5 tete point chien D.jpg,31,Indigo,96.3068,Eye,11,6,3.4790,3.7357,949.2621891242118,399.43294652012645,942.7409296073049,369.6127558139451,White Space,White Space,0.0000,0.0000,0.0000,0.0000,0.0000,0.0000,,-,-,-,-,-,-,-,-,,,,,,
60573,1138117.093,11:27:21:677,Trial006,5 tete point chien D.jpg,31,Indigo,96.3068,Eye,11,6,3.5485,3.8180,950.4399814691528,417.6332736447541,943.3001799468329,470.58801862033414,White Space,White Space,0.0000,0.0000,0.0000,0.0000,0.0000,0.0000,,-,-,-,-,-,-,-,-,,,,,,
60577,1138226.743,11:27:21:787,Trial007,6 devant point chien D.jpg,31,Indigo,100.0,Information,1,1,-,-,951.3233257278587,414.30265613745837,943.719617701479,373.91331622622715,-,-,-,-,-,-,-,-,,-,-,-,-,-,-,-,6 devant point chien d.jpg,,,,,,
60581,1138296.131,11:27:21:856,Trial007,6 devant point chien D.jpg,31,Indigo,100.0,Eye,1,1,3.6798,3.9347,955.8500184277533,443.29825637305066,940.5763508536843,365.5054712269722,White Space,White Space,0.0000,0.0000,0.0000,0.0000,0.0000,0.0000,,-,-,-,-,-,-,-,-,,,,,,
60585,1138375.722,11:27:21:936,Trial007,6 devant point chien D.jpg,31,Indigo,100.0,Eye,1,1,3.6603,4.0676,950.264793757357,373.5536339943187,944.5911717533115,343.43525305252047,White Space,White Space,0.0000,0.0000,0.0000,0.0000,0.0000,0.0000,,-,-,-,-,-,-,-,-,,,,,,
60589,1138455.228,11:27:22:015,Trial007,6 devant point chien D.jpg,31,Indigo,100.0,Eye,1,1,3.6368,4.0043,953.2550430736394,390.5838601761774,947.7340780527895,403.15711758031375,White Space,White Space,0.0000,0.0000,0.0000,0.0000,0.0000,0.0000,,-,-,-,-,-,-,-,-,,,,,,
60593,1138534.79,11:27:22:095,Trial007,6 devant point chien D.jpg,31,Indigo,100.0,Eye,1,1,3.6956,3.9446,956.9300619732746,412.8249836581393,940.9568602299021,408.24739468078207,White Space,White Space,0.0000,0.0000,0.0000,0.0000,0.0000,0.0000,,-,-,-,-,-,-,-,-,,,,,,
60597,1138614.346,11:27:22:175,Trial007,6 devant point chien D.jpg,31,Indigo,100.0,Eye,1,1,3.8234,4.1050,925.0228823239577,491.51206727872875,906.8601740924605,442.6096895345877,White Space,White Space,0.0000,0.0000,0.0000,0.0000,0.0000,0.0000,,-,-,-,-,-,-,-,-,,,,,,
60601,1138693.836,11:27:22:254,Trial007,6 devant point chien D.jpg,31,Indigo,100.0,Eye,2,2,3.7666,4.0576,854.5728427833227,415.9796195087027,851.1425073158265,393.19847131240823,White Space,White Space,0.0000,0.0000,0.0000,0.0000,0.0000,0.0000,,-,-,-,-,-,-,-,-,,,,,,
60605,1138773.461,11:27:22:334,Trial007,6 devant point chien D.jpg,31,Indigo,100.0,Eye,2,2,3.6268,3.9401,801.2949547135327,409.43412002465084,796.639303548143,370.2374327936882,White Space,White Space,0.0000,0.0000,0.0000,0.0000,0.0000,0.0000,,-,-,-,-,-,-,-,-,,,,,,
60609,1138852.967,11:27:22:413,Trial007,6 devant point chien D.jpg,31,Indigo,100.0,Eye,2,2,3.7411,3.9340,755.9939985992166,426.8865788040279,754.8111178159008,406.28418005172483,White Space,White Space,0.0000,0.0000,0.0000,0.0000,0.0000,0.0000,,-,-,-,-,-,-,-,-,,,,,,
60613,1138932.588,11:27:22:493,Trial007,6 devant point chien D.jpg,31,Indigo,100.0,Eye,2,2,3.6628,3.9272,715.5423800680717,447.1102069739817,718.1388853718622,398.0291414429825,White Space,White Space,0.0000,0.0000,0.0000,0.0000,0.0000,0.0000,,-,-,-,-,-,-,-,-,,,,,,
60617,1139012.082,11:27:22:572,Trial007,6 devant point chien D.jpg,31,Indigo,100.0,Eye,2,2,3.5626,3.8848,686.496848610991,392.52898800257043,695.4059878759687,388.9392833949044,White Space,White Space,0.0000,0.0000,0.0000,0.0000,0.0000,0.0000,,-,-,-,-,-,-,-,-,,,,,,
60621,1139091.701,11:27:22:652,Trial007,6 devant point chien D.jpg,31,Indigo,100.0,Eye,2,2,3.6564,3.8112,668.2856264506571,378.4338628716249,662.7116188666057,463.235826016581,White Space,White Space,0.0000,0.0000,0.0000,0.0000,0.0000,0.0000,,-,-,-,-,-,-,-,-,,,,,,
60625,1139171.335,11:27:22:732,Trial007,6 devant point chien D.jpg,31,Indigo,100.0,Eye,3,3,3.7454,3.9009,646.5517602818024,361.2998005549226,641.9107677655765,402.9444101160546,White Space,White Space,0.0000,0.0000,0.0000,0.0000,0.0000,0.0000,,-,-,-,-,-,-,-,-,,,,,,
60629,1139250.949,11:27:22:811,Trial007,6 devant point chien D.jpg,31,Indigo,100.0,Eye,3,3,3.7771,4.0012,642.2009021853639,426.6002126810215,636.435977293994,382.6004167647553,White Space,White Space,0.0000,0.0000,0.0000,0.0000,0.0000,0.0000,,-,-,-,-,-,-,-,-,,,,,,
60633,1139330.583,11:27:22:891,Trial007,6 devant point chien D.jpg,31,Indigo,100.0,Eye,3,3,3.8628,4.1284,641.5105480130352,370.1886044487944,633.3537566968092,366.11973353106805,White Space,White Space,0.0000,0.0000,0.0000,0.0000,0.0000,0.0000,,-,-,-,-,-,-,-,-,,,,,,
60637,1139410.209,11:27:22:970,Trial007,6 devant point chien D.jpg,31,Indigo,100.0,Eye,3,3,3.8713,4.1104,630.1356905388536,424.58061943258997,630.9141855176399,402.5709988256928,White Space,White Space,0.0000,0.0000,0.0000,0.0000,0.0000,0.0000,,-,-,-,-,-,-,-,-,,,,,,
60641,1139489.954,11:27:23:050,Trial007,6 devant point chien D.jpg,31,Indigo,100.0,Eye,3,3,3.7822,4.0709,627.479382064949,392.1535315993452,630.1596864579096,428.661773309683,White Space,White Space,0.0000,0.0000,0.0000,0.0000,0.0000,0.0000,,-,-,-,-,-,-,-,-,,,,,,
60645,1139569.578,11:27:23:130,Trial007,6 devant point chien D.jpg,31,Indigo,100.0,Eye,3,3,3.8765,4.2131,622.9496266297818,357.1390804629943,630.4768381179599,383.197445034146,White Space,White Space,0.0000,0.0000,0.0000,0.0000,0.0000,0.0000,,-,-,-,-,-,-,-,-,,,,,,
60649,1139649.201,11:27:23:209,Trial007,6 devant point chien D.jpg,31,Indigo,100.0,Eye,3,3,3.8678,4.2534,618.5004005139849,395.8666934958936,625.1098434789502,369.3578292020104,White Space,White Space,0.0000,0.0000,0.0000,0.0000,0.0000,0.0000,,-,-,-,-,-,-,-,-,,,,,,
60653,1139728.827,11:27:23:289,Trial007,6 devant point chien D.jpg,31,Indigo,100.0,Eye,4,4,3.7904,4.1538,622.465237976779,373.0637233479444,630.5320787846847,403.0238429145165,White Space,White Space,0.0000,0.0000,0.0000,0.0000,0.0000,0.0000,,-,-,-,-,-,-,-,-,,,,,,
60657,1139808.443,11:27:23:369,Trial007,6 devant point chien D.jpg,31,Indigo,100.0,Eye,4,4,3.7437,4.0524,619.4278836008783,449.3593450271632,627.7111429531918,403.17832703486897,White Space,White Space,0.0000,0.0000,0.0000,0.0000,0.0000,0.0000,,-,-,-,-,-,-,-,-,,,,,,
60661,1139888.073,11:27:23:448,Trial007,6 devant point chien D.jpg,31,Indigo,100.0,Eye,5,5,3.6586,4.0185,609.2184812106351,406.7765284023762,619.970525131217,400.68720807676937,White Space,White Space,0.0000,0.0000,0.0000,0.0000,0.0000,0.0000,,-,-,-,-,-,-,-,-,,,,,,
60665,1139967.696,11:27:23:528,Trial007,6 devant point chien D.jpg,31,Indigo,100.0,Eye,5,5,3.5881,3.9222,612.0493725532803,461.0826341415933,620.9397623666241,440.7518643912911,White Space,White Space,0.0000,0.0000,0.0000,0.0000,0.0000,0.0000,,-,-,-,-,-,-,-,-,,,,,,
60669,1140047.444,11:27:23:608,Trial007,6 devant point chien D.jpg,31,Indigo,100.0,Eye,6,6,3.6274,3.9108,614.0936244321535,420.80106685736723,628.6014783244655,373.39936323640194,White Space,White Space,0.0000,0.0000,0.0000,0.0000,0.0000,0.0000,,-,-,-,-,-,-,-,-,,,,,,
60673,1140127.07,11:27:23:687,Trial007,6 devant point chien D.jpg,31,Indigo,100.0,Eye,7,7,3.5854,3.8687,614.7933858119013,385.62970017858675,633.2961242608615,375.38707387038943,White Space,White Space,0.0000,0.0000,0.0000,0.0000,0.0000,0.0000,,-,-,-,-,-,-,-,-,,,,,,
60677,1140206.693,11:27:23:767,Trial007,6 devant point chien D.jpg,31,Indigo,100.0,Eye,7,7,3.5642,3.8939,620.6950665312932,413.750201310335,639.2059558691471,375.6359720405122,White Space,White Space,0.0000,0.0000,0.0000,0.0000,0.0000,0.0000,,-,-,-,-,-,-,-,-,,,,,,
60681,1140286.321,11:27:23:847,Trial007,6 devant point chien D.jpg,31,Indigo,100.0,Eye,7,7,3.5984,3.9160,622.8852244917051,401.51637202733554,640.0848239777422,359.0749333140575,White Space,White Space,0.0000,0.0000,0.0000,0.0000,0.0000,0.0000,,-,-,-,-,-,-,-,-,,,,,,
60685,1140365.937,11:27:23:926,Trial007,6 devant point chien D.jpg,31,Indigo,100.0,Eye,7,7,3.4790,3.8231,629.0559915070121,396.49394072547216,636.3899324231029,445.15016345005847,White Space,White Space,0.0000,0.0000,0.0000,0.0000,0.0000,0.0000,,-,-,-,-,-,-,-,-,,,,,,
60689,1140445.563,11:27:24:006,Trial007,6 devant point chien D.jpg,31,Indigo,100.0,Eye,7,7,3.6395,4.0017,635.3934100034771,466.0723497907662,630.7104671247982,424.7638283644974,White Space,White Space,0.0000,0.0000,0.0000,0.0000,0.0000,0.0000,,-,-,-,-,-,-,-,-,,,,,,
60693,1140525.305,11:27:24:086,Trial007,6 devant point chien D.jpg,31,Indigo,100.0,Eye,7,7,3.6525,4.0097,638.6828174949873,359.96394396378463,636.3350613544711,418.32030757957233,White Space,White Space,0.0000,0.0000,0.0000,0.0000,0.0000,0.0000,,-,-,-,-,-,-,-,-,,,,,,
60697,1140604.934,11:27:24:165,Trial007,6 devant point chien D.jpg,31,Indigo,100.0,Eye,8,8,3.5641,3.9499,713.8208569137129,343.21763865851966,704.360256098236,396.1174568317883,White Space,White Space,0.0000,0.0000,0.0000,0.0000,0.0000,0.0000,,-,-,-,-,-,-,-,-,,,,,,
60701,1140684.56,11:27:24:245,Trial007,6 devant point chien D.jpg,31,Indigo,100.0,Eye,8,8,3.5659,3.9686,765.0116689603954,425.4346032730041,750.6830120299732,377.0915704644416,White Space,White Space,0.0000,0.0000,0.0000,0.0000,0.0000,0.0000,,-,-,-,-,-,-,-,-,,,,,,
60705,1140764.182,11:27:24:324,Trial007,6 devant point chien D.jpg,31,Indigo,100.0,Eye,8,8,3.5939,3.9075,793.2601961609646,433.04086738030617,790.7160017175297,366.1347499877713,White Space,White Space,0.0000,0.0000,0.0000,0.0000,0.0000,0.0000,,-,-,-,-,-,-,-,-,,,,,,
60709,1140843.808,11:27:24:404,Trial007,6 devant point chien D.jpg,31,Indigo,100.0,Eye,8,8,3.6309,3.9782,791.0030297574854,383.6019640306683,804.4603478368044,375.92039571459895,White Space,White Space,0.0000,0.0000,0.0000,0.0000,0.0000,0.0000,,-,-,-,-,-,-,-,-,,,,,,
60713,1140923.431,11:27:24:484,Trial007,6 devant point chien D.jpg,31,Indigo,100.0,Eye,9,9,3.4460,3.7563,756.4552904786013,418.90285771003994,767.8269865318132,379.08629365706537,White Space,White Space,0.0000,0.0000,0.0000,0.0000,0.0000,0.0000,,-,-,-,-,-,-,-,-,,,,,,
60717,1141003.044,11:27:24:563,Trial007,6 devant point chien D.jpg,31,Indigo,100.0,Eye,9,9,3.5720,3.8004,737.1485352724912,366.9100241945086,742.5140450713353,342.2694922750979,White Space,White Space,0.0000,0.0000,0.0000,0.0000,0.0000,0.0000,,-,-,-,-,-,-,-,-,,,,,,
60721,1141082.801,11:27:24:643,Trial007,6 devant point chien D.jpg,31,Indigo,100.0,Eye,9,9,3.5081,3.7028,712.3770947820213,411.3007938303746,734.5628062479867,373.5516130434826,White Space,White Space,0.0000,0.0000,0.0000,0.0000,0.0000,0.0000,,-,-,-,-,-,-,-,-,,,,,,
60725,1141182.305,11:27:24:743,Trial008,7 devant - Copie.jpg,31,Indigo,100.0,Eye,1,1,3.4600,3.6430,690.6461267612322,457.96413685468156,706.2965118999776,345.25436244631027,White Space,White Space,0.0000,0.0000,0.0000,0.0000,0.0000,0.0000,,-,-,-,-,-,-,-,-,,,,,,
60729,1141261.929,11:27:24:822,Trial008,7 devant - Copie.jpg,31,Indigo,100.0,Eye,1,1,3.4459,3.6546,686.2576872642653,416.1262425760252,684.0700341149944,417.3660833114204,White Space,White Space,0.0000,0.0000,0.0000,0.0000,0.0000,0.0000,,-,-,-,-,-,-,-,-,,,,,,
60733,1141341.55,11:27:24:902,Trial008,7 devant - Copie.jpg,31,Indigo,100.0,Eye,1,1,3.5192,3.5866,662.6856515381811,379.8110390648405,671.5747215739954,394.47484319724487,White Space,White Space,0.0000,0.0000,0.0000,0.0000,0.0000,0.0000,,-,-,-,-,-,-,-,-,,,,,,
60737,1141421.342,11:27:24:982,Trial008,7 devant - Copie.jpg,31,Indigo,100.0,Eye,1,1,3.5396,3.7743,649.7963114163808,390.8859637838756,668.4719912370701,359.76023874127804,White Space,White Space,0.0000,0.0000,0.0000,0.0000,0.0000,0.0000,,-,-,-,-,-,-,-,-,,,,,,
60741,1141500.928,11:27:25:061,Trial008,7 devant - Copie.jpg,31,Indigo,100.0,Eye,1,1,3.5942,3.7677,647.494968955888,437.751238258624,655.7334683648884,336.1325582458507,White Space,White Space,0.0000,0.0000,0.0000,0.0000,0.0000,0.0000,,-,-,-,-,-,-,-,-,,,,,,
60745,1141580.545,11:27:25:141,Trial008,7 devant - Copie.jpg,31,Indigo,100.0,Eye,1,1,3.6286,3.8132,647.5864819654663,364.3977259182816,643.1945383886535,393.5042613170568,White Space,White Space,0.0000,0.0000,0.0000,0.0000,0.0000,0.0000,,-,-,-,-,-,-,-,-,,,,,,
60749,1141660.155,11:27:25:220,Trial008,7 devant - Copie.jpg,31,Indigo,100.0,Eye,1,1,3.7150,3.8688,634.5736052946905,443.60581438105635,642.9735487510876,391.3117268821271,White Space,White Space,0.0000,0.0000,0.0000,0.0000,0.0000,0.0000,,-,-,-,-,-,-,-,-,,,,,,
60753,1141739.789,11:27:25:300,Trial008,7 devant - Copie.jpg,31,Indigo,100.0,Eye,1,1,3.7249,3.8836,623.6757064860524,390.0478809797248,636.0897785971595,391.0801644667843,White Space,White Space,0.0000,0.0000,0.0000,0.0000,0.0000,0.0000,,-,-,-,-,-,-,-,-,,,,,,
60757,1141819.415,11:27:25:380,Trial008,7 devant - Copie.jpg,31,Indigo,100.0,Eye,1,1,3.7119,3.9561,622.0951832012355,428.0170169697943,624.5233258089381,383.34485501887764,White Space,White Space,0.0000,0.0000,0.0000,0.0000,0.0000,0.0000,,-,-,-,-,-,-,-,-,,,,,,
60761,1141899.037,11:27:25:459,Trial008,7 devant - Copie.jpg,31,Indigo,100.0,Eye,1,1,3.6809,3.8962,630.8932593639738,464.4345513199239,619.2397015827952,377.4686545381696,White Space,White Space,0.0000,0.0000,0.0000,0.0000,0.0000,0.0000,,-,-,-,-,-,-,-,-,,,,,,
60765,1141978.785,11:27:25:539,Trial008,7 devant - Copie.jpg,31,Indigo,100.0,Eye,1,1,3.7488,3.9717,633.9839096411071,411.8257823252488,632.3086426607031,374.80018461006205,White Space,White Space,0.0000,0.0000,0.0000,0.0000,0.0000,0.0000,,-,-,-,-,-,-,-,-,,,,,,
60769,1142058.404,11:27:25:619,Trial008,7 devant - Copie.jpg,31,Indigo,100.0,Eye,2,2,3.8281,3.9948,636.1900369776588,442.3916736807862,632.3317936031324,386.31561435185233,White Space,White Space,0.0000,0.0000,0.0000,0.0000,0.0000,0.0000,,-,-,-,-,-,-,-,-,,,,,,
60773,1142138.036,11:27:25:698,Trial008,7 devant - Copie.jpg,31,Indigo,100.0,Eye,2,2,3.7346,3.8634,648.6408618269436,460.8843173583985,642.143298709946,441.99313884527203,White Space,White Space,0.0000,0.0000,0.0000,0.0000,0.0000,0.0000,,-,-,-,-,-,-,-,-,,,,,,
60777,1142217.649,11:27:25:778,Trial008,7 devant - Copie.jpg,31,Indigo,100.0,Eye,2,2,3.7473,3.9929,652.0970158893033,365.58625301963167,647.3148642340099,414.02404481756264,White Space,White Space,0.0000,0.0000,0.0000,0.0000,0.0000,0.0000,,-,-,-,-,-,-,-,-,,,,,,
60781,1142297.281,11:27:25:857,Trial008,7 devant - Copie.jpg,31,Indigo,100.0,Eye,2,2,3.7473,3.9697,653.8641636964021,482.2846578366126,645.2264438207634,465.3518268389811,White Space,White Space,0.0000,0.0000,0.0000,0.0000,0.0000,0.0000,,-,-,-,-,-,-,-,-,,,,,,
60785,1142376.905,11:27:25:937,Trial008,7 devant - Copie.jpg,31,Indigo,100.0,Eye,2,2,3.6631,3.9231,653.7716149548551,461.7430829923514,646.4130936240269,415.4068778625764,White Space,White Space,0.0000,0.0000,0.0000,0.0000,0.0000,0.0000,,-,-,-,-,-,-,-,-,,,,,,
60789,1142456.656,11:27:26:017,Trial008,7 devant - Copie.jpg,31,Indigo,100.0,Eye,2,2,3.5893,3.7495,640.7095354828132,417.41523781861497,637.7717043138406,517.9654493486264,White Space,White Space,0.0000,0.0000,0.0000,0.0000,0.0000,0.0000,,-,-,-,-,-,-,-,-,,,,,,
60793,1142536.275,11:27:26:096,Trial008,7 devant - Copie.jpg,31,Indigo,100.0,Eye,2,2,3.6531,3.7636,639.25728143743,466.1994263491058,642.3429616525505,446.23937220712725,White Space,White Space,0.0000,0.0000,0.0000,0.0000,0.0000,0.0000,,-,-,-,-,-,-,-,-,,,,,,
60797,1142615.899,11:27:26:176,Trial008,7 devant - Copie.jpg,31,Indigo,100.0,Eye,2,2,3.5587,3.6622,639.5863510560507,463.40260468103617,638.4397618365949,478.7864795410459,White Space,White Space,0.0000,0.0000,0.0000,0.0000,0.0000,0.0000,,-,-,-,-,-,-,-,-,,,,,,
60801,1142695.524,11:27:26:256,Trial008,7 devant - Copie.jpg,31,Indigo,100.0,Eye,2,2,3.5074,3.5935,640.9092470882349,477.54695634700715,634.8499288493645,483.52180091693657,White Space,White Space,0.0000,0.0000,0.0000,0.0000,0.0000,0.0000,,-,-,-,-,-,-,-,-,,,,,,
60805,1142775.14,11:27:26:335,Trial008,7 devant - Copie.jpg,31,Indigo,0.0,Eye,2,2,3.4623,3.7226,641.9014191123732,543.0171522869665,632.1575541089418,422.2460463924103,White Space,White Space,0.0000,0.0000,0.0000,0.0000,0.0000,0.0000,,-,-,-,-,-,-,-,-,,,,,,
60809,1142854.765,11:27:26:415,Trial008,7 devant - Copie.jpg,31,Indigo,0.0,Eye,3,3,3.3617,3.6793,642.6455481304769,465.1675871674876,630.1382730536247,530.4235985232265,White Space,White Space,0.0000,0.0000,0.0000,0.0000,0.0000,0.0000,,-,-,-,-,-,-,-,-,,,,,,
60813,1142934.397,11:27:26:495,Trial008,7 devant - Copie.jpg,31,Indigo,0.0,Eye,3,3,3.2811,3.7471,643.2036448940546,532.2720762302073,628.6238122621369,418.1180544825246,White Space,White Space,0.0000,0.0000,0.0000,0.0000,0.0000,0.0000,,-,-,-,-,-,-,-,-,,,,,,
60817,1143014.146,11:27:26:574,Trial008,7 devant - Copie.jpg,31,Indigo,0.0,Eye,3,3,3.3549,3.7309,,,,,White Space,White Space,0.0000,0.0000,0.0000,0.0000,0.0000,0.0000,,-,-,-,-,-,-,-,-,,,,,,
60821,1143093.768,11:27:26:654,Trial008,7 devant - Copie.jpg,31,Indigo,0.0,Eye,4,4,3.2924,3.6913,,,,,White Space,White Space,0.0000,0.0000,0.0000,0.0000,0.0000,0.0000,,-,-,-,-,-,-,-,-,,,,,,
60825,1143173.389,11:27:26:734,Trial008,7 devant - Copie.jpg,31,Indigo,0.0,Eye,4,4,3.2692,3.6125,,,,,White Space,White Space,0.0000,0.0000,0.0000,0.0000,0.0000,0.0000,,-,-,-,-,-,-,-,-,,,,,,
60829,1143253.015,11:27:26:813,Trial008,7 devant - Copie.jpg,31,Indigo,0.0,Eye,4,4,3.3451,3.7385,,,,,White Space,White Space,0.0000,0.0000,0.0000,0.0000,0.0000,0.0000,,-,-,-,-,-,-,-,-,,,,,,
60833,1143332.64,11:27:26:893,Trial008,7 devant - Copie.jpg,31,Indigo,0.0,Eye,4,4,3.2627,3.7469,,,,,White Space,White Space,0.0000,0.0000,0.0000,0.0000,0.0000,0.0000,,-,-,-,-,-,-,-,-,,,,,,
60837,1143412.262,11:27:26:972,Trial008,7 devant - Copie.jpg,31,Indigo,100.0,Eye,5,5,3.4234,3.7722,617.8053548451805,439.130834349906,631.3015038979314,406.10445843334844,White Space,White Space,0.0000,0.0000,0.0000,0.0000,0.0000,0.0000,,-,-,-,-,-,-,-,-,,,,,,
60841,1143492.022,11:27:27:052,Trial008,7 devant - Copie.jpg,31,Indigo,100.0,Eye,5,5,3.4443,3.7612,620.5928101934799,452.22742571146125,628.0583057162727,415.52278391952234,White Space,White Space,0.0000,0.0000,0.0000,0.0000,0.0000,0.0000,,-,-,-,-,-,-,-,-,,,,,,
60845,1143571.627,11:27:27:132,Trial008,7 devant - Copie.jpg,31,Indigo,100.0,Eye,5,5,3.4705,3.7662,620.6899498521168,407.2563108537785,625.9024633221569,382.8738388807822,White Space,White Space,0.0000,0.0000,0.0000,0.0000,0.0000,0.0000,,-,-,-,-,-,-,-,-,,,,,,
60849,1143651.259,11:27:27:211,Trial008,7 devant - Copie.jpg,31,Indigo,100.0,Eye,5,5,3.4271,3.7897,620.3968416419766,415.8548838769343,626.3281602955257,377.22669018715,White Space,White Space,0.0000,0.0000,0.0000,0.0000,0.0000,0.0000,,-,-,-,-,-,-,-,-,,,,,,
60853,1143730.873,11:27:27:291,Trial008,7 devant - Copie.jpg,31,Indigo,100.0,Eye,5,5,3.4508,3.8370,628.4151418517137,325.9127309234142,625.2535766111614,331.45024375687717,White Space,White Space,0.0000,0.0000,0.0000,0.0000,0.0000,0.0000,,-,-,-,-,-,-,-,-,,,,,,
60857,1143810.506,11:27:27:371,Trial008,7 devant - Copie.jpg,31,Indigo,100.0,Eye,5,5,3.5791,3.8575,619.1547450118751,433.1991580640285,632.231594668286,333.78816692010184,White Space,White Space,0.0000,0.0000,0.0000,0.0000,0.0000,0.0000,,-,-,-,-,-,-,-,-,,,,,,
60861,1143890.125,11:27:27:450,Trial008,7 devant - Copie.jpg,31,Indigo,100.0,Eye,5,5,3.5090,3.8187,609.595614414704,387.3161262914535,624.3588412180488,387.89379485782473,White Space,White Space,0.0000,0.0000,0.0000,0.0000,0.0000,0.0000,,-,-,-,-,-,-,-,-,,,,,,
60865,1143969.746,11:27:27:530,Trial008,7 devant - Copie.jpg,31,Indigo,100.0,Eye,5,5,3.5522,3.9693,608.8594137507013,374.5840452197743,627.3523743772063,380.46276038915596,White Space,White Space,0.0000,0.0000,0.0000,0.0000,0.0000,0.0000,,-,-,-,-,-,-,-,-,,,,,,
60869,1144049.494,11:27:27:610,Trial008,7 devant - Copie.jpg,31,Indigo,100.0,Eye,5,5,3.7062,4.1610,568.821146973363,452.7259936526323,578.1903781516468,471.6114940028676,White Space,White Space,0.0000,0.0000,0.0000,0.0000,0.0000,0.0000,,-,-,-,-,-,-,-,-,,,,,,
60873,1144149.002,11:27:27:709,Trial009,8 voc chien D.jpg,31,Indigo,100.0,Eye,1,1,3.6060,3.9752,570.7060919286605,497.3563635948763,581.9596204526507,439.36677743795406,White Space,White Space,0.0000,0.0000,0.0000,0.0000,0.0000,0.0000,,-,-,-,-,-,-,-,-,,,,,,
60877,1144228.631,11:27:27:789,Trial009,8 voc chien D.jpg,31,Indigo,100.0,Eye,1,1,3.7396,4.0396,562.0166352804195,403.7399816041572,567.5442827272607,472.08856591842755,White Space,White Space,0.0000,0.0000,0.0000,0.0000,0.0000,0.0000,,-,-,-,-,-,-,-,-,,,,,,
60881,1144308.246,11:27:27:868,Trial009,8 voc chien D.jpg,31,Indigo,100.0,Eye,2,2,3.6636,3.8881,497.0476256012373,485.33993065026,483.0175351441799,500.7223162585476,White Space,White Space,0.0000,0.0000,0.0000,0.0000,0.0000,0.0000,,-,-,-,-,-,-,-,-,,,,,,
60885,1144388.012,11:27:27:948,Trial009,8 voc chien D.jpg,31,Indigo,100.0,Eye,2,2,3.6566,3.9073,427.18117289098257,518.8887993964329,416.65860504818954,558.8484832032823,-,-,0.0000,0.0000,0.0000,0.0000,0.0000,0.0000,,-,-,-,-,-,-,-,-,,,,,,
60889,1144467.609,11:27:28:028,Trial009,8 voc chien D.jpg,31,Indigo,100.0,Eye,3,3,3.6829,3.8692,387.41532571316327,538.40480618754,386.7294186537903,507.0077437301423,White Space,White Space,0.0000,0.0000,0.0000,0.0000,0.0000,0.0000,,-,-,-,-,-,-,-,-,,,,,,
60893,1144547.244,11:27:28:107,Trial009,8 voc chien D.jpg,31,Indigo,100.0,Eye,3,3,3.6879,3.8105,346.7387940817221,450.46003942962557,346.2243637871924,502.86600025655486,-,-,0.0000,0.0000,0.0000,0.0000,0.0000,0.0000,,-,-,-,-,-,-,-,-,,,,,,
60897,1144626.869,11:27:28:187,Trial009,8 voc chien D.jpg,31,Indigo,100.0,Eye,3,3,3.7591,3.9339,359.0459519749059,469.3913740034918,359.5854287011775,512.2844947081924,White Space,White Space,0.0000,0.0000,0.0000,0.0000,0.0000,0.0000,,-,-,-,-,-,-,-,-,,,,,,
60901,1144706.491,11:27:28:267,Trial009,8 voc chien D.jpg,31,Indigo,100.0,Eye,4,4,3.7480,3.9156,498.34488434096636,615.277063060448,500.9814400374556,521.0016212440268,White Space,White Space,0.0000,0.0000,0.0000,0.0000,0.0000,0.0000,,-,-,-,-,-,-,-,-,,,,,,
60905,1144786.106,11:27:28:346,Trial009,8 voc chien D.jpg,31,Indigo,100.0,Eye,4,4,3.8358,3.8697,607.9402157383381,510.084663574498,594.6921347054545,552.0057842716822,-,-,0.0000,0.0000,0.0000,0.0000,0.0000,0.0000,,-,-,-,-,-,-,-,-,,,,,,
60909,1144865.731,11:27:28:426,Trial009,8 voc chien D.jpg,31,Indigo,100.0,Eye,4,4,3.8674,3.7871,682.9780636407955,595.4042032149497,673.7003650159445,597.7711913757087,-,-,0.0000,0.0000,0.0000,0.0000,0.0000,0.0000,,-,-,-,-,-,-,-,-,,,,,,
60913,1144945.479,11:27:28:506,Trial009,8 voc chien D.jpg,31,Indigo,100.0,Eye,4,4,3.8540,3.7769,739.2624120310186,515.3310664872614,736.0037156388432,550.4288688570383,-,-,0.0000,0.0000,0.0000,0.0000,0.0000,0.0000,,-,-,-,-,-,-,-,-,,,,,,
60917,1145025.111,11:27:28:585,Trial009,8 voc chien D.jpg,31,Indigo,100.0,Eye,4,4,3.8161,3.8093,790.7930585937983,558.7950283801953,779.75303931776,510.5418819953546,-,-,0.0000,0.0000,0.0000,0.0000,0.0000,0.0000,,-,-,-,-,-,-,-,-,,,,,,
60921,1145104.728,11:27:28:665,Trial009,8 voc chien D.jpg,31,Indigo,100.0,Eye,4,4,3.7755,3.8324,827.9685389805088,538.2717937690203,817.8257767466863,555.6289366314537,-,-,0.0000,0.0000,0.0000,0.0000,0.0000,0.0000,,-,-,-,-,-,-,-,-,,,,,,
60925,1145184.234,11:27:28:744,Trial009,8 voc chien D.jpg,31,Indigo,100.0,Eye,4,4,3.5703,3.8224,850.8887624040926,521.0257042513404,837.964557555598,536.1161091171738,-,-,0.0000,0.0000,0.0000,0.0000,0.0000,0.0000,,-,-,-,-,-,-,-,-,,,,,,
60929,1145263.847,11:27:28:824,Trial009,8 voc chien D.jpg,31,Indigo,100.0,Eye,4,4,3.8737,3.8307,868.19731919754,563.362058934398,862.7076858113625,551.3301614117698,-,-,0.0000,0.0000,0.0000,0.0000,0.0000,0.0000,,-,-,-,-,-,-,-,-,,,,,,
60933,1145343.354,11:27:28:903,Trial009,8 voc chien D.jpg,31,Indigo,100.0,Eye,4,4,3.8435,3.7474,872.8310149936558,546.1608362611582,875.8644207240698,589.2837660010979,-,-,0.0000,0.0000,0.0000,0.0000,0.0000,0.0000,,-,-,-,-,-,-,-,-,,,,,,
60937,1145422.967,11:27:28:983,Trial009,8 voc chien D.jpg,31,Indigo,100.0,Eye,4,4,3.9070,3.8709,842.3006251557536,573.0409911848967,841.1562895629858,565.6915571879648,-,-,0.0000,0.0000,0.0000,0.0000,0.0000,0.0000,,-,-,-,-,-,-,-,-,,,,,,
60941,1145502.602,11:27:29:063,Trial009,8 voc chien D.jpg,31,Indigo,100.0,Eye,5,5,3.9656,3.8710,733.6734952283383,510.0924504704882,731.7368346606324,505.296105291132,White Space,White Space,0.0000,0.0000,0.0000,0.0000,0.0000,0.0000,,-,-,-,-,-,-,-,-,,,,,,
60945,1145582.102,11:27:29:142,Trial009,8 voc chien D.jpg,31,Indigo,100.0,Eye,5,5,3.9082,3.9351,648.5267970696785,490.4004508412408,650.4914797107716,505.61754479915567,White Space,White Space,0.0000,0.0000,0.0000,0.0000,0.0000,0.0000,,-,-,-,-,-,-,-,-,,,,,,
60949,1145661.722,11:27:29:222,Trial009,8 voc chien D.jpg,31,Indigo,100.0,Eye,6,6,3.9625,4.0432,566.5210473404512,516.7037817598798,582.2023783523603,543.9432516202527,White Space,White Space,0.0000,0.0000,0.0000,0.0000,0.0000,0.0000,,-,-,-,-,-,-,-,-,,,,,,
60953,1145741.222,11:27:29:301,Trial009,8 voc chien D.jpg,31,Indigo,100.0,Eye,6,6,3.9128,4.0719,503.6749690838644,514.9812678041477,525.180240516988,555.231714011759,-,-,0.0000,0.0000,0.0000,0.0000,0.0000,0.0000,,-,-,-,-,-,-,-,-,,,,,,
60957,1145820.847,11:27:29:381,Trial009,8 voc chien D.jpg,31,Indigo,100.0,Eye,7,7,3.9024,4.1806,453.0215537381987,542.3369232479495,473.74108764828986,522.9816554135434,-,-,0.0000,0.0000,0.0000,0.0000,0.0000,0.0000,,-,-,-,-,-,-,-,-,,,,,,
60961,1145900.468,11:27:29:461,Trial009,8 voc chien D.jpg,31,Indigo,100.0,Eye,7,7,3.8777,4.0055,425.2809279206005,535.2465312266763,435.08472917814015,537.2493966733078,-,-,0.0000,0.0000,0.0000,0.0000,0.0000,0.0000,,-,-,-,-,-,-,-,-,,,,,,
60965,1145979.967,11:27:29:540,Trial009,8 voc chien D.jpg,31,Indigo,100.0,Eye,7,7,3.8881,4.0551,409.7364814570094,546.3391172679999,417.48369475124093,559.130793156335,-,-,0.0000,0.0000,0.0000,0.0000,0.0000,0.0000,,-,-,-,-,-,-,-,-,,,,,,
60969,1146059.582,11:27:29:620,Trial009,8 voc chien D.jpg,31,Indigo,100.0,Eye,7,7,3.8936,3.8647,367.82720067965806,563.4192662449575,372.2865356108745,580.5137474101039,White Space,White Space,0.0000,0.0000,0.0000,0.0000,0.0000,0.0000,,-,-,-,-,-,-,-,-,,,,,,
60973,1146139.218,11:27:29:699,Trial009,8 voc chien D.jpg,31,Indigo,100.0,Eye,7,7,3.8985,3.8199,432.34231972297493,545.6969984182665,429.70934214305703,455.1121086968664,White Space,White Space,0.0000,0.0000,0.0000,0.0000,0.0000,0.0000,,-,-,-,-,-,-,-,-,,,,,,
60977,1146218.705,11:27:29:779,Trial009,8 voc chien D.jpg,31,Indigo,100.0,Eye,8,8,3.9045,4.0627,510.9668707281197,508.1709858430984,508.4973737554395,465.5344905269296,White Space,White Space,0.0000,0.0000,0.0000,0.0000,0.0000,0.0000,,-,-,-,-,-,-,-,-,,,,,,
60981,1146298.336,11:27:29:858,Trial009,8 voc chien D.jpg,31,Indigo,100.0,Eye,8,8,3.9102,4.1373,568.8824225346615,453.139931309067,563.3532215228762,496.2665470659659,White Space,White Space,0.0000,0.0000,0.0000,0.0000,0.0000,0.0000,,-,-,-,-,-,-,-,-,,,,,,
60985,1146377.826,11:27:29:938,Trial009,8 voc chien D.jpg,31,Indigo,100.0,Eye,8,8,3.9591,4.2059,608.0240810158089,434.72051286766356,612.1147416702337,473.9590790901318,White Space,White Space,0.0000,0.0000,0.0000,0.0000,0.0000,0.0000,,-,-,-,-,-,-,-,-,,,,,,
60989,1146457.464,11:27:30:018,Trial009,8 voc chien D.jpg,31,Indigo,100.0,Eye,8,8,3.8430,3.9679,627.5629702269449,419.8517722458821,641.9534646766052,410.6409087560957,White Space,White Space,0.0000,0.0000,0.0000,0.0000,0.0000,0.0000,,-,-,-,-,-,-,-,-,,,,,,
60993,1146537.072,11:27:30:097,Trial009,8 voc chien D.jpg,31,Indigo,100.0,Eye,9,9,3.8972,3.7977,608.0640136386033,353.80707844874723,618.7255745985772,409.315649930296,White Space,White Space,0.0000,0.0000,0.0000,0.0000,0.0000,0.0000,,-,-,-,-,-,-,-,-,,,,,,
60997,1146616.58,11:27:30:177,Trial009,8 voc chien D.jpg,31,Indigo,100.0,Eye,9,9,3.7676,3.6459,597.1139171316117,355.4867977427451,607.132750667984,374.8797780639443,White Space,White Space,0.0000,0.0000,0.0000,0.0000,0.0000,0.0000,,-,-,-,-,-,-,-,-,,,,,,
61001,1146696.211,11:27:30:256,Trial009,8 voc chien D.jpg,31,Indigo,100.0,Eye,9,9,3.6134,3.6573,592.893768778814,410.148694342401,596.2119007059036,441.73506251279963,White Space,White Space,0.0000,0.0000,0.0000,0.0000,0.0000,0.0000,,-,-,-,-,-,-,-,-,,,,,,
61005,1146775.705,11:27:30:336,Trial009,8 voc chien D.jpg,31,Indigo,100.0,Eye,9,9,3.6714,3.7729,590.7709628939341,426.7120807937096,593.0505473026539,422.08314459674057,White Space,White Space,0.0000,0.0000,0.0000,0.0000,0.0000,0.0000,,-,-,-,-,-,-,-,-,,,,,,
61009,1146855.328,11:27:30:415,Trial009,8 voc chien D.jpg,31,Indigo,100.0,Eye,9,9,3.7995,3.6947,588.1897960037054,392.62877942628336,590.0685732841741,412.2205643220688,White Space,White Space,0.0000,0.0000,0.0000,0.0000,0.0000,0.0000,,-,-,-,-,-,-,-,-,,,,,,
61013,1146934.945,11:27:30:495,Trial009,8 voc chien D.jpg,31,Indigo,100.0,Eye,9,9,3.8223,3.7915,589.2645855491045,390.3338210387721,580.564022073552,383.9793583857209,White Space,White Space,0.0000,0.0000,0.0000,0.0000,0.0000,0.0000,,-,-,-,-,-,-,-,-,,,,,,
61017,1147046.96,11:27:30:607,Trial010,9 voc devant.jpg,31,Indigo,100.0,Information,1,1,-,-,590.0706777081538,361.0597068783965,573.4356086655854,365.7935628634568,-,-,-,-,-,-,-,-,,-,-,-,-,-,-,-,9 voc devant.jpg,,,,,,
61021,1147113.99,11:27:30:674,Trial010,9 voc devant.jpg,31,Indigo,100.0,Eye,1,1,3.9604,3.9331,601.8519789274156,357.91903051291416,579.1862124402816,375.7506211525392,White Space,White Space,0.0000,0.0000,0.0000,0.0000,0.0000,0.0000,,-,-,-,-,-,-,-,-,,,,,,
61025,1147193.578,11:27:30:754,Trial010,9 voc devant.jpg,31,Indigo,100.0,Eye,1,1,4.0277,4.1745,607.4462507586219,439.36382195587663,586.5941410714714,406.1105123622957,White Space,White Space,0.0000,0.0000,0.0000,0.0000,0.0000,0.0000,,-,-,-,-,-,-,-,-,,,,,,
61029,1147273.076,11:27:30:833,Trial010,9 voc devant.jpg,31,Indigo,100.0,Eye,1,1,4.1290,4.0904,612.8890314576842,363.8014858670298,591.3126800862519,358.2303256533574,White Space,White Space,0.0000,0.0000,0.0000,0.0000,0.0000,0.0000,,-,-,-,-,-,-,-,-,,,,,,
61033,1147352.729,11:27:30:913,Trial010,9 voc devant.jpg,31,Indigo,100.0,Eye,1,1,4.0446,4.2288,614.4018872677781,380.8953722950276,602.0534105886607,414.60362701235886,White Space,White Space,0.0000,0.0000,0.0000,0.0000,0.0000,0.0000,,-,-,-,-,-,-,-,-,,,,,,
61037,1147432.184,11:27:30:992,Trial010,9 voc devant.jpg,31,Indigo,100.0,Eye,1,1,4.0488,4.2279,614.6715947874635,353.736689880135,599.4213909829356,461.14941544279327,White Space,White Space,0.0000,0.0000,0.0000,0.0000,0.0000,0.0000,,-,-,-,-,-,-,-,-,,,,,,
61041,1147511.828,11:27:31:072,Trial010,9 voc devant.jpg,31,Indigo,100.0,Eye,2,2,3.9834,4.0924,622.1251491323518,394.15557980386575,608.1254873883269,379.98520537149926,White Space,White Space,0.0000,0.0000,0.0000,0.0000,0.0000,0.0000,,-,-,-,-,-,-,-,-,,,,,,
61045,1147591.561,11:27:31:152,Trial010,9 voc devant.jpg,31,Indigo,100.0,Eye,2,2,3.9654,4.2234,624.4302530215178,430.3443707697894,611.1957568696528,357.75422455715136,White Space,White Space,0.0000,0.0000,0.0000,0.0000,0.0000,0.0000,,-,-,-,-,-,-,-,-,,,,,,
61049,1147671.191,11:27:31:231,Trial010,9 voc devant.jpg,31,Indigo,100.0,Eye,3,3,3.9931,3.7299,631.9295472235123,377.6917585092403,609.931499642541,380.8017555379178,White Space,White Space,0.0000,0.0000,0.0000,0.0000,0.0000,0.0000,,-,-,-,-,-,-,-,-,,,,,,
61053,1147750.813,11:27:31:311,Trial010,9 voc devant.jpg,31,Indigo,100.0,Eye,3,3,4.0607,3.6107,632.4717323658044,383.4277244459339,627.4820992642693,378.22557254119783,White Space,White Space,0.0000,0.0000,0.0000,0.0000,0.0000,0.0000,,-,-,-,-,-,-,-,-,,,,,,
61057,1147830.437,11:27:31:390,Trial010,9 voc devant.jpg,31,Indigo,100.0,Eye,3,3,4.0678,4.3158,624.0440245279724,381.3187487683091,615.6551673141321,402.9868773562162,White Space,White Space,0.0000,0.0000,0.0000,0.0000,0.0000,0.0000,,-,-,-,-,-,-,-,-,,,,,,
61061,1147910.048,11:27:31:470,Trial010,9 voc devant.jpg,31,Indigo,100.0,Eye,3,3,4.0579,3.8896,619.5775318952467,429.1771525559556,615.8028811775324,354.8469767504344,White Space,White Space,0.0000,0.0000,0.0000,0.0000,0.0000,0.0000,,-,-,-,-,-,-,-,-,,,,,,
61065,1147989.685,11:27:31:550,Trial010,9 voc devant.jpg,31,Indigo,100.0,Eye,3,3,4.0796,3.7408,612.4291609130805,388.71225050679186,615.6775954513779,399.31782069167735,White Space,White Space,0.0000,0.0000,0.0000,0.0000,0.0000,0.0000,,-,-,-,-,-,-,-,-,,,,,,
61069,1148069.433,11:27:31:629,Trial010,9 voc devant.jpg,31,Indigo,100.0,Eye,4,4,4.1109,4.1069,623.8072167605278,395.44380746257093,621.1151597539498,367.4261329487553,White Space,White Space,0.0000,0.0000,0.0000,0.0000,0.0000,0.0000,,-,-,-,-,-,-,-,-,,,,,,
61073,1148149.049,11:27:31:709,Trial010,9 voc devant.jpg,31,Indigo,100.0,Eye,4,4,3.9417,3.3019,651.9063376977375,385.3392590005493,647.0799786985235,372.74960185068926,White Space,White Space,0.0000,0.0000,0.0000,0.0000,0.0000,0.0000,,-,-,-,-,-,-,-,-,,,,,,
61077,1148228.679,11:27:31:789,Trial010,9 voc devant.jpg,31,Indigo,100.0,Eye,4,4,3.9756,3.2564,669.8719145392683,340.8560586529988,664.6788172743406,388.0444291932068,White Space,White Space,0.0000,0.0000,0.0000,0.0000,0.0000,0.0000,,-,-,-,-,-,-,-,-,,,,,,
61081,1148308.303,11:27:31:868,Trial010,9 voc devant.jpg,31,Indigo,100.0,Eye,5,5,4.0006,3.0755,680.5104101049459,370.38713030787306,678.0547304600125,375.81512907650733,White Space,White Space,0.0000,0.0000,0.0000,0.0000,0.0000,0.0000,,-,-,-,-,-,-,-,-,,,,,,
61085,1148387.922,11:27:31:948,Trial010,9 voc devant.jpg,31,Indigo,100.0,Eye,5,5,3.9952,3.0222,664.3724328396338,449.07570546792573,660.091023173065,417.83497666561914,White Space,White Space,0.0000,0.0000,0.0000,0.0000,0.0000,0.0000,,-,-,-,-,-,-,-,-,,,,,,
61089,1148467.54,11:27:32:028,Trial010,9 voc devant.jpg,31,Indigo,100.0,Eye,5,6,4.0822,2.6769,624.9560364391194,414.6138410371681,619.036079106297,360.90502533564205,White Space,White Space,0.0000,0.0000,0.0000,0.0000,0.0000,0.0000,,-,-,-,-,-,-,-,-,,,,,,
61093,1148547.17,11:27:32:107,Trial010,9 voc devant.jpg,31,Indigo,100.0,Eye,5,6,4.0606,2.8179,629.3446862630761,343.7481358587761,618.3694294648484,405.1265429206835,White Space,White Space,0.0000,0.0000,0.0000,0.0000,0.0000,0.0000,,-,-,-,-,-,-,-,-,,,,,,
61097,1148626.912,11:27:32:187,Trial010,9 voc devant.jpg,31,Indigo,100.0,Eye,5,5,4.0562,3.2929,605.0150814582968,384.1353591078125,602.2665157296868,365.3585503069443,White Space,White Space,0.0000,0.0000,0.0000,0.0000,0.0000,0.0000,,-,-,-,-,-,-,-,-,,,,,,
61101,1148706.548,11:27:32:267,Trial010,9 voc devant.jpg,31,Indigo,100.0,Eye,6,7,4.0304,3.1824,588.0727526902978,339.24762356444967,577.3963706932984,376.4708256235245,White Space,White Space,0.0000,0.0000,0.0000,0.0000,0.0000,0.0000,,-,-,-,-,-,-,-,-,,,,,,
61105,1148786.173,11:27:32:346,Trial010,9 voc devant.jpg,31,Indigo,100.0,Eye,6,7,4.1129,3.1390,559.9097724391734,395.0633693879368,554.079984032574,420.5290151797197,White Space,White Space,0.0000,0.0000,0.0000,0.0000,0.0000,0.0000,,-,-,-,-,-,-,-,-,,,,,,
61109,1148865.786,11:27:32:426,Trial010,9 voc devant.jpg,31,Indigo,100.0,Eye,6,1,4.0665,3.1772,586.7951752882987,369.09117099476964,576.898280675855,393.16035029413024,White Space,White Space,0.0000,0.0000,0.0000,0.0000,0.0000,0.0000,,-,-,-,-,-,-,-,-,,,,,,
61113,1148945.425,11:27:32:505,Trial010,9 voc devant.jpg,31,Indigo,100.0,Eye,6,6,4.1266,3.4330,621.6231427736623,340.52913750245295,624.0406625078837,352.812206570381,White Space,White Space,0.0000,0.0000,0.0000,0.0000,0.0000,0.0000,,-,-,-,-,-,-,-,-,,,,,,
61117,1149025.041,11:27:32:585,Trial010,9 voc devant.jpg,31,Indigo,100.0,Eye,7,9,4.1753,3.2962,657.3112970572773,364.3611849220367,658.9287152143482,299.22912330486037,White Space,White Space,0.0000,0.0000,0.0000,0.0000,0.0000,0.0000,,-,-,-,-,-,-,-,-,,,,,,
61121,1149104.783,11:27:32:665,Trial010,9 voc devant.jpg,31,Indigo,100.0,Eye,7,-,3.9508,3.2346,645.198547021559,345.957499098762,637.8128945789358,345.3593107013309,White Space,White Space,0.0000,0.0000,0.0000,0.0000,0.0000,0.0000,,-,-,-,-,-,-,-,-,,,,,,
61125,1149184.406,11:27:32:744,Trial010,9 voc devant.jpg,31,Indigo,100.0,Eye,7,7,4.2599,4.1230,655.477940620333,377.67674914730776,643.0337663667285,359.91954367252504,White Space,White Space,0.0000,0.0000,0.0000,0.0000,0.0000,0.0000,,-,-,-,-,-,-,-,-,,,,,,
61129,1149264.034,11:27:32:824,Trial010,9 voc devant.jpg,31,Indigo,100.0,Eye,7,7,4.3595,4.2711,657.6088851765193,390.37395930149825,651.3545181404116,352.7112384614884,White Space,White Space,0.0000,0.0000,0.0000,0.0000,0.0000,0.0000,,-,-,-,-,-,-,-,-,,,,,,
61133,1149343.66,11:27:32:904,Trial010,9 voc devant.jpg,31,Indigo,100.0,Eye,8,11,4.3706,4.2337,647.8438463385279,469.82754002152944,649.020083407466,384.70456364488757,White Space,White Space,0.0000,0.0000,0.0000,0.0000,0.0000,0.0000,,-,-,-,-,-,-,-,-,,,,,,
61137,1149423.277,11:27:32:983,Trial010,9 voc devant.jpg,31,Indigo,100.0,Eye,8,8,4.3201,4.2363,653.8245917826481,408.5028205113784,649.8975292288567,388.06751482049896,White Space,White Space,0.0000,0.0000,0.0000,0.0000,0.0000,0.0000,,-,-,-,-,-,-,-,-,,,,,,
61141,1149502.907,11:27:33:063,Trial010,9 voc devant.jpg,31,Indigo,100.0,Eye,8,8,4.2910,4.3461,646.1060018213196,357.009337794587,647.0089827186363,371.61545691024526,White Space,White Space,0.0000,0.0000,0.0000,0.0000,0.0000,0.0000,,-,-,-,-,-,-,-,-,,,,,,
61145,1149582.534,11:27:33:143,Trial010,9 voc devant.jpg,31,Indigo,100.0,Eye,8,8,4.3424,4.5028,653.6108502639737,318.94722802236623,648.5973110677515,418.44942609119346,White Space,White Space,0.0000,0.0000,0.0000,0.0000,0.0000,0.0000,,-,-,-,-,-,-,-,-,,,,,,
61149,1149662.277,11:27:33:222,Trial010,9 voc devant.jpg,31,Indigo,100.0,Eye,9,12,4.2097,4.2564,654.3660561045779,362.6096808138489,653.3568452491219,401.04829853927174,White Space,White Space,0.0000,0.0000,0.0000,0.0000,0.0000,0.0000,,-,-,-,-,-,-,-,-,,,,,,
61153,1149741.897,11:27:33:302,Trial010,9 voc devant.jpg,31,Indigo,100.0,Eye,9,9,4.1262,4.2031,646.4407335209091,324.803001616484,649.465958078035,347.68971865452454,White Space,White Space,0.0000,0.0000,0.0000,0.0000,0.0000,0.0000,,-,-,-,-,-,-,-,-,,,,,,
61157,1149821.521,11:27:33:382,Trial010,9 voc devant.jpg,31,Indigo,100.0,Eye,9,9,4.0362,4.2206,632.7265799662754,349.98245545199325,626.8598562860041,353.5555579291487,White Space,White Space,0.0000,0.0000,0.0000,0.0000,0.0000,0.0000,,-,-,-,-,-,-,-,-,,,,,,
61161,1149901.153,11:27:33:461,Trial010,9 voc devant.jpg,31,Indigo,100.0,Eye,9,9,4.0140,3.7799,626.7719913753743,396.64925773559844,624.5160468659745,342.1115227049947,White Space,White Space,0.0000,0.0000,0.0000,0.0000,0.0000,0.0000,,-,-,-,-,-,-,-,-,,,,,,
61165,1152947.476,11:27:36:507,Trial012,11 yeux chat gauche.jpg,31,Indigo,100.0,Eye,1,1,4.4349,4.5256,594.9920145499459,404.9447742715532,585.4878602648856,421.19476002829725,White Space,White Space,0.0000,0.0000,0.0000,0.0000,0.0000,0.0000,,-,-,-,-,-,-,-,-,,,,,,
61169,1153027.099,11:27:36:587,Trial012,11 yeux chat gauche.jpg,31,Indigo,100.0,Eye,1,1,4.4024,4.3300,598.8276669299499,433.81741828424674,598.6988318051675,436.0077135552284,White Space,White Space,0.0000,0.0000,0.0000,0.0000,0.0000,0.0000,,-,-,-,-,-,-,-,-,,,,,,
61173,1153106.844,11:27:36:666,Trial012,11 yeux chat gauche.jpg,31,Indigo,100.0,Eye,1,1,4.3690,4.1374,600.6908808730162,529.6778683254279,608.6936476072619,471.4547570918205,White Space,White Space,0.0000,0.0000,0.0000,0.0000,0.0000,0.0000,,-,-,-,-,-,-,-,-,,,,,,
61177,1153186.468,11:27:36:746,Trial012,11 yeux chat gauche.jpg,31,Indigo,100.0,Eye,1,1,4.1967,4.1477,605.4089459909527,446.5270798444504,617.9806404809242,373.27336702855877,White Space,White Space,0.0000,0.0000,0.0000,0.0000,0.0000,0.0000,,-,-,-,-,-,-,-,-,,,,,,
61181,1153266.121,11:27:36:826,Trial012,11 yeux chat gauche.jpg,31,Indigo,100.0,Eye,1,1,4.1712,4.0905,616.6953128884222,468.85003339274465,620.9663565479019,475.0442335187588,White Space,White Space,0.0000,0.0000,0.0000,0.0000,0.0000,0.0000,,-,-,-,-,-,-,-,-,,,,,,
61185,1153345.718,11:27:36:905,Trial012,11 yeux chat gauche.jpg,31,Indigo,100.0,Eye,1,1,4.0921,3.9829,616.8185907630927,466.8939357641106,626.8721301202356,540.2641349887665,White Space,White Space,0.0000,0.0000,0.0000,0.0000,0.0000,0.0000,,-,-,-,-,-,-,-,-,,,,,,
61189,1153425.343,11:27:36:985,Trial012,11 yeux chat gauche.jpg,31,Indigo,100.0,Eye,1,1,4.0398,3.9879,627.5411288768343,448.41026023045947,633.5101835286425,464.6148636494649,White Space,White Space,0.0000,0.0000,0.0000,0.0000,0.0000,0.0000,,-,-,-,-,-,-,-,-,,,,,,
61193,1153505.08,11:27:37:065,Trial012,11 yeux chat gauche.jpg,31,Indigo,100.0,Eye,1,1,4.0746,3.9554,632.0343511611941,463.4920478410874,635.2918550290423,507.2246798387001,White Space,White Space,0.0000,0.0000,0.0000,0.0000,0.0000,0.0000,,-,-,-,-,-,-,-,-,,,,,,
61197,1153584.714,11:27:37:144,Trial012,11 yeux chat gauche.jpg,31,Indigo,100.0,Eye,1,1,3.9894,3.8523,631.1956335079626,497.5656112670943,626.9396297187512,553.903286523164,White Space,White Space,0.0000,0.0000,0.0000,0.0000,0.0000,0.0000,,-,-,-,-,-,-,-,-,,,,,,
61201,1153664.461,11:27:37:224,Trial012,11 yeux chat gauche.jpg,31,Indigo,100.0,Eye,2,2,3.9971,4.0003,621.2610495151303,501.87157234411194,624.9470722879291,500.9324045831938,White Space,White Space,0.0000,0.0000,0.0000,0.0000,0.0000,0.0000,,-,-,-,-,-,-,-,-,,,,,,
61205,1153744.08,11:27:37:304,Trial012,11 yeux chat gauche.jpg,31,Indigo,100.0,Eye,2,2,4.0019,3.9796,618.5155001514993,466.4749700891959,625.4538636990577,499.5092045350677,White Space,White Space,0.0000,0.0000,0.0000,0.0000,0.0000,0.0000,,-,-,-,-,-,-,-,-,,,,,,
61209,1153823.711,11:27:37:383,Trial012,11 yeux chat gauche.jpg,31,Indigo,100.0,Eye,2,2,3.9084,3.1671,623.5207585015962,418.05001602536373,622.5099765302275,513.4230264355423,White Space,White Space,0.0000,0.0000,0.0000,0.0000,0.0000,0.0000,,-,-,-,-,-,-,-,-,,,,,,
61213,1153903.457,11:27:37:463,Trial012,11 yeux chat gauche.jpg,31,Indigo,100.0,Eye,2,2,3.8361,3.2507,631.489760686914,366.37880778524254,635.273378262075,428.08907654708565,White Space,White Space,0.0000,0.0000,0.0000,0.0000,0.0000,0.0000,,-,-,-,-,-,-,-,-,,,,,,
61217,1153983.077,11:27:37:543,Trial012,11 yeux chat gauche.jpg,31,Indigo,100.0,Eye,2,2,3.8134,2.9818,640.9275142360522,400.6974684762708,642.4814010516037,393.6028774172259,White Space,White Space,0.0000,0.0000,0.0000,0.0000,0.0000,0.0000,,-,-,-,-,-,-,-,-,,,,,,
61221,1154062.697,11:27:37:622,Trial012,11 yeux chat gauche.jpg,31,Indigo,100.0,Eye,2,2,3.7633,3.8839,636.3902654810518,414.4452538211832,641.6656411779387,376.43985708543863,White Space,White Space,0.0000,0.0000,0.0000,0.0000,0.0000,0.0000,,-,-,-,-,-,-,-,-,,,,,,
61225,1154142.454,11:27:37:702,Trial012,11 yeux chat gauche.jpg,31,Indigo,100.0,Eye,2,2,3.8099,3.7654,629.7843894066463,400.29484194715087,640.5203197432418,399.1172194353556,White Space,White Space,0.0000,0.0000,0.0000,0.0000,0.0000,0.0000,,-,-,-,-,-,-,-,-,,,,,,
61229,1154222.066,11:27:37:782,Trial012,11 yeux chat gauche.jpg,31,Indigo,100.0,Eye,3,3,3.7153,3.0147,656.7107973358911,363.9963245790555,656.4047802447441,389.0625149464874,White Space,White Space,0.0000,0.0000,0.0000,0.0000,0.0000,0.0000,,-,-,-,-,-,-,-,-,,,,,,
61233,1154301.572,11:27:37:861,Trial012,11 yeux chat gauche.jpg,31,Indigo,100.0,Eye,3,3,3.8334,3.8562,639.301839430931,396.2007650346221,648.0132081066133,371.951138490947,White Space,White Space,0.0000,0.0000,0.0000,0.0000,0.0000,0.0000,,-,-,-,-,-,-,-,-,,,,,,
61237,1154381.2,11:27:37:941,Trial012,11 yeux chat gauche.jpg,31,Indigo,100.0,Eye,3,3,3.8459,3.8063,629.6604374091286,410.4291401520745,634.4940669111279,485.3182584860255,White Space,White Space,0.0000,0.0000,0.0000,0.0000,0.0000,0.0000,,-,-,-,-,-,-,-,-,,,,,,
61241,1154460.701,11:27:38:020,Trial012,11 yeux chat gauche.jpg,31,Indigo,100.0,Eye,3,3,3.9504,3.5652,620.0073460913419,417.4572272817935,622.4059529509452,367.71474695210185,White Space,White Space,0.0000,0.0000,0.0000,0.0000,0.0000,0.0000,,-,-,-,-,-,-,-,-,,,,,,
61245,1154540.326,11:27:38:100,Trial012,11 yeux chat gauche.jpg,31,Indigo,100.0,Eye,3,3,4.0374,3.9039,608.1526946498275,403.041048070262,624.3874335369755,325.8866074017344,White Space,White Space,0.0000,0.0000,0.0000,0.0000,0.0000,0.0000,,-,-,-,-,-,-,-,-,,,,,,
61249,1154619.947,11:27:38:179,Trial012,11 yeux chat gauche.jpg,31,Indigo,0.0,Eye,4,4,4.1095,3.8602,599.2617060686918,352.4585139119494,625.8735439764982,409.69049541685615,White Space,White Space,0.0000,0.0000,0.0000,0.0000,0.0000,0.0000,,-,-,-,-,-,-,-,-,,,,,,
61253,1154699.447,11:27:38:259,Trial012,11 yeux chat gauche.jpg,31,Indigo,0.0,Eye,4,4,3.9966,2.9964,592.5934646328399,408.9472427971857,626.9881268061403,386.4027403228731,White Space,White Space,0.0000,0.0000,0.0000,0.0000,0.0000,0.0000,,-,-,-,-,-,-,-,-,,,,,,
61257,1154779.059,11:27:38:339,Trial012,11 yeux chat gauche.jpg,31,Indigo,0.0,Eye,4,4,3.8888,3.9466,587.592283555951,288.2899070042222,627.8240639283717,348.2762997864471,White Space,White Space,0.0000,0.0000,0.0000,0.0000,0.0000,0.0000,,-,-,-,-,-,-,-,-,,,,,,
61261,1154858.565,11:27:38:418,Trial012,11 yeux chat gauche.jpg,31,Indigo,0.0,Eye,5,5,3.9466,3.0452,,,,,White Space,White Space,0.0000,0.0000,0.0000,0.0000,0.0000,0.0000,,-,-,-,-,-,-,-,-,,,,,,
61265,1154938.185,11:27:38:498,Trial012,11 yeux chat gauche.jpg,31,Indigo,0.0,Eye,5,5,4.0116,3.8253,,,,,White Space,White Space,0.0000,0.0000,0.0000,0.0000,0.0000,0.0000,,-,-,-,-,-,-,-,-,,,,,,
61269,1155017.805,11:27:38:577,Trial012,11 yeux chat gauche.jpg,31,Indigo,0.0,Eye,5,5,3.8621,3.9605,,,,,White Space,White Space,0.0000,0.0000,0.0000,0.0000,0.0000,0.0000,,-,-,-,-,-,-,-,-,,,,,,
61273,1155097.313,11:27:38:657,Trial012,11 yeux chat gauche.jpg,31,Indigo,0.0,Eye,5,5,3.9677,3.7117,,,,,White Space,White Space,0.0000,0.0000,0.0000,0.0000,0.0000,0.0000,,-,-,-,-,-,-,-,-,,,,,,
61277,1155176.927,11:27:38:736,Trial012,11 yeux chat gauche.jpg,31,Indigo,0.0,Eye,5,5,3.8872,3.2177,,,,,White Space,White Space,0.0000,0.0000,0.0000,0.0000,0.0000,0.0000,,-,-,-,-,-,-,-,-,,,,,,
61281,1155256.438,11:27:38:816,Trial012,11 yeux chat gauche.jpg,31,Indigo,0.0,Eye,6,6,3.8181,3.2625,,,,,White Space,White Space,0.0000,0.0000,0.0000,0.0000,0.0000,0.0000,,-,-,-,-,-,-,-,-,,,,,,
61285,1155336.054,11:27:38:896,Trial012,11 yeux chat gauche.jpg,31,Indigo,0.0,Eye,6,6,3.7567,3.3946,,,,,White Space,White Space,0.0000,0.0000,0.0000,0.0000,0.0000,0.0000,,-,-,-,-,-,-,-,-,,,,,,
61289,1155415.681,11:27:38:975,Trial012,11 yeux chat gauche.jpg,31,Indigo,0.0,Eye,6,6,3.7847,3.6244,,,,,White Space,White Space,0.0000,0.0000,0.0000,0.0000,0.0000,0.0000,,-,-,-,-,-,-,-,-,,,,,,
61293,1155495.181,11:27:39:055,Trial012,11 yeux chat gauche.jpg,31,Indigo,0.0,Eye,6,6,3.7779,3.7379,,,,,White Space,White Space,0.0000,0.0000,0.0000,0.0000,0.0000,0.0000,,-,-,-,-,-,-,-,-,,,,,,
61297,1155574.797,11:27:39:134,Trial012,11 yeux chat gauche.jpg,31,Indigo,0.0,Eye,6,6,3.8190,3.7470,,,,,White Space,White Space,0.0000,0.0000,0.0000,0.0000,0.0000,0.0000,,-,-,-,-,-,-,-,-,,,,,,
61301,1155654.306,11:27:39:214,Trial012,11 yeux chat gauche.jpg,31,Indigo,0.0,Eye,6,6,3.8786,3.8030,,,,,White Space,White Space,0.0000,0.0000,0.0000,0.0000,0.0000,0.0000,,-,-,-,-,-,-,-,-,,,,,,
61305,1155733.917,11:27:39:293,Trial012,11 yeux chat gauche.jpg,31,Indigo,0.0,Eye,6,6,3.8704,3.7052,,,,,White Space,White Space,0.0000,0.0000,0.0000,0.0000,0.0000,0.0000,,-,-,-,-,-,-,-,-,,,,,,
61309,1155813.55,11:27:39:373,Trial012,11 yeux chat gauche.jpg,31,Indigo,0.0,Eye,7,7,3.8925,3.7803,,,,,White Space,White Space,0.0000,0.0000,0.0000,0.0000,0.0000,0.0000,,-,-,-,-,-,-,-,-,,,,,,
61313,1155932.926,11:27:39:493,Trial013,12 tete chat gauche.jpg,31,Indigo,0.0,Eye,1,1,4.0743,3.8573,,,,,White Space,White Space,0.0000,0.0000,0.0000,0.0000,0.0000,0.0000,,-,-,-,-,-,-,-,-,,,,,,
61317,1156012.423,11:27:39:572,Trial013,12 tete chat gauche.jpg,31,Indigo,0.0,Eye,1,1,4.0029,3.2348,,,,,White Space,White Space,0.0000,0.0000,0.0000,0.0000,0.0000,0.0000,,-,-,-,-,-,-,-,-,,,,,,
61321,1156092.033,11:27:39:652,Trial013,12 tete chat gauche.jpg,31,Indigo,0.0,Eye,1,1,4.1124,3.3416,,,,,White Space,White Space,0.0000,0.0000,0.0000,0.0000,0.0000,0.0000,,-,-,-,-,-,-,-,-,,,,,,
61325,1156171.6,11:27:39:731,Trial013,12 tete chat gauche.jpg,31,Indigo,0.0,Eye,2,2,4.1136,3.2887,,,,,White Space,White Space,0.0000,0.0000,0.0000,0.0000,0.0000,0.0000,,-,-,-,-,-,-,-,-,,,,,,
61329,1156251.162,11:27:39:811,Trial013,12 tete chat gauche.jpg,31,Indigo,0.0,Eye,2,2,4.0910,2.9846,,,,,White Space,White Space,0.0000,0.0000,0.0000,0.0000,0.0000,0.0000,,-,-,-,-,-,-,-,-,,,,,,
61333,1156330.786,11:27:39:891,Trial013,12 tete chat gauche.jpg,31,Indigo,0.0,Eye,2,2,4.0657,3.4823,,,,,White Space,White Space,0.0000,0.0000,0.0000,0.0000,0.0000,0.0000,,-,-,-,-,-,-,-,-,,,,,,
61337,1156410.292,11:27:39:970,Trial013,12 tete chat gauche.jpg,31,Indigo,0.0,Eye,2,2,4.0699,3.2641,,,,,White Space,White Space,0.0000,0.0000,0.0000,0.0000,0.0000,0.0000,,-,-,-,-,-,-,-,-,,,,,,
61341,1156489.914,11:27:40:050,Trial013,12 tete chat gauche.jpg,31,Indigo,0.0,Eye,2,2,4.0763,3.6565,,,,,White Space,White Space,0.0000,0.0000,0.0000,0.0000,0.0000,0.0000,,-,-,-,-,-,-,-,-,,,,,,
61345,1156569.539,11:27:40:129,Trial013,12 tete chat gauche.jpg,31,Indigo,0.0,Eye,2,2,4.1171,3.4590,,,,,White Space,White Space,0.0000,0.0000,0.0000,0.0000,0.0000,0.0000,,-,-,-,-,-,-,-,-,,,,,,
61349,1156649.161,11:27:40:209,Trial013,12 tete chat gauche.jpg,31,Indigo,0.0,Eye,2,2,4.0935,3.5287,,,,,White Space,White Space,0.0000,0.0000,0.0000,0.0000,0.0000,0.0000,,-,-,-,-,-,-,-,-,,,,,,
61353,1156728.911,11:27:40:289,Trial013,12 tete chat gauche.jpg,31,Indigo,0.0,Eye,2,2,4.0961,3.5199,,,,,White Space,White Space,0.0000,0.0000,0.0000,0.0000,0.0000,0.0000,,-,-,-,-,-,-,-,-,,,,,,
61357,1156808.526,11:27:40:368,Trial013,12 tete chat gauche.jpg,31,Indigo,0.0,Eye,3,3,4.1576,4.0927,,,,,White Space,White Space,0.0000,0.0000,0.0000,0.0000,0.0000,0.0000,,-,-,-,-,-,-,-,-,,,,,,
61361,1156888.16,11:27:40:448,Trial013,12 tete chat gauche.jpg,31,Indigo,0.0,Eye,3,3,4.1461,3.9891,,,,,White Space,White Space,0.0000,0.0000,0.0000,0.0000,0.0000,0.0000,,-,-,-,-,-,-,-,-,,,,,,
61365,1156967.781,11:27:40:528,Trial013,12 tete chat gauche.jpg,31,Indigo,100.0,Eye,3,3,4.1897,4.1301,634.1708170218199,393.9040728536696,680.045839004683,374.3188535350092,White Space,White Space,0.0000,0.0000,0.0000,0.0000,0.0000,0.0000,,-,-,-,-,-,-,-,-,,,,,,
61369,1157047.405,11:27:40:607,Trial013,12 tete chat gauche.jpg,31,Indigo,100.0,Eye,3,3,4.2226,4.1630,630.9589097502875,376.27647210020734,673.6356374472708,380.73512077102555,White Space,White Space,0.0000,0.0000,0.0000,0.0000,0.0000,0.0000,,-,-,-,-,-,-,-,-,,,,,,
61373,1157127.024,11:27:40:687,Trial013,12 tete chat gauche.jpg,31,Indigo,100.0,Eye,3,3,4.2246,4.2026,634.4403356316192,438.28968132243523,674.4114866441971,347.04525763095614,White Space,White Space,0.0000,0.0000,0.0000,0.0000,0.0000,0.0000,,-,-,-,-,-,-,-,-,,,,,,
61377,1157206.655,11:27:40:767,Trial013,12 tete chat gauche.jpg,31,Indigo,100.0,Eye,3,3,4.2339,4.2560,648.4380863101541,392.25999484136963,673.4875962291408,388.98762855884354,White Space,White Space,0.0000,0.0000,0.0000,0.0000,0.0000,0.0000,,-,-,-,-,-,-,-,-,,,,,,
61381,1157286.152,11:27:40:846,Trial013,12 tete chat gauche.jpg,31,Indigo,100.0,Eye,3,3,4.2865,4.3162,650.1370694020275,394.4730758771852,665.7990970464451,380.3304003958161,White Space,White Space,0.0000,0.0000,0.0000,0.0000,0.0000,0.0000,,-,-,-,-,-,-,-,-,,,,,,
61385,1157365.775,11:27:40:926,Trial013,12 tete chat gauche.jpg,31,Indigo,100.0,Eye,4,4,4.2725,4.3441,648.8036509065051,447.849627823234,663.9757431098141,418.52733242052244,White Space,White Space,0.0000,0.0000,0.0000,0.0000,0.0000,0.0000,,-,-,-,-,-,-,-,-,,,,,,
61389,1157445.275,11:27:41:005,Trial013,12 tete chat gauche.jpg,31,Indigo,100.0,Eye,4,4,4.2975,4.4199,656.5678947298353,375.01923311836504,668.9311991712409,444.54844451052895,White Space,White Space,0.0000,0.0000,0.0000,0.0000,0.0000,0.0000,,-,-,-,-,-,-,-,-,,,,,,
61393,1157524.76,11:27:41:085,Trial013,12 tete chat gauche.jpg,31,Indigo,100.0,Eye,4,4,4.2906,4.3222,647.4837260771008,376.7968984966087,666.0602558963658,403.56937134518114,White Space,White Space,0.0000,0.0000,0.0000,0.0000,0.0000,0.0000,,-,-,-,-,-,-,-,-,,,,,,
61397,1157604.395,11:27:41:164,Trial013,12 tete chat gauche.jpg,31,Indigo,100.0,Eye,4,4,4.2772,4.3171,641.354245802297,395.10419600747144,657.1265281779448,373.8883399222195,White Space,White Space,0.0000,0.0000,0.0000,0.0000,0.0000,0.0000,,-,-,-,-,-,-,-,-,,,,,,
61401,1157683.896,11:27:41:244,Trial013,12 tete chat gauche.jpg,31,Indigo,100.0,Eye,4,4,4.3040,4.3617,639.2597176275153,346.3253380996582,655.9994047662284,363.7557808455234,White Space,White Space,0.0000,0.0000,0.0000,0.0000,0.0000,0.0000,,-,-,-,-,-,-,-,-,,,,,,
61405,1157763.51,11:27:41:323,Trial013,12 tete chat gauche.jpg,31,Indigo,100.0,Eye,4,4,4.3343,4.2738,647.5222191523001,384.5294362592412,655.0979543172912,424.173625290278,White Space,White Space,0.0000,0.0000,0.0000,0.0000,0.0000,0.0000,,-,-,-,-,-,-,-,-,,,,,,
61409,1157843.021,11:27:41:403,Trial013,12 tete chat gauche.jpg,31,Indigo,100.0,Eye,5,5,4.2794,4.3788,621.6206465503232,349.92219224701796,633.6209981215936,387.9004720896271,White Space,White Space,0.0000,0.0000,0.0000,0.0000,0.0000,0.0000,,-,-,-,-,-,-,-,-,,,,,,
61413,1157922.515,11:27:41:482,Trial013,12 tete chat gauche.jpg,31,Indigo,100.0,Eye,5,5,4.3086,4.3354,605.4921114187486,421.4141955355577,610.6888832325313,377.56033775919735,White Space,White Space,0.0000,0.0000,0.0000,0.0000,0.0000,0.0000,,-,-,-,-,-,-,-,-,,,,,,
61417,1158002.137,11:27:41:562,Trial013,12 tete chat gauche.jpg,31,Indigo,100.0,Eye,5,5,4.1844,4.2658,596.8313640086877,337.9257042359814,594.6953924269584,329.53399010407145,White Space,White Space,0.0000,0.0000,0.0000,0.0000,0.0000,0.0000,,-,-,-,-,-,-,-,-,,,,,,
61421,1158081.638,11:27:41:641,Trial013,12 tete chat gauche.jpg,31,Indigo,100.0,Eye,5,5,4.2925,4.0827,591.9732990868,426.12487671618925,590.455404158246,403.07557803099377,White Space,White Space,0.0000,0.0000,0.0000,0.0000,0.0000,0.0000,,-,-,-,-,-,-,-,-,,,,,,
61425,1158161.255,11:27:41:721,Trial013,12 tete chat gauche.jpg,31,Indigo,100.0,Eye,5,5,4.2177,4.0508,592.554725462015,430.37154869740317,587.2137004041505,390.71299962358256,White Space,White Space,0.0000,0.0000,0.0000,0.0000,0.0000,0.0000,,-,-,-,-,-,-,-,-,,,,,,
61429,1158240.762,11:27:41:801,Trial013,12 tete chat gauche.jpg,31,Indigo,100.0,Eye,5,5,4.1461,4.0125,585.460574394036,367.96829634910375,589.4420147757737,396.2471825266285,White Space,White Space,0.0000,0.0000,0.0000,0.0000,0.0000,0.0000,,-,-,-,-,-,-,-,-,,,,,,
61433,1158320.258,11:27:41:880,Trial013,12 tete chat gauche.jpg,31,Indigo,100.0,Eye,5,5,4.0838,3.7658,587.3658353097494,348.18690247618713,583.5021273668413,352.4661250278739,White Space,White Space,0.0000,0.0000,0.0000,0.0000,0.0000,0.0000,,-,-,-,-,-,-,-,-,,,,,,
61437,1158399.885,11:27:41:960,Trial013,12 tete chat gauche.jpg,31,Indigo,100.0,Eye,5,5,4.0744,3.8754,581.5828488870452,369.1426809591298,572.8985452957199,402.18074330005425,White Space,White Space,0.0000,0.0000,0.0000,0.0000,0.0000,0.0000,,-,-,-,-,-,-,-,-,,,,,,
61441,1158479.381,11:27:42:039,Trial013,12 tete chat gauche.jpg,31,Indigo,100.0,Eye,5,5,3.9965,3.7249,573.4811866998044,417.072258003198,576.5216574165643,392.93743911662665,White Space,White Space,0.0000,0.0000,0.0000,0.0000,0.0000,0.0000,,-,-,-,-,-,-,-,-,,,,,,
61445,1158559.004,11:27:42:119,Trial013,12 tete chat gauche.jpg,31,Indigo,0.0,Eye,5,5,3.9334,3.6766,567.404940059374,369.9587603566814,579.2389915071975,371.8047949127105,White Space,White Space,0.0000,0.0000,0.0000,0.0000,0.0000,0.0000,,-,-,-,-,-,-,-,-,,,,,,
61449,1158638.499,11:27:42:198,Trial013,12 tete chat gauche.jpg,31,Indigo,0.0,Eye,6,6,3.9636,3.8394,562.847755079051,385.50610121338104,581.2769920751725,365.8159805955391,White Space,White Space,0.0000,0.0000,0.0000,0.0000,0.0000,0.0000,,-,-,-,-,-,-,-,-,,,,,,
61453,1158718.125,11:27:42:278,Trial013,12 tete chat gauche.jpg,31,Indigo,0.0,Eye,6,6,3.8863,3.8432,559.4298663438088,410.97740500886346,582.8054925011537,374.9585513317166,White Space,White Space,0.0000,0.0000,0.0000,0.0000,0.0000,0.0000,,-,-,-,-,-,-,-,-,,,,,,
61457,1158849.539,11:27:42:409,Trial014,13 tete pointage chat gauche.jpg,31,Indigo,0.0,Information,1,1,-,-,,,,,-,-,-,-,-,-,-,-,,-,-,-,-,-,-,-,13 tete pointage chat gauche.jpg,,,,,,
61461,1158917.015,11:27:42:476,Trial014,13 tete pointage chat gauche.jpg,31,Indigo,0.0,Eye,1,1,4.0397,3.9295,,,,,White Space,White Space,0.0000,0.0000,0.0000,0.0000,0.0000,0.0000,,-,-,-,-,-,-,-,-,,,,,,
61465,1158996.51,11:27:42:556,Trial014,13 tete pointage chat gauche.jpg,31,Indigo,0.0,Eye,1,1,4.0984,3.9439,,,,,White Space,White Space,0.0000,0.0000,0.0000,0.0000,0.0000,0.0000,,-,-,-,-,-,-,-,-,,,,,,
61469,1159076.01,11:27:42:635,Trial014,13 tete pointage chat gauche.jpg,31,Indigo,0.0,Eye,2,2,4.0927,3.9566,,,,,White Space,White Space,0.0000,0.0000,0.0000,0.0000,0.0000,0.0000,,-,-,-,-,-,-,-,-,,,,,,
61473,1159155.628,11:27:42:715,Trial014,13 tete pointage chat gauche.jpg,31,Indigo,0.0,Eye,2,2,4.0846,3.9572,,,,,White Space,White Space,0.0000,0.0000,0.0000,0.0000,0.0000,0.0000,,-,-,-,-,-,-,-,-,,,,,,
61477,1159235.119,11:27:42:795,Trial014,13 tete pointage chat gauche.jpg,31,Indigo,0.0,Eye,2,2,4.0448,3.7971,,,,,White Space,White Space,0.0000,0.0000,0.0000,0.0000,0.0000,0.0000,,-,-,-,-,-,-,-,-,,,,,,
61481,1159314.733,11:27:42:874,Trial014,13 tete pointage chat gauche.jpg,31,Indigo,0.0,Eye,2,2,4.1176,3.9965,,,,,White Space,White Space,0.0000,0.0000,0.0000,0.0000,0.0000,0.0000,,-,-,-,-,-,-,-,-,,,,,,
61485,1159394.241,11:27:42:954,Trial014,13 tete pointage chat gauche.jpg,31,Indigo,0.0,Eye,2,2,4.1842,3.9912,,,,,White Space,White Space,0.0000,0.0000,0.0000,0.0000,0.0000,0.0000,,-,-,-,-,-,-,-,-,,,,,,
61489,1159473.727,11:27:43:033,Trial014,13 tete pointage chat gauche.jpg,31,Indigo,0.0,Eye,2,2,4.1789,3.8337,,,,,White Space,White Space,0.0000,0.0000,0.0000,0.0000,0.0000,0.0000,,-,-,-,-,-,-,-,-,,,,,,
61493,1159553.362,11:27:43:113,Trial014,13 tete pointage chat gauche.jpg,31,Indigo,0.0,Eye,3,3,4.0862,3.8170,,,,,White Space,White Space,0.0000,0.0000,0.0000,0.0000,0.0000,0.0000,,-,-,-,-,-,-,-,-,,,,,,
61497,1159632.859,11:27:43:192,Trial014,13 tete pointage chat gauche.jpg,31,Indigo,0.0,Eye,3,3,4.1601,3.9252,,,,,White Space,White Space,0.0000,0.0000,0.0000,0.0000,0.0000,0.0000,,-,-,-,-,-,-,-,-,,,,,,
61501,1159712.475,11:27:43:272,Trial014,13 tete pointage chat gauche.jpg,31,Indigo,0.0,Eye,4,4,4.0680,3.8701,,,,,White Space,White Space,0.0000,0.0000,0.0000,0.0000,0.0000,0.0000,,-,-,-,-,-,-,-,-,,,,,,
61505,1159791.984,11:27:43:351,Trial014,13 tete pointage chat gauche.jpg,31,Indigo,100.0,Eye,4,4,3.9682,3.8318,300.84354009637997,443.23223903672346,305.09359144854,421.7202472120788,White Space,White Space,0.0000,0.0000,0.0000,0.0000,0.0000,0.0000,,-,-,-,-,-,-,-,-,,,,,,
61509,1159871.48,11:27:43:431,Trial014,13 tete pointage chat gauche.jpg,31,Indigo,100.0,Eye,4,4,3.8774,3.7466,294.9104693805716,355.116123627936,307.0420288665239,373.4343795140708,White Space,White Space,0.0000,0.0000,0.0000,0.0000,0.0000,0.0000,,-,-,-,-,-,-,-,-,,,,,,
61513,1159951.104,11:27:43:511,Trial014,13 tete pointage chat gauche.jpg,31,Indigo,100.0,Eye,4,4,3.8182,3.7477,293.9851297561603,325.00413728924235,295.9013814614093,382.67337573115685,White Space,White Space,0.0000,0.0000,0.0000,0.0000,0.0000,0.0000,,-,-,-,-,-,-,-,-,,,,,,
61517,1160030.595,11:27:43:590,Trial014,13 tete pointage chat gauche.jpg,31,Indigo,100.0,Eye,4,4,3.7809,3.6701,290.60584518441095,416.9432791723452,295.54246230133697,387.69859725973123,White Space,White Space,0.0000,0.0000,0.0000,0.0000,0.0000,0.0000,,-,-,-,-,-,-,-,-,,,,,,
61521,1160110.226,11:27:43:670,Trial014,13 tete pointage chat gauche.jpg,31,Indigo,100.0,Eye,5,5,3.7245,3.8805,355.5667182776415,350.0505938648115,359.970225365246,463.3949130957354,White Space,White Space,0.0000,0.0000,0.0000,0.0000,0.0000,0.0000,,-,-,-,-,-,-,-,-,,,,,,
61525,1160189.725,11:27:43:749,Trial014,13 tete pointage chat gauche.jpg,31,Indigo,100.0,Eye,5,5,3.7746,3.8773,400.2877607406352,395.0346434312293,406.54003749920867,355.7290933028218,White Space,White Space,0.0000,0.0000,0.0000,0.0000,0.0000,0.0000,,-,-,-,-,-,-,-,-,,,,,,
61529,1160269.349,11:27:43:829,Trial014,13 tete pointage chat gauche.jpg,31,Indigo,100.0,Eye,5,5,3.7282,3.8282,440.6246360461896,391.7836163380464,442.14902632657817,400.1633619901323,White Space,White Space,0.0000,0.0000,0.0000,0.0000,0.0000,0.0000,,-,-,-,-,-,-,-,-,,,,,,
61533,1160348.847,11:27:43:908,Trial014,13 tete pointage chat gauche.jpg,31,Indigo,100.0,Eye,5,5,3.7826,3.7419,471.2011411832771,373.2010507263369,474.48938852920617,383.73346834170036,White Space,White Space,0.0000,0.0000,0.0000,0.0000,0.0000,0.0000,,-,-,-,-,-,-,-,-,,,,,,
61537,1160428.348,11:27:43:988,Trial014,13 tete pointage chat gauche.jpg,31,Indigo,100.0,Eye,5,5,3.6455,3.6751,410.4572722593283,447.57042790608574,412.92345776877517,353.5284312182789,-,-,0.0000,0.0000,0.0000,0.0000,0.0000,0.0000,,-,-,-,-,-,-,-,-,,,,,,
61541,1160507.963,11:27:44:067,Trial014,13 tete pointage chat gauche.jpg,31,Indigo,100.0,Eye,6,6,3.6091,3.6751,374.3637977638953,381.99709801391964,376.54569121069477,392.06521329314864,White Space,White Space,0.0000,0.0000,0.0000,0.0000,0.0000,0.0000,,-,-,-,-,-,-,-,-,,,,,,
61545,1160587.462,11:27:44:147,Trial014,13 tete pointage chat gauche.jpg,31,Indigo,100.0,Eye,6,6,3.5196,3.4194,349.8207794321032,401.7058717880563,343.88669923309953,287.7781382110468,White Space,White Space,0.0000,0.0000,0.0000,0.0000,0.0000,0.0000,,-,-,-,-,-,-,-,-,,,,,,
61549,1160667.092,11:27:44:227,Trial014,13 tete pointage chat gauche.jpg,31,Indigo,100.0,Eye,6,6,3.4911,2.3504,339.2185411545221,427.5238712446431,326.87528614654826,352.6062647055453,White Space,White Space,0.0000,0.0000,0.0000,0.0000,0.0000,0.0000,,-,-,-,-,-,-,-,-,,,,,,
61553,1160746.587,11:27:44:306,Trial014,13 tete pointage chat gauche.jpg,31,Indigo,100.0,Eye,6,-,3.5826,3.2284,326.1592801181382,383.8859289433044,308.5595538034856,361.28226233016375,White Space,White Space,0.0000,0.0000,0.0000,0.0000,0.0000,0.0000,,-,-,-,-,-,-,-,-,,,,,,
61557,1160826.092,11:27:44:386,Trial014,13 tete pointage chat gauche.jpg,31,Indigo,100.0,Eye,6,7,3.5611,2.6950,329.54624126576533,387.68661378017407,317.77901080453603,362.6442833206145,White Space,White Space,0.0000,0.0000,0.0000,0.0000,0.0000,0.0000,,-,-,-,-,-,-,-,-,,,,,,
61561,1160905.71,11:27:44:465,Trial014,13 tete pointage chat gauche.jpg,31,Indigo,100.0,Eye,6,7,3.5482,2.9184,317.4149905608239,438.6147544781966,304.8435849791578,384.8793109574289,White Space,White Space,0.0000,0.0000,0.0000,0.0000,0.0000,0.0000,,-,-,-,-,-,-,-,-,,,,,,
61565,1160985.201,11:27:44:545,Trial014,13 tete pointage chat gauche.jpg,31,Indigo,100.0,Eye,7,7,3.5365,2.8393,312.5476453524535,379.66207375414683,305.57365483555265,393.03095863503654,White Space,White Space,0.0000,0.0000,0.0000,0.0000,0.0000,0.0000,,-,-,-,-,-,-,-,-,,,,,,
61569,1161064.828,11:27:44:624,Trial014,13 tete pointage chat gauche.jpg,31,Indigo,100.0,Eye,8,8,3.5923,3.7748,298.4048169892332,384.5557737158842,293.1743241015575,366.34284848778685,White Space,White Space,0.0000,0.0000,0.0000,0.0000,0.0000,0.0000,,-,-,-,-,-,-,-,-,,,,,,
61573,1161144.329,11:27:44:704,Trial014,13 tete pointage chat gauche.jpg,31,Indigo,100.0,Eye,8,8,3.6443,3.8647,289.0745104211821,407.2612175847776,279.56027895248576,457.4912955371476,White Space,White Space,0.0000,0.0000,0.0000,0.0000,0.0000,0.0000,,-,-,-,-,-,-,-,-,,,,,,
61577,1161223.958,11:27:44:783,Trial014,13 tete pointage chat gauche.jpg,31,Indigo,100.0,Eye,8,8,3.5535,3.8603,289.80601892172893,399.0947894828086,279.7996280117493,344.8608928124979,White Space,White Space,0.0000,0.0000,0.0000,0.0000,0.0000,0.0000,,-,-,-,-,-,-,-,-,,,,,,
61581,1161303.458,11:27:44:863,Trial014,13 tete pointage chat gauche.jpg,31,Indigo,100.0,Eye,9,9,3.6175,3.7646,295.21333593981916,398.0645846985765,280.5177494976511,443.827454791593,White Space,White Space,0.0000,0.0000,0.0000,0.0000,0.0000,0.0000,,-,-,-,-,-,-,-,-,,,,,,
61585,1161382.948,11:27:44:942,Trial014,13 tete pointage chat gauche.jpg,31,Indigo,100.0,Eye,9,9,3.6537,3.8032,285.38955279834323,355.7038007360924,274.3678629667172,438.55933786584,White Space,White Space,0.0000,0.0000,0.0000,0.0000,0.0000,0.0000,,-,-,-,-,-,-,-,-,,,,,,
61589,1161462.583,11:27:45:022,Trial014,13 tete pointage chat gauche.jpg,31,Indigo,100.0,Eye,9,10,3.5334,3.8300,277.18160903856517,450.6896966926309,268.9153416648456,387.8806840406103,-,-,0.0000,0.0000,0.0000,0.0000,0.0000,0.0000,,-,-,-,-,-,-,-,-,,,,,,
61593,1161542.074,11:27:45:102,Trial014,13 tete pointage chat gauche.jpg,31,Indigo,100.0,Eye,9,10,3.5579,3.8467,279.6347745783966,367.6903799023288,278.4845861690576,428.74701166978986,White Space,White Space,0.0000,0.0000,0.0000,0.0000,0.0000,0.0000,,-,-,-,-,-,-,-,-,,,,,,
61597,1161621.705,11:27:45:181,Trial014,13 tete pointage chat gauche.jpg,31,Indigo,100.0,Eye,10,10,3.5479,3.7698,292.3696965306366,410.99794935073714,284.5538604780502,381.4482092019733,White Space,White Space,0.0000,0.0000,0.0000,0.0000,0.0000,0.0000,,-,-,-,-,-,-,-,-,,,,,,
61601,1161701.195,11:27:45:261,Trial014,13 tete pointage chat gauche.jpg,31,Indigo,100.0,Eye,10,11,3.4338,3.7048,290.56622027896856,449.9828678015757,285.38014665116134,433.4166377777608,White Space,White Space,0.0000,0.0000,0.0000,0.0000,0.0000,0.0000,,-,-,-,-,-,-,-,-,,,,,,
61605,1161820.573,11:27:45:381,Trial015,14 devant point chat gauche.jpg,31,Indigo,100.0,Eye,1,1,3.5347,3.8528,293.78259802690525,415.94670744689205,285.2851893674109,382.6482995881095,White Space,White Space,0.0000,0.0000,0.0000,0.0000,0.0000,0.0000,,-,-,-,-,-,-,-,-,,,,,,
61609,1161900.077,11:27:45:460,Trial015,14 devant point chat gauche.jpg,31,Indigo,100.0,Eye,1,1,3.5530,3.9726,283.98601393504316,421.3196340716091,277.61295744042235,374.56574325603447,-,-,0.0000,0.0000,0.0000,0.0000,0.0000,0.0000,,-,-,-,-,-,-,-,-,,,,,,
61613,1161979.575,11:27:45:540,Trial015,14 devant point chat gauche.jpg,31,Indigo,100.0,Eye,2,2,3.5773,3.9422,284.573662565545,415.2369643735897,278.40042839993845,398.5906734987502,White Space,White Space,0.0000,0.0000,0.0000,0.0000,0.0000,0.0000,,-,-,-,-,-,-,-,-,,,,,,
61617,1162059.226,11:27:45:619,Trial015,14 devant point chat gauche.jpg,31,Indigo,100.0,Eye,2,2,3.5200,4.0577,286.78592345013635,367.52524855166666,273.36932747186194,351.0622696097118,White Space,White Space,0.0000,0.0000,0.0000,0.0000,0.0000,0.0000,,-,-,-,-,-,-,-,-,,,,,,
61621,1162138.691,11:27:45:699,Trial015,14 devant point chat gauche.jpg,31,Indigo,100.0,Eye,2,2,3.6174,3.9961,288.27464408832867,416.29989203658806,275.3495131284578,393.3870983409646,White Space,White Space,0.0000,0.0000,0.0000,0.0000,0.0000,0.0000,,-,-,-,-,-,-,-,-,,,,,,
61625,1162218.327,11:27:45:778,Trial015,14 devant point chat gauche.jpg,31,Indigo,100.0,Eye,2,2,3.5431,4.0165,300.64643289633057,393.70769287378334,295.8615064798178,413.5460085024873,White Space,White Space,0.0000,0.0000,0.0000,0.0000,0.0000,0.0000,,-,-,-,-,-,-,-,-,,,,,,
61629,1162297.815,11:27:45:858,Trial015,14 devant point chat gauche.jpg,31,Indigo,100.0,Eye,3,3,3.6183,4.0562,380.09117667834977,366.43832746271573,376.79134852023157,378.3827976981422,White Space,White Space,0.0000,0.0000,0.0000,0.0000,0.0000,0.0000,,-,-,-,-,-,-,-,-,,,,,,
61633,1162377.312,11:27:45:937,Trial015,14 devant point chat gauche.jpg,31,Indigo,100.0,Eye,3,3,3.6207,3.8399,448.36877397721537,354.4282498664065,434.9809733394126,447.7987154048197,White Space,White Space,0.0000,0.0000,0.0000,0.0000,0.0000,0.0000,,-,-,-,-,-,-,-,-,,,,,,
61637,1162456.931,11:27:46:017,Trial015,14 devant point chat gauche.jpg,31,Indigo,100.0,Eye,3,3,3.5849,3.6566,495.9735276792459,410.0491526677469,482.0387966486102,352.04110040822843,White Space,White Space,0.0000,0.0000,0.0000,0.0000,0.0000,0.0000,,-,-,-,-,-,-,-,-,,,,,,
61641,1162536.435,11:27:46:097,Trial015,14 devant point chat gauche.jpg,31,Indigo,100.0,Eye,3,3,3.6266,3.7246,528.0660822005062,386.9263700193353,522.2852977211908,362.067005536665,White Space,White Space,0.0000,0.0000,0.0000,0.0000,0.0000,0.0000,,-,-,-,-,-,-,-,-,,,,,,
61645,1162616.049,11:27:46:176,Trial015,14 devant point chat gauche.jpg,31,Indigo,100.0,Eye,3,1,3.6587,3.6384,548.9578357246679,367.5725772943233,544.1521574769072,402.5591546992835,White Space,White Space,0.0000,0.0000,0.0000,0.0000,0.0000,0.0000,,-,-,-,-,-,-,-,-,,,,,,
61649,1162695.559,11:27:46:256,Trial015,14 devant point chat gauche.jpg,31,Indigo,100.0,Eye,3,4,3.5790,3.6384,590.0280739539088,372.2024449390584,584.9088410244708,362.3544808392939,White Space,White Space,0.0000,0.0000,0.0000,0.0000,0.0000,0.0000,,-,-,-,-,-,-,-,-,,,,,,
61653,1162775.175,11:27:46:335,Trial015,14 devant point chat gauche.jpg,31,Indigo,100.0,Eye,4,4,3.6283,3.7958,601.0890967067373,334.61174873566773,602.3296203613015,348.400543884176,White Space,White Space,0.0000,0.0000,0.0000,0.0000,0.0000,0.0000,,-,-,-,-,-,-,-,-,,,,,,
61657,1162854.674,11:27:46:415,Trial015,14 devant point chat gauche.jpg,31,Indigo,100.0,Eye,4,4,3.7036,3.7570,621.9258770087647,383.3521251882686,608.4212265030982,371.0582511188534,White Space,White Space,0.0000,0.0000,0.0000,0.0000,0.0000,0.0000,,-,-,-,-,-,-,-,-,,,,,,
61661,1162934.182,11:27:46:494,Trial015,14 devant point chat gauche.jpg,31,Indigo,100.0,Eye,4,4,3.6387,3.8677,626.8845521665987,411.44863990899313,619.1877341217956,403.0301079334792,White Space,White Space,0.0000,0.0000,0.0000,0.0000,0.0000,0.0000,,-,-,-,-,-,-,-,-,,,,,,
61665,1163013.799,11:27:46:574,Trial015,14 devant point chat gauche.jpg,31,Indigo,100.0,Eye,5,5,3.5684,3.8397,617.1604088603507,441.35573030121697,614.1652014189099,434.6200604475856,White Space,White Space,0.0000,0.0000,0.0000,0.0000,0.0000,0.0000,,-,-,-,-,-,-,-,-,,,,,,
61669,1163093.304,11:27:46:653,Trial015,14 devant point chat gauche.jpg,31,Indigo,100.0,Eye,5,5,3.5373,3.8870,616.7553516104932,368.28693183553037,614.333474827374,407.5232644478128,White Space,White Space,0.0000,0.0000,0.0000,0.0000,0.0000,0.0000,,-,-,-,-,-,-,-,-,,,,,,
61673,1163172.919,11:27:46:733,Trial015,14 devant point chat gauche.jpg,31,Indigo,100.0,Eye,5,5,3.5647,3.8943,605.0609472088458,396.0086298441608,613.7891532290267,336.14784153036726,White Space,White Space,0.0000,0.0000,0.0000,0.0000,0.0000,0.0000,,-,-,-,-,-,-,-,-,,,,,,
61677,1163252.425,11:27:46:813,Trial015,14 devant point chat gauche.jpg,31,Indigo,100.0,Eye,5,5,3.5850,3.9719,601.6152877892466,401.6373794028255,607.7870365463796,378.7899829894982,White Space,White Space,0.0000,0.0000,0.0000,0.0000,0.0000,0.0000,,-,-,-,-,-,-,-,-,,,,,,
61681,1163331.917,11:27:46:892,Trial015,14 devant point chat gauche.jpg,31,Indigo,100.0,Eye,5,5,3.5669,3.8916,615.3595273551954,345.40328854275106,605.1160680853782,376.161813415518,White Space,White Space,0.0000,0.0000,0.0000,0.0000,0.0000,0.0000,,-,-,-,-,-,-,-,-,,,,,,
61685,1163411.547,11:27:46:972,Trial015,14 devant point chat gauche.jpg,31,Indigo,100.0,Eye,6,6,3.5658,4.0824,617.9529639454465,411.2851486500373,614.5636510367212,402.8461932236447,White Space,White Space,0.0000,0.0000,0.0000,0.0000,0.0000,0.0000,,-,-,-,-,-,-,-,-,,,,,,
61689,1163491.046,11:27:47:051,Trial015,14 devant point chat gauche.jpg,31,Indigo,100.0,Eye,6,6,3.6374,4.1155,623.3642715075356,460.49857005826334,624.3101300805582,396.07509026365096,White Space,White Space,0.0000,0.0000,0.0000,0.0000,0.0000,0.0000,,-,-,-,-,-,-,-,-,,,,,,
61693,1163570.663,11:27:47:131,Trial015,14 devant point chat gauche.jpg,31,Indigo,100.0,Eye,6,6,3.6644,4.2129,615.3789493195154,375.70123628434857,627.9488851807814,401.09933586466445,White Space,White Space,0.0000,0.0000,0.0000,0.0000,0.0000,0.0000,,-,-,-,-,-,-,-,-,,,,,,
61697,1163650.162,11:27:47:210,Trial015,14 devant point chat gauche.jpg,31,Indigo,100.0,Eye,6,6,3.7006,4.2408,618.6511205515989,398.53489182001204,625.8753793915871,366.6047645858985,White Space,White Space,0.0000,0.0000,0.0000,0.0000,0.0000,0.0000,,-,-,-,-,-,-,-,-,,,,,,
61701,1163729.781,11:27:47:290,Trial015,14 devant point chat gauche.jpg,31,Indigo,100.0,Eye,6,6,3.7437,4.3300,625.8029371072674,373.6890384942253,624.2427046380712,410.8057906764311,White Space,White Space,0.0000,0.0000,0.0000,0.0000,0.0000,0.0000,,-,-,-,-,-,-,-,-,,,,,,
61705,1163809.417,11:27:47:370,Trial015,14 devant point chat gauche.jpg,31,Indigo,100.0,Eye,6,6,3.7885,4.3224,620.9225503143356,366.30493726171414,631.4676510798378,427.6998675744939,White Space,White Space,0.0000,0.0000,0.0000,0.0000,0.0000,0.0000,,-,-,-,-,-,-,-,-,,,,,,
61709,1163889.157,11:27:47:449,Trial015,14 devant point chat gauche.jpg,31,Indigo,100.0,Eye,7,7,3.8578,4.4187,616.0873429332677,358.86386039461127,632.3579396510756,374.85407126755865,White Space,White Space,0.0000,0.0000,0.0000,0.0000,0.0000,0.0000,,-,-,-,-,-,-,-,-,,,,,,
61713,1163968.781,11:27:47:529,Trial015,14 devant point chat gauche.jpg,31,Indigo,100.0,Eye,7,7,3.8754,4.3923,618.2349998566627,358.72727168754693,634.3289920374541,420.7453297821402,White Space,White Space,0.0000,0.0000,0.0000,0.0000,0.0000,0.0000,,-,-,-,-,-,-,-,-,,,,,,
61717,1164048.41,11:27:47:609,Trial015,14 devant point chat gauche.jpg,31,Indigo,100.0,Eye,7,7,3.8906,4.4215,612.0662249555332,406.97882087080177,633.070467746767,380.4960306968378,White Space,White Space,0.0000,0.0000,0.0000,0.0000,0.0000,0.0000,,-,-,-,-,-,-,-,-,,,,,,
61721,1164128.024,11:27:47:688,Trial015,14 devant point chat gauche.jpg,31,Indigo,100.0,Eye,7,7,3.8764,4.5289,609.341164017352,405.40685670760786,618.3394310722622,398.8808938802114,White Space,White Space,0.0000,0.0000,0.0000,0.0000,0.0000,0.0000,,-,-,-,-,-,-,-,-,,,,,,
61725,1164207.662,11:27:47:768,Trial015,14 devant point chat gauche.jpg,31,Indigo,100.0,Eye,7,7,3.9324,4.5537,601.1879978982706,419.46842027700757,615.0597963086831,419.8642600772512,White Space,White Space,0.0000,0.0000,0.0000,0.0000,0.0000,0.0000,,-,-,-,-,-,-,-,-,,,,,,
61729,1164287.273,11:27:47:847,Trial015,14 devant point chat gauche.jpg,31,Indigo,100.0,Eye,7,7,3.9523,4.5758,598.1093687999238,418.54314975320045,614.6218171169915,391.5903760848392,White Space,White Space,0.0000,0.0000,0.0000,0.0000,0.0000,0.0000,,-,-,-,-,-,-,-,-,,,,,,
61733,1164366.905,11:27:47:927,Trial015,14 devant point chat gauche.jpg,31,Indigo,100.0,Eye,7,7,4.0125,4.5975,605.4347711644225,399.0068047686265,610.0586367676475,442.2750523465221,White Space,White Space,0.0000,0.0000,0.0000,0.0000,0.0000,0.0000,,-,-,-,-,-,-,-,-,,,,,,
61737,1164446.646,11:27:48:007,Trial015,14 devant point chat gauche.jpg,31,Indigo,100.0,Eye,7,7,3.9228,4.6232,599.0585432981948,354.002380242543,608.3008587892402,338.43238362287286,White Space,White Space,0.0000,0.0000,0.0000,0.0000,0.0000,0.0000,,-,-,-,-,-,-,-,-,,,,,,
61741,1164526.279,11:27:48:086,Trial015,14 devant point chat gauche.jpg,31,Indigo,100.0,Eye,7,7,4.0005,4.5370,597.5027723650372,430.7297064507067,605.6536695455055,356.5451171482983,White Space,White Space,0.0000,0.0000,0.0000,0.0000,0.0000,0.0000,,-,-,-,-,-,-,-,-,,,,,,
61745,1164605.896,11:27:48:166,Trial015,14 devant point chat gauche.jpg,31,Indigo,100.0,Eye,7,7,4.0112,4.5312,600.2097040018509,345.78916455507203,606.6845455803617,358.7070271179305,White Space,White Space,0.0000,0.0000,0.0000,0.0000,0.0000,0.0000,,-,-,-,-,-,-,-,-,,,,,,
61749,1164685.52,11:27:48:246,Trial015,14 devant point chat gauche.jpg,31,Indigo,100.0,Eye,7,7,4.0821,4.5738,600.8954529225058,331.92012425780916,603.2466522220161,365.3369968356169,White Space,White Space,0.0000,0.0000,0.0000,0.0000,0.0000,0.0000,,-,-,-,-,-,-,-,-,,,,,,
61753,1164805.021,11:27:48:365,Trial016,15 devant - Copie.jpg,31,Indigo,100.0,Eye,1,1,4.1030,4.6806,599.7510225145301,359.79364941448495,603.4816954317344,416.1741272891555,White Space,White Space,0.0000,0.0000,0.0000,0.0000,0.0000,0.0000,,-,-,-,-,-,-,-,-,,,,,,
61757,1164884.653,11:27:48:445,Trial016,15 devant - Copie.jpg,31,Indigo,100.0,Eye,1,1,4.0485,4.7075,596.743014179775,403.70307731637274,604.5770557995867,399.2225465050261,White Space,White Space,0.0000,0.0000,0.0000,0.0000,0.0000,0.0000,,-,-,-,-,-,-,-,-,,,,,,
61761,1164964.269,11:27:48:524,Trial016,15 devant - Copie.jpg,31,Indigo,100.0,Eye,1,1,4.0420,4.6678,599.0755261929635,397.8796060034064,608.1052554786453,397.7527655813798,White Space,White Space,0.0000,0.0000,0.0000,0.0000,0.0000,0.0000,,-,-,-,-,-,-,-,-,,,,,,
61765,1165043.933,11:27:48:604,Trial016,15 devant - Copie.jpg,31,Indigo,100.0,Eye,1,1,3.9715,4.5792,608.7251530279713,373.82389250479656,605.4080237960543,370.1070196619636,White Space,White Space,0.0000,0.0000,0.0000,0.0000,0.0000,0.0000,,-,-,-,-,-,-,-,-,,,,,,
61769,1165123.517,11:27:48:683,Trial016,15 devant - Copie.jpg,31,Indigo,100.0,Eye,1,1,3.9804,4.5460,613.1738016198979,405.70238445293535,619.6230915280747,428.5745098802291,White Space,White Space,0.0000,0.0000,0.0000,0.0000,0.0000,0.0000,,-,-,-,-,-,-,-,-,,,,,,
61773,1165203.268,11:27:48:763,Trial016,15 devant - Copie.jpg,31,Indigo,100.0,Eye,1,1,3.9439,4.5897,621.9839301288127,418.75509335910704,616.6122770230164,405.63771867653276,White Space,White Space,0.0000,0.0000,0.0000,0.0000,0.0000,0.0000,,-,-,-,-,-,-,-,-,,,,,,
61777,1165282.893,11:27:48:843,Trial016,15 devant - Copie.jpg,31,Indigo,100.0,Eye,1,1,3.9815,4.5416,617.9746967669415,351.7430094071272,623.1100730312371,360.12149703457504,White Space,White Space,0.0000,0.0000,0.0000,0.0000,0.0000,0.0000,,-,-,-,-,-,-,-,-,,,,,,
61781,1165362.51,11:27:48:922,Trial016,15 devant - Copie.jpg,31,Indigo,100.0,Eye,1,1,4.0756,4.5130,621.5871060673703,353.951070056092,620.0072497766135,322.54533235262375,White Space,White Space,0.0000,0.0000,0.0000,0.0000,0.0000,0.0000,,-,-,-,-,-,-,-,-,,,,,,
61785,1165442.14,11:27:49:002,Trial016,15 devant - Copie.jpg,31,Indigo,100.0,Eye,2,2,4.1508,4.5183,623.2898503658258,353.1392931128044,620.7479573979609,429.4456516032022,White Space,White Space,0.0000,0.0000,0.0000,0.0000,0.0000,0.0000,,-,-,-,-,-,-,-,-,,,,,,
61789,1165521.752,11:27:49:082,Trial016,15 devant - Copie.jpg,31,Indigo,100.0,Eye,2,2,4.0725,4.5974,611.4350220850058,394.8078616450755,618.1254721420579,416.2320367029735,White Space,White Space,0.0000,0.0000,0.0000,0.0000,0.0000,0.0000,,-,-,-,-,-,-,-,-,,,,,,
61793,1165601.386,11:27:49:161,Trial016,15 devant - Copie.jpg,31,Indigo,100.0,Eye,2,2,4.0666,4.4953,612.9123719631616,444.8553466734793,619.2532939077201,377.33639852585594,White Space,White Space,0.0000,0.0000,0.0000,0.0000,0.0000,0.0000,,-,-,-,-,-,-,-,-,,,,,,
61797,1165681.122,11:27:49:241,Trial016,15 devant - Copie.jpg,31,Indigo,100.0,Eye,3,3,4.0953,4.4876,618.8648324603723,392.38819929187457,623.4319211828682,389.3770295547559,White Space,White Space,0.0000,0.0000,0.0000,0.0000,0.0000,0.0000,,-,-,-,-,-,-,-,-,,,,,,
61801,1165760.757,11:27:49:321,Trial016,15 devant - Copie.jpg,31,Indigo,100.0,Eye,3,3,4.0963,4.4667,619.1577833122411,444.3034996977859,624.0191497999358,406.80244309639625,White Space,White Space,0.0000,0.0000,0.0000,0.0000,0.0000,0.0000,,-,-,-,-,-,-,-,-,,,,,,
61805,1165840.366,11:27:49:400,Trial016,15 devant - Copie.jpg,31,Indigo,100.0,Eye,3,3,3.9627,4.5698,627.6363539782893,372.25794728276986,633.7503580820618,387.97097409474856,White Space,White Space,0.0000,0.0000,0.0000,0.0000,0.0000,0.0000,,-,-,-,-,-,-,-,-,,,,,,
61809,1165919.997,11:27:49:480,Trial016,15 devant - Copie.jpg,31,Indigo,100.0,Eye,3,3,4.0380,4.5274,623.238814632516,385.01131077399197,638.3403564078693,474.3746571889192,White Space,White Space,0.0000,0.0000,0.0000,0.0000,0.0000,0.0000,,-,-,-,-,-,-,-,-,,,,,,
61813,1165999.631,11:27:49:560,Trial016,15 devant - Copie.jpg,31,Indigo,100.0,Eye,3,3,3.9990,4.5218,608.6929794764235,430.0155301505704,627.0361079253514,381.5913809969492,White Space,White Space,0.0000,0.0000,0.0000,0.0000,0.0000,0.0000,,-,-,-,-,-,-,-,-,,,,,,
61817,1166079.242,11:27:49:639,Trial016,15 devant - Copie.jpg,31,Indigo,100.0,Eye,4,4,3.9939,4.3856,563.8874178337544,378.21059397245347,568.5317359557573,403.17284571252014,White Space,White Space,0.0000,0.0000,0.0000,0.0000,0.0000,0.0000,,-,-,-,-,-,-,-,-,,,,,,
61821,1166158.875,11:27:49:719,Trial016,15 devant - Copie.jpg,31,Indigo,100.0,Eye,4,4,3.9594,4.4248,532.6968936982881,336.752821308867,539.0608506593821,373.5617842836361,White Space,White Space,0.0000,0.0000,0.0000,0.0000,0.0000,0.0000,,-,-,-,-,-,-,-,-,,,,,,
61825,1166238.613,11:27:49:799,Trial016,15 devant - Copie.jpg,31,Indigo,100.0,Eye,5,5,4.1247,4.5874,557.9706231192131,367.954531633776,558.6300680704566,366.51024921973203,White Space,White Space,0.0000,0.0000,0.0000,0.0000,0.0000,0.0000,,-,-,-,-,-,-,-,-,,,,,,
61829,1166318.247,11:27:49:878,Trial016,15 devant - Copie.jpg,31,Indigo,100.0,Eye,5,5,4.0360,4.7135,581.3142898707762,404.2380212680927,573.6603595806685,389.4906634912423,White Space,White Space,0.0000,0.0000,0.0000,0.0000,0.0000,0.0000,,-,-,-,-,-,-,-,-,,,,,,
61833,1166397.861,11:27:49:958,Trial016,15 devant - Copie.jpg,31,Indigo,100.0,Eye,5,5,4.0620,4.6852,597.4938856062726,393.5811344238085,584.1082213070063,383.7576490146658,White Space,White Space,0.0000,0.0000,0.0000,0.0000,0.0000,0.0000,,-,-,-,-,-,-,-,-,,,,,,
61837,1166477.493,11:27:50:037,Trial016,15 devant - Copie.jpg,31,Indigo,100.0,Eye,5,5,4.1389,4.6896,609.8749390357191,450.92503096307775,592.6984293948026,372.70038400542387,White Space,White Space,0.0000,0.0000,0.0000,0.0000,0.0000,0.0000,,-,-,-,-,-,-,-,-,,,,,,
61841,1166557.116,11:27:50:117,Trial016,15 devant - Copie.jpg,31,Indigo,100.0,Eye,5,5,4.0700,4.5948,614.2871314966221,391.99171293049983,605.5191347007982,404.1905577852582,White Space,White Space,0.0000,0.0000,0.0000,0.0000,0.0000,0.0000,,-,-,-,-,-,-,-,-,,,,,,
61845,1166636.739,11:27:50:197,Trial016,15 devant - Copie.jpg,31,Indigo,100.0,Eye,5,5,4.0231,4.5989,612.6519430515035,320.949407300902,601.7792035984287,359.6407509300028,White Space,White Space,0.0000,0.0000,0.0000,0.0000,0.0000,0.0000,,-,-,-,-,-,-,-,-,,,,,,
61849,1166716.492,11:27:50:276,Trial016,15 devant - Copie.jpg,31,Indigo,100.0,Eye,5,5,4.0887,4.6129,610.3921816172674,344.66639495418025,608.3462299594772,336.7771681729456,White Space,White Space,0.0000,0.0000,0.0000,0.0000,0.0000,0.0000,,-,-,-,-,-,-,-,-,,,,,,
61853,1166796.109,11:27:50:356,Trial016,15 devant - Copie.jpg,31,Indigo,100.0,Eye,5,5,4.1408,4.6340,618.1338965701167,382.96553528656057,619.7617470490022,368.03928886576045,White Space,White Space,0.0000,0.0000,0.0000,0.0000,0.0000,0.0000,,-,-,-,-,-,-,-,-,,,,,,
61857,1166875.739,11:27:50:436,Trial016,15 devant - Copie.jpg,31,Indigo,100.0,Eye,5,5,4.0768,4.6173,618.2761347292922,445.86162272221617,625.4067936492684,395.5948353150684,White Space,White Space,0.0000,0.0000,0.0000,0.0000,0.0000,0.0000,,-,-,-,-,-,-,-,-,,,,,,
61861,1166955.354,11:27:50:515,Trial016,15 devant - Copie.jpg,31,Indigo,100.0,Eye,5,5,4.2046,4.7520,622.4406669645002,380.5559220279307,623.5075251394343,369.04784693447647,White Space,White Space,0.0000,0.0000,0.0000,0.0000,0.0000,0.0000,,-,-,-,-,-,-,-,-,,,,,,
61865,1167034.985,11:27:50:595,Trial016,15 devant - Copie.jpg,31,Indigo,100.0,Eye,5,5,4.1732,4.7828,618.8508140344668,439.216231240035,623.824839124158,329.59327597610326,White Space,White Space,0.0000,0.0000,0.0000,0.0000,0.0000,0.0000,,-,-,-,-,-,-,-,-,,,,,,
61869,1167114.609,11:27:50:675,Trial016,15 devant - Copie.jpg,31,Indigo,100.0,Eye,5,5,4.1975,4.7251,616.2511386440591,359.1697500801652,625.8762008573082,351.4645700364833,White Space,White Space,0.0000,0.0000,0.0000,0.0000,0.0000,0.0000,,-,-,-,-,-,-,-,-,,,,,,
61873,1167194.23,11:27:50:754,Trial016,15 devant - Copie.jpg,31,Indigo,100.0,Eye,5,5,4.3314,4.7705,618.2316388380149,367.0455296107016,619.8755010232612,409.7276409861579,White Space,White Space,0.0000,0.0000,0.0000,0.0000,0.0000,0.0000,,-,-,-,-,-,-,-,-,,,,,,
61877,1167273.984,11:27:50:834,Trial016,15 devant - Copie.jpg,31,Indigo,100.0,Eye,5,5,4.2251,4.7877,608.8652003386684,339.59664904183626,621.9414868473464,402.48032809723384,White Space,White Space,0.0000,0.0000,0.0000,0.0000,0.0000,0.0000,,-,-,-,-,-,-,-,-,,,,,,
61881,1167353.603,11:27:50:914,Trial016,15 devant - Copie.jpg,31,Indigo,100.0,Eye,5,5,4.2523,4.8255,611.9617915959551,404.83426435589297,627.5783072096274,391.0249089047984,White Space,White Space,0.0000,0.0000,0.0000,0.0000,0.0000,0.0000,,-,-,-,-,-,-,-,-,,,,,,
61885,1167433.23,11:27:50:993,Trial016,15 devant - Copie.jpg,31,Indigo,100.0,Eye,5,5,4.2872,4.8183,612.4391485109801,373.1979637990919,618.6340578723023,374.89429494102325,White Space,White Space,0.0000,0.0000,0.0000,0.0000,0.0000,0.0000,,-,-,-,-,-,-,-,-,,,,,,
61889,1167512.846,11:27:51:073,Trial016,15 devant - Copie.jpg,31,Indigo,100.0,Eye,5,5,4.1695,4.7941,608.2239030186786,385.8835892275776,615.3185748253989,385.53327089975664,White Space,White Space,0.0000,0.0000,0.0000,0.0000,0.0000,0.0000,,-,-,-,-,-,-,-,-,,,,,,
61893,1167592.477,11:27:51:152,Trial016,15 devant - Copie.jpg,31,Indigo,0.0,Eye,6,6,4.2025,4.7869,605.0624688994525,373.3813349339768,612.8319625402213,355.6401765237118,White Space,White Space,0.0000,0.0000,0.0000,0.0000,0.0000,0.0000,,-,-,-,-,-,-,-,-,,,,,,
61897,1167720.498,11:27:51:280,Trial017,16 voc chat gauche.jpg,31,Indigo,0.0,Information,1,1,-,-,602.6913933100329,371.5372680594353,610.967003326338,452.83803197389034,-,-,-,-,-,-,-,-,,-,-,-,-,-,-,-,16 voc chat gauche.jpg,,,,,,
61901,1167791.605,11:27:51:351,Trial017,16 voc chat gauche.jpg,31,Indigo,0.0,Eye,1,1,4.3486,4.8735,600.9130866179682,420.84912539799114,609.5682839159257,364.9707399522769,White Space,White Space,0.0000,0.0000,0.0000,0.0000,0.0000,0.0000,,-,-,-,-,-,-,-,-,,,,,,
61905,1167871.219,11:27:51:431,Trial017,16 voc chat gauche.jpg,31,Indigo,0.0,Eye,1,1,4.1894,4.9078,,,,,White Space,White Space,0.0000,0.0000,0.0000,0.0000,0.0000,0.0000,,-,-,-,-,-,-,-,-,,,,,,
61909,1167950.846,11:27:51:510,Trial017,16 voc chat gauche.jpg,31,Indigo,0.0,Eye,1,1,4.3287,4.8219,,,,,White Space,White Space,0.0000,0.0000,0.0000,0.0000,0.0000,0.0000,,-,-,-,-,-,-,-,-,,,,,,
61913,1168030.616,11:27:51:590,Trial017,16 voc chat gauche.jpg,31,Indigo,0.0,Eye,1,1,4.2742,4.9531,,,,,White Space,White Space,0.0000,0.0000,0.0000,0.0000,0.0000,0.0000,,-,-,-,-,-,-,-,-,,,,,,
61917,1168110.209,11:27:51:670,Trial017,16 voc chat gauche.jpg,31,Indigo,0.0,Eye,1,1,4.2817,4.9637,,,,,White Space,White Space,0.0000,0.0000,0.0000,0.0000,0.0000,0.0000,,-,-,-,-,-,-,-,-,,,,,,
61921,1168189.84,11:27:51:749,Trial017,16 voc chat gauche.jpg,31,Indigo,0.0,Eye,1,1,4.2729,4.8925,,,,,White Space,White Space,0.0000,0.0000,0.0000,0.0000,0.0000,0.0000,,-,-,-,-,-,-,-,-,,,,,,
61925,1168269.457,11:27:51:829,Trial017,16 voc chat gauche.jpg,31,Indigo,0.0,Eye,2,2,4.2881,4.9762,,,,,White Space,White Space,0.0000,0.0000,0.0000,0.0000,0.0000,0.0000,,-,-,-,-,-,-,-,-,,,,,,
61929,1168349.086,11:27:51:909,Trial017,16 voc chat gauche.jpg,31,Indigo,0.0,Eye,3,3,4.2837,4.8320,,,,,White Space,White Space,0.0000,0.0000,0.0000,0.0000,0.0000,0.0000,,-,-,-,-,-,-,-,-,,,,,,
61933,1168428.709,11:27:51:988,Trial017,16 voc chat gauche.jpg,31,Indigo,0.0,Eye,3,3,4.3147,4.8586,,,,,White Space,White Space,0.0000,0.0000,0.0000,0.0000,0.0000,0.0000,,-,-,-,-,-,-,-,-,,,,,,
61937,1168508.333,11:27:52:068,Trial017,16 voc chat gauche.jpg,31,Indigo,0.0,Eye,3,3,4.2367,4.7701,,,,,White Space,White Space,0.0000,0.0000,0.0000,0.0000,0.0000,0.0000,,-,-,-,-,-,-,-,-,,,,,,
61941,1168587.838,11:27:52:147,Trial017,16 voc chat gauche.jpg,31,Indigo,0.0,Eye,3,3,4.3179,4.8399,,,,,White Space,White Space,0.0000,0.0000,0.0000,0.0000,0.0000,0.0000,,-,-,-,-,-,-,-,-,,,,,,
61945,1168667.459,11:27:52:227,Trial017,16 voc chat gauche.jpg,31,Indigo,0.0,Eye,3,3,4.2719,4.8826,,,,,White Space,White Space,0.0000,0.0000,0.0000,0.0000,0.0000,0.0000,,-,-,-,-,-,-,-,-,,,,,,
61949,1168747.081,11:27:52:307,Trial017,16 voc chat gauche.jpg,31,Indigo,0.0,Eye,3,3,4.3286,4.8435,,,,,White Space,White Space,0.0000,0.0000,0.0000,0.0000,0.0000,0.0000,,-,-,-,-,-,-,-,-,,,,,,
61953,1168826.696,11:27:52:386,Trial017,16 voc chat gauche.jpg,31,Indigo,100.0,Eye,3,3,4.4397,4.8340,596.8682064789363,437.8030188753419,588.3327597300105,407.61496763703343,White Space,White Space,0.0000,0.0000,0.0000,0.0000,0.0000,0.0000,,-,-,-,-,-,-,-,-,,,,,,
61957,1168906.326,11:27:52:466,Trial017,16 voc chat gauche.jpg,31,Indigo,100.0,Eye,3,3,4.2989,4.8509,596.8650453331462,397.58132277887796,593.7516949231452,455.1590677890105,White Space,White Space,0.0000,0.0000,0.0000,0.0000,0.0000,0.0000,,-,-,-,-,-,-,-,-,,,,,,
61961,1168985.955,11:27:52:545,Trial017,16 voc chat gauche.jpg,31,Indigo,100.0,Eye,4,4,4.3110,4.8253,601.5870953427238,408.97398253933085,596.1344921402099,395.7260676870339,White Space,White Space,0.0000,0.0000,0.0000,0.0000,0.0000,0.0000,,-,-,-,-,-,-,-,-,,,,,,
61965,1169065.572,11:27:52:625,Trial017,16 voc chat gauche.jpg,31,Indigo,100.0,Eye,4,4,4.4177,4.9444,611.3482473579083,353.08866659095725,597.4665718520652,454.73337306517914,White Space,White Space,0.0000,0.0000,0.0000,0.0000,0.0000,0.0000,,-,-,-,-,-,-,-,-,,,,,,
61969,1169145.202,11:27:52:705,Trial017,16 voc chat gauche.jpg,31,Indigo,100.0,Eye,4,4,4.4450,4.8901,614.0806732823373,407.8682281452762,609.2883595246605,383.88161047902895,White Space,White Space,0.0000,0.0000,0.0000,0.0000,0.0000,0.0000,,-,-,-,-,-,-,-,-,,,,,,
61973,1169224.69,11:27:52:784,Trial017,16 voc chat gauche.jpg,31,Indigo,100.0,Eye,4,4,4.4602,4.9098,613.9571706608443,390.82304769363617,611.976118342941,464.209956465796,White Space,White Space,0.0000,0.0000,0.0000,0.0000,0.0000,0.0000,,-,-,-,-,-,-,-,-,,,,,,
61977,1169304.324,11:27:52:864,Trial017,16 voc chat gauche.jpg,31,Indigo,100.0,Eye,5,5,4.4274,4.9428,596.2245772994125,399.7577041309586,593.7295219897674,387.8756867647676,White Space,White Space,0.0000,0.0000,0.0000,0.0000,0.0000,0.0000,,-,-,-,-,-,-,-,-,,,,,,
61981,1169383.939,11:27:52:943,Trial017,16 voc chat gauche.jpg,31,Indigo,100.0,Eye,5,5,4.5497,5.0172,576.2695704718166,367.34341445313044,576.2010039905203,389.64939661277515,White Space,White Space,0.0000,0.0000,0.0000,0.0000,0.0000,0.0000,,-,-,-,-,-,-,-,-,,,,,,
