Unnamed: 0,RecordingTime [ms],Time of Day [h:m:s:ms],Trial,Stimulus,Participant,Color,Tracking Ratio [%],Category Group,Index Right,Index Left,Pupil Diameter Right [mm],Pupil Diameter Left [mm],Point of Regard Right X [px],Point of Regard Right Y [px],Point of Regard Left X [px],Point of Regard Left Y [px],AOI Name Right,AOI Name Left,Gaze Vector Right X,Gaze Vector Right Y,Gaze Vector Right Z,Gaze Vector Left X,Gaze Vector Left Y,Gaze Vector Left Z,Port Status,Annotation Name,Annotation Description,Annotation Tags,Mouse Position X [px],Mouse Position Y [px],Scroll Direction X,Scroll Direction Y,Content,AOI Group Right,AOI Scope Right,AOI Order Right,AOI Group Left,AOI Scope Left,AOI Order Binocular,groupe d'enfants
30804,2738143.118,18:10:03:736,Trial019,Eye Tracking (ballon droite).avi,58,DarkKhaki,86.4867,Eye,81,78,,,760.4865279014945,339.401762573309,759.8252395786072,343.4283004243093,-,-,0.0082,0.2265,-0.974,-0.017,0.2128,-0.977,0,-,-,-,-,-,-,-,-,-,-,-,-,-,-,
30808,2738209.9,18:10:03:802,Trial019,Eye Tracking (ballon droite).avi,58,DarkKhaki,86.4867,Eye,81,78,,,755.505784868705,294.3044704354328,755.6870408608904,291.00560327566984,-,-,0.0094,0.2251,-0.9743,-0.0138,0.2142,-0.9767,0,-,-,-,-,-,-,-,-,-,-,-,-,-,-,
30812,2738276.681,18:10:03:869,Trial019,Eye Tracking (ballon droite).avi,58,DarkKhaki,86.4867,Eye,81,78,,,755.1980740270977,339.0995933416982,741.4134951632248,252.30388444132532,-,-,0.01,0.2308,-0.973,-0.0204,0.2122,-0.977,0,-,-,-,-,-,-,-,-,-,-,-,-,-,-,
30816,2738343.462,18:10:03:936,Trial019,Eye Tracking (ballon droite).avi,58,DarkKhaki,86.4867,Eye,81,78,,,747.3354559367565,391.73964394397336,737.8894524599569,397.1462622988168,-,-,0.0147,0.2227,-0.9748,-0.0158,0.2188,-0.9756,0,-,-,-,-,-,-,-,-,-,-,-,-,-,-,
30820,2738410.243,18:10:04:003,Trial019,Eye Tracking (ballon droite).avi,58,DarkKhaki,86.4867,Eye,81,78,,,752.5861659840268,339.74266729427495,731.6975231909224,372.37234825005265,-,-,0.0238,0.2205,-0.9751,-0.007,0.2195,-0.9756,0,-,-,-,-,-,-,-,-,-,-,-,-,-,-,
30824,2738477.024,18:10:04:069,Trial019,Eye Tracking (ballon droite).avi,58,DarkKhaki,86.4867,Eye,81,78,,,758.1365183565282,302.09668711882574,728.5565404344891,346.31177140346733,-,-,0.0245,0.2195,-0.9753,0.0015,0.2194,-0.9756,0,-,-,-,-,-,-,-,-,-,-,-,-,-,-,
30828,2738543.805,18:10:04:136,Trial019,Eye Tracking (ballon droite).avi,58,DarkKhaki,86.4867,Eye,81,78,,,758.7953877525841,334.6084988738431,729.3040396083616,376.80922409321846,-,-,0.0182,0.224,-0.9744,0.0051,0.2185,-0.9758,0,-,-,-,-,-,-,-,-,-,-,-,-,-,-,
30832,2738610.587,18:10:04:203,Trial019,Eye Tracking (ballon droite).avi,58,DarkKhaki,86.4867,Eye,81,78,,,763.765612651709,419.9061641726744,726.0252797220028,366.09828285904985,-,-,0.0294,0.2205,-0.975,0.0001,0.2139,-0.9769,0,-,-,-,-,-,-,-,-,-,-,-,-,-,-,
30836,2738677.368,18:10:04:270,Trial019,Eye Tracking (ballon droite).avi,58,DarkKhaki,86.4867,Eye,17,20,,,636.7958531970371,428.98823023447085,608.4906034997573,362.70240658064444,-,-,0,0,0,0,0,0,0,-,-,-,-,-,-,-,-,-,-,-,-,-,-,
30840,2738744.153,18:10:04:337,Trial019,Eye Tracking (ballon droite).avi,58,DarkKhaki,86.4867,Eye,17,20,,,541.5689465505586,314.35371243582347,520.3400092775987,356.3140518642307,-,-,0,0,0,0,0,0,0,-,-,-,-,-,-,-,-,-,-,-,-,-,-,
30844,2738810.949,18:10:04:403,Trial019,Eye Tracking (ballon droite).avi,58,DarkKhaki,86.4867,Eye,17,-,,,470.16415284697604,258.5442686284173,665.9991902529407,326.6341541120518,-,-,0.21,0.2211,-0.9524,0.1935,0.2203,-0.956,0,-,-,-,-,-,-,-,-,-,-,-,-,-,-,
30848,2738877.746,18:10:04:470,Trial019,Eye Tracking (ballon droite).avi,58,DarkKhaki,86.4867,Eye,17,-,,,416.63112600363814,302.2408487579475,563.5074040581115,349.85240503702505,-,-,0.2164,0.2195,-0.9513,0.1961,0.2231,-0.9548,0,-,-,-,-,-,-,-,-,-,-,-,-,-,-,
30852,2738944.542,18:10:04:537,Trial019,Eye Tracking (ballon droite).avi,58,DarkKhaki,86.4867,Eye,17,-,,,376.4915325076519,286.1463086590718,486.64874104850696,356.7842916257159,-,-,0.2181,0.2268,-0.9492,0.2012,0.2237,-0.9537,0,-,-,-,-,-,-,-,-,-,-,-,-,-,-,
30856,2739011.303,18:10:04:604,Trial019,Eye Tracking (ballon droite).avi,58,DarkKhaki,86.4867,Eye,64,-,,,541.8828822891957,334.1621130620988,626.5767504754388,293.0210923272674,-,-,0.1683,0.2302,-0.9585,0.1543,0.2157,-0.9642,0,-,-,-,-,-,-,-,-,-,-,-,-,-,-,
30860,2739078.063,18:10:04:670,Trial019,Eye Tracking (ballon droite).avi,58,DarkKhaki,86.4867,Eye,82,79,,,592.2985507976524,304.9380817587817,649.331152904383,330.1279211168586,-,-,0.0182,0.2223,-0.9748,-0.0065,0.2215,-0.9751,0,-,-,-,-,-,-,-,-,-,-,-,-,-,-,
30864,2739144.824,18:10:04:737,Trial019,Eye Tracking (ballon droite).avi,58,DarkKhaki,86.4867,Eye,82,79,,,631.5031919462999,307.8836468426178,673.1223729123644,271.62355406229756,-,-,0.0171,0.232,-0.9726,-0.0064,0.2183,-0.9759,0,-,-,-,-,-,-,-,-,-,-,-,-,-,-,
30868,2739211.585,18:10:04:804,Trial019,Eye Tracking (ballon droite).avi,58,DarkKhaki,86.4867,Eye,82,79,,,656.4132242951783,325.69072088425577,691.1395251657317,203.01119168417955,-,-,0.0187,0.2273,-0.9737,-0.0032,0.2187,-0.9758,0,-,-,-,-,-,-,-,-,-,-,-,-,-,-,
30872,2739278.345,18:10:04:871,Trial019,Eye Tracking (ballon droite).avi,58,DarkKhaki,86.4867,Eye,82,79,,,679.8453203704605,349.8820001927658,700.0627533277855,329.7796884899053,-,-,0.0096,0.2295,-0.9733,-0.0098,0.2221,-0.975,0,-,-,-,-,-,-,-,-,-,-,-,-,-,-,
30876,2739345.106,18:10:04:938,Trial019,Eye Tracking (ballon droite).avi,58,DarkKhaki,86.4867,Eye,82,79,,,694.7664050855766,287.41505225385004,707.080002980159,354.4295812035891,-,-,0.0164,0.2203,-0.9753,0.0055,0.2229,-0.9748,0,-,-,-,-,-,-,-,-,-,-,-,-,-,-,
30880,2739411.866,18:10:05:004,Trial019,Eye Tracking (ballon droite).avi,58,DarkKhaki,86.4867,Eye,82,79,,,708.1345827795998,386.48679887388613,715.7138528037165,384.01308497600456,-,-,0.019,0.2248,-0.9742,0.0047,0.2142,-0.9768,0,-,-,-,-,-,-,-,-,-,-,-,-,-,-,
30884,2739478.627,18:10:05:071,Trial019,Eye Tracking (ballon droite).avi,58,DarkKhaki,86.4867,Eye,82,79,,,721.5200628416192,348.5369694296319,724.5479819364085,354.9436378104159,-,-,0.0162,0.2161,-0.9762,0.0024,0.2129,-0.9771,0,-,-,-,-,-,-,-,-,-,-,-,-,-,-,
30888,2739545.388,18:10:05:138,Trial019,Eye Tracking (ballon droite).avi,58,DarkKhaki,86.4867,Eye,82,79,,,728.9339533536669,335.22956666639396,727.9215909571244,376.3686325578796,-,-,0.0189,0.221,-0.9751,-0.0013,0.2139,-0.9769,0,-,-,-,-,-,-,-,-,-,-,-,-,-,-,
30892,2739612.141,18:10:05:205,Trial019,Eye Tracking (ballon droite).avi,58,DarkKhaki,86.4867,Eye,82,79,,,728.9983716665286,376.28853330941735,725.4438441201111,340.6737523026861,-,-,0.0158,0.2236,-0.9746,0.0027,0.22,-0.9755,0,-,-,-,-,-,-,-,-,-,-,-,-,-,-,
30896,2739678.886,18:10:05:271,Trial019,Eye Tracking (ballon droite).avi,58,DarkKhaki,86.4867,Eye,82,79,,,729.5537681144184,263.1812999761852,733.450191223663,383.0833077251088,-,-,0.0016,0.2271,-0.9739,-0.016,0.2154,-0.9764,0,-,-,-,-,-,-,-,-,-,-,-,-,-,-,
30900,2739745.631,18:10:05:338,Trial019,Eye Tracking (ballon droite).avi,58,DarkKhaki,86.4867,Eye,82,79,,,730.380040011029,357.399136691299,737.5372853454774,362.2055349062846,-,-,0.0063,0.2331,-0.9724,-0.0053,0.2197,-0.9756,0,-,-,-,-,-,-,-,-,-,-,-,-,-,-,
30904,2739812.388,18:10:05:405,Trial019,Eye Tracking (ballon droite).avi,58,DarkKhaki,86.4867,Eye,82,79,,,734.201387632629,378.7350510391822,721.4797311511614,337.50127047725096,-,-,0.0101,0.2279,-0.9736,-0.0122,0.2171,-0.9761,0,-,-,-,-,-,-,-,-,-,-,-,-,-,-,
30908,2739879.158,18:10:05:472,Trial019,Eye Tracking (ballon droite).avi,58,DarkKhaki,86.4867,Eye,82,79,,,733.8674786202347,351.7399082415302,725.4624589607276,346.7771401564811,-,-,0.0057,0.2235,-0.9747,-0.0069,0.2142,-0.9768,0,-,-,-,-,-,-,-,-,-,-,-,-,-,-,
30912,2739945.928,18:10:05:538,Trial019,Eye Tracking (ballon droite).avi,58,DarkKhaki,86.4867,Eye,18,21,,,614.4844838112078,382.97689024439296,608.1807190665775,350.2277616606023,-,-,0,0,0,0,0,0,0,-,-,-,-,-,-,-,-,-,-,-,-,-,-,
30916,2740012.698,18:10:05:605,Trial019,Eye Tracking (ballon droite).avi,58,DarkKhaki,86.4867,Eye,18,21,,,524.9425471867713,289.12926774874984,520.2147236282985,289.5103805758843,-,-,0,0,0,0,0,0,0,-,-,-,-,-,-,-,-,-,-,-,-,-,-,
30920,2740079.468,18:10:05:672,Trial019,Eye Tracking (ballon droite).avi,58,DarkKhaki,86.4867,Eye,83,80,,,565.5914971618605,423.04570504174643,563.0677324892991,340.5864618175723,-,-,0.0056,0.209,-0.9779,-0.0047,0.2032,-0.9791,0,-,-,-,-,-,-,-,-,-,-,-,-,-,-,
30924,2740146.238,18:10:05:739,Trial019,Eye Tracking (ballon droite).avi,58,DarkKhaki,86.4867,Eye,83,80,,,604.6112434857685,410.68059801393224,605.0830247282569,328.2059819886142,-,-,-0.0035,0.2086,-0.978,-0.0077,0.1968,-0.9804,0,-,-,-,-,-,-,-,-,-,-,-,-,-,-,
30928,2740213.008,18:10:05:805,Trial019,Eye Tracking (ballon droite).avi,58,DarkKhaki,86.4867,Eye,83,80,,,631.6434667642316,313.7349102287553,635.614761460267,329.0935313347434,-,-,0.0077,0.2121,-0.9772,-0.0069,0.2085,-0.978,0,-,-,-,-,-,-,-,-,-,-,-,-,-,-,
30932,2740279.777,18:10:05:872,Trial019,Eye Tracking (ballon droite).avi,58,DarkKhaki,86.4867,Eye,83,80,,,651.9185572005593,279.5431005904968,654.5010995891032,340.58394908045835,-,-,0.0082,0.2129,-0.977,-0.0063,0.2029,-0.9792,0,-,-,-,-,-,-,-,-,-,-,-,-,-,-,
30936,2740346.547,18:10:05:939,Trial019,Eye Tracking (ballon droite).avi,58,DarkKhaki,86.4867,Eye,83,80,,,671.4268445763057,399.4811553448241,682.719073416686,333.19797239585597,-,-,0.0007,0.2156,-0.9765,-0.0084,0.2043,-0.9789,0,-,-,-,-,-,-,-,-,-,-,-,-,-,-,
30940,2740413.317,18:10:06:006,Trial019,Eye Tracking (ballon droite).avi,58,DarkKhaki,86.4867,Eye,83,80,,,682.7971064780322,327.85500510960804,695.700430995483,321.5485535331094,-,-,0.0026,0.2154,-0.9765,-0.0048,0.202,-0.9794,0,-,-,-,-,-,-,-,-,-,-,-,-,-,-,
30944,2740480.119,18:10:06:073,Trial019,Eye Tracking (ballon droite).avi,58,DarkKhaki,86.4867,Eye,83,80,,,697.0337564939207,369.88285556693006,702.6826606262897,364.75261247967364,-,-,0.0067,0.2185,-0.9758,-0.0024,0.214,-0.9768,0,-,-,-,-,-,-,-,-,-,-,-,-,-,-,
30948,2740546.932,18:10:06:139,Trial019,Eye Tracking (ballon droite).avi,58,DarkKhaki,86.4867,Eye,83,80,,,703.0256695723806,329.2711658066389,706.5960110469675,390.72388200087306,-,-,0.0103,0.2266,-0.9739,-0.0116,0.2178,-0.9759,0,-,-,-,-,-,-,-,-,-,-,-,-,-,-,
30952,2740613.745,18:10:06:206,Trial019,Eye Tracking (ballon droite).avi,58,DarkKhaki,86.4867,Eye,83,80,,,703.9363467410082,294.881451545581,714.966289154692,390.6735910429949,-,-,0.0059,0.2211,-0.9752,-0.0067,0.2201,-0.9755,0,-,-,-,-,-,-,-,-,-,-,-,-,-,-,
30956,2740680.55,18:10:06:273,Trial019,Eye Tracking (ballon droite).avi,58,DarkKhaki,86.4867,Eye,83,80,,,707.2641803139508,436.41034175428337,717.9631866627969,374.37171829742266,-,-,0.0069,0.2255,-0.9742,-0.01,0.217,-0.9761,0,-,-,-,-,-,-,-,-,-,-,-,-,-,-,
30960,2740747.355,18:10:06:340,Trial019,Eye Tracking (ballon droite).avi,58,DarkKhaki,86.4867,Eye,83,80,,,720.3050906393172,384.30669448004835,717.8282421959001,372.39382452738664,-,-,0.0096,0.2289,-0.9734,-0.0076,0.2156,-0.9764,0,-,-,-,-,-,-,-,-,-,-,-,-,-,-,
30964,2740814.161,18:10:06:407,Trial019,Eye Tracking (ballon droite).avi,58,DarkKhaki,86.4867,Eye,83,80,,,723.3745809040279,371.8749452087339,728.8121513544093,400.5393718182711,-,-,0.0285,0.2192,-0.9753,0.0148,0.2167,-0.9761,0,-,-,-,-,-,-,-,-,-,-,-,-,-,-,
30968,2740880.966,18:10:06:473,Trial019,Eye Tracking (ballon droite).avi,58,DarkKhaki,86.4867,Eye,83,80,,,728.6075375971448,351.9265256529659,723.0064208326917,335.00211789914,-,-,0.0243,0.2266,-0.9737,0.0011,0.2191,-0.9757,0,-,-,-,-,-,-,-,-,-,-,-,-,-,-,
30972,2740947.772,18:10:06:540,Trial019,Eye Tracking (ballon droite).avi,58,DarkKhaki,86.4867,Eye,83,80,,,735.9028158501451,330.9276884708709,729.6513048527814,407.8817191300386,-,-,0.0203,0.225,-0.9742,0.0033,0.2189,-0.9758,0,-,-,-,-,-,-,-,-,-,-,-,-,-,-,
30976,2741014.577,18:10:06:607,Trial019,Eye Tracking (ballon droite).avi,58,DarkKhaki,86.4867,Eye,83,80,,,736.9794928957255,397.23188561480805,736.190951666914,326.2289160891235,-,-,0.0197,0.196,-0.9804,0.0032,0.1984,-0.9801,0,-,-,-,-,-,-,-,-,-,-,-,-,-,-,
30980,2741081.382,18:10:06:674,Trial019,Eye Tracking (ballon droite).avi,58,DarkKhaki,86.4867,Eye,83,80,,,733.2589514694027,419.05045091922375,736.0205520464046,397.9467833725203,-,-,0.0186,0.1976,-0.9801,0.0017,0.1904,-0.9817,0,-,-,-,-,-,-,-,-,-,-,-,-,-,-,
30984,2741148.188,18:10:06:741,Trial019,Eye Tracking (ballon droite).avi,58,DarkKhaki,86.4867,Eye,84,80,,,740.550562592939,344.53690910895523,736.7496995901583,388.37045011639077,-,-,0.0168,0.1927,-0.9811,0.0017,0.1939,-0.981,0,-,-,-,-,-,-,-,-,-,-,-,-,-,-,
30988,2741214.993,18:10:06:807,Trial019,Eye Tracking (ballon droite).avi,58,DarkKhaki,86.4867,Eye,84,80,,,745.1876159193725,299.5469614044441,740.2195070954069,365.3647165016881,-,-,0.0207,0.1972,-0.9802,0.0009,0.1987,-0.9801,0,-,-,-,-,-,-,-,-,-,-,-,-,-,-,
30992,2741281.799,18:10:06:874,Trial019,Eye Tracking (ballon droite).avi,58,DarkKhaki,86.4867,Eye,84,80,,,744.0201204916992,391.7726250839792,740.6845930155816,363.22589241110467,-,-,0.0193,0.1924,-0.9811,0.0019,0.1967,-0.9805,0,-,-,-,-,-,-,-,-,-,-,-,-,-,-,
30996,2741348.601,18:10:06:941,Trial019,Eye Tracking (ballon droite).avi,58,DarkKhaki,86.4867,Eye,84,80,,,741.6026126271796,366.76710622165746,738.5078354197335,324.46045667222097,-,-,0.0246,0.1883,-0.9818,0.0031,0.1902,-0.9817,0,-,-,-,-,-,-,-,-,-,-,-,-,-,-,
31000,2741415.404,18:10:07:008,Trial019,Eye Tracking (ballon droite).avi,58,DarkKhaki,86.4867,Eye,84,80,,,736.9015991446186,354.31309583312645,730.6485160131585,400.11585435421273,-,-,0.0122,0.1972,-0.9803,0.0004,0.1997,-0.9799,0,-,-,-,-,-,-,-,-,-,-,-,-,-,-,
31004,2741482.185,18:10:07:075,Trial019,Eye Tracking (ballon droite).avi,58,DarkKhaki,86.4867,Eye,84,80,,,734.5252071352843,373.47024147599154,731.548703320516,364.9580299886339,-,-,0.0237,0.1987,-0.9798,0.0001,0.1987,-0.9801,0,-,-,-,-,-,-,-,-,-,-,-,-,-,-,
31008,2741548.945,18:10:07:141,Trial019,Eye Tracking (ballon droite).avi,58,DarkKhaki,86.4867,Eye,84,80,,,744.6596607403412,347.8622677311505,728.099793914981,289.9326405050683,-,-,0.0135,0.2294,-0.9732,0.0011,0.2272,-0.9739,0,-,-,-,-,-,-,-,-,-,-,-,-,-,-,
31012,2741615.705,18:10:07:208,Trial019,Eye Tracking (ballon droite).avi,58,DarkKhaki,86.4867,Eye,84,61,,,743.4899312612948,375.5079923110218,731.4703622825252,381.52270178839814,-,-,0.0106,0.2325,-0.9725,-0.0056,0.2215,-0.9752,0,-,-,-,-,-,-,-,-,-,-,-,-,-,-,
31016,2741682.465,18:10:07:275,Trial019,Eye Tracking (ballon droite).avi,58,DarkKhaki,86.4867,Eye,85,81,,,741.9292173082107,447.9711848717995,731.1614278259013,384.60897470570916,-,-,0.0105,0.2358,-0.9718,-0.004,0.2255,-0.9742,0,-,-,-,-,-,-,-,-,-,-,-,-,-,-,
31020,2741749.226,18:10:07:342,Trial019,Eye Tracking (ballon droite).avi,58,DarkKhaki,86.4867,Eye,85,81,,,730.074798647503,385.1360790132818,732.1717436247143,315.3117208863905,-,-,0.0224,0.2272,-0.9736,0.0054,0.2313,-0.9729,0,-,-,-,-,-,-,-,-,-,-,-,-,-,-,
31024,2741815.986,18:10:07:408,Trial019,Eye Tracking (ballon droite).avi,58,DarkKhaki,86.4867,Eye,85,81,,,735.940199909752,345.5954759789722,731.6593257435376,381.21341274428863,-,-,0.0258,0.2376,-0.971,0.0077,0.2287,-0.9735,0,-,-,-,-,-,-,-,-,-,-,-,-,-,-,
31028,2741882.746,18:10:07:475,Trial019,Eye Tracking (ballon droite).avi,58,DarkKhaki,86.4867,Eye,85,81,,,746.3162767067142,342.251706505487,733.8757205170901,399.13419400151093,-,-,0.0253,0.241,-0.9702,0.0166,0.2266,-0.9738,0,-,-,-,-,-,-,-,-,-,-,-,-,-,-,
31032,2741949.506,18:10:07:542,Trial019,Eye Tracking (ballon droite).avi,58,DarkKhaki,86.4867,Eye,85,81,,,741.5539454185437,412.99297256971784,732.5591270285416,370.75609585960694,-,-,0.0243,0.2345,-0.9718,0.0075,0.2313,-0.9729,0,-,-,-,-,-,-,-,-,-,-,-,-,-,-,
31036,2742016.266,18:10:07:609,Trial019,Eye Tracking (ballon droite).avi,58,DarkKhaki,86.4867,Eye,85,81,,,746.0883045997846,355.22831378757473,728.1869172531642,348.60979427654655,-,-,0.017,0.2383,-0.971,0.008,0.2239,-0.9746,0,-,-,-,-,-,-,-,-,-,-,-,-,-,-,
31040,2742083.027,18:10:07:675,Trial019,Eye Tracking (ballon droite).avi,58,DarkKhaki,86.4867,Eye,85,81,,,750.3532041630575,352.00894427543943,729.5127841671382,360.2500118315973,-,-,0.0203,0.2333,-0.9722,0.0114,0.224,-0.9745,0,-,-,-,-,-,-,-,-,-,-,-,-,-,-,
31044,2742149.784,18:10:07:742,Trial019,Eye Tracking (ballon droite).avi,58,DarkKhaki,86.4867,Eye,85,81,,,737.9059712568626,283.1636966896449,744.4677592324682,414.25501505622157,-,-,0.0227,0.2272,-0.9736,0.0067,0.2253,-0.9743,0,-,-,-,-,-,-,-,-,-,-,-,-,-,-,
31048,2742216.533,18:10:07:809,Trial019,Eye Tracking (ballon droite).avi,58,DarkKhaki,86.4867,Eye,85,81,,,737.6268116822819,334.01257435475713,744.8941584728869,384.0065362213472,-,-,0.015,0.229,-0.9733,0.0056,0.2301,-0.9731,0,-,-,-,-,-,-,-,-,-,-,-,-,-,-,
31052,2742283.283,18:10:07:876,Trial019,Eye Tracking (ballon droite).avi,58,DarkKhaki,86.4867,Eye,85,81,,,737.9390505774571,377.0724791070544,740.5723308755325,383.06547135635105,-,-,0.0141,0.2339,-0.9722,-0.0068,0.2313,-0.9729,0,-,-,-,-,-,-,-,-,-,-,-,-,-,-,
31056,2742350.052,18:10:07:942,Trial019,Eye Tracking (ballon droite).avi,58,DarkKhaki,86.4867,Eye,85,81,,,737.2184038195094,356.09464299898195,737.4939759056892,405.16990155954244,-,-,0.0128,0.2384,-0.9711,0.001,0.2241,-0.9746,0,-,-,-,-,-,-,-,-,-,-,-,-,-,-,
31060,2742416.821,18:10:08:009,Trial019,Eye Tracking (ballon droite).avi,58,DarkKhaki,86.4867,Eye,85,81,,,730.9486833580323,396.2945694805899,731.225218811996,331.67797459981875,-,-,0.0081,0.2337,-0.9723,-0.0065,0.229,-0.9734,0,-,-,-,-,-,-,-,-,-,-,-,-,-,-,
31064,2742483.59,18:10:08:076,Trial019,Eye Tracking (ballon droite).avi,58,DarkKhaki,86.4867,Eye,85,81,,,727.3186761327287,371.4881042660726,727.0675241487763,374.06217895294594,-,-,0.0182,0.229,-0.9732,0.0082,0.2279,-0.9736,0,-,-,-,-,-,-,-,-,-,-,-,-,-,-,
31068,2742550.359,18:10:08:143,Trial019,Eye Tracking (ballon droite).avi,58,DarkKhaki,86.4867,Eye,85,81,,,729.9987639851216,397.64043844300727,722.2565723625539,412.49150486870263,-,-,0.0247,0.233,-0.9722,0.0043,0.2292,-0.9734,0,-,-,-,-,-,-,-,-,-,-,-,-,-,-,
31072,2742617.128,18:10:08:210,Trial019,Eye Tracking (ballon droite).avi,58,DarkKhaki,86.4867,Eye,85,81,,,729.9512890794985,283.5553684537333,722.301087223895,393.865630673934,-,-,0.0197,0.2339,-0.9721,0.0122,0.2298,-0.9732,0,-,-,-,-,-,-,-,-,-,-,-,-,-,-,
31076,2742683.897,18:10:08:276,Trial019,Eye Tracking (ballon droite).avi,58,DarkKhaki,86.4867,Eye,85,81,,,746.8583896325931,384.32235657316346,718.4872241502039,360.87889590430876,-,-,0.0204,0.235,-0.9718,0.0015,0.2252,-0.9743,0,-,-,-,-,-,-,-,-,-,-,-,-,-,-,
31080,2742750.666,18:10:08:343,Trial019,Eye Tracking (ballon droite).avi,58,DarkKhaki,86.4867,Eye,85,81,,,740.3144154945245,399.08525840183233,716.5662232651504,347.9300115010906,-,-,0.0162,0.2343,-0.972,-0.0068,0.2211,-0.9752,0,-,-,-,-,-,-,-,-,-,-,-,-,-,-,
31084,2742817.435,18:10:08:410,Trial019,Eye Tracking (ballon droite).avi,58,DarkKhaki,86.4867,Eye,85,81,,,740.5852344226906,407.9327264516281,721.2467282693515,324.9869261166979,-,-,0.0004,0.2425,-0.9701,-0.0078,0.2245,-0.9744,0,-,-,-,-,-,-,-,-,-,-,-,-,-,-,
31088,2742884.204,18:10:08:477,Trial019,Eye Tracking (ballon droite).avi,58,DarkKhaki,86.4867,Eye,85,81,,,741.8361220584761,327.50987115959447,717.6729772574394,376.9766735139197,-,-,0.0128,0.2274,-0.9737,-0.0048,0.2286,-0.9735,0,-,-,-,-,-,-,-,-,-,-,-,-,-,-,
31092,2742950.973,18:10:08:543,Trial019,Eye Tracking (ballon droite).avi,58,DarkKhaki,86.4867,Eye,85,81,,,740.3047073840435,334.8945763343794,725.141621420791,386.11251676789254,-,-,0.0231,0.239,-0.9707,0.0032,0.2262,-0.9741,0,-,-,-,-,-,-,-,-,-,-,-,-,-,-,
31096,2743017.733,18:10:08:610,Trial019,Eye Tracking (ballon droite).avi,58,DarkKhaki,86.4867,Eye,85,81,,,740.8415489701617,403.92148661102993,729.0841626558907,316.3121703989829,-,-,0.0203,0.2348,-0.9718,0.0034,0.2279,-0.9737,0,-,-,-,-,-,-,-,-,-,-,-,-,-,-,
31100,2743084.486,18:10:08:677,Trial019,Eye Tracking (ballon droite).avi,58,DarkKhaki,86.4867,Eye,85,81,,,742.2568848813311,358.53822002150355,734.4760926059116,299.90875065099567,-,-,0.0176,0.2334,-0.9722,0.0066,0.2268,-0.9739,0,-,-,-,-,-,-,-,-,-,-,-,-,-,-,
31104,2743151.243,18:10:08:744,Trial019,Eye Tracking (ballon droite).avi,58,DarkKhaki,86.4867,Eye,85,81,,,744.1674777387365,333.278041484951,736.6462094277198,326.67820177431713,-,-,0.0113,0.2358,-0.9717,-0.0182,0.2209,-0.9751,0,-,-,-,-,-,-,-,-,-,-,-,-,-,-,
31108,2743218.005,18:10:08:810,Trial019,Eye Tracking (ballon droite).avi,58,DarkKhaki,86.4867,Eye,85,81,,,734.6773925041656,286.88816658867904,728.584266956924,380.44630098660696,-,-,0.0048,0.2308,-0.973,-0.0111,0.2245,-0.9744,0,-,-,-,-,-,-,-,-,-,-,-,-,-,-,
31112,2743284.768,18:10:08:877,Trial019,Eye Tracking (ballon droite).avi,58,DarkKhaki,86.4867,Eye,85,81,,,728.671603967862,308.3845279837919,713.3965891608755,354.1176750207206,-,-,0.0171,0.2341,-0.9721,-0.0052,0.2217,-0.9751,0,-,-,-,-,-,-,-,-,-,-,-,-,-,-,
31116,2743351.53,18:10:08:944,Trial019,Eye Tracking (ballon droite).avi,58,DarkKhaki,86.4867,Eye,85,81,,,732.4618857772534,339.42186121212916,716.5781151664963,369.56422169174135,-,-,0.0207,0.2305,-0.9729,0.0023,0.216,-0.9764,0,-,-,-,-,-,-,-,-,-,-,-,-,-,-,
31120,2743418.292,18:10:09:011,Trial019,Eye Tracking (ballon droite).avi,58,DarkKhaki,86.4867,Eye,85,81,,,741.4508747406418,380.53156527435556,718.4833349664463,324.7859635156024,-,-,0.0305,0.2343,-0.9717,0.0033,0.2242,-0.9745,0,-,-,-,-,-,-,-,-,-,-,-,-,-,-,
31124,2743485.054,18:10:09:077,Trial019,Eye Tracking (ballon droite).avi,58,DarkKhaki,86.4867,Eye,85,81,,,741.6440682784261,373.0219227402852,720.4648107518346,370.0994614625643,-,-,0.0298,0.2338,-0.9718,0.0042,0.2249,-0.9744,0,-,-,-,-,-,-,-,-,-,-,-,-,-,-,
31128,2743551.816,18:10:09:144,Trial019,Eye Tracking (ballon droite).avi,58,DarkKhaki,86.4867,Eye,67,62,,,745.9280708816988,416.2453149486922,715.9869996934689,382.5799507612977,-,-,0.0247,0.0059,-0.9997,-0.0059,0.0117,-0.9999,0,-,-,-,-,-,-,-,-,-,-,-,-,-,-,
31132,2743618.579,18:10:09:211,Trial019,Eye Tracking (ballon droite).avi,58,DarkKhaki,86.4867,Eye,86,82,,,755.1212660252535,366.1662360953633,721.4870733966404,422.1520120888746,-,-,0.0221,-0.0697,-0.9973,-0.0083,-0.0677,-0.9977,0,-,-,-,-,-,-,-,-,-,-,-,-,-,-,
31136,2743685.341,18:10:09:278,Trial019,Eye Tracking (ballon droite).avi,58,DarkKhaki,86.4867,Eye,86,82,,,756.284874313168,437.9168853052282,718.3750003392807,413.7966929172998,-,-,0.0262,-0.0741,-0.9969,0.0024,-0.0684,-0.9977,0,-,-,-,-,-,-,-,-,-,-,-,-,-,-,
31140,2743752.103,18:10:09:344,Trial019,Eye Tracking (ballon droite).avi,58,DarkKhaki,86.4867,Eye,86,82,,,754.0781495443322,450.21353546356164,729.1523494404565,494.96868351076336,-,-,0.016,-0.0713,-0.9973,0.0064,-0.0735,-0.9973,0,-,-,-,-,-,-,-,-,-,-,-,-,-,-,
31144,2743818.865,18:10:09:411,Trial019,Eye Tracking (ballon droite).avi,58,DarkKhaki,86.4867,Eye,86,82,,,753.535584669607,437.41956284765354,742.0037347663985,454.3412785668225,-,-,0.0136,-0.0762,-0.997,0.002,-0.0658,-0.9978,0,-,-,-,-,-,-,-,-,-,-,-,-,-,-,
31148,2743885.627,18:10:09:478,Trial019,Eye Tracking (ballon droite).avi,58,DarkKhaki,86.4867,Eye,86,82,,,753.5392002183013,467.2396169671576,753.6002457666639,468.4199147551443,-,-,0.0194,-0.0713,-0.9973,0.006,-0.0724,-0.9974,0,-,-,-,-,-,-,-,-,-,-,-,-,-,-,
31152,2743952.388,18:10:09:545,Trial019,Eye Tracking (ballon droite).avi,58,DarkKhaki,86.4867,Eye,87,63,,,758.0449855404752,462.59588133352224,743.1701204101265,376.27421872853597,-,-,0.0388,0.1598,-0.9864,-0.0131,0.1549,-0.9878,0,-,-,-,-,-,-,-,-,-,-,-,-,-,-,
31156,2744019.156,18:10:09:612,Trial019,Eye Tracking (ballon droite).avi,58,DarkKhaki,86.4867,Eye,87,83,,,766.1912555437729,422.24586891791483,737.590221554479,505.8288469402925,-,-,0.03,0.2023,-0.9789,-0.0042,0.1814,-0.9834,0,-,-,-,-,-,-,-,-,-,-,-,-,-,-,
31160,2744085.924,18:10:09:678,Trial019,Eye Tracking (ballon droite).avi,58,DarkKhaki,86.4867,Eye,87,83,,,759.240339907995,462.6423743494751,738.1628611978903,384.345588095729,-,-,0.0253,0.1999,-0.9795,0.0014,0.2005,-0.9797,0,-,-,-,-,-,-,-,-,-,-,-,-,-,-,
31164,2744152.692,18:10:09:745,Trial019,Eye Tracking (ballon droite).avi,58,DarkKhaki,86.4867,Eye,87,83,,,760.5936321514258,425.579610767486,736.3855555662568,437.38517019089926,-,-,0.0271,0.201,-0.9792,-0.0011,0.1989,-0.98,0,-,-,-,-,-,-,-,-,-,-,-,-,-,-,
31168,2744219.46,18:10:09:812,Trial019,Eye Tracking (ballon droite).avi,58,DarkKhaki,86.4867,Eye,88,83,,,764.7068473593187,385.7052810568049,729.4998124041426,425.5918209315476,-,-,0.0193,0.2252,-0.9741,-0.0102,0.2171,-0.9761,0,-,-,-,-,-,-,-,-,-,-,-,-,-,-,
31172,2744286.228,18:10:09:879,Trial019,Eye Tracking (ballon droite).avi,58,DarkKhaki,86.4867,Eye,88,83,,,761.4465841260544,312.81422290466287,723.8094885905431,365.85951779060383,-,-,0.0122,0.2295,-0.9732,-0.0149,0.2254,-0.9742,0,-,-,-,-,-,-,-,-,-,-,-,-,-,-,
8786,2744703.528,18:10:10:296,Trial020,01 neutre22.avi,58,DarkKhaki,78.4258,Eye,1,1,,,732.327362924964,370.6368706945399,693.4847615042387,414.43577779038276,-,-,-0.0454,0.2169,-0.9751,-0.0722,0.2045,-0.9762,0,-,-,-,-,-,-,-,-,-,-,-,-,-,-,
8790,2744770.291,18:10:10:363,Trial020,01 neutre22.avi,58,DarkKhaki,78.4258,Eye,1,1,,,610.2254586562382,423.8796299169105,584.732315833028,338.34424233831885,-,-,-0.2483,0.1731,-0.9531,-0.2631,0.1781,-0.9482,0,-,-,-,-,-,-,-,-,-,-,-,-,-,-,
8794,2744837.052,18:10:10:430,Trial020,01 neutre22.avi,58,DarkKhaki,78.4258,Eye,1,1,,,518.4680613302312,450.94376252269603,501.18041893131567,389.69853286567684,-,-,-0.2442,0.1849,-0.9519,-0.2692,0.1758,-0.9469,0,-,-,-,-,-,-,-,-,-,-,-,-,-,-,
8798,2744903.811,18:10:10:496,Trial020,01 neutre22.avi,58,DarkKhaki,78.4258,Eye,2,2,,,549.9235336545877,371.0652881159654,529.5347586773853,347.6394916780516,-,-,-0.0218,0.176,-0.9841,-0.0558,0.1733,-0.9833,0,-,-,-,-,-,-,-,-,-,-,-,-,-,-,
8802,2744970.571,18:10:10:563,Trial020,01 neutre22.avi,58,DarkKhaki,78.4258,Eye,2,2,,,597.8430132950214,334.378967342455,563.3423927642638,431.9054034239741,-,-,0.0251,0.169,-0.9853,-0.0083,0.1613,-0.9869,0,-,-,-,-,-,-,-,-,-,-,-,-,-,-,
8806,2745037.33,18:10:10:630,Trial020,01 neutre22.avi,58,DarkKhaki,78.4258,Eye,2,2,,,631.9255588303951,406.3564389101181,606.3607748555733,404.1608349170392,-,-,0.0177,0.1632,-0.9864,0.0021,0.1637,-0.9865,0,-,-,-,-,-,-,-,-,-,-,-,-,-,-,
8810,2745104.089,18:10:10:697,Trial020,01 neutre22.avi,58,DarkKhaki,78.4258,Eye,2,2,,,658.9375666637447,412.98715371857713,638.2216356145084,380.68106713819077,-,-,0.0213,0.1633,-0.9863,-0.0062,0.1595,-0.9872,0,-,-,-,-,-,-,-,-,-,-,-,-,-,-,
8814,2745170.849,18:10:10:763,Trial020,01 neutre22.avi,58,DarkKhaki,78.4258,Eye,2,2,,,682.9422722004522,357.08200613998156,661.4883132971851,414.05070187821127,-,-,0.0165,0.1569,-0.9875,-0.0105,0.1561,-0.9877,0,-,-,-,-,-,-,-,-,-,-,-,-,-,-,
8818,2745237.608,18:10:10:830,Trial020,01 neutre22.avi,58,DarkKhaki,78.4258,Eye,2,2,,,701.3689745354267,361.8512407807803,683.182151214676,407.21525152927103,-,-,0.0185,0.1474,-0.9889,-0.0166,0.1476,-0.9889,0,-,-,-,-,-,-,-,-,-,-,-,-,-,-,
8822,2745304.368,18:10:10:897,Trial020,01 neutre22.avi,58,DarkKhaki,78.4258,Eye,3,2,,,718.7607687069313,319.2800652224021,696.8805588514435,404.93389187748244,-,-,0.023,0.1557,-0.9875,-0.0021,0.1549,-0.9879,0,-,-,-,-,-,-,-,-,-,-,-,-,-,-,
8826,2745371.127,18:10:10:964,Trial020,01 neutre22.avi,58,DarkKhaki,78.4258,Eye,3,2,,,733.631644507766,434.31849377993984,700.7983321112857,389.1508708815549,-,-,0.0271,0.1497,-0.9884,-0.0131,0.1534,-0.9881,0,-,-,-,-,-,-,-,-,-,-,-,-,-,-,
8830,2745437.887,18:10:11:030,Trial020,01 neutre22.avi,58,DarkKhaki,78.4258,Eye,3,2,,,734.1898824492313,384.39626327486525,706.2031479619859,355.32198225790364,-,-,0.0303,0.1612,-0.9865,-0.0089,0.1471,-0.9891,0,-,-,-,-,-,-,-,-,-,-,-,-,-,-,
8834,2745504.646,18:10:11:097,Trial020,01 neutre22.avi,58,DarkKhaki,78.4258,Eye,3,2,,,743.2036281510653,459.67700756344345,705.7624779559891,399.1849607393363,-,-,0.0223,0.153,-0.988,-0.0085,0.15,-0.9886,0,-,-,-,-,-,-,-,-,-,-,-,-,-,-,
8838,2745571.404,18:10:11:164,Trial020,01 neutre22.avi,58,DarkKhaki,78.4258,Eye,3,3,,,740.7902088877372,328.7940657770549,715.1667426788912,372.52971252992603,-,-,0.0228,0.1635,-0.9863,-0.0095,0.1464,-0.9892,0,-,-,-,-,-,-,-,-,-,-,-,-,-,-,
8842,2745638.166,18:10:11:231,Trial020,01 neutre22.avi,58,DarkKhaki,78.4258,Eye,3,3,,,738.5287544131453,396.4742560081597,711.9829467824584,423.7391677701317,-,-,0.0233,0.1591,-0.987,-0.0058,0.1473,-0.9891,0,-,-,-,-,-,-,-,-,-,-,-,-,-,-,
8846,2745704.945,18:10:11:297,Trial020,01 neutre22.avi,58,DarkKhaki,78.4258,Eye,3,3,,,738.646917858193,362.86918398519396,722.8021502852728,421.653903178877,-,-,0.0192,0.1578,-0.9873,-0.0033,0.148,-0.989,0,-,-,-,-,-,-,-,-,-,-,-,-,-,-,
8850,2745771.724,18:10:11:364,Trial020,01 neutre22.avi,58,DarkKhaki,78.4258,Eye,3,3,,,739.5416805812022,305.59754046824827,711.2422167679462,341.7867901863099,-,-,0.0112,0.1513,-0.9884,-0.0089,0.1383,-0.9903,0,-,-,-,-,-,-,-,-,-,-,-,-,-,-,
8854,2745838.502,18:10:11:431,Trial020,01 neutre22.avi,58,DarkKhaki,78.4258,Eye,3,3,,,742.4011056092031,359.49225403727405,708.4253480126678,410.29414937877243,-,-,0.0272,0.1558,-0.9874,-0.0088,0.1434,-0.9896,0,-,-,-,-,-,-,-,-,-,-,-,-,-,-,
8858,2745905.281,18:10:11:498,Trial020,01 neutre22.avi,58,DarkKhaki,78.4258,Eye,3,3,,,738.1515486058998,438.8032351366098,712.5758348256608,474.1421063918733,-,-,0.0156,0.1528,-0.9881,-0.0073,0.1439,-0.9896,0,-,-,-,-,-,-,-,-,-,-,-,-,-,-,
8862,2745972.059,18:10:11:565,Trial020,01 neutre22.avi,58,DarkKhaki,78.4258,Eye,3,3,,,740.334104192279,418.6285991777358,708.2460881014639,369.7299645159875,-,-,0.0145,0.153,-0.9881,-0.0066,0.1469,-0.9891,0,-,-,-,-,-,-,-,-,-,-,-,-,-,-,
8866,2746038.838,18:10:11:631,Trial020,01 neutre22.avi,58,DarkKhaki,78.4258,Eye,3,3,,,742.1196602277403,399.1586104964323,717.8105242409586,433.9232789518939,-,-,0.0198,0.1502,-0.9885,-0.0052,0.1408,-0.99,0,-,-,-,-,-,-,-,-,-,-,-,-,-,-,
8870,2746105.617,18:10:11:698,Trial020,01 neutre22.avi,58,DarkKhaki,78.4258,Eye,3,3,,,746.7403998992187,391.1972480874392,718.7865941267621,412.5337715433541,-,-,0.015,0.1438,-0.9895,-0.0073,0.1393,-0.9902,0,-,-,-,-,-,-,-,-,-,-,-,-,-,-,
8874,2746172.395,18:10:11:765,Trial020,01 neutre22.avi,58,DarkKhaki,78.4258,Eye,3,3,,,746.3498378244392,446.02237133576836,722.8329572571985,411.98045899057934,-,-,0.0169,0.145,-0.9893,-0.005,0.148,-0.989,0,-,-,-,-,-,-,-,-,-,-,-,-,-,-,
8878,2746239.174,18:10:11:832,Trial020,01 neutre22.avi,58,DarkKhaki,78.4258,Eye,3,3,,,745.0870040427864,371.419660813943,725.2065768560808,326.89657469754025,-,-,0.0113,0.1563,-0.9876,0.001,0.149,-0.9888,0,-,-,-,-,-,-,-,-,-,-,-,-,-,-,
8882,2746305.952,18:10:11:898,Trial020,01 neutre22.avi,58,DarkKhaki,78.4258,Eye,3,3,,,743.031714339642,440.0726306794382,724.7746645257371,346.5840103175792,-,-,0.0094,0.157,-0.9876,-0.01,0.1487,-0.9888,0,-,-,-,-,-,-,-,-,-,-,-,-,-,-,
8886,2746372.731,18:10:11:965,Trial020,01 neutre22.avi,58,DarkKhaki,78.4258,Eye,3,3,,,739.4374788567131,426.07141670184126,724.6717344685864,443.13642181185145,-,-,0.0146,0.1517,-0.9883,-0.0074,0.1486,-0.9889,0,-,-,-,-,-,-,-,-,-,-,-,-,-,-,
8890,2746439.527,18:10:12:032,Trial020,01 neutre22.avi,58,DarkKhaki,78.4258,Eye,3,3,,,735.5718721384342,434.05878266839676,718.3694472547021,370.3209416967271,-,-,0.0134,0.1422,-0.9897,-0.0109,0.1358,-0.9907,0,-,-,-,-,-,-,-,-,-,-,-,-,-,-,
8894,2746506.326,18:10:12:099,Trial020,01 neutre22.avi,58,DarkKhaki,78.4258,Eye,-,-,,,816.8147929416987,437.52137350084024,810.8446467851172,385.04905400549336,-,-,0.1954,0.1205,-0.9733,0.1842,0.121,-0.9754,0,-,-,-,-,-,-,-,-,-,-,-,-,-,-,
8898,2746573.123,18:10:12:166,Trial020,01 neutre22.avi,58,DarkKhaki,78.4258,Eye,-,-,,,676.2844992366522,313.7607299458973,875.8968751937298,385.3209177946835,-,-,0.2117,0.1141,-0.9706,0.1978,0.1193,-0.9729,0,-,-,-,-,-,-,-,-,-,-,-,-,-,-,
8902,2746639.92,18:10:12:232,Trial020,01 neutre22.avi,58,DarkKhaki,78.4258,Eye,-,-,,,570.8682369371752,337.74150985429185,720.5775189049833,397.9688687403432,-,-,0.2145,0.1222,-0.969,0.2021,0.121,-0.9719,0,-,-,-,-,-,-,-,-,-,-,-,-,-,-,
8906,2746706.718,18:10:12:299,Trial020,01 neutre22.avi,58,DarkKhaki,78.4258,Eye,1,-,,,491.78314363463085,284.5766039024006,604.0651051104869,330.91915544230335,-,-,0.213,0.1241,-0.9691,0.201,0.1167,-0.9726,0,-,-,-,-,-,-,-,-,-,-,-,-,-,-,
8910,2746773.515,18:10:12:366,Trial020,01 neutre22.avi,58,DarkKhaki,78.4258,Eye,1,-,,,432.458958498809,321.4971654145509,516.6704296057011,315.0322249929077,-,-,0.2365,0.1096,-0.9654,0.2138,0.1099,-0.9707,0,-,-,-,-,-,-,-,-,-,-,-,-,-,-,
8914,2746840.312,18:10:12:433,Trial020,01 neutre22.avi,58,DarkKhaki,78.4258,Eye,1,-,,,387.94774649249496,259.9757702777212,451.106349822664,336.1882436588835,-,-,0.2566,0.0595,-0.9647,0.2378,0.0581,-0.9696,0,-,-,-,-,-,-,-,-,-,-,-,-,-,-,
8918,2746907.109,18:10:12:500,Trial020,01 neutre22.avi,58,DarkKhaki,78.4258,Eye,1,-,,,354.52286249656214,275.69003826831954,401.89181499418896,262.9446967091771,-,-,0.2525,0.0662,-0.9653,0.2368,0.0489,-0.9703,0,-,-,-,-,-,-,-,-,-,-,-,-,-,-,
8922,2746973.907,18:10:12:566,Trial020,01 neutre22.avi,58,DarkKhaki,78.4258,Eye,1,-,,,329.43154264384697,318.9336625601438,364.958257017067,294.59436233815273,-,-,0.2595,0.0572,-0.9641,0.2384,0.0548,-0.9696,0,-,-,-,-,-,-,-,-,-,-,-,-,-,-,
8926,2747040.704,18:10:12:633,Trial020,01 neutre22.avi,58,DarkKhaki,78.4258,Eye,1,-,,,310.6409119425805,305.01643701159,337.28594772249556,289.7701320514974,-,-,0.2546,0.0544,-0.9655,0.2343,0.0535,-0.9707,0,-,-,-,-,-,-,-,-,-,-,-,-,-,-,
8930,2747107.501,18:10:12:700,Trial020,01 neutre22.avi,58,DarkKhaki,78.4258,Eye,1,-,,,296.48555966204,284.1250427379573,316.46933649697627,283.19502579864,-,-,0.2513,0.0591,-0.9661,0.2399,0.0537,-0.9693,0,-,-,-,-,-,-,-,-,-,-,-,-,-,-,
8934,2747174.299,18:10:12:767,Trial020,01 neutre22.avi,58,DarkKhaki,78.4258,Eye,1,-,,,285.87475369142754,236.8935087443364,300.8625863176298,301.034790334051,-,-,0.2502,0.0587,-0.9664,0.228,0.0562,-0.972,0,-,-,-,-,-,-,-,-,-,-,-,-,-,-,
8938,2747241.096,18:10:12:834,Trial020,01 neutre22.avi,58,DarkKhaki,78.4258,Eye,1,-,,,277.8976551474691,334.46954435957076,289.1385296171208,370.09616030704535,-,-,0.2599,0.0588,-0.9639,0.2261,0.0486,-0.9729,0,-,-,-,-,-,-,-,-,-,-,-,-,-,-,
8942,2747307.885,18:10:12:900,Trial020,01 neutre22.avi,58,DarkKhaki,78.4258,Eye,1,-,,,271.8618484943942,257.00157760608784,280.292504346633,317.9260503529703,-,-,0.2465,0.0566,-0.9675,0.231,0.0542,-0.9714,0,-,-,-,-,-,-,-,-,-,-,-,-,-,-,
8946,2747374.652,18:10:12:967,Trial020,01 neutre22.avi,58,DarkKhaki,78.4258,Eye,1,-,,,267.33738595138755,232.76561175631616,273.6603778405666,294.6338174679403,-,-,0.2293,0.058,-0.9716,0.2109,0.0523,-0.9761,0,-,-,-,-,-,-,-,-,-,-,-,-,-,-,
8950,2747441.418,18:10:13:034,Trial020,01 neutre22.avi,58,DarkKhaki,78.4258,Eye,1,-,,,263.95710987070606,287.32562692764594,268.6993537875904,332.2074059031578,-,-,0.214,0.0716,-0.9742,0.2003,0.0519,-0.9783,0,-,-,-,-,-,-,-,-,-,-,-,-,-,-,
8954,2747508.185,18:10:13:101,Trial020,01 neutre22.avi,58,DarkKhaki,78.4258,Eye,1,-,,,261.43488430865887,252.24111637128033,264.9915672463221,296.6519666464458,-,-,0.2228,0.0642,-0.9727,0.195,0.0548,-0.9793,0,-,-,-,-,-,-,-,-,-,-,-,-,-,-,
8958,2747574.952,18:10:13:167,Trial020,01 neutre22.avi,58,DarkKhaki,78.4258,Eye,1,-,,,259.5099280790728,306.210586453924,262.17744028232016,250.18703783905937,-,-,0.2144,0.059,-0.975,0.2003,0.0677,-0.9774,0,-,-,-,-,-,-,-,-,-,-,-,-,-,-,
8962,2747641.718,18:10:13:234,Trial020,01 neutre22.avi,58,DarkKhaki,78.4258,Eye,1,-,,,258.07558949085654,272.9507871099879,465.6898796519637,344.01465140800246,-,-,0.2195,0.0709,-0.973,0.1903,0.059,-0.9799,0,-,-,-,-,-,-,-,-,-,-,-,-,-,-,
8966,2747708.485,18:10:13:301,Trial020,01 neutre22.avi,58,DarkKhaki,78.4258,Eye,1,-,,,256.9394559829037,258.87944587505956,412.65017360373406,284.5895534095703,-,-,0.2055,0.0648,-0.9765,0.1971,0.0586,-0.9786,0,-,-,-,-,-,-,-,-,-,-,-,-,-,-,
8970,2747775.252,18:10:13:368,Trial020,01 neutre22.avi,58,DarkKhaki,78.4258,Eye,1,4,,,256.0756849877895,0.0,590.1480326431813,305.64486900651247,-,-,0.2113,0.0564,-0.9758,0.1852,0.0557,-0.9811,0,-,-,-,-,-,-,-,-,-,-,-,-,-,-,
8974,2747842.019,18:10:13:434,Trial020,01 neutre22.avi,58,DarkKhaki,78.4258,Eye,1,4,,,0.0,0.0,715.9084327005689,345.7325296801103,-,-,0.2042,0.0673,-0.9766,0.1893,0.0569,-0.9803,0,-,-,-,-,-,-,-,-,-,-,-,-,-,-,
8978,2747908.785,18:10:13:501,Trial020,01 neutre22.avi,58,DarkKhaki,78.4258,Eye,1,4,,,0.0,0.0,807.1886896410299,380.2611462868169,-,-,0.2057,0.0656,-0.9764,0.1807,0.0614,-0.9816,0,-,-,-,-,-,-,-,-,-,-,-,-,-,-,
8982,2747975.552,18:10:13:568,Trial020,01 neutre22.avi,58,DarkKhaki,78.4258,Eye,1,-,,,0.0,0.0,668.8737283163019,389.7629622457004,-,-,0.2429,0.2059,-0.9479,0.2132,0.1974,-0.9569,0,-,-,-,-,-,-,-,-,-,-,-,-,-,-,
8986,2748042.319,18:10:13:635,Trial020,01 neutre22.avi,58,DarkKhaki,78.4258,Eye,1,-,,,0.0,0.0,565.156237496505,366.7267575901453,-,-,0.239,0.2228,-0.9451,0.2165,0.2172,-0.9518,0,-,-,-,-,-,-,-,-,-,-,-,-,-,-,
8990,2748109.087,18:10:13:702,Trial020,01 neutre22.avi,58,DarkKhaki,78.4258,Eye,1,-,,,0.0,0.0,487.4224090395235,375.2530075305616,-,-,0.2377,0.2174,-0.9467,0.2139,0.2129,-0.9534,0,-,-,-,-,-,-,-,-,-,-,-,-,-,-,
8994,2748175.868,18:10:13:768,Trial020,01 neutre22.avi,58,DarkKhaki,78.4258,Eye,1,-,,,0.0,0.0,429.1138004952304,315.39074151582764,-,-,0.2227,0.2242,-0.9488,0.2081,0.2183,-0.9534,0,-,-,-,-,-,-,-,-,-,-,-,-,-,-,
8998,2748242.652,18:10:13:835,Trial020,01 neutre22.avi,58,DarkKhaki,78.4258,Eye,1,-,,,0.0,0.0,385.40233894078114,326.54838527911454,-,-,0.2216,0.225,-0.9488,0.1977,0.221,-0.955,0,-,-,-,-,-,-,-,-,-,-,-,-,-,-,
9002,2748309.435,18:10:13:902,Trial020,01 neutre22.avi,58,DarkKhaki,78.4258,Eye,1,-,,,0.0,0.0,352.61738263486427,272.85416223401495,-,-,0.2423,0.2448,-0.9388,0.2164,0.2364,-0.9473,0,-,-,-,-,-,-,-,-,-,-,-,-,-,-,
9006,2748376.218,18:10:13:969,Trial020,01 neutre22.avi,58,DarkKhaki,78.4258,Eye,1,-,,,0.0,0.0,328.0194816732015,308.8125492659721,-,-,0.2323,0.2417,-0.9421,0.2062,0.2447,-0.9474,0,-,-,-,-,-,-,-,-,-,-,-,-,-,-,
9010,2748443.002,18:10:14:035,Trial020,01 neutre22.avi,58,DarkKhaki,78.4258,Eye,1,-,,,0.0,0.0,309.61545589149034,321.33601037409653,-,-,0.2204,0.244,-0.9444,0.1972,0.2411,-0.9503,0,-,-,-,-,-,-,-,-,-,-,-,-,-,-,
9014,2748509.785,18:10:14:102,Trial020,01 neutre22.avi,58,DarkKhaki,78.4258,Eye,1,-,,,0.0,0.0,295.8531041141047,298.253091500282,-,-,0.2161,0.2382,-0.9469,0.1911,0.2337,-0.9534,0,-,-,-,-,-,-,-,-,-,-,-,-,-,-,
9018,2748576.569,18:10:14:169,Trial020,01 neutre22.avi,58,DarkKhaki,78.4258,Eye,1,1,,,0.0,0.0,285.5148120769796,185.2937341181181,-,-,0,0,0,0,0,0,0,-,-,-,-,-,-,-,-,-,-,-,-,-,-,
9022,2748643.352,18:10:14:236,Trial020,01 neutre22.avi,58,DarkKhaki,78.4258,Eye,1,1,,,0.0,0.0,277.75181681846897,234.07097336751892,-,-,0,0,0,0,0,0,0,-,-,-,-,-,-,-,-,-,-,-,-,-,-,
9026,2748710.135,18:10:14:303,Trial020,01 neutre22.avi,58,DarkKhaki,78.4258,Eye,4,5,,,454.0106126222073,324.8372653710185,458.85909008236274,296.5928719148986,-,-,0.1893,0.1591,-0.9689,0.1359,0.1959,-0.9712,0,-,-,-,-,-,-,-,-,-,-,-,-,-,-,
9030,2748776.919,18:10:14:369,Trial020,01 neutre22.avi,58,DarkKhaki,78.4258,Eye,4,5,,,597.4291473119422,349.11699439325736,599.9885004362553,309.9567173606085,-,-,0.1606,0.1945,-0.9677,0.1391,0.1913,-0.9716,0,-,-,-,-,-,-,-,-,-,-,-,-,-,-,
9034,2748843.702,18:10:14:436,Trial020,01 neutre22.avi,58,DarkKhaki,78.4258,Eye,4,5,,,696.1617137619504,268.24302030911497,697.3632068574648,292.44189841828404,-,-,0.1479,0.1975,-0.9691,0.1288,0.1952,-0.9723,0,-,-,-,-,-,-,-,-,-,-,-,-,-,-,
9038,2748910.486,18:10:14:503,Trial020,01 neutre22.avi,58,DarkKhaki,78.4258,Eye,4,5,,,772.5493400060498,413.59452794731334,773.1652245111271,320.7486712318085,-,-,0.1428,0.2009,-0.9691,0.1141,0.2015,-0.9728,0,-,-,-,-,-,-,-,-,-,-,-,-,-,-,
9042,2748977.252,18:10:14:570,Trial020,01 neutre22.avi,58,DarkKhaki,78.4258,Eye,5,4,,,835.9441638771057,371.6049509235898,821.2102534388946,375.7742757079403,-,-,0.1343,0.1955,-0.9715,0.1214,0.1969,-0.9729,0,-,-,-,-,-,-,-,-,-,-,-,-,-,-,
9046,2749043.995,18:10:14:636,Trial020,01 neutre22.avi,58,DarkKhaki,0.0,Eye,5,6,,,883.4902817803975,374.30902044613305,857.2440251347203,300.3543384588011,-,-,0.1536,0.1184,-0.981,0.135,0.1202,-0.9835,0,-,-,-,-,-,-,-,-,-,-,-,-,-,-,
9050,2749110.738,18:10:14:703,Trial020,01 neutre22.avi,58,DarkKhaki,0.0,Eye,5,6,,,919.1498702078665,415.76080551013087,884.2693539065896,324.9566529489598,-,-,0.1439,0.1183,-0.9825,0.1276,0.1283,-0.9835,0,-,-,-,-,-,-,-,-,-,-,-,-,-,-,
9054,2749177.48,18:10:14:770,Trial020,01 neutre22.avi,58,DarkKhaki,0.0,Eye,5,6,,,945.8945615284681,379.17611619576905,904.5383504854915,339.0199037765154,-,-,0.1421,0.1112,-0.9836,0.1114,0.1224,-0.9862,0,-,-,-,-,-,-,-,-,-,-,-,-,-,-,
9058,2749244.223,18:10:14:837,Trial020,01 neutre22.avi,58,DarkKhaki,0.0,Eye,5,6,,,,,,,-,-,0.1355,0.1175,-0.9838,0.1143,0.1298,-0.9849,0,-,-,-,-,-,-,-,-,-,-,-,-,-,-,
9062,2749310.966,18:10:14:903,Trial020,01 neutre22.avi,58,DarkKhaki,0.0,Eye,5,7,,,,,,,-,-,0.136,0.1203,-0.9834,0.114,0.1299,-0.9849,0,-,-,-,-,-,-,-,-,-,-,-,-,-,-,
9066,2749377.708,18:10:14:970,Trial020,01 neutre22.avi,58,DarkKhaki,0.0,Eye,6,7,,,,,,,-,-,0.1307,0.1224,-0.9838,0.1031,0.1328,-0.9858,0,-,-,-,-,-,-,-,-,-,-,-,-,-,-,
9070,2749444.451,18:10:15:037,Trial020,01 neutre22.avi,58,DarkKhaki,0.0,Eye,6,8,,,,,,,-,-,-0.0241,0.0592,-0.998,-0.0438,0.0622,-0.9971,0,-,-,-,-,-,-,-,-,-,-,-,-,-,-,
9074,2749511.194,18:10:15:104,Trial020,01 neutre22.avi,58,DarkKhaki,0.0,Eye,6,8,,,,,,,-,-,-0.0342,0.0454,-0.9984,-0.0624,0.0536,-0.9966,0,-,-,-,-,-,-,-,-,-,-,-,-,-,-,
9078,2749577.936,18:10:15:170,Trial020,01 neutre22.avi,58,DarkKhaki,0.0,Eye,6,8,,,,,,,-,-,-0.0474,0.0486,-0.9977,-0.0668,0.0484,-0.9966,0,-,-,-,-,-,-,-,-,-,-,-,-,-,-,
9082,2749644.679,18:10:15:237,Trial020,01 neutre22.avi,58,DarkKhaki,0.0,Eye,6,8,,,,,,,-,-,-0.0495,0.0574,-0.9971,-0.0678,0.0514,-0.9964,0,-,-,-,-,-,-,-,-,-,-,-,-,-,-,
9086,2749711.422,18:10:15:304,Trial020,01 neutre22.avi,58,DarkKhaki,0.0,Eye,7,8,,,,,,,-,-,-0.0525,0.0546,-0.9971,-0.0713,0.0454,-0.9964,0,-,-,-,-,-,-,-,-,-,-,-,-,-,-,
9090,2749778.164,18:10:15:371,Trial020,01 neutre22.avi,58,DarkKhaki,0.0,Eye,8,7,,,,,,,-,-,0.0666,0.1393,-0.988,0.0363,0.1261,-0.9913,0,-,-,-,-,-,-,-,-,-,-,-,-,-,-,
9094,2749844.918,18:10:15:437,Trial020,01 neutre22.avi,58,DarkKhaki,0.0,Eye,8,9,,,,,,,-,-,0.0853,0.1582,-0.9837,0.069,0.1451,-0.987,0,-,-,-,-,-,-,-,-,-,-,-,-,-,-,
9098,2749911.674,18:10:15:504,Trial020,01 neutre22.avi,58,DarkKhaki,0.0,Eye,8,9,,,,,,,-,-,0.0831,0.1586,-0.9838,0.0742,0.1326,-0.9884,0,-,-,-,-,-,-,-,-,-,-,-,-,-,-,
9102,2749978.431,18:10:15:571,Trial020,01 neutre22.avi,58,DarkKhaki,0.0,Eye,8,9,,,,,,,-,-,0.0737,0.1592,-0.9845,0.0594,0.1534,-0.9864,0,-,-,-,-,-,-,-,-,-,-,-,-,-,-,
9106,2750045.188,18:10:15:638,Trial020,01 neutre22.avi,58,DarkKhaki,0.0,Eye,8,9,,,,,,,-,-,0.0658,0.1465,-0.987,0.0506,0.1466,-0.9879,0,-,-,-,-,-,-,-,-,-,-,-,-,-,-,
9110,2750111.945,18:10:15:704,Trial020,01 neutre22.avi,58,DarkKhaki,0.0,Eye,9,10,,,,,,,-,-,0.1749,0.1402,-0.9746,0.1709,0.1438,-0.9747,0,-,-,-,-,-,-,-,-,-,-,-,-,-,-,
9114,2750178.702,18:10:15:771,Trial020,01 neutre22.avi,58,DarkKhaki,0.0,Eye,9,10,,,,,,,-,-,0.1849,0.1442,-0.9721,0.1723,0.1404,-0.975,0,-,-,-,-,-,-,-,-,-,-,-,-,-,-,
9118,2750245.459,18:10:15:838,Trial020,01 neutre22.avi,58,DarkKhaki,0.0,Eye,10,10,,,,,,,-,-,0.1822,0.1349,-0.974,0.1678,0.1374,-0.9762,0,-,-,-,-,-,-,-,-,-,-,-,-,-,-,
9122,2750312.216,18:10:15:905,Trial020,01 neutre22.avi,58,DarkKhaki,0.0,Eye,10,10,,,,,,,-,-,0.1785,0.1395,-0.974,0.1718,0.1403,-0.9751,0,-,-,-,-,-,-,-,-,-,-,-,-,-,-,
9126,2750378.973,18:10:15:971,Trial020,01 neutre22.avi,58,DarkKhaki,78.4258,Eye,10,10,,,1076.5222174328126,353.42089666202446,1024.5561560428325,431.0152027472538,-,-,0.1754,0.1456,-0.9737,0.1618,0.1488,-0.9755,0,-,-,-,-,-,-,-,-,-,-,-,-,-,-,
9130,2750445.729,18:10:16:038,Trial020,01 neutre22.avi,58,DarkKhaki,78.4258,Eye,10,10,,,1069.2454128211848,379.8817021066717,1028.9639746736184,425.3175650314496,-,-,0.169,0.1464,-0.9747,0.1635,0.1429,-0.9761,0,-,-,-,-,-,-,-,-,-,-,-,-,-,-,
9134,2750512.486,18:10:16:105,Trial020,01 neutre22.avi,58,DarkKhaki,78.4258,Eye,10,10,,,1069.0720055400898,477.94594204942507,1033.6601696325506,407.00773078690173,-,-,0.1675,0.147,-0.9749,0.1593,0.1442,-0.9766,0,-,-,-,-,-,-,-,-,-,-,-,-,-,-,
9138,2750579.243,18:10:16:172,Trial020,01 neutre22.avi,58,DarkKhaki,78.4258,Eye,10,10,,,1066.60076401169,455.43446540419046,1038.9117441894284,416.9414920847137,-,-,0.169,0.1403,-0.9756,0.1573,0.1428,-0.9772,0,-,-,-,-,-,-,-,-,-,-,-,-,-,-,
9142,2750646.004,18:10:16:238,Trial020,01 neutre22.avi,58,DarkKhaki,78.4258,Eye,10,10,,,1062.3148760025936,452.5340756680084,1042.4162903221838,401.95410656214204,-,-,0.1657,0.1461,-0.9753,0.1512,0.1421,-0.9782,0,-,-,-,-,-,-,-,-,-,-,-,-,-,-,
9146,2750712.792,18:10:16:305,Trial020,01 neutre22.avi,58,DarkKhaki,78.4258,Eye,10,10,,,1059.4930048598437,418.3667122041929,1038.6446011633188,333.4137071589326,-,-,0.1597,0.1496,-0.9758,0.1462,0.1443,-0.9787,0,-,-,-,-,-,-,-,-,-,-,-,-,-,-,
9150,2750779.581,18:10:16:372,Trial020,01 neutre22.avi,58,DarkKhaki,78.4258,Eye,10,11,,,1048.291977789557,283.7745832183971,1027.2085999778703,419.91441688654606,-,-,0.1531,0.1464,-0.9773,0.1393,0.1447,-0.9796,0,-,-,-,-,-,-,-,-,-,-,-,-,-,-,
9154,2750846.37,18:10:16:439,Trial020,01 neutre22.avi,58,DarkKhaki,78.4258,Eye,11,11,,,1044.9473858344336,371.99966286995607,1019.611015553332,430.69533198362944,-,-,0.1484,0.149,-0.9776,0.1348,0.1469,-0.9799,0,-,-,-,-,-,-,-,-,-,-,-,-,-,-,
9158,2750913.159,18:10:16:506,Trial020,01 neutre22.avi,58,DarkKhaki,78.4258,Eye,11,11,,,1032.5034939817865,390.05463733235507,1016.1990938302204,363.95747374701193,-,-,0.1489,0.1552,-0.9766,0.1349,0.1442,-0.9803,0,-,-,-,-,-,-,-,-,-,-,-,-,-,-,
9162,2750979.947,18:10:16:572,Trial020,01 neutre22.avi,58,DarkKhaki,78.4258,Eye,11,12,,,1030.5285261689128,463.78463603412825,991.2453333221306,363.3524367465939,-,-,0.1262,0.1474,-0.981,0.1013,0.1335,-0.9859,0,-,-,-,-,-,-,-,-,-,-,-,-,-,-,
9166,2751046.736,18:10:16:639,Trial020,01 neutre22.avi,58,DarkKhaki,78.4258,Eye,12,12,,,1017.8236627280103,402.2200873746781,987.4255462455992,443.3427029497094,-,-,0.1197,0.1466,-0.9819,0.1064,0.146,-0.9835,0,-,-,-,-,-,-,-,-,-,-,-,-,-,-,
9170,2751113.525,18:10:16:706,Trial020,01 neutre22.avi,58,DarkKhaki,78.4258,Eye,12,12,,,996.9280856105277,412.9311967774372,969.531377404749,427.2825810563479,-,-,0.1221,0.1455,-0.9818,0.1021,0.1469,-0.9839,0,-,-,-,-,-,-,-,-,-,-,-,-,-,-,
9174,2751180.314,18:10:16:773,Trial020,01 neutre22.avi,58,DarkKhaki,78.4258,Eye,12,12,,,984.9161645450205,362.93190162435104,960.0459420928973,294.1081625220278,-,-,0.1157,0.1545,-0.9812,0.093,0.1417,-0.9855,0,-,-,-,-,-,-,-,-,-,-,-,-,-,-,
9178,2751247.103,18:10:16:840,Trial020,01 neutre22.avi,58,DarkKhaki,78.4258,Eye,12,12,,,976.47152675895,428.41902147497905,956.737430616919,422.8558924416596,-,-,0.1168,0.1572,-0.9806,0.0982,0.1448,-0.9846,0,-,-,-,-,-,-,-,-,-,-,-,-,-,-,
9182,2751313.891,18:10:16:906,Trial020,01 neutre22.avi,58,DarkKhaki,78.4258,Eye,12,12,,,970.3341498625898,380.1583181146055,950.7827625082014,390.95722507305,-,-,0.1081,0.144,-0.9837,0.0859,0.1516,-0.9847,0,-,-,-,-,-,-,-,-,-,-,-,-,-,-,
9186,2751380.68,18:10:16:973,Trial020,01 neutre22.avi,58,DarkKhaki,78.4258,Eye,12,13,,,960.9760522323263,321.31544150960974,951.9555035880146,392.755204448055,-,-,0.1017,0.1483,-0.9837,0.0788,0.1453,-0.9862,0,-,-,-,-,-,-,-,-,-,-,-,-,-,-,
9190,2751447.469,18:10:17:040,Trial020,01 neutre22.avi,58,DarkKhaki,78.4258,Eye,12,13,,,958.7588797491151,387.85492601074037,931.2748748153813,441.34743632485925,-,-,0.105,0.1428,-0.9842,0.0782,0.1441,-0.9865,0,-,-,-,-,-,-,-,-,-,-,-,-,-,-,
9194,2751514.254,18:10:17:107,Trial020,01 neutre22.avi,58,DarkKhaki,78.4258,Eye,13,14,,,953.3228498079972,393.34888843548896,924.451867173961,432.7769808017001,-,-,0.0913,0.0872,-0.992,0.0682,0.0935,-0.9933,0,-,-,-,-,-,-,-,-,-,-,-,-,-,-,
9198,2751581.046,18:10:17:174,Trial020,01 neutre22.avi,58,DarkKhaki,78.4258,Eye,13,14,,,950.704665110798,394.69169668207695,913.4655902244406,353.5991315597086,-,-,0.0885,0.0878,-0.9922,0.0614,0.0943,-0.9937,0,-,-,-,-,-,-,-,-,-,-,-,-,-,-,
9202,2751647.838,18:10:17:240,Trial020,01 neutre22.avi,58,DarkKhaki,78.4258,Eye,13,14,,,931.5071241989676,368.2709992957581,905.0989283079455,430.9018836654611,-,-,0.0796,0.0913,-0.9926,0.0587,0.0882,-0.9944,0,-,-,-,-,-,-,-,-,-,-,-,-,-,-,
9206,2751714.629,18:10:17:307,Trial020,01 neutre22.avi,58,DarkKhaki,78.4258,Eye,13,15,,,924.3821836457475,448.8599179529175,887.3680839997778,427.26779675968845,-,-,0.0839,0.0967,-0.9918,0.0551,0.0829,-0.995,0,-,-,-,-,-,-,-,-,-,-,-,-,-,-,
9210,2751781.421,18:10:17:374,Trial020,01 neutre22.avi,58,DarkKhaki,78.4258,Eye,13,15,,,916.7415780428361,429.9823980864428,882.2779338914718,355.2445096566164,-,-,0.0756,0.0886,-0.9932,0.0494,0.0892,-0.9948,0,-,-,-,-,-,-,-,-,-,-,-,-,-,-,
9214,2751848.213,18:10:17:441,Trial020,01 neutre22.avi,58,DarkKhaki,78.4258,Eye,14,15,,,903.0634836542793,406.7068688359562,867.4644493958561,398.8605010593889,-,-,0.0609,0.1409,-0.9881,0.0334,0.1248,-0.9916,0,-,-,-,-,-,-,-,-,-,-,-,-,-,-,
9218,2751915.005,18:10:17:507,Trial020,01 neutre22.avi,58,DarkKhaki,78.4258,Eye,14,16,,,890.6714737409147,492.63552226101024,861.3106087075425,420.06689838401,-,-,0.0554,0.1459,-0.9878,0.0372,0.1271,-0.9912,0,-,-,-,-,-,-,-,-,-,-,-,-,-,-,
9222,2751981.797,18:10:17:574,Trial020,01 neutre22.avi,58,DarkKhaki,78.4258,Eye,14,16,,,880.9712941437474,431.66694842756965,850.5818254408828,370.1343741439252,-,-,0.0486,0.1474,-0.9879,0.0307,0.1426,-0.9893,0,-,-,-,-,-,-,-,-,-,-,-,-,-,-,
9226,2752048.589,18:10:17:641,Trial020,01 neutre22.avi,58,DarkKhaki,78.4258,Eye,14,16,,,874.1564568175928,379.4301474592115,842.0306466034101,418.63230538188867,-,-,0.0453,0.1449,-0.9884,0.0257,0.1443,-0.9892,0,-,-,-,-,-,-,-,-,-,-,-,-,-,-,
9230,2752115.38,18:10:17:708,Trial020,01 neutre22.avi,58,DarkKhaki,78.4258,Eye,15,16,,,867.6274261218987,357.46009647872813,836.0027084672083,412.088541040706,-,-,0.051,0.1475,-0.9878,0.025,0.1295,-0.9913,0,-,-,-,-,-,-,-,-,-,-,-,-,-,-,
9234,2752182.172,18:10:17:775,Trial020,01 neutre22.avi,58,DarkKhaki,78.4258,Eye,15,16,,,854.7419587523855,362.1458577162958,829.5245726522028,415.40819175505754,-,-,0.0508,0.1492,-0.9875,0.0327,0.136,-0.9902,0,-,-,-,-,-,-,-,-,-,-,-,-,-,-,
9238,2752248.964,18:10:17:841,Trial020,01 neutre22.avi,58,DarkKhaki,78.4258,Eye,16,15,,,853.0899604636527,396.6513376112054,818.3270453585232,501.35720518470237,-,-,0.0647,0.1426,-0.9877,0.0415,0.1396,-0.9893,0,-,-,-,-,-,-,-,-,-,-,-,-,-,-,
9242,2752315.753,18:10:17:908,Trial020,01 neutre22.avi,58,DarkKhaki,78.4258,Eye,16,17,,,911.0720702257668,398.51865320147044,879.1215722570246,364.503284404922,-,-,0.1914,0.1343,-0.9723,0.1802,0.1238,-0.9758,0,-,-,-,-,-,-,-,-,-,-,-,-,-,-,
9246,2752382.534,18:10:17:975,Trial020,01 neutre22.avi,58,DarkKhaki,78.4258,Eye,16,17,,,957.3664426798143,402.8426089145077,925.4635725286125,471.3175407782951,-,-,0.1895,0.1386,-0.972,0.1814,0.131,-0.9746,0,-,-,-,-,-,-,-,-,-,-,-,-,-,-,
9250,2752449.315,18:10:18:042,Trial020,01 neutre22.avi,58,DarkKhaki,78.4258,Eye,17,17,,,781.8388329444596,377.1335917755565,964.6526974345668,398.3819722293941,-,-,0.196,0.1292,-0.9721,0.1799,0.1364,-0.9742,0,-,-,-,-,-,-,-,-,-,-,-,-,-,-,
9254,2752516.097,18:10:18:109,Trial020,01 neutre22.avi,58,DarkKhaki,78.4258,Eye,17,17,,,849.0010856986744,453.77868117867513,992.8947742492091,387.7504676025751,-,-,0.1895,0.1336,-0.9728,0.1727,0.1373,-0.9754,0,-,-,-,-,-,-,-,-,-,-,-,-,-,-,
9258,2752582.878,18:10:18:175,Trial020,01 neutre22.avi,58,DarkKhaki,78.4258,Eye,17,17,,,700.5368882749054,365.03330497945444,1010.7882572919121,414.9365659491665,-,-,0.1939,0.1349,-0.9717,0.173,0.1322,-0.976,0,-,-,-,-,-,-,-,-,-,-,-,-,-,-,
9262,2752649.659,18:10:18:242,Trial020,01 neutre22.avi,58,DarkKhaki,78.4258,Eye,17,17,,,797.4760560911416,343.7380772412903,1026.666175568247,388.3550167843798,-,-,0.1886,0.1348,-0.9728,0.1716,0.1361,-0.9757,0,-,-,-,-,-,-,-,-,-,-,-,-,-,-,
9266,2752716.441,18:10:18:309,Trial020,01 neutre22.avi,58,DarkKhaki,78.4258,Eye,17,17,,,867.8435827146137,333.8153426901985,1031.7044476471376,445.3291946203039,-,-,0.188,0.1369,-0.9726,0.1731,0.1332,-0.9758,0,-,-,-,-,-,-,-,-,-,-,-,-,-,-,
9270,2752783.222,18:10:18:376,Trial020,01 neutre22.avi,58,DarkKhaki,78.4258,Eye,17,17,,,714.5948042429196,382.66732385654893,1041.5947978934578,375.33322623692436,-,-,0.1902,0.1435,-0.9712,0.1703,0.1315,-0.9766,0,-,-,-,-,-,-,-,-,-,-,-,-,-,-,
9274,2752850.004,18:10:18:442,Trial020,01 neutre22.avi,58,DarkKhaki,78.4258,Eye,17,17,,,811.6828981145009,352.2162393730965,1051.5165367044565,398.4777288036258,-,-,0.1856,0.1436,-0.9721,0.1643,0.1357,-0.977,0,-,-,-,-,-,-,-,-,-,-,-,-,-,-,
9278,2752916.785,18:10:18:509,Trial020,01 neutre22.avi,58,DarkKhaki,78.4258,Eye,17,17,,,883.1246175833678,366.6855305442799,1059.8184925676462,492.96945649770333,-,-,0.1823,0.1398,-0.9733,0.1715,0.1374,-0.9756,0,-,-,-,-,-,-,-,-,-,-,-,-,-,-,
9282,2752983.566,18:10:18:576,Trial020,01 neutre22.avi,58,DarkKhaki,78.4258,Eye,17,17,,,938.3386485494433,377.904899757555,1063.166532476955,393.8180390562093,-,-,0.1799,0.1357,-0.9743,0.1701,0.1332,-0.9764,0,-,-,-,-,-,-,-,-,-,-,-,-,-,-,
9286,2753050.348,18:10:18:643,Trial020,01 neutre22.avi,58,DarkKhaki,78.4258,Eye,17,17,,,975.3149629388985,410.1986048695323,1064.8518630252956,376.1383838012481,-,-,0.1773,0.142,-0.9739,0.1663,0.1321,-0.9772,0,-,-,-,-,-,-,-,-,-,-,-,-,-,-,
9290,2753117.129,18:10:18:710,Trial020,01 neutre22.avi,58,DarkKhaki,78.4258,Eye,17,17,,,795.0699942682073,366.1976583745054,1061.4496786416532,368.31387972923176,-,-,0.1875,0.1355,-0.9729,0.1618,0.1383,-0.9771,0,-,-,-,-,-,-,-,-,-,-,-,-,-,-,
9294,2753183.892,18:10:18:776,Trial020,01 neutre22.avi,58,DarkKhaki,78.4258,Eye,17,17,,,659.8728969078122,274.38501787304756,1060.7984752835866,398.9430483640637,-,-,0.1805,0.1477,-0.9724,0.1633,0.1389,-0.9767,0,-,-,-,-,-,-,-,-,-,-,-,-,-,-,
9298,2753250.653,18:10:18:843,Trial020,01 neutre22.avi,58,DarkKhaki,78.4258,Eye,17,17,,,558.4619678875513,271.1227802796507,1060.7123448760744,429.2659921431753,-,-,0.1852,0.1406,-0.9726,0.1676,0.1352,-0.9765,0,-,-,-,-,-,-,-,-,-,-,-,-,-,-,
9302,2753317.414,18:10:18:910,Trial020,01 neutre22.avi,58,DarkKhaki,78.4258,Eye,17,17,,,694.220017429057,385.3975777702192,1061.5467874965416,355.7914491324063,-,-,0.1785,0.14,-0.9739,0.1698,0.1391,-0.9756,0,-,-,-,-,-,-,-,-,-,-,-,-,-,-,
9306,2753384.175,18:10:18:977,Trial020,01 neutre22.avi,58,DarkKhaki,78.4258,Eye,17,17,,,796.7923003138405,305.77416758197757,1062.7504769706957,372.66918749576814,-,-,0.1761,0.139,-0.9745,0.1686,0.1359,-0.9763,0,-,-,-,-,-,-,-,-,-,-,-,-,-,-,
9310,2753450.936,18:10:19:043,Trial020,01 neutre22.avi,58,DarkKhaki,78.4258,Eye,17,17,,,865.912692577047,362.11708292661854,1066.0821976738607,389.7017523148446,-,-,0.178,0.1365,-0.9745,0.1706,0.1347,-0.9761,0,-,-,-,-,-,-,-,-,-,-,-,-,-,-,
9314,2753517.697,18:10:19:110,Trial020,01 neutre22.avi,58,DarkKhaki,78.4258,Eye,17,17,,,924.0308814161654,402.71643876824163,1067.9305221929712,348.68792886610146,-,-,0.1779,0.1426,-0.9737,0.1578,0.1383,-0.9777,0,-,-,-,-,-,-,-,-,-,-,-,-,-,-,
9318,2753584.458,18:10:19:177,Trial020,01 neutre22.avi,58,DarkKhaki,78.4258,Eye,17,17,,,960.5701534897333,428.8253234973983,1062.8368069835221,365.9907891400024,-,-,0.1712,0.1433,-0.9748,0.1643,0.1422,-0.9761,0,-,-,-,-,-,-,-,-,-,-,-,-,-,-,
9322,2753651.219,18:10:19:244,Trial020,01 neutre22.avi,58,DarkKhaki,78.4258,Eye,17,17,,,999.5616211827705,358.97055143951786,1071.5914051016593,363.2740877975242,-,-,0.1704,0.1468,-0.9744,0.1545,0.1429,-0.9776,0,-,-,-,-,-,-,-,-,-,-,-,-,-,-,
9326,2753717.98,18:10:19:310,Trial020,01 neutre22.avi,58,DarkKhaki,78.4258,Eye,-,-,,,813.3318052250671,406.97188686389916,867.3541431642336,349.8807418162864,-,-,0.2414,0.1234,-0.9625,0.2314,0.1172,-0.9658,0,-,-,-,-,-,-,-,-,-,-,-,-,-,-,
9330,2753784.741,18:10:19:377,Trial020,01 neutre22.avi,58,DarkKhaki,78.4258,Eye,-,-,,,673.7260054519257,319.9200335600817,714.2427589063005,378.14276725583034,-,-,0.2336,0.1256,-0.9642,0.2239,0.1096,-0.9684,0,-,-,-,-,-,-,-,-,-,-,-,-,-,-,
9334,2753851.502,18:10:19:444,Trial020,01 neutre22.avi,58,DarkKhaki,78.4258,Eye,-,-,,,569.0442187977651,409.6812148922608,599.4317838885462,321.5771539384679,-,-,0.2326,0.1175,-0.9655,0.2262,0.1162,-0.9671,0,-,-,-,-,-,-,-,-,-,-,-,-,-,-,
9338,2753918.263,18:10:19:511,Trial020,01 neutre22.avi,58,DarkKhaki,78.4258,Eye,-,-,,,490.56189062403394,360.0935589202295,513.3525644421197,345.6765342376897,-,-,0.2219,0.1259,-0.9669,0.2144,0.1165,-0.9698,0,-,-,-,-,-,-,-,-,-,-,-,-,-,-,
9342,2753985.03,18:10:19:577,Trial020,01 neutre22.avi,58,DarkKhaki,78.4258,Eye,-,-,,,581.629232971177,331.28711236283306,583.5156809323834,344.2464034705922,-,-,0.0351,0.1101,-0.9933,0.0146,0.1114,-0.9937,0,-,-,-,-,-,-,-,-,-,-,-,-,-,-,
9346,2754051.813,18:10:19:644,Trial020,01 neutre22.avi,58,DarkKhaki,78.4258,Eye,18,18,,,568.6729789126123,472.19264030238406,567.4256286887085,329.15129600297587,-,-,-0.1408,0.1063,-0.9843,-0.1545,0.1129,-0.9815,0,-,-,-,-,-,-,-,-,-,-,-,-,-,-,
9350,2754118.568,18:10:19:711,Trial020,01 neutre22.avi,58,DarkKhaki,78.4258,Eye,18,18,,,557.497637437006,374.9156934027373,545.5399104787505,379.966853780249,-,-,-0.1476,0.1109,-0.9828,-0.1604,0.1135,-0.9805,0,-,-,-,-,-,-,-,-,-,-,-,-,-,-,
9354,2754185.322,18:10:19:778,Trial020,01 neutre22.avi,58,DarkKhaki,78.4258,Eye,18,18,,,550.001346652286,441.4434671074201,532.1697162406765,333.91471315606134,-,-,-0.161,0.0976,-0.9821,-0.1664,0.1217,-0.9785,0,-,-,-,-,-,-,-,-,-,-,-,-,-,-,
9358,2754252.076,18:10:19:845,Trial020,01 neutre22.avi,58,DarkKhaki,78.4258,Eye,19,18,,,533.273797919361,348.4964515915611,512.0623715131869,355.09957858352107,-,-,-0.166,0.0971,-0.9813,-0.1795,0.1126,-0.9773,0,-,-,-,-,-,-,-,-,-,-,-,-,-,-,
9362,2754318.831,18:10:19:911,Trial020,01 neutre22.avi,58,DarkKhaki,78.4258,Eye,19,18,,,524.6816564176729,375.81461888871615,503.5512839870689,359.8905546781381,-,-,-0.1695,0.1028,-0.9802,-0.184,0.1177,-0.9759,0,-,-,-,-,-,-,-,-,-,-,-,-,-,-,
9366,2754385.585,18:10:19:978,Trial020,01 neutre22.avi,58,DarkKhaki,78.4258,Eye,19,16,,,511.0822836485546,413.7564892713923,500.02205634282603,406.3067191167357,-,-,-0.1761,0.1031,-0.979,-0.1921,0.1103,-0.9752,0,-,-,-,-,-,-,-,-,-,-,-,-,-,-,
9370,2754452.339,18:10:20:045,Trial020,01 neutre22.avi,58,DarkKhaki,78.4258,Eye,20,19,,,469.4419055910304,381.33081474068166,463.79300933748914,410.7126501329638,-,-,-0.2231,0.0749,-0.9719,-0.2466,0.076,-0.9661,0,-,-,-,-,-,-,-,-,-,-,-,-,-,-,
9374,2754519.094,18:10:20:112,Trial020,01 neutre22.avi,58,DarkKhaki,78.4258,Eye,20,19,,,446.44083529870636,406.8284557654916,447.34875670611143,392.41050433680704,-,-,-0.232,0.0705,-0.9702,-0.2523,0.0733,-0.9649,0,-,-,-,-,-,-,-,-,-,-,-,-,-,-,
9378,2754585.848,18:10:20:178,Trial020,01 neutre22.avi,58,DarkKhaki,78.4258,Eye,20,19,,,425.73901542948283,393.7045845488274,428.21244624245315,418.53650943465675,-,-,-0.2409,0.0785,-0.9674,-0.2567,0.0693,-0.964,0,-,-,-,-,-,-,-,-,-,-,-,-,-,-,
9382,2754652.602,18:10:20:245,Trial020,01 neutre22.avi,58,DarkKhaki,78.4258,Eye,20,17,,,542.6764195660364,366.20126838133285,529.3920906656662,439.8433916876157,-,-,0.0789,0.1051,-0.9913,0.041,0.1037,-0.9938,0,-,-,-,-,-,-,-,-,-,-,-,-,-,-,
9386,2754719.356,18:10:20:312,Trial020,01 neutre22.avi,58,DarkKhaki,0.0,Eye,21,20,,,630.3794726684516,451.75465302886084,605.2768239830759,380.99448582989237,-,-,0.1525,0.1166,-0.9814,0.1382,0.11,-0.9843,0,-,-,-,-,-,-,-,-,-,-,-,-,-,-,
9390,2754786.111,18:10:20:379,Trial020,01 neutre22.avi,58,DarkKhaki,0.0,Eye,21,20,,,696.156762495263,436.29973893817044,662.1903739711332,367.1375690730197,-,-,0.1456,0.1121,-0.983,0.1364,0.1086,-0.9847,0,-,-,-,-,-,-,-,-,-,-,-,-,-,-,
9394,2754852.876,18:10:20:445,Trial020,01 neutre22.avi,58,DarkKhaki,0.0,Eye,21,20,,,745.4897298653716,481.03231279002586,704.8755364621762,390.71332174497707,-,-,0.1466,0.1083,-0.9833,0.1326,0.1096,-0.9851,0,-,-,-,-,-,-,-,-,-,-,-,-,-,-,
9398,2754919.645,18:10:20:512,Trial020,01 neutre22.avi,58,DarkKhaki,0.0,Eye,21,20,,,,,,,-,-,0.1457,0.1171,-0.9824,0.1336,0.1014,-0.9858,0,-,-,-,-,-,-,-,-,-,-,-,-,-,-,
9402,2754986.413,18:10:20:579,Trial020,01 neutre22.avi,58,DarkKhaki,0.0,Eye,21,20,,,,,,,-,-,0.1426,0.1184,-0.9827,0.1346,0.1148,-0.9842,0,-,-,-,-,-,-,-,-,-,-,-,-,-,-,
9406,2755053.181,18:10:20:646,Trial020,01 neutre22.avi,58,DarkKhaki,78.4258,Eye,-,20,,,868.4559744562064,455.2760852268197,823.9826874661727,378.483805070958,-,-,0.1485,0.0882,-0.985,0.133,0.0811,-0.9878,0,-,-,-,-,-,-,-,-,-,-,-,-,-,-,
9410,2755119.95,18:10:20:712,Trial020,01 neutre22.avi,58,DarkKhaki,78.4258,Eye,-,-,,,908.6483964496606,440.59588730551854,871.9438265159446,430.0281162005616,-,-,0.1225,-0.1026,-0.9871,0.1213,-0.0928,-0.9883,0,-,-,-,-,-,-,-,-,-,-,-,-,-,-,
9414,2755186.718,18:10:20:779,Trial020,01 neutre22.avi,58,DarkKhaki,78.4258,Eye,2,-,,,745.3457862303682,484.72335652525544,905.7511742931727,456.4742151865429,-,-,0,0,0,0.1332,-0.1626,-0.9777,0,-,-,-,-,-,-,-,-,-,-,-,-,-,-,
9418,2755253.486,18:10:20:846,Trial020,01 neutre22.avi,58,DarkKhaki,78.4258,Eye,2,2,,,622.8517689208247,360.14141455297477,743.1558099679281,439.80807443651514,-,-,0,0,0,0,0,0,0,-,-,-,-,-,-,-,-,-,-,-,-,-,-,
9422,2755320.255,18:10:20:913,Trial020,01 neutre22.avi,58,DarkKhaki,78.4258,Eye,2,2,,,530.9795838497679,351.15239771996505,621.2076146350954,377.9006846899737,-,-,0,0,0,0,0,0,0,-,-,-,-,-,-,-,-,-,-,-,-,-,-,
9426,2755387.023,18:10:20:979,Trial020,01 neutre22.avi,58,DarkKhaki,78.4258,Eye,2,2,,,462.08456894876394,374.9775247451516,529.7555920377596,364.0271556134573,-,-,0,0,0,0,0,0,0,-,-,-,-,-,-,-,-,-,-,-,-,-,-,
9430,2755453.791,18:10:21:046,Trial020,01 neutre22.avi,58,DarkKhaki,78.4258,Eye,2,2,,,410.45394990246416,350.0009234175875,461.207217219211,343.876454251287,-,-,0,0,0,0,0,0,0,-,-,-,-,-,-,-,-,-,-,-,-,-,-,
9434,2755520.56,18:10:21:113,Trial020,01 neutre22.avi,58,DarkKhaki,78.4258,Eye,22,21,,,447.72307462294407,312.25123354404525,473.9749212329717,344.57514300645965,-,-,-0.124,0.1408,-0.9822,-0.1368,0.1378,-0.981,0,-,-,-,-,-,-,-,-,-,-,-,-,-,-,
9438,2755587.328,18:10:21:180,Trial020,01 neutre22.avi,58,DarkKhaki,78.4258,Eye,22,21,,,467.82617160163994,391.62485707480204,497.1896987850693,328.62381426123414,-,-,-0.134,0.1341,-0.9819,-0.1329,0.1328,-0.9822,0,-,-,-,-,-,-,-,-,-,-,-,-,-,-,
9442,2755654.098,18:10:21:247,Trial020,01 neutre22.avi,58,DarkKhaki,78.4258,Eye,23,22,,,523.759958631658,331.5878021690711,546.0062904367402,339.3415674361695,-,-,-0.0391,0.1238,-0.9915,-0.0618,0.1232,-0.9905,0,-,-,-,-,-,-,-,-,-,-,-,-,-,-,
9446,2755720.873,18:10:21:313,Trial020,01 neutre22.avi,58,DarkKhaki,78.4258,Eye,23,22,,,565.8637569207078,360.66662373897,572.8942852800446,405.0004882010282,-,-,-0.0403,0.1262,-0.9912,-0.0559,0.132,-0.9897,0,-,-,-,-,-,-,-,-,-,-,-,-,-,-,
9450,2755787.648,18:10:21:380,Trial020,01 neutre22.avi,58,DarkKhaki,78.4258,Eye,23,22,,,598.2201975278209,396.76763017900544,595.6768627077072,338.7411934748691,-,-,-0.0356,0.1263,-0.9914,-0.0568,0.1431,-0.9881,0,-,-,-,-,-,-,-,-,-,-,-,-,-,-,
9454,2755854.425,18:10:21:447,Trial020,01 neutre22.avi,58,DarkKhaki,78.4258,Eye,23,22,,,616.4886696082783,390.35001378810307,614.7604144566833,391.95268839335205,-,-,-0.0299,0.1414,-0.9895,-0.0514,0.1329,-0.9898,0,-,-,-,-,-,-,-,-,-,-,-,-,-,-,
9458,2755921.202,18:10:21:514,Trial020,01 neutre22.avi,58,DarkKhaki,78.4258,Eye,22,19,,,640.4174888040966,422.023741136246,629.2037995619852,365.9961571708561,-,-,-0.0303,0.1213,-0.9921,-0.0383,0.1296,-0.9908,0,-,-,-,-,-,-,-,-,-,-,-,-,-,-,
9462,2755987.978,18:10:21:580,Trial020,01 neutre22.avi,58,DarkKhaki,78.4258,Eye,24,23,,,666.4998770196161,423.94065643938563,646.6600560692532,393.4127862090882,-,-,-0.0093,0.1004,-0.9949,-0.0242,0.1105,-0.9936,0,-,-,-,-,-,-,-,-,-,-,-,-,-,-,
9466,2756054.755,18:10:21:647,Trial020,01 neutre22.avi,58,DarkKhaki,78.4258,Eye,24,23,,,685.0338928718821,448.3631122239146,662.8081489578163,397.9102153602839,-,-,-0.0105,0.0979,-0.9951,-0.0265,0.1014,-0.9945,0,-,-,-,-,-,-,-,-,-,-,-,-,-,-,
9470,2756121.531,18:10:21:714,Trial020,01 neutre22.avi,58,DarkKhaki,78.4258,Eye,24,23,,,689.8368123553303,376.1188416183154,681.1294590107062,383.91849920273916,-,-,-0.006,0.1003,-0.9949,-0.0272,0.0967,-0.9949,0,-,-,-,-,-,-,-,-,-,-,-,-,-,-,
9474,2756188.308,18:10:21:781,Trial020,01 neutre22.avi,58,DarkKhaki,78.4258,Eye,24,23,,,704.7837300435801,438.87449119299646,690.2772563580314,430.4828419057372,-,-,-0.001,0.0916,-0.9958,-0.0301,0.1078,-0.9937,0,-,-,-,-,-,-,-,-,-,-,-,-,-,-,
9478,2756255.085,18:10:21:848,Trial020,01 neutre22.avi,58,DarkKhaki,78.4258,Eye,25,24,,,709.2043505613779,391.80315056928623,695.2694607726855,377.4536579515077,-,-,-0.023,0.0243,-0.9994,-0.0465,0.0425,-0.998,0,-,-,-,-,-,-,-,-,-,-,-,-,-,-,
9482,2756321.861,18:10:21:914,Trial020,01 neutre22.avi,58,DarkKhaki,78.4258,Eye,25,24,,,713.2559164000871,419.62543491867325,686.9126266275844,403.55231120727,-,-,-0.0256,0.0299,-0.9992,-0.0558,0.0338,-0.9979,0,-,-,-,-,-,-,-,-,-,-,-,-,-,-,
9486,2756388.638,18:10:21:981,Trial020,01 neutre22.avi,58,DarkKhaki,78.4258,Eye,25,24,,,712.0898255094729,433.7312341769276,680.1628544134508,402.2174332900113,-,-,-0.0308,0.0383,-0.9988,-0.0522,0.0374,-0.9979,0,-,-,-,-,-,-,-,-,-,-,-,-,-,-,
9490,2756455.414,18:10:22:048,Trial020,01 neutre22.avi,58,DarkKhaki,78.4258,Eye,25,24,,,708.3706217935604,453.61324330257094,670.3890565368312,426.40052907851236,-,-,-0.0301,0.0283,-0.9991,-0.0513,0.0443,-0.9977,0,-,-,-,-,-,-,-,-,-,-,-,-,-,-,
9494,2756522.195,18:10:22:115,Trial020,01 neutre22.avi,58,DarkKhaki,78.4258,Eye,25,24,,,711.4375403995227,518.2120899825868,670.3413578894749,451.90264940130254,-,-,-0.03,0.0285,-0.9991,-0.0454,0.0351,-0.9983,0,-,-,-,-,-,-,-,-,-,-,-,-,-,-,
9498,2756588.976,18:10:22:181,Trial020,01 neutre22.avi,58,DarkKhaki,78.4258,Eye,25,24,,,706.1718872108178,422.8059258216027,667.5153951109203,414.7607591912969,-,-,-0.0264,0.0335,-0.9991,-0.0451,0.038,-0.9983,0,-,-,-,-,-,-,-,-,-,-,-,-,-,-,
9502,2756655.782,18:10:22:248,Trial020,01 neutre22.avi,58,DarkKhaki,78.4258,Eye,25,24,,,706.9587979456106,476.8373390440144,667.8605562798067,434.338901172526,-,-,-0.0182,0.0269,-0.9995,-0.0481,0.0339,-0.9983,0,-,-,-,-,-,-,-,-,-,-,-,-,-,-,
9506,2756722.596,18:10:22:315,Trial020,01 neutre22.avi,58,DarkKhaki,78.4258,Eye,25,24,,,705.4336208425945,416.90991007526935,669.9451739862694,435.5283492892096,-,-,-0.0282,0.0414,-0.9987,-0.0453,0.0277,-0.9986,0,-,-,-,-,-,-,-,-,-,-,-,-,-,-,
9510,2756789.41,18:10:22:382,Trial020,01 neutre22.avi,58,DarkKhaki,78.4258,Eye,25,24,,,694.4533134784857,409.60530688625033,676.2620700685345,437.4852400032169,-,-,-0.0311,0.0363,-0.9989,-0.0472,0.0296,-0.9984,0,-,-,-,-,-,-,-,-,-,-,-,-,-,-,
9514,2756856.224,18:10:22:449,Trial020,01 neutre22.avi,58,DarkKhaki,78.4258,Eye,25,24,,,699.7253015719717,450.2482951998435,672.1794871078005,462.6562244442686,-,-,-0.0253,0.0284,-0.9993,-0.05,0.0281,-0.9984,0,-,-,-,-,-,-,-,-,-,-,-,-,-,-,
9518,2756923.038,18:10:22:516,Trial020,01 neutre22.avi,58,DarkKhaki,78.4258,Eye,26,25,,,696.6811391243185,462.6365774979193,680.0767768814666,425.144979179892,-,-,-0.0296,0.1208,-0.9922,-0.0382,0.1354,-0.9901,0,-,-,-,-,-,-,-,-,-,-,-,-,-,-,
9522,2756989.852,18:10:22:582,Trial020,01 neutre22.avi,58,DarkKhaki,78.4258,Eye,26,25,,,705.0784899805931,496.9571180911945,688.536962130885,438.0534890454226,-,-,-0.0223,0.1417,-0.9897,-0.0345,0.1329,-0.9905,0,-,-,-,-,-,-,-,-,-,-,-,-,-,-,
9526,2757056.666,18:10:22:649,Trial020,01 neutre22.avi,58,DarkKhaki,78.4258,Eye,26,25,,,702.9954095878937,416.3892058714669,695.1329695348238,368.9806295645248,-,-,-0.021,0.1285,-0.9915,-0.0328,0.1226,-0.9919,0,-,-,-,-,-,-,-,-,-,-,-,-,-,-,
9530,2757123.48,18:10:22:716,Trial020,01 neutre22.avi,58,DarkKhaki,78.4258,Eye,26,25,,,702.2134528660666,466.7135815129657,701.5787875747976,381.7803329197754,-,-,-0.0176,0.1354,-0.9906,-0.0295,0.135,-0.9904,0,-,-,-,-,-,-,-,-,-,-,-,-,-,-,
9534,2757190.294,18:10:22:783,Trial020,01 neutre22.avi,58,DarkKhaki,78.4258,Eye,27,25,,,705.6658151810885,361.8210333992584,700.0543911120287,420.57223732581326,-,-,-0.0205,0.1362,-0.9905,-0.0387,0.1263,-0.9912,0,-,-,-,-,-,-,-,-,-,-,-,-,-,-,
9538,2757257.108,18:10:22:850,Trial020,01 neutre22.avi,58,DarkKhaki,78.4258,Eye,27,25,,,710.2392991359251,414.5148296217133,702.1192899998746,447.60165812659574,-,-,-0.023,0.1301,-0.9912,-0.0399,0.1424,-0.989,0,-,-,-,-,-,-,-,-,-,-,-,-,-,-,
9542,2757323.912,18:10:22:916,Trial020,01 neutre22.avi,58,DarkKhaki,78.4258,Eye,27,25,,,715.306870455291,423.4116955740416,700.9374573897971,424.1428170662261,-,-,-0.0212,0.1381,-0.9902,-0.0358,0.1367,-0.99,0,-,-,-,-,-,-,-,-,-,-,-,-,-,-,
9546,2757390.683,18:10:22:983,Trial020,01 neutre22.avi,58,DarkKhaki,78.4258,Eye,27,25,,,719.7242378492596,459.3979148286487,699.0794531518435,376.3873688603578,-,-,-0.0243,0.1393,-0.9899,-0.04,0.1363,-0.9899,0,-,-,-,-,-,-,-,-,-,-,-,-,-,-,
9550,2757457.455,18:10:23:050,Trial020,01 neutre22.avi,58,DarkKhaki,78.4258,Eye,27,25,,,712.6175209014525,441.69094044482625,697.6232125660247,334.17598374556644,-,-,-0.0293,0.1435,-0.9892,-0.0417,0.1334,-0.9902,0,-,-,-,-,-,-,-,-,-,-,-,-,-,-,
9554,2757524.213,18:10:23:117,Trial020,01 neutre22.avi,58,DarkKhaki,78.4258,Eye,27,25,,,708.2513608552026,447.7025750066898,697.6300136328127,438.13219811318396,-,-,-0.0365,0.141,-0.9893,-0.0499,0.1376,-0.9892,0,-,-,-,-,-,-,-,-,-,-,-,-,-,-,
9558,2757590.971,18:10:23:183,Trial020,01 neutre22.avi,58,DarkKhaki,78.4258,Eye,27,25,,,705.938099798473,407.76073859023694,696.2971892900662,412.6292023834584,-,-,-0.0331,0.1279,-0.9912,-0.0399,0.1207,-0.9919,0,-,-,-,-,-,-,-,-,-,-,-,-,-,-,
9562,2757657.729,18:10:23:250,Trial020,01 neutre22.avi,58,DarkKhaki,78.4258,Eye,27,25,,,705.1619818648581,415.82878100859784,699.6829355073073,434.9464211966131,-,-,-0.0286,0.1299,-0.9911,-0.0411,0.1368,-0.9897,0,-,-,-,-,-,-,-,-,-,-,-,-,-,-,
9566,2757724.487,18:10:23:317,Trial020,01 neutre22.avi,58,DarkKhaki,78.4258,Eye,27,25,,,704.3417714992876,381.00648111410095,702.3664061859803,396.72093428467304,-,-,-0.0331,0.1287,-0.9911,-0.0394,0.1299,-0.9907,0,-,-,-,-,-,-,-,-,-,-,-,-,-,-,
9570,2757791.245,18:10:23:384,Trial020,01 neutre22.avi,58,DarkKhaki,78.4258,Eye,27,25,,,698.4380710734358,419.05087898289315,698.5402248810638,442.1691240317052,-,-,-0.026,0.1371,-0.9902,-0.0395,0.1283,-0.9909,0,-,-,-,-,-,-,-,-,-,-,-,-,-,-,
9574,2757858.003,18:10:23:450,Trial020,01 neutre22.avi,58,DarkKhaki,78.4258,Eye,27,25,,,690.072056828371,391.97747701707834,700.9295276222989,410.2337530058394,-,-,-0.0285,0.1321,-0.9908,-0.0263,0.123,-0.9921,0,-,-,-,-,-,-,-,-,-,-,-,-,-,-,
9578,2757924.762,18:10:23:517,Trial020,01 neutre22.avi,58,DarkKhaki,78.4258,Eye,27,25,,,687.6738126768184,396.4805733834246,702.2158298826272,428.4312366617768,-,-,-0.0283,0.1361,-0.9903,-0.0367,0.1267,-0.9913,0,-,-,-,-,-,-,-,-,-,-,-,-,-,-,
9582,2757991.52,18:10:23:584,Trial020,01 neutre22.avi,58,DarkKhaki,78.4258,Eye,27,25,,,700.8651094145433,329.68206253613783,697.0607006423799,439.7201137043624,-,-,-0.0234,0.1448,-0.9892,-0.0373,0.124,-0.9916,0,-,-,-,-,-,-,-,-,-,-,-,-,-,-,
9586,2758058.278,18:10:23:651,Trial020,01 neutre22.avi,58,DarkKhaki,78.4258,Eye,27,25,,,699.3164702188724,333.29855227675904,697.83632828465,388.7867293295925,-,-,-0.0261,0.1437,-0.9893,-0.0436,0.1346,-0.9899,0,-,-,-,-,-,-,-,-,-,-,-,-,-,-,
9590,2758125.036,18:10:23:718,Trial020,01 neutre22.avi,58,DarkKhaki,78.4258,Eye,27,25,,,705.246803722935,390.6955214161348,699.3498071068756,388.47300366392784,-,-,-0.0231,0.1468,-0.9889,-0.0444,0.1367,-0.9896,0,-,-,-,-,-,-,-,-,-,-,-,-,-,-,
9594,2758191.799,18:10:23:784,Trial020,01 neutre22.avi,58,DarkKhaki,78.4258,Eye,27,25,,,706.8691289811004,445.6984057553771,700.6023597166201,412.8275838104827,-,-,-0.0247,0.1404,-0.9898,-0.0361,0.1374,-0.9899,0,-,-,-,-,-,-,-,-,-,-,-,-,-,-,
9598,2758258.563,18:10:23:851,Trial020,01 neutre22.avi,58,DarkKhaki,78.4258,Eye,27,25,,,698.1070067366599,406.80979753460883,693.8547173535659,427.63510701099267,-,-,-0.0275,0.1261,-0.9916,-0.0386,0.1278,-0.991,0,-,-,-,-,-,-,-,-,-,-,-,-,-,-,
9602,2758325.334,18:10:23:918,Trial020,01 neutre22.avi,58,DarkKhaki,78.4258,Eye,-,26,,,587.5524416418472,400.0320107869329,684.7186838762548,349.86051479188177,-,-,0,0,0,-0.0724,0.1293,-0.989,0,-,-,-,-,-,-,-,-,-,-,-,-,-,-,
9606,2758392.126,18:10:23:985,Trial020,01 neutre22.avi,58,DarkKhaki,78.4258,Eye,28,26,,,606.1581330140044,434.553041708431,681.0491538024074,489.9328038181565,-,-,-0.0313,0.137,-0.9901,-0.0493,0.1274,-0.9906,0,-,-,-,-,-,-,-,-,-,-,-,-,-,-,
9610,2758458.918,18:10:24:051,Trial020,01 neutre22.avi,58,DarkKhaki,78.4258,Eye,28,26,,,630.9591655035645,405.4334015178008,682.8356242186873,455.9969737390469,-,-,-0.027,0.1393,-0.9899,-0.0481,0.1289,-0.9905,0,-,-,-,-,-,-,-,-,-,-,-,-,-,-,
9614,2758525.71,18:10:24:118,Trial020,01 neutre22.avi,58,DarkKhaki,78.4258,Eye,28,26,,,651.1235161341507,418.17181572097,682.1615983793143,345.7091693198066,-,-,-0.0289,0.1383,-0.99,-0.0437,0.134,-0.99,0,-,-,-,-,-,-,-,-,-,-,-,-,-,-,
9618,2758592.502,18:10:24:185,Trial020,01 neutre22.avi,58,DarkKhaki,78.4258,Eye,28,26,,,662.7847552772357,376.4911125583796,683.5977144735274,374.47417297004125,-,-,-0.0275,0.1427,-0.9894,-0.0464,0.1282,-0.9907,0,-,-,-,-,-,-,-,-,-,-,-,-,-,-,
9622,2758659.294,18:10:24:252,Trial020,01 neutre22.avi,58,DarkKhaki,78.4258,Eye,28,26,,,674.554682088578,468.41922980448896,678.0822690130196,469.6561453691424,-,-,-0.0364,0.1359,-0.99,-0.0471,0.1309,-0.9903,0,-,-,-,-,-,-,-,-,-,-,-,-,-,-,
9626,2758726.086,18:10:24:319,Trial020,01 neutre22.avi,58,DarkKhaki,78.4258,Eye,28,26,,,683.4692328609863,402.85913764107966,678.7942752615375,385.82418261048235,-,-,-0.0345,0.1288,-0.9911,-0.0492,0.131,-0.9902,0,-,-,-,-,-,-,-,-,-,-,-,-,-,-,
9630,2758792.878,18:10:24:385,Trial020,01 neutre22.avi,58,DarkKhaki,78.4258,Eye,28,26,,,677.1963547259111,436.69100916011615,672.3278429004782,436.72108861983395,-,-,-0.0322,0.137,-0.99,-0.0454,0.1187,-0.9919,0,-,-,-,-,-,-,-,-,-,-,-,-,-,-,
9634,2758859.67,18:10:24:452,Trial020,01 neutre22.avi,58,DarkKhaki,78.4258,Eye,28,26,,,690.4044157357195,369.4239044701228,679.1767156624895,410.94278158710154,-,-,-0.0306,0.1398,-0.9897,-0.0465,0.1323,-0.9901,0,-,-,-,-,-,-,-,-,-,-,-,-,-,-,
9638,2758926.462,18:10:24:519,Trial020,01 neutre22.avi,58,DarkKhaki,78.4258,Eye,28,26,,,689.8509698576999,473.3899854322466,681.8613022952129,384.237417812592,-,-,-0.0289,0.1395,-0.9898,-0.0465,0.1294,-0.9905,0,-,-,-,-,-,-,-,-,-,-,-,-,-,-,
9642,2758993.25,18:10:24:586,Trial020,01 neutre22.avi,58,DarkKhaki,78.4258,Eye,28,26,,,694.9710238485459,372.0356031432584,684.8653428228201,416.3511364033457,-,-,-0.0297,0.1392,-0.9898,-0.044,0.1275,-0.9909,0,-,-,-,-,-,-,-,-,-,-,-,-,-,-,
9646,2759060.022,18:10:24:652,Trial020,01 neutre22.avi,58,DarkKhaki,78.4258,Eye,28,26,,,697.9523762557492,349.55980935997377,682.1190906442712,380.5820972974666,-,-,-0.0276,0.1419,-0.9895,-0.0402,0.1331,-0.9903,0,-,-,-,-,-,-,-,-,-,-,-,-,-,-,
9650,2759126.794,18:10:24:719,Trial020,01 neutre22.avi,58,DarkKhaki,78.4258,Eye,28,26,,,689.3640600488134,429.6675691331005,681.0695506476077,452.6308277128465,-,-,-0.0297,0.1362,-0.9902,-0.0379,0.1419,-0.9892,0,-,-,-,-,-,-,-,-,-,-,-,-,-,-,
9654,2759193.545,18:10:24:786,Trial020,01 neutre22.avi,58,DarkKhaki,78.4258,Eye,28,26,,,690.2570354578413,336.8885238018871,684.0807843966707,403.90791135640853,-,-,-0.0286,0.1459,-0.9889,-0.0495,0.138,-0.9892,0,-,-,-,-,-,-,-,-,-,-,-,-,-,-,
9658,2759260.274,18:10:24:853,Trial020,01 neutre22.avi,58,DarkKhaki,78.4258,Eye,28,26,,,695.2569889139963,379.5414839220209,684.3803072122815,484.43044070271526,-,-,-0.0278,0.1411,-0.9896,-0.042,0.1279,-0.9909,0,-,-,-,-,-,-,-,-,-,-,-,-,-,-,
9662,2759327.002,18:10:24:919,Trial020,01 neutre22.avi,58,DarkKhaki,78.4258,Eye,28,26,,,696.4125086306617,440.7611511451976,687.4016316202101,446.4230845173718,-,-,-0.0252,0.1424,-0.9895,-0.0487,0.1298,-0.9903,0,-,-,-,-,-,-,-,-,-,-,-,-,-,-,
9666,2759393.731,18:10:24:986,Trial020,01 neutre22.avi,58,DarkKhaki,78.4258,Eye,26,22,,,707.4539109906303,484.20711157299667,685.6360034470848,424.4024447668493,-,-,-0.0227,0.135,-0.9906,-0.0396,0.1222,-0.9917,0,-,-,-,-,-,-,-,-,-,-,-,-,-,-,
9670,2759460.46,18:10:25:053,Trial020,01 neutre22.avi,58,DarkKhaki,0.0,Eye,29,27,,,715.7349627606068,380.33216762075193,684.3117823172408,510.54705609148715,-,-,-0.0246,0.0997,-0.9947,-0.0365,0.0874,-0.9955,0,-,-,-,-,-,-,-,-,-,-,-,-,-,-,
9674,2759527.188,18:10:25:120,Trial020,01 neutre22.avi,58,DarkKhaki,0.0,Eye,29,27,,,721.945751588089,278.81916428430793,683.318616469858,318.0256606909427,-,-,-0.0243,0.0893,-0.9957,-0.0415,0.0775,-0.9961,0,-,-,-,-,-,-,-,-,-,-,-,-,-,-,
9678,2759593.917,18:10:25:186,Trial020,01 neutre22.avi,58,DarkKhaki,0.0,Eye,29,27,,,726.6038432087007,400.2802180535562,682.5737420843207,453.1789669987607,-,-,-0.0192,0.0917,-0.9956,-0.0399,0.0843,-0.9956,0,-,-,-,-,-,-,-,-,-,-,-,-,-,-,
9682,2759660.646,18:10:25:253,Trial020,01 neutre22.avi,58,DarkKhaki,0.0,Eye,29,27,,,,,,,-,-,-0.02,0.0979,-0.995,-0.0397,0.0819,-0.9959,0,-,-,-,-,-,-,-,-,-,-,-,-,-,-,
9686,2759727.374,18:10:25:320,Trial020,01 neutre22.avi,58,DarkKhaki,0.0,Eye,30,28,,,,,,,-,-,-0.0064,0.1531,-0.9882,-0.0218,0.1541,-0.9878,0,-,-,-,-,-,-,-,-,-,-,-,-,-,-,
9690,2759794.103,18:10:25:387,Trial020,01 neutre22.avi,58,DarkKhaki,0.0,Eye,30,28,,,,,,,-,-,-0.0055,0.1476,-0.989,-0.015,0.1428,-0.9896,0,-,-,-,-,-,-,-,-,-,-,-,-,-,-,
9694,2759860.864,18:10:25:453,Trial020,01 neutre22.avi,58,DarkKhaki,0.0,Eye,30,28,,,,,,,-,-,-0.0074,0.1469,-0.9891,-0.0222,0.1494,-0.9885,0,-,-,-,-,-,-,-,-,-,-,-,-,-,-,
9698,2759927.635,18:10:25:520,Trial020,01 neutre22.avi,58,DarkKhaki,0.0,Eye,30,28,,,,,,,-,-,-0.0096,0.1505,-0.9886,-0.0202,0.1515,-0.9882,0,-,-,-,-,-,-,-,-,-,-,-,-,-,-,
9702,2759994.406,18:10:25:587,Trial020,01 neutre22.avi,58,DarkKhaki,78.4258,Eye,30,28,,,739.4142539588299,359.67358231333355,705.2790724851292,446.46272328915563,-,-,-0.0097,0.1476,-0.989,-0.0165,0.1382,-0.9903,0,-,-,-,-,-,-,-,-,-,-,-,-,-,-,
9706,2760061.171,18:10:25:654,Trial020,01 neutre22.avi,58,DarkKhaki,78.4258,Eye,3,3,,,618.548676373172,439.1001616015085,592.9472902678965,394.9488430178,-,-,0,0,0,0,0,0,0,-,-,-,-,-,-,-,-,-,-,-,-,-,-,
9710,2760127.935,18:10:25:720,Trial020,01 neutre22.avi,58,DarkKhaki,78.4258,Eye,3,3,,,527.8849266494242,409.31876235948005,508.6838870704677,378.8833648879685,-,-,0,0,0,0,0,0,0,-,-,-,-,-,-,-,-,-,-,-,-,-,-,
9714,2760194.698,18:10:25:787,Trial020,01 neutre22.avi,58,DarkKhaki,78.4258,Eye,31,29,,,575.8618530710995,353.2777786237387,563.6877955893154,355.9944073837771,-,-,-0.0111,0.148,-0.9889,-0.0145,0.1383,-0.9903,0,-,-,-,-,-,-,-,-,-,-,-,-,-,-,
9718,2760261.462,18:10:25:854,Trial020,01 neutre22.avi,58,DarkKhaki,78.4258,Eye,31,29,,,613.7351623387151,355.5826583916052,601.0113780623839,386.79151534118205,-,-,-0.0114,0.1565,-0.9876,-0.0157,0.1438,-0.9895,0,-,-,-,-,-,-,-,-,-,-,-,-,-,-,
9722,2760328.225,18:10:25:921,Trial020,01 neutre22.avi,58,DarkKhaki,78.4258,Eye,31,29,,,648.796914792371,419.86228029858387,631.3058732370122,383.7442988460357,-,-,-0.0082,0.1568,-0.9876,-0.0205,0.148,-0.9888,0,-,-,-,-,-,-,-,-,-,-,-,-,-,-,
9726,2760394.989,18:10:25:987,Trial020,01 neutre22.avi,58,DarkKhaki,78.4258,Eye,31,29,,,662.8959463871512,405.7959653791764,653.6483637113079,413.5860749494957,-,-,-0.0054,0.162,-0.9868,-0.0136,0.1476,-0.989,0,-,-,-,-,-,-,-,-,-,-,-,-,-,-,
9730,2760461.753,18:10:26:054,Trial020,01 neutre22.avi,58,DarkKhaki,78.4258,Eye,31,29,,,677.5305123046118,379.3813323530535,669.2205250875342,351.8611824622435,-,-,-0.0004,0.1533,-0.9882,-0.0048,0.1512,-0.9885,0,-,-,-,-,-,-,-,-,-,-,-,-,-,-,
9734,2760528.516,18:10:26:121,Trial020,01 neutre22.avi,58,DarkKhaki,78.4258,Eye,31,29,,,695.9675814011505,422.75391975940016,686.9305140429026,403.58469327901867,-,-,-0.0027,0.1486,-0.9889,-0.0124,0.1479,-0.9889,0,-,-,-,-,-,-,-,-,-,-,-,-,-,-,
9738,2760595.28,18:10:26:188,Trial020,01 neutre22.avi,58,DarkKhaki,78.4258,Eye,31,29,,,707.5494263125842,392.37119290732596,697.3571909509236,374.07156611249013,-,-,-0.0011,0.1568,-0.9876,-0.0174,0.1469,-0.989,0,-,-,-,-,-,-,-,-,-,-,-,-,-,-,
9742,2760662.044,18:10:26:255,Trial020,01 neutre22.avi,58,DarkKhaki,78.4258,Eye,31,29,,,721.541505246761,386.7008517313747,711.2145045709466,399.26157096068243,-,-,0.0018,0.1594,-0.9872,-0.0041,0.1568,-0.9876,0,-,-,-,-,-,-,-,-,-,-,-,-,-,-,
9746,2760728.812,18:10:26:321,Trial020,01 neutre22.avi,58,DarkKhaki,78.4258,Eye,31,29,,,730.8687033253132,353.53501453435166,721.6522571015103,409.22160520707337,-,-,0.0025,0.1593,-0.9872,-0.0075,0.1518,-0.9884,0,-,-,-,-,-,-,-,-,-,-,-,-,-,-,
9750,2760795.579,18:10:26:388,Trial020,01 neutre22.avi,58,DarkKhaki,78.4258,Eye,31,29,,,733.962484016793,372.34479917967565,730.8609370746001,425.35707466768304,-,-,-0.0012,0.16,-0.9871,-0.0105,0.154,-0.988,0,-,-,-,-,-,-,-,-,-,-,-,-,-,-,
9754,2760862.346,18:10:26:455,Trial020,01 neutre22.avi,58,DarkKhaki,78.4258,Eye,31,29,,,733.9248677048761,409.3630005379033,739.7149246665233,458.6722277251772,-,-,-0.0045,0.1509,-0.9885,-0.0115,0.1537,-0.9881,0,-,-,-,-,-,-,-,-,-,-,-,-,-,-,
9758,2760929.138,18:10:26:522,Trial020,01 neutre22.avi,58,DarkKhaki,78.4258,Eye,31,29,,,741.4478721882697,391.4803091331014,731.7544471315658,355.68500837525687,-,-,-0.0052,0.1582,-0.9874,-0.0177,0.1521,-0.9882,0,-,-,-,-,-,-,-,-,-,-,-,-,-,-,
9762,2760995.929,18:10:26:588,Trial020,01 neutre22.avi,58,DarkKhaki,78.4258,Eye,31,29,,,728.3254514956119,421.74106815067415,737.3774682534305,413.9875634695253,-,-,0.0001,0.16,-0.9871,-0.0159,0.1493,-0.9887,0,-,-,-,-,-,-,-,-,-,-,-,-,-,-,
9766,2761062.72,18:10:26:655,Trial020,01 neutre22.avi,58,DarkKhaki,78.4258,Eye,31,29,,,723.6095772895303,411.942067918273,730.6266589386806,399.9890256074965,-,-,-0.0032,0.1572,-0.9876,-0.0103,0.1532,-0.9881,0,-,-,-,-,-,-,-,-,-,-,-,-,-,-,
9770,2761129.512,18:10:26:722,Trial020,01 neutre22.avi,58,DarkKhaki,78.4258,Eye,31,29,,,730.1272799746649,379.4306149184561,727.891596633039,375.1967143396475,-,-,-0.0023,0.1508,-0.9886,-0.0077,0.1481,-0.9889,0,-,-,-,-,-,-,-,-,-,-,-,-,-,-,
44505,2761196.303,18:10:26:789,Trial021,neutre visage gris.jpg,58,DarkKhaki,91.3923,Eye,-,-,,,611.3938270004942,376.1398502640587,609.7170644942747,462.34324917063424,-,-,0,0,0,0,0,0,0,-,-,-,-,-,-,-,-,-,-,-,-,-,-,
44509,2761263.095,18:10:26:855,Trial021,neutre visage gris.jpg,58,DarkKhaki,91.3923,Eye,1,-,,,648.4662909202902,382.3677182264392,644.430516549879,358.4112684230779,-,-,-0.0165,0.1359,-0.9906,-0.0238,0.1268,-0.9916,0,-,-,-,-,-,-,-,-,-,-,-,-,-,-,
44513,2761329.886,18:10:26:922,Trial021,neutre visage gris.jpg,58,DarkKhaki,91.3923,Eye,1,1,,,550.1064256759794,293.66471558187357,547.079594898171,374.88073960338005,-,-,0,0,0,0,0,0,0,-,-,-,-,-,-,-,-,-,-,-,-,-,-,
44517,2761396.678,18:10:26:989,Trial021,neutre visage gris.jpg,58,DarkKhaki,91.3923,Eye,2,1,,,603.0308825318567,371.50576056998466,590.2949298480821,429.21339576544074,-,-,-0.0054,0.1558,-0.9878,-0.0402,0.1347,-0.9901,0,-,-,-,-,-,-,-,-,-,-,-,-,-,-,
44521,2761463.469,18:10:27:056,Trial021,neutre visage gris.jpg,58,DarkKhaki,91.3923,Eye,2,1,,,638.5124680312956,381.49020645692065,620.9633612591942,351.5586056951827,-,-,-0.0079,0.1313,-0.9913,-0.0122,0.1374,-0.9904,0,-,-,-,-,-,-,-,-,-,-,-,-,-,-,
44525,2761530.253,18:10:27:123,Trial021,neutre visage gris.jpg,58,DarkKhaki,91.3923,Eye,3,2,,,642.0249553035819,411.8375985003024,639.4714265129251,413.9316041118054,-,-,-0.0605,0.2129,-0.9752,-0.0637,0.2015,-0.9774,0,-,-,-,-,-,-,-,-,-,-,-,-,-,-,
44529,2761597.035,18:10:27:189,Trial021,neutre visage gris.jpg,58,DarkKhaki,91.3923,Eye,3,2,,,645.4643028358417,380.62706245265616,642.3529042387429,382.9243223162889,-,-,-0.0637,0.2199,-0.9735,-0.0658,0.2097,-0.9755,0,-,-,-,-,-,-,-,-,-,-,-,-,-,-,
44533,2761663.817,18:10:27:256,Trial021,neutre visage gris.jpg,58,DarkKhaki,91.3923,Eye,3,2,,,651.731664753377,356.9489553354457,649.5255247255872,373.4208570564101,-,-,-0.0585,0.2176,-0.9743,-0.0597,0.208,-0.9763,0,-,-,-,-,-,-,-,-,-,-,-,-,-,-,
44537,2761730.598,18:10:27:323,Trial021,neutre visage gris.jpg,58,DarkKhaki,91.3923,Eye,2,2,,,646.809937410752,376.0535057277011,657.2737832108821,367.06107460631057,-,-,-0.0586,0.2193,-0.9739,-0.0611,0.2126,-0.9752,0,-,-,-,-,-,-,-,-,-,-,-,-,-,-,
44541,2761797.374,18:10:27:390,Trial021,neutre visage gris.jpg,58,DarkKhaki,91.3923,Eye,4,3,,,714.8774675012194,294.9898295203528,712.7552331683966,385.03095645820605,-,-,0.0836,0.2238,-0.971,0.0789,0.2223,-0.9718,0,-,-,-,-,-,-,-,-,-,-,-,-,-,-,
44545,2761864.151,18:10:27:456,Trial021,neutre visage gris.jpg,58,DarkKhaki,91.3923,Eye,4,3,,,746.934443719494,391.50663905078693,759.9573324146461,372.8448801379691,-,-,0.0822,0.2248,-0.9709,0.0693,0.2172,-0.9737,0,-,-,-,-,-,-,-,-,-,-,-,-,-,-,
44549,2761930.927,18:10:27:523,Trial021,neutre visage gris.jpg,58,DarkKhaki,91.3923,Eye,4,3,,,788.2537602578487,375.1439926246186,789.2744633716682,390.79612363986047,-,-,0.0812,0.2285,-0.9702,0.0722,0.2271,-0.9712,0,-,-,-,-,-,-,-,-,-,-,-,-,-,-,
44553,2761997.703,18:10:27:590,Trial021,neutre visage gris.jpg,58,DarkKhaki,91.3923,Eye,4,3,,,811.6601792943421,312.0376800105684,812.9087520066428,328.2810416086927,-,-,0.0836,0.2249,-0.9708,0.0723,0.2251,-0.9716,0,-,-,-,-,-,-,-,-,-,-,-,-,-,-,
44557,2762064.48,18:10:27:657,Trial021,neutre visage gris.jpg,58,DarkKhaki,91.3923,Eye,4,3,,,827.8842007916286,316.9015348400822,835.4590064250973,370.54567133806984,-,-,0.0918,0.2336,-0.968,0.07,0.2266,-0.9715,0,-,-,-,-,-,-,-,-,-,-,-,-,-,-,
44561,2762131.256,18:10:27:724,Trial021,neutre visage gris.jpg,58,DarkKhaki,91.3923,Eye,3,3,,,819.2963116617094,380.92250399495276,814.3542096330253,424.96851812640665,-,-,0.0208,0.1189,-0.9927,0.0042,0.1198,-0.9928,0,-,-,-,-,-,-,-,-,-,-,-,-,-,-,
44565,2762198.032,18:10:27:790,Trial021,neutre visage gris.jpg,58,DarkKhaki,91.3923,Eye,5,4,,,807.1952953823909,400.8142777790994,795.5775992479737,341.26956645858894,-,-,0.0215,0.0784,-0.9967,-0.0025,0.084,-0.9965,0,-,-,-,-,-,-,-,-,-,-,-,-,-,-,
44569,2762264.809,18:10:27:857,Trial021,neutre visage gris.jpg,58,DarkKhaki,91.3923,Eye,5,4,,,794.2822959134386,427.02193210642923,784.3136091993291,362.1807834259996,-,-,0.0141,0.0766,-0.997,-0.0025,0.081,-0.9967,0,-,-,-,-,-,-,-,-,-,-,-,-,-,-,
44573,2762331.584,18:10:27:924,Trial021,neutre visage gris.jpg,58,DarkKhaki,91.3923,Eye,5,4,,,782.6368121195665,402.77201948251496,782.6109465572115,359.8023213463588,-,-,0.0231,0.0824,-0.9963,0.0071,0.0782,-0.9969,0,-,-,-,-,-,-,-,-,-,-,-,-,-,-,
44577,2762398.355,18:10:27:991,Trial021,neutre visage gris.jpg,58,DarkKhaki,91.3923,Eye,5,4,,,781.7776888382595,400.3524549736009,775.6334365061974,423.73372703373894,-,-,0.0147,0.0676,-0.9976,0.0038,0.0791,-0.9969,0,-,-,-,-,-,-,-,-,-,-,-,-,-,-,
44581,2762465.126,18:10:28:057,Trial021,neutre visage gris.jpg,58,DarkKhaki,91.3923,Eye,5,4,,,782.2874807272561,472.82780567849096,778.2608086291993,436.6245141831313,-,-,0.0204,0.0716,-0.9972,0.0065,0.0685,-0.9976,0,-,-,-,-,-,-,-,-,-,-,-,-,-,-,
44585,2762531.897,18:10:28:124,Trial021,neutre visage gris.jpg,58,DarkKhaki,91.3923,Eye,2,2,,,650.4970893645043,385.5709105677565,647.4770852909617,300.00945471567866,-,-,0,0,0,0,0,0,0,-,-,-,-,-,-,-,-,-,-,-,-,-,-,
44589,2762598.67,18:10:28:191,Trial021,neutre visage gris.jpg,58,DarkKhaki,91.3923,Eye,6,5,,,681.4609832758345,419.8650513954092,668.2504634198102,377.70113343024593,-,-,0.0183,0.1544,-0.9878,0.0151,0.1635,-0.9864,0,-,-,-,-,-,-,-,-,-,-,-,-,-,-,
44593,2762665.444,18:10:28:258,Trial021,neutre visage gris.jpg,58,DarkKhaki,91.3923,Eye,6,5,,,700.3256142557179,424.17338826043067,690.1394615556277,384.77484963579997,-,-,0.0252,0.1481,-0.9886,0.0116,0.159,-0.9872,0,-,-,-,-,-,-,-,-,-,-,-,-,-,-,
44597,2762732.218,18:10:28:324,Trial021,neutre visage gris.jpg,58,DarkKhaki,91.3923,Eye,6,5,,,717.3221008447523,398.71704270129226,704.0338968460361,411.26674664363463,-,-,0.0276,0.1568,-0.9872,0.0059,0.1551,-0.9879,0,-,-,-,-,-,-,-,-,-,-,-,-,-,-,
44601,2762798.992,18:10:28:391,Trial021,neutre visage gris.jpg,58,DarkKhaki,91.3923,Eye,6,5,,,727.9849302965096,427.3866842411861,716.9294750367442,397.1912082033524,-,-,0.0202,0.1553,-0.9877,0.0099,0.1555,-0.9878,0,-,-,-,-,-,-,-,-,-,-,-,-,-,-,
44605,2762865.767,18:10:28:458,Trial021,neutre visage gris.jpg,58,DarkKhaki,91.3923,Eye,6,5,,,735.7445853425482,418.1009311507296,721.4852382994553,411.3296737427737,-,-,0.02,0.1594,-0.987,0.0133,0.1512,-0.9884,0,-,-,-,-,-,-,-,-,-,-,-,-,-,-,
44609,2762932.541,18:10:28:525,Trial021,neutre visage gris.jpg,58,DarkKhaki,91.3923,Eye,6,5,,,746.039372553295,375.43795745214527,726.272280056944,369.3443815386603,-,-,0.0179,0.1535,-0.988,0.0126,0.1583,-0.9873,0,-,-,-,-,-,-,-,-,-,-,-,-,-,-,
44613,2762999.315,18:10:28:592,Trial021,neutre visage gris.jpg,58,DarkKhaki,91.3923,Eye,6,5,,,753.2335208886163,332.36421736449574,728.2814276191365,402.1659178091928,-,-,0.015,0.1466,-0.9891,-0.0002,0.1409,-0.99,0,-,-,-,-,-,-,-,-,-,-,-,-,-,-,
44617,2763066.089,18:10:28:658,Trial021,neutre visage gris.jpg,58,DarkKhaki,91.3923,Eye,4,4,,,757.6761375211988,406.4597794946096,720.2568949465815,355.0964176787915,-,-,0.0019,0.1623,-0.9867,-0.0212,0.1575,-0.9873,0,-,-,-,-,-,-,-,-,-,-,-,-,-,-,
44621,2763132.863,18:10:28:725,Trial021,neutre visage gris.jpg,58,DarkKhaki,91.3923,Eye,7,6,,,730.7845127897294,391.6260909877544,701.5182407018948,374.7334231573592,-,-,-0.0573,0.2152,-0.9749,-0.0684,0.2101,-0.9753,0,-,-,-,-,-,-,-,-,-,-,-,-,-,-,
44625,2763199.64,18:10:28:792,Trial021,neutre visage gris.jpg,58,DarkKhaki,91.3923,Eye,7,6,,,711.6048254749303,445.6587924989174,685.3123846668507,390.91290170283384,-,-,-0.0644,0.2185,-0.9737,-0.0674,0.2068,-0.9761,0,-,-,-,-,-,-,-,-,-,-,-,-,-,-,
44629,2763266.418,18:10:28:859,Trial021,neutre visage gris.jpg,58,DarkKhaki,91.3923,Eye,5,5,,,742.0836393575107,411.1630639165759,697.0550888579454,357.0045605274334,-,-,0.0402,0.2198,-0.9747,0.0186,0.2105,-0.9774,0,-,-,-,-,-,-,-,-,-,-,-,-,-,-,
44633,2763333.196,18:10:28:925,Trial021,neutre visage gris.jpg,58,DarkKhaki,91.3923,Eye,8,7,,,777.8151221600021,383.7418358037037,742.8012143271461,377.20563502941826,-,-,0.0876,0.2235,-0.9708,0.0838,0.2216,-0.9715,0,-,-,-,-,-,-,-,-,-,-,-,-,-,-,
44637,2763399.974,18:10:28:992,Trial021,neutre visage gris.jpg,58,DarkKhaki,91.3923,Eye,8,7,,,798.3780546355356,303.52706980437506,786.1134462641442,338.22287892270356,-,-,0.0835,0.224,-0.971,0.0858,0.2208,-0.9715,0,-,-,-,-,-,-,-,-,-,-,-,-,-,-,
44641,2763466.759,18:10:29:059,Trial021,neutre visage gris.jpg,58,DarkKhaki,91.3923,Eye,8,7,,,827.5849876049253,375.2509355641251,810.5438440014175,376.9735733762005,-,-,0.0906,0.2274,-0.9696,0.0731,0.2259,-0.9714,0,-,-,-,-,-,-,-,-,-,-,-,-,-,-,
44645,2763533.545,18:10:29:126,Trial021,neutre visage gris.jpg,58,DarkKhaki,91.3923,Eye,8,7,,,845.5890987224117,338.50271156303177,826.865848121877,395.089176711297,-,-,0.0912,0.2281,-0.9694,0.0865,0.2245,-0.9706,0,-,-,-,-,-,-,-,-,-,-,-,-,-,-,
44649,2763600.332,18:10:29:193,Trial021,neutre visage gris.jpg,58,DarkKhaki,91.3923,Eye,9,8,,,829.3814027673261,434.7600526909141,814.0924512517132,422.85695407729935,-,-,0.017,0.059,-0.9981,0.0073,0.0528,-0.9986,0,-,-,-,-,-,-,-,-,-,-,-,-,-,-,
44653,2763667.118,18:10:29:259,Trial021,neutre visage gris.jpg,58,DarkKhaki,91.3923,Eye,9,8,,,819.6335569853317,464.5740491316517,797.9192453855753,342.7314600057624,-,-,0.0285,0.0476,-0.9985,0.0146,0.0503,-0.9986,0,-,-,-,-,-,-,-,-,-,-,-,-,-,-,
44657,2763733.905,18:10:29:326,Trial021,neutre visage gris.jpg,58,DarkKhaki,91.3923,Eye,9,8,,,817.0334184716414,425.4441602915674,785.3005751439633,442.06115895423784,-,-,0.0227,0.0507,-0.9985,0.009,0.0537,-0.9985,0,-,-,-,-,-,-,-,-,-,-,-,-,-,-,
44661,2763800.692,18:10:29:393,Trial021,neutre visage gris.jpg,58,DarkKhaki,91.3923,Eye,9,8,,,804.3512607484433,349.271667883007,777.1538084605215,421.12698676732396,-,-,0.0288,0.04,-0.9988,0.0168,0.0553,-0.9983,0,-,-,-,-,-,-,-,-,-,-,-,-,-,-,
44665,2763867.478,18:10:29:460,Trial021,neutre visage gris.jpg,58,DarkKhaki,91.3923,Eye,9,8,,,801.7310077098772,474.4049522881543,771.0571294393928,374.936587456598,-,-,0.0302,0.0493,-0.9983,0.0096,0.0451,-0.9989,0,-,-,-,-,-,-,-,-,-,-,-,-,-,-,
44669,2763934.265,18:10:29:527,Trial021,neutre visage gris.jpg,58,DarkKhaki,91.3923,Eye,7,7,,,793.0425110626027,440.0215350192643,757.0543632741612,433.6575100960985,-,-,0.0102,0.1878,-0.9822,-0.0115,0.1794,-0.9837,0,-,-,-,-,-,-,-,-,-,-,-,-,-,-,
44673,2764001.046,18:10:29:593,Trial021,neutre visage gris.jpg,58,DarkKhaki,91.3923,Eye,10,9,,,779.9715024110448,408.9000496806949,755.5069396587171,371.25946144247797,-,-,0.0017,0.2287,-0.9735,-0.001,0.2175,-0.9761,0,-,-,-,-,-,-,-,-,-,-,-,-,-,-,
44677,2764067.814,18:10:29:660,Trial021,neutre visage gris.jpg,58,DarkKhaki,91.3923,Eye,10,9,,,769.0431418936652,402.9396343997371,746.9119015734706,362.384865692991,-,-,0.0039,0.2304,-0.9731,0.0019,0.2178,-0.976,0,-,-,-,-,-,-,-,-,-,-,-,-,-,-,
44681,2764134.581,18:10:29:727,Trial021,neutre visage gris.jpg,58,DarkKhaki,91.3923,Eye,11,10,,,799.6707496488889,322.1036092037603,784.4318067158592,392.2981308917915,-,-,0.0874,0.234,-0.9683,0.08,0.2252,-0.971,0,-,-,-,-,-,-,-,-,-,-,-,-,-,-,
44685,2764201.349,18:10:29:794,Trial021,neutre visage gris.jpg,58,DarkKhaki,91.3923,Eye,11,10,,,813.5024120374069,368.62079334710864,814.433935453088,454.8726324936115,-,-,0.095,0.2292,-0.9687,0.0899,0.2209,-0.9711,0,-,-,-,-,-,-,-,-,-,-,-,-,-,-,
44689,2764268.116,18:10:29:860,Trial021,neutre visage gris.jpg,58,DarkKhaki,91.3923,Eye,11,10,,,828.6976852215378,302.9194713468279,842.7081631120009,309.3719140477138,-,-,0.0952,0.228,-0.969,0.092,0.2201,-0.9711,0,-,-,-,-,-,-,-,-,-,-,-,-,-,-,
44693,2764334.851,18:10:29:927,Trial021,neutre visage gris.jpg,58,DarkKhaki,91.3923,Eye,11,10,,,837.9538583296387,381.5902952272636,854.2673730332581,336.3491742233719,-,-,0.0901,0.2302,-0.969,0.0943,0.2281,-0.9691,0,-,-,-,-,-,-,-,-,-,-,-,-,-,-,
44697,2764401.585,18:10:29:994,Trial021,neutre visage gris.jpg,58,DarkKhaki,91.3923,Eye,9,9,,,800.1069992635818,305.5649324751859,808.5311432987089,404.47295150675455,-,-,-0.038,0.2295,-0.9726,-0.0407,0.2236,-0.9738,0,-,-,-,-,-,-,-,-,-,-,-,-,-,-,
44701,2764468.319,18:10:30:061,Trial021,neutre visage gris.jpg,58,DarkKhaki,91.3923,Eye,12,11,,,751.1516117878824,406.10075801971686,766.0460030241546,387.2396776497662,-,-,-0.0683,0.2295,-0.9709,-0.0727,0.2075,-0.9755,0,-,-,-,-,-,-,-,-,-,-,-,-,-,-,
44705,2764535.054,18:10:30:127,Trial021,neutre visage gris.jpg,58,DarkKhaki,91.3923,Eye,12,11,,,714.5168343733417,397.5742797793015,730.0509253878386,362.70220258200203,-,-,-0.0724,0.2217,-0.9724,-0.0695,0.219,-0.9733,0,-,-,-,-,-,-,-,-,-,-,-,-,-,-,
44709,2764601.788,18:10:30:194,Trial021,neutre visage gris.jpg,58,DarkKhaki,91.3923,Eye,12,11,,,686.6060554535492,261.825105946996,699.5205093114848,406.07371012460453,-,-,-0.0708,0.2273,-0.9712,-0.0726,0.2188,-0.9731,0,-,-,-,-,-,-,-,-,-,-,-,-,-,-,
44713,2764668.523,18:10:30:261,Trial021,neutre visage gris.jpg,58,DarkKhaki,91.3923,Eye,12,11,,,671.1167209958686,348.37604375315897,674.2472010695753,355.40609658392077,-,-,-0.0687,0.2206,-0.9729,-0.075,0.2137,-0.974,0,-,-,-,-,-,-,-,-,-,-,-,-,-,-,
44717,2764735.257,18:10:30:328,Trial021,neutre visage gris.jpg,58,DarkKhaki,91.3923,Eye,13,12,,,719.3297397134556,302.09237508225556,724.8218715813621,431.64771638315926,-,-,0.0826,0.226,-0.9706,0.0815,0.2256,-0.9708,0,-,-,-,-,-,-,-,-,-,-,-,-,-,-,
44721,2764801.992,18:10:30:394,Trial021,neutre visage gris.jpg,58,DarkKhaki,91.3923,Eye,13,12,,,769.5809106455577,421.3111077978454,767.0535783132952,388.37498522355975,-,-,0.0909,0.23,-0.9689,0.0834,0.2252,-0.9707,0,-,-,-,-,-,-,-,-,-,-,-,-,-,-,
44725,2764868.749,18:10:30:461,Trial021,neutre visage gris.jpg,58,DarkKhaki,91.3923,Eye,13,12,,,809.2453486380706,365.3805388220303,798.6239825628057,371.9060297093761,-,-,0.0901,0.2287,-0.9693,0.0783,0.2137,-0.9738,0,-,-,-,-,-,-,-,-,-,-,-,-,-,-,
44729,2764935.514,18:10:30:528,Trial021,neutre visage gris.jpg,58,DarkKhaki,91.3923,Eye,13,12,,,832.1202215359835,403.0935296184306,821.327112856198,346.59570629334235,-,-,0.0951,0.2286,-0.9689,0.0837,0.2152,-0.973,0,-,-,-,-,-,-,-,-,-,-,-,-,-,-,
44733,2765002.279,18:10:30:595,Trial021,neutre visage gris.jpg,58,DarkKhaki,91.3923,Eye,14,13,,,835.5317004392118,353.74473770233317,823.7359003256113,420.5778534340675,-,-,0.0492,0.2829,-0.9579,0.0436,0.2819,-0.9584,0,-,-,-,-,-,-,-,-,-,-,-,-,-,-,
44737,2765069.045,18:10:30:661,Trial021,neutre visage gris.jpg,58,DarkKhaki,91.3923,Eye,14,13,,,838.9270550567719,416.13898669203365,821.8239173186878,370.6250143395206,-,-,0.0519,0.282,-0.958,0.0449,0.2769,-0.9598,0,-,-,-,-,-,-,-,-,-,-,-,-,-,-,
44741,2765135.813,18:10:30:728,Trial021,neutre visage gris.jpg,58,DarkKhaki,91.3923,Eye,14,13,,,832.5432392610763,379.4015202815788,821.7520803493983,348.04208821114787,-,-,0.0462,0.287,-0.9568,0.0433,0.2819,-0.9585,0,-,-,-,-,-,-,-,-,-,-,-,-,-,-,
44745,2765202.593,18:10:30:795,Trial021,neutre visage gris.jpg,58,DarkKhaki,91.3923,Eye,14,13,,,831.664747254453,322.02737071385,823.0814918056094,326.33119105003766,-,-,0.06,0.2827,-0.9573,0.0413,0.2882,-0.9567,0,-,-,-,-,-,-,-,-,-,-,-,-,-,-,
44749,2765269.373,18:10:30:862,Trial021,neutre visage gris.jpg,58,DarkKhaki,91.3923,Eye,-,-,,,792.0206797779142,262.6121662091988,778.4316446668495,310.4445000475044,-,-,-0.0327,0.2856,-0.9578,-0.0507,0.2796,-0.9588,0,-,-,-,-,-,-,-,-,-,-,-,-,-,-,
44753,2765336.153,18:10:30:928,Trial021,neutre visage gris.jpg,58,DarkKhaki,91.3923,Eye,3,3,,,657.9710909981144,352.55488374981417,647.7793146648158,334.31374246692747,-,-,0,0,0,0,0,0,0,-,-,-,-,-,-,-,-,-,-,-,-,-,-,
44757,2765402.932,18:10:30:995,Trial021,neutre visage gris.jpg,58,DarkKhaki,91.3923,Eye,3,3,,,557.4410240071242,266.3594319098021,549.7971917571502,322.98048214991223,-,-,0,0,0,0,0,0,0,-,-,-,-,-,-,-,-,-,-,-,-,-,-,
44761,2765469.712,18:10:31:062,Trial021,neutre visage gris.jpg,58,DarkKhaki,91.3923,Eye,15,14,,,582.8679184693342,313.8623866031693,578.7959769372727,315.25661042797907,-,-,-0.0463,0.2391,-0.9699,-0.0447,0.2296,-0.9723,0,-,-,-,-,-,-,-,-,-,-,-,-,-,-,
44765,2765536.492,18:10:31:129,Trial021,neutre visage gris.jpg,58,DarkKhaki,91.3923,Eye,15,14,,,596.7436421611935,369.7005043756005,594.123821665665,257.91852250315856,-,-,-0.0438,0.2393,-0.97,-0.057,0.2364,-0.97,0,-,-,-,-,-,-,-,-,-,-,-,-,-,-,
44769,2765603.271,18:10:31:196,Trial021,neutre visage gris.jpg,58,DarkKhaki,91.3923,Eye,12,12,,,658.1039449520717,298.6510501011823,643.0249435507842,367.22848031796997,-,-,0.0451,0.2289,-0.9724,0.0224,0.2363,-0.9714,0,-,-,-,-,-,-,-,-,-,-,-,-,-,-,
44773,2765670.052,18:10:31:262,Trial021,neutre visage gris.jpg,58,DarkKhaki,91.3923,Eye,16,15,,,716.4043616093231,420.8966681325583,700.3802324968553,319.6649303772511,-,-,0.089,0.2218,-0.971,0.0747,0.226,-0.9713,0,-,-,-,-,-,-,-,-,-,-,-,-,-,-,
44777,2765736.837,18:10:31:329,Trial021,neutre visage gris.jpg,58,DarkKhaki,91.3923,Eye,16,15,,,757.9426959255096,308.3199335343227,740.8365786336209,304.70539717513896,-,-,0.087,0.2214,-0.9713,0.0721,0.2263,-0.9714,0,-,-,-,-,-,-,-,-,-,-,-,-,-,-,
44781,2765803.621,18:10:31:396,Trial021,neutre visage gris.jpg,58,DarkKhaki,91.3923,Eye,16,15,,,798.6163552241856,389.7708713562939,773.2533101882378,381.15261193202394,-,-,0.0819,0.2255,-0.9708,0.0687,0.2159,-0.974,0,-,-,-,-,-,-,-,-,-,-,-,-,-,-,
44785,2765870.405,18:10:31:463,Trial021,neutre visage gris.jpg,58,DarkKhaki,91.3923,Eye,17,16,,,752.7605174389289,372.38595575763685,737.3991218794796,357.27996593999103,-,-,-0.0674,0.2118,-0.975,-0.0829,0.2121,-0.9737,0,-,-,-,-,-,-,-,-,-,-,-,-,-,-,
44789,2765937.19,18:10:31:529,Trial021,neutre visage gris.jpg,58,DarkKhaki,91.3923,Eye,17,16,,,716.6446158410432,378.0147343721375,701.9853594207325,313.08661578802986,-,-,-0.0726,0.2209,-0.9726,-0.083,0.2083,-0.9745,0,-,-,-,-,-,-,-,-,-,-,-,-,-,-,
44793,2766003.969,18:10:31:596,Trial021,neutre visage gris.jpg,58,DarkKhaki,91.3923,Eye,17,16,,,688.1175997553798,323.80415833495675,676.9170974171841,390.81406888901216,-,-,-0.077,0.2166,-0.9732,-0.0838,0.2076,-0.9746,0,-,-,-,-,-,-,-,-,-,-,-,-,-,-,
44797,2766070.744,18:10:31:663,Trial021,neutre visage gris.jpg,58,DarkKhaki,91.3923,Eye,17,16,,,664.4435249265291,373.3271195153151,657.484189734822,327.5486464791957,-,-,-0.0738,0.2134,-0.9742,-0.0821,0.2087,-0.9745,0,-,-,-,-,-,-,-,-,-,-,-,-,-,-,
44801,2766137.519,18:10:31:730,Trial021,neutre visage gris.jpg,58,DarkKhaki,91.3923,Eye,18,17,,,695.6186944608613,343.696130777075,678.9936720523973,441.777762015658,-,-,0.0092,0.081,-0.9967,-0.0072,0.0917,-0.9958,0,-,-,-,-,-,-,-,-,-,-,-,-,-,-,
44805,2766204.294,18:10:31:797,Trial021,neutre visage gris.jpg,58,DarkKhaki,91.3923,Eye,18,17,,,718.1421921491747,363.3104353983268,697.0100337472261,382.1829362543375,-,-,0.0134,0.0731,-0.9972,0.004,0.0641,-0.9979,0,-,-,-,-,-,-,-,-,-,-,-,-,-,-,
44809,2766271.069,18:10:31:863,Trial021,neutre visage gris.jpg,58,DarkKhaki,91.3923,Eye,18,17,,,730.6432746939487,389.99509996164153,712.7241939723049,420.69615276607055,-,-,0.022,0.0648,-0.9977,0.0068,0.0703,-0.9975,0,-,-,-,-,-,-,-,-,-,-,-,-,-,-,
44813,2766337.844,18:10:31:930,Trial021,neutre visage gris.jpg,58,DarkKhaki,91.3923,Eye,15,15,,,744.3587416234132,378.2370249181772,723.7411062590951,374.72960197338176,-,-,0.0257,0.0652,-0.9975,0.0098,0.0772,-0.997,0,-,-,-,-,-,-,-,-,-,-,-,-,-,-,
44817,2766404.619,18:10:31:997,Trial021,neutre visage gris.jpg,58,DarkKhaki,91.3923,Eye,15,15,,,756.4884487576114,404.46002162448144,734.7620971783153,445.66214727430634,-,-,0.0139,0.0674,-0.9976,0.0109,0.0782,-0.9969,0,-,-,-,-,-,-,-,-,-,-,-,-,-,-,
44821,2766471.394,18:10:32:064,Trial021,neutre visage gris.jpg,58,DarkKhaki,91.3923,Eye,19,18,,,763.6718052251474,473.6191571638019,738.594343156634,441.3311757205434,-,-,0.0285,0.1259,-0.9916,0.0164,0.1355,-0.9906,0,-,-,-,-,-,-,-,-,-,-,-,-,-,-,
44825,2766538.165,18:10:32:130,Trial021,neutre visage gris.jpg,58,DarkKhaki,91.3923,Eye,19,18,,,775.9482128124206,398.9381849854114,737.794659628311,448.44330501567106,-,-,0.0262,0.1234,-0.992,0.0089,0.1222,-0.9925,0,-,-,-,-,-,-,-,-,-,-,-,-,-,-,
44829,2766604.933,18:10:32:197,Trial021,neutre visage gris.jpg,58,DarkKhaki,91.3923,Eye,4,4,,,646.1837956142903,394.73055799067953,617.5686307262081,372.459973274988,-,-,0,0,0,0,0,0,0,-,-,-,-,-,-,-,-,-,-,-,-,-,-,
44833,2766671.701,18:10:32:264,Trial021,neutre visage gris.jpg,58,DarkKhaki,91.3923,Eye,16,16,,,749.3497359401547,402.0858391461576,730.2952782467793,424.04171805496946,-,-,0.1542,-0.1676,-0.9737,0.1797,-0.1458,-0.9729,0,-,-,-,-,-,-,-,-,-,-,-,-,-,-,
44837,2766738.468,18:10:32:331,Trial021,neutre visage gris.jpg,58,DarkKhaki,91.3923,Eye,20,19,,,814.2689006864438,438.3996391580551,811.274815713009,470.1491204908977,-,-,0.1576,-0.1079,-0.9816,0.1579,-0.1072,-0.9816,0,-,-,-,-,-,-,-,-,-,-,-,-,-,-,
44841,2766805.236,18:10:32:398,Trial021,neutre visage gris.jpg,58,DarkKhaki,91.3923,Eye,20,19,,,867.154986699212,488.25803492042843,871.8287954140137,469.7998893828006,-,-,0.1544,-0.1159,-0.9812,0.1568,-0.1161,-0.9808,0,-,-,-,-,-,-,-,-,-,-,-,-,-,-,
44845,2766872.009,18:10:32:464,Trial021,neutre visage gris.jpg,58,DarkKhaki,91.3923,Eye,20,19,,,905.6488666296872,523.2120932776422,913.9780749044976,418.5242385816214,-,-,0.1532,-0.1211,-0.9807,0.1554,-0.1169,-0.9809,0,-,-,-,-,-,-,-,-,-,-,-,-,-,-,
44849,2766938.797,18:10:32:531,Trial021,neutre visage gris.jpg,58,DarkKhaki,91.3923,Eye,20,19,,,934.3827478100236,498.87341608613605,946.1894524542115,538.0528231476682,-,-,0.1522,-0.1196,-0.9811,0.1533,-0.1064,-0.9824,0,-,-,-,-,-,-,-,-,-,-,-,-,-,-,
44853,2767005.585,18:10:32:598,Trial021,neutre visage gris.jpg,58,DarkKhaki,91.3923,Eye,20,19,,,963.9345924967633,459.2179677799234,966.1154573299398,482.8462446215531,-,-,0.155,-0.1178,-0.9809,0.1469,-0.1052,-0.9835,0,-,-,-,-,-,-,-,-,-,-,-,-,-,-,
44857,2767072.373,18:10:32:665,Trial021,neutre visage gris.jpg,58,DarkKhaki,91.3923,Eye,-,19,,,984.942952958457,583.6562532919362,987.1508527005976,525.0587772477173,-,-,0.1689,-0.1486,-0.9744,0.165,-0.1157,-0.9795,0,-,-,-,-,-,-,-,-,-,-,-,-,-,-,
44861,2767139.161,18:10:32:731,Trial021,neutre visage gris.jpg,58,DarkKhaki,91.3923,Eye,-,-,,,802.9033486912215,418.73979112524444,804.559273497827,465.4143965091135,-,-,0,0,0,0,0,0,0,-,-,-,-,-,-,-,-,-,-,-,-,-,-,
65793,2767589.925,18:10:33:182,Trial022,vole triste vs joie1.avi,58,DarkKhaki,94.6728,Eye,1,1,,,806.0384682217039,397.97682209384095,809.2725081088247,420.5065085721595,-,-,0.0528,0.3019,-0.9519,0.0447,0.2925,-0.9552,0,-,-,-,-,-,-,-,-,-,-,-,-,-,-,
65797,2767656.698,18:10:33:249,Trial022,vole triste vs joie1.avi,58,DarkKhaki,94.6728,Eye,1,1,,,816.615182128834,385.67827512293115,815.7336823928201,380.5946178365341,-,-,0.0569,0.309,-0.9494,0.0365,0.2978,-0.9539,0,-,-,-,-,-,-,-,-,-,-,-,-,-,-,
65801,2767723.471,18:10:33:315,Trial022,vole triste vs joie1.avi,58,DarkKhaki,94.6728,Eye,1,1,,,824.6410876392209,367.7730885948867,811.959796860165,380.09264724891926,-,-,0.0527,0.3074,-0.9501,0.0424,0.2927,-0.9553,0,-,-,-,-,-,-,-,-,-,-,-,-,-,-,
65805,2767790.24,18:10:33:382,Trial022,vole triste vs joie1.avi,58,DarkKhaki,94.6728,Eye,2,2,,,797.5485537472157,380.9561038578503,785.0860151659143,481.8297822389293,-,-,0.0058,0.1672,-0.9859,-0.0147,0.1549,-0.9878,0,-,-,-,-,-,-,-,-,-,-,-,-,-,-,
65809,2767857.01,18:10:33:449,Trial022,vole triste vs joie1.avi,58,DarkKhaki,94.6728,Eye,2,2,,,791.0941473256764,392.35917504439055,770.6139690927228,425.52336396758614,-,-,-0.0027,0.1511,-0.9885,-0.0185,0.1431,-0.9895,0,-,-,-,-,-,-,-,-,-,-,-,-,-,-,
65813,2767923.78,18:10:33:516,Trial022,vole triste vs joie1.avi,58,DarkKhaki,94.6728,Eye,2,2,,,781.1831409818274,384.5207099675912,756.5064497096121,400.5798118731533,-,-,-0.0077,0.1471,-0.9891,-0.0194,0.1496,-0.9886,0,-,-,-,-,-,-,-,-,-,-,-,-,-,-,
65817,2767990.55,18:10:33:583,Trial022,vole triste vs joie1.avi,58,DarkKhaki,94.6728,Eye,2,2,,,766.52941590143,401.8931184409247,746.9945814369585,433.641156737438,-,-,-0.0067,0.1463,-0.9892,-0.0203,0.1414,-0.9897,0,-,-,-,-,-,-,-,-,-,-,-,-,-,-,
65821,2768057.32,18:10:33:649,Trial022,vole triste vs joie1.avi,58,DarkKhaki,94.6728,Eye,2,2,,,758.8075905295857,359.4917193042899,733.7987824044185,414.88265946984296,-,-,-0.009,0.1427,-0.9897,-0.0157,0.1366,-0.9905,0,-,-,-,-,-,-,-,-,-,-,-,-,-,-,
65825,2768124.089,18:10:33:716,Trial022,vole triste vs joie1.avi,58,DarkKhaki,94.6728,Eye,3,2,,,755.3635126698103,341.0646829182477,732.7093623979807,395.4071322337871,-,-,-0.0038,0.1509,-0.9885,-0.0176,0.1499,-0.9885,0,-,-,-,-,-,-,-,-,-,-,-,-,-,-,
65829,2768190.86,18:10:33:783,Trial022,vole triste vs joie1.avi,58,DarkKhaki,94.6728,Eye,3,2,,,746.1644083026281,382.2001433004697,727.803940636186,389.28491186761676,-,-,-0.0002,0.1468,-0.9892,-0.0134,0.1524,-0.9882,0,-,-,-,-,-,-,-,-,-,-,-,-,-,-,
65833,2768257.635,18:10:33:850,Trial022,vole triste vs joie1.avi,58,DarkKhaki,94.6728,Eye,3,2,,,750.0745412970274,352.07193803762334,723.4627292403119,457.65511348527247,-,-,-0.001,0.1541,-0.9881,-0.0164,0.1406,-0.9899,0,-,-,-,-,-,-,-,-,-,-,-,-,-,-,
65837,2768324.409,18:10:33:916,Trial022,vole triste vs joie1.avi,58,DarkKhaki,94.6728,Eye,4,3,,,625.7660640780259,390.39171426164467,603.3291726153872,465.927096705818,-,-,-0.2732,0.1593,-0.9487,-0.2813,0.1526,-0.9474,0,-,-,-,-,-,-,-,-,-,-,-,-,-,-,
65841,2768391.184,18:10:33:983,Trial022,vole triste vs joie1.avi,58,DarkKhaki,94.6728,Eye,4,3,,,527.8536873537074,422.747790048381,526.1037094272423,358.5807953218301,-,-,-0.2834,0.165,-0.9447,-0.2913,0.1523,-0.9444,0,-,-,-,-,-,-,-,-,-,-,-,-,-,-,
65845,2768457.958,18:10:34:050,Trial022,vole triste vs joie1.avi,58,DarkKhaki,94.6728,Eye,4,3,,,452.60530922165043,313.8651917204514,456.38208577680166,372.57766396400996,-,-,-0.2861,0.1691,-0.9432,-0.2958,0.1669,-0.9405,0,-,-,-,-,-,-,-,-,-,-,-,-,-,-,
65849,2768524.733,18:10:34:117,Trial022,vole triste vs joie1.avi,58,DarkKhaki,94.6728,Eye,5,4,,,394.7728329509472,385.6693903554468,402.49460536731056,395.2453206556472,-,-,-0.2876,0.1612,-0.9441,-0.2951,0.1705,-0.9401,0,-,-,-,-,-,-,-,-,-,-,-,-,-,-,
65853,2768591.505,18:10:34:183,Trial022,vole triste vs joie1.avi,58,DarkKhaki,94.6728,Eye,5,4,,,350.1606202776115,390.4018015389678,360.16978458988405,389.2593458609839,-,-,-0.2948,0.1561,-0.9427,-0.3047,0.1588,-0.9391,0,-,-,-,-,-,-,-,-,-,-,-,-,-,-,
65857,2768658.275,18:10:34:250,Trial022,vole triste vs joie1.avi,58,DarkKhaki,94.6728,Eye,5,4,,,313.31191333577783,344.3105149991883,323.67304656998226,379.2838503715084,-,-,-0.2974,0.1579,-0.9416,-0.3094,0.1521,-0.9387,0,-,-,-,-,-,-,-,-,-,-,-,-,-,-,
65861,2768725.045,18:10:34:317,Trial022,vole triste vs joie1.avi,58,DarkKhaki,94.6728,Eye,1,1,,,299.2603675422373,446.1035823475495,307.03121746789066,401.3297864397697,-,-,0,0,0,0,0,0,0,-,-,-,-,-,-,-,-,-,-,-,-,-,-,
65865,2768791.815,18:10:34:384,Trial022,vole triste vs joie1.avi,58,DarkKhaki,94.6728,Eye,1,1,,,288.702391001565,314.92298316336803,294.5305284458049,368.2544648027791,-,-,0,0,0,0,0,0,0,-,-,-,-,-,-,-,-,-,-,-,-,-,-,
65869,2768858.585,18:10:34:451,Trial022,vole triste vs joie1.avi,58,DarkKhaki,94.6728,Eye,1,1,,,280.76135948302476,367.2691912058935,285.13246256620477,325.8837593189456,-,-,0,0,0,0,0,0,0,-,-,-,-,-,-,-,-,-,-,-,-,-,-,
65873,2768925.355,18:10:34:517,Trial022,vole triste vs joie1.avi,58,DarkKhaki,94.6728,Eye,5,4,,,484.0224245463854,459.49732519328046,481.03910249698504,360.957972182864,-,-,0.1733,-0.1644,-0.9711,0.171,-0.1008,-0.9801,0,-,-,-,-,-,-,-,-,-,-,-,-,-,-,
65877,2768992.124,18:10:34:584,Trial022,vole triste vs joie1.avi,58,DarkKhaki,94.6728,Eye,6,5,,,626.3997641563368,422.90682844486565,640.2477325330519,388.20966064145307,-,-,0.1725,-0.0631,-0.983,0.1746,-0.0702,-0.9821,0,-,-,-,-,-,-,-,-,-,-,-,-,-,-,
65881,2769058.892,18:10:34:651,Trial022,vole triste vs joie1.avi,58,DarkKhaki,94.6728,Eye,6,5,,,735.3001735234569,461.2102458324941,744.337879777785,456.8062415916464,-,-,0.1753,-0.0763,-0.9816,0.1811,-0.0728,-0.9808,0,-,-,-,-,-,-,-,-,-,-,-,-,-,-,
65885,2769125.658,18:10:34:718,Trial022,vole triste vs joie1.avi,58,DarkKhaki,94.6728,Eye,6,5,,,816.2863416950479,494.3253749797341,836.2705018474267,455.1604652528784,-,-,0.173,-0.07,-0.9824,0.1803,-0.0747,-0.9808,0,-,-,-,-,-,-,-,-,-,-,-,-,-,-,
65889,2769192.425,18:10:34:784,Trial022,vole triste vs joie1.avi,58,DarkKhaki,94.6728,Eye,6,5,,,880.2005836788181,440.02049203928004,899.078259911014,427.2845626110101,-,-,0.1718,-0.0828,-0.9816,0.1779,-0.0743,-0.9812,0,-,-,-,-,-,-,-,-,-,-,-,-,-,-,
65893,2769259.191,18:10:34:851,Trial022,vole triste vs joie1.avi,58,DarkKhaki,94.6728,Eye,6,5,,,920.6003139087113,496.6652883856386,942.108916330777,405.1197111009326,-,-,0.1659,-0.0827,-0.9827,0.1737,-0.0731,-0.9821,0,-,-,-,-,-,-,-,-,-,-,-,-,-,-,
65897,2769325.958,18:10:34:918,Trial022,vole triste vs joie1.avi,58,DarkKhaki,94.6728,Eye,7,6,,,869.8074194456028,421.4157430758405,870.3658662496183,423.0931945298946,-,-,-0.046,0.1364,-0.9896,-0.0594,0.1408,-0.9883,0,-,-,-,-,-,-,-,-,-,-,-,-,-,-,
65901,2769392.724,18:10:34:985,Trial022,vole triste vs joie1.avi,58,DarkKhaki,94.6728,Eye,7,6,,,815.6125523906687,426.04187656477706,812.0367214496374,413.3086075762942,-,-,-0.0462,0.1503,-0.9876,-0.0666,0.1457,-0.9871,0,-,-,-,-,-,-,-,-,-,-,-,-,-,-,
65905,2769459.492,18:10:35:051,Trial022,vole triste vs joie1.avi,58,DarkKhaki,94.6728,Eye,7,6,,,770.6202965053084,455.1354621728946,772.5745138458491,436.3692798867256,-,-,-0.0569,0.1578,-0.9858,-0.0585,0.1477,-0.9873,0,-,-,-,-,-,-,-,-,-,-,-,-,-,-,
65909,2769526.261,18:10:35:118,Trial022,vole triste vs joie1.avi,58,DarkKhaki,94.6728,Eye,8,7,,,782.1244409195597,286.8898801243339,780.5239986199091,390.88179827324507,-,-,0.0583,0.1267,-0.9902,0.0285,0.1332,-0.9907,0,-,-,-,-,-,-,-,-,-,-,-,-,-,-,
65913,2769593.029,18:10:35:185,Trial022,vole triste vs joie1.avi,58,DarkKhaki,94.6728,Eye,8,7,,,795.6547283354239,413.3834520719356,793.4757452108189,378.54809839095,-,-,0.0753,0.1272,-0.989,0.051,0.128,-0.9905,0,-,-,-,-,-,-,-,-,-,-,-,-,-,-,
65917,2769659.797,18:10:35:252,Trial022,vole triste vs joie1.avi,58,DarkKhaki,94.6728,Eye,8,7,,,813.2682534001999,454.02559245552044,798.4282111663774,380.8029734921963,-,-,0.068,0.1309,-0.9891,0.0485,0.1313,-0.9902,0,-,-,-,-,-,-,-,-,-,-,-,-,-,-,
65921,2769726.566,18:10:35:319,Trial022,vole triste vs joie1.avi,58,DarkKhaki,94.6728,Eye,8,8,,,820.3028944888416,377.7991376841115,810.7739673539999,440.0512801721966,-,-,0.0675,0.1326,-0.9889,0.0516,0.1287,-0.9903,0,-,-,-,-,-,-,-,-,-,-,-,-,-,-,
65925,2769793.334,18:10:35:385,Trial022,vole triste vs joie1.avi,58,DarkKhaki,94.6728,Eye,8,8,,,836.1942897366481,448.7448817561703,813.2976032910748,380.03776339171935,-,-,0.0739,0.1228,-0.9897,0.0485,0.12,-0.9916,0,-,-,-,-,-,-,-,-,-,-,-,-,-,-,
65929,2769860.106,18:10:35:452,Trial022,vole triste vs joie1.avi,58,DarkKhaki,94.6728,Eye,9,9,,,889.5980666944201,417.68240675864723,863.6101675245291,470.2277634083961,-,-,0.1783,0.1097,-0.9778,0.1583,0.1157,-0.9806,0,-,-,-,-,-,-,-,-,-,-,-,-,-,-,
65933,2769926.886,18:10:35:519,Trial022,vole triste vs joie1.avi,58,DarkKhaki,94.6728,Eye,9,9,,,934.395704727465,452.0570555464994,912.8613932658452,376.78073364296506,-,-,0.1835,0.1133,-0.9765,0.1699,0.1167,-0.9785,0,-,-,-,-,-,-,-,-,-,-,-,-,-,-,
65937,2769993.667,18:10:35:586,Trial022,vole triste vs joie1.avi,58,DarkKhaki,94.6728,Eye,9,9,,,965.4288570597937,361.50688530750017,953.0972507450439,449.384987330286,-,-,0.1841,0.1119,-0.9765,0.1698,0.1112,-0.9792,0,-,-,-,-,-,-,-,-,-,-,-,-,-,-,
65941,2770060.448,18:10:35:652,Trial022,vole triste vs joie1.avi,58,DarkKhaki,94.6728,Eye,9,9,,,994.4900846153878,417.25696546821905,973.454158487068,384.94540035834444,-,-,0.1784,0.1221,-0.9764,0.1626,0.1157,-0.9799,0,-,-,-,-,-,-,-,-,-,-,-,-,-,-,
65945,2770127.228,18:10:35:719,Trial022,vole triste vs joie1.avi,58,DarkKhaki,94.6728,Eye,9,9,,,1015.9059684000598,436.43273252337,995.7356061835578,353.52562035819085,-,-,0.1821,0.1219,-0.9757,0.1729,0.1201,-0.9776,0,-,-,-,-,-,-,-,-,-,-,-,-,-,-,
65949,2770194.009,18:10:35:786,Trial022,vole triste vs joie1.avi,58,DarkKhaki,94.6728,Eye,9,10,,,1038.6529789156084,361.33692265328256,1007.8984716496843,396.64130963426794,-,-,0.1966,0.0735,-0.9777,0.171,0.0759,-0.9823,0,-,-,-,-,-,-,-,-,-,-,-,-,-,-,
65953,2770260.79,18:10:35:853,Trial022,vole triste vs joie1.avi,58,DarkKhaki,94.6728,Eye,9,10,,,843.1928983819221,342.3311807540748,1027.360346521595,424.16852085905066,-,-,0.197,0.0756,-0.9775,0.1689,0.0804,-0.9824,0,-,-,-,-,-,-,-,-,-,-,-,-,-,-,
65957,2770327.578,18:10:35:920,Trial022,vole triste vs joie1.avi,58,DarkKhaki,94.6728,Eye,10,10,,,894.9645774244442,399.28512601534914,1038.5243082960858,329.8798808819864,-,-,0.1952,0.0832,-0.9772,0.1701,0.0806,-0.9821,0,-,-,-,-,-,-,-,-,-,-,-,-,-,-,
65961,2770394.367,18:10:35:986,Trial022,vole triste vs joie1.avi,58,DarkKhaki,94.6728,Eye,11,11,,,938.905559759329,371.0078264868808,1038.0786294808029,310.2804950437243,-,-,0.1785,0.1404,-0.9739,0.1603,0.1489,-0.9758,0,-,-,-,-,-,-,-,-,-,-,-,-,-,-,
65965,2770461.155,18:10:36:053,Trial022,vole triste vs joie1.avi,58,DarkKhaki,94.6728,Eye,11,11,,,966.1688081595742,323.35581629771093,1032.5039503181424,473.33546723649135,-,-,0.1738,0.1323,-0.9759,0.1443,0.1387,-0.9798,0,-,-,-,-,-,-,-,-,-,-,-,-,-,-,
65969,2770527.944,18:10:36:120,Trial022,vole triste vs joie1.avi,58,DarkKhaki,94.6728,Eye,11,11,,,986.5183772163787,370.83405942285555,1034.413974022183,387.56246041486526,-,-,0.1713,0.1469,-0.9742,0.1575,0.1395,-0.9776,0,-,-,-,-,-,-,-,-,-,-,-,-,-,-,
65973,2770594.732,18:10:36:187,Trial022,vole triste vs joie1.avi,58,DarkKhaki,94.6728,Eye,11,11,,,997.7280949328538,340.03377735519217,1017.0722397497121,402.13619640270446,-,-,0.1714,0.145,-0.9745,0.1569,0.1479,-0.9765,0,-,-,-,-,-,-,-,-,-,-,-,-,-,-,
65977,2770661.521,18:10:36:253,Trial022,vole triste vs joie1.avi,58,DarkKhaki,94.6728,Eye,11,11,,,1008.9687976826597,421.12245969523156,1026.3095394070465,374.1458447636313,-,-,0.1641,0.1457,-0.9756,0.1579,0.1493,-0.9761,0,-,-,-,-,-,-,-,-,-,-,-,-,-,-,
65981,2770728.298,18:10:36:320,Trial022,vole triste vs joie1.avi,58,DarkKhaki,94.6728,Eye,12,12,,,1022.9388036909718,387.0102605006577,1032.4884468827927,393.32065992561724,-,-,0.1732,0.0794,-0.9817,0.1592,0.0918,-0.983,0,-,-,-,-,-,-,-,-,-,-,-,-,-,-,
65985,2770795.071,18:10:36:387,Trial022,vole triste vs joie1.avi,58,DarkKhaki,94.6728,Eye,12,12,,,1043.2482617433961,370.55551298055525,1048.2576352613669,455.83642235169225,-,-,0.1794,0.0809,-0.9805,0.1678,0.0947,-0.9813,0,-,-,-,-,-,-,-,-,-,-,-,-,-,-,
65989,2770861.844,18:10:36:454,Trial022,vole triste vs joie1.avi,58,DarkKhaki,94.6728,Eye,12,12,,,1045.4538373282976,417.6653645428661,1044.810777601943,383.5627456564929,-,-,0.178,0.0977,-0.9792,0.1566,0.0848,-0.984,0,-,-,-,-,-,-,-,-,-,-,-,-,-,-,
65993,2770928.617,18:10:36:521,Trial022,vole triste vs joie1.avi,58,DarkKhaki,94.6728,Eye,12,12,,,1050.9505699783165,393.67610036697926,1045.4988568797203,398.62289247024904,-,-,0.1764,0.0837,-0.9808,0.1508,0.0796,-0.9854,0,-,-,-,-,-,-,-,-,-,-,-,-,-,-,
65997,2770995.39,18:10:36:587,Trial022,vole triste vs joie1.avi,58,DarkKhaki,94.6728,Eye,12,12,,,1050.9642546588557,422.7826680538955,1044.7486108574242,403.82470941389954,-,-,0.1733,0.091,-0.9807,0.1597,0.08,-0.9839,0,-,-,-,-,-,-,-,-,-,-,-,-,-,-,
66001,2771062.163,18:10:36:654,Trial022,vole triste vs joie1.avi,58,DarkKhaki,94.6728,Eye,12,12,,,1057.3443646191477,396.8218029129169,1042.4787054513672,402.81941593666386,-,-,0.1742,0.0904,-0.9805,0.1453,0.0843,-0.9858,0,-,-,-,-,-,-,-,-,-,-,-,-,-,-,
66005,2771128.936,18:10:36:721,Trial022,vole triste vs joie1.avi,58,DarkKhaki,94.6728,Eye,12,12,,,1051.8152923608643,381.01750229736774,1042.1496628345003,394.39199701568674,-,-,0.176,0.0994,-0.9794,0.1507,0.0903,-0.9844,0,-,-,-,-,-,-,-,-,-,-,-,-,-,-,
66009,2771195.706,18:10:36:788,Trial022,vole triste vs joie1.avi,58,DarkKhaki,0.0,Eye,12,13,,,1047.6684881671517,384.7187588953138,1041.90288087185,410.40308520067094,-,-,0.1732,0.0922,-0.9806,0.1417,0.0804,-0.9866,0,-,-,-,-,-,-,-,-,-,-,-,-,-,-,
66013,2771262.477,18:10:36:854,Trial022,vole triste vs joie1.avi,58,DarkKhaki,0.0,Eye,12,13,,,1044.5583850218675,366.741776857255,1041.7177943998622,474.5373744663715,-,-,0.1694,0.1024,-0.9802,0.1592,0.0932,-0.9828,0,-,-,-,-,-,-,-,-,-,-,-,-,-,-,
66017,2771329.247,18:10:36:921,Trial022,vole triste vs joie1.avi,58,DarkKhaki,0.0,Eye,13,14,,,1042.2258076629041,382.270471208114,1041.5789795458716,429.1275003068431,-,-,0.1659,0.1875,-0.9682,0.1467,0.1808,-0.9725,0,-,-,-,-,-,-,-,-,-,-,-,-,-,-,
66021,2771396.017,18:10:36:988,Trial022,vole triste vs joie1.avi,58,DarkKhaki,0.0,Eye,13,14,,,,,,,-,-,0.163,0.1796,-0.9702,0.152,0.1776,-0.9723,0,-,-,-,-,-,-,-,-,-,-,-,-,-,-,
66025,2771462.788,18:10:37:055,Trial022,vole triste vs joie1.avi,58,DarkKhaki,0.0,Eye,13,14,,,,,,,-,-,0.1654,0.1823,-0.9692,0.1501,0.1868,-0.9709,0,-,-,-,-,-,-,-,-,-,-,-,-,-,-,
66029,2771529.557,18:10:37:122,Trial022,vole triste vs joie1.avi,58,DarkKhaki,0.0,Eye,13,14,,,,,,,-,-,0.1684,0.1848,-0.9683,0.1461,0.1843,-0.972,0,-,-,-,-,-,-,-,-,-,-,-,-,-,-,
66033,2771596.322,18:10:37:188,Trial022,vole triste vs joie1.avi,58,DarkKhaki,0.0,Eye,14,15,,,,,,,-,-,-0.0007,0.1817,-0.9834,-0.0148,0.1761,-0.9843,0,-,-,-,-,-,-,-,-,-,-,-,-,-,-,
66037,2771663.087,18:10:37:255,Trial022,vole triste vs joie1.avi,58,DarkKhaki,0.0,Eye,14,15,,,,,,,-,-,0.0097,0.1783,-0.9839,-0.0121,0.168,-0.9857,0,-,-,-,-,-,-,-,-,-,-,-,-,-,-,
66041,2771729.853,18:10:37:322,Trial022,vole triste vs joie1.avi,58,DarkKhaki,0.0,Eye,14,15,,,,,,,-,-,0.0086,0.1756,-0.9844,-0.0094,0.1656,-0.9861,0,-,-,-,-,-,-,-,-,-,-,-,-,-,-,
66045,2771796.618,18:10:37:389,Trial022,vole triste vs joie1.avi,58,DarkKhaki,0.0,Eye,14,15,,,,,,,-,-,0.0026,0.1731,-0.9849,0.0012,0.1774,-0.9841,0,-,-,-,-,-,-,-,-,-,-,-,-,-,-,
66049,2771863.383,18:10:37:455,Trial022,vole triste vs joie1.avi,58,DarkKhaki,0.0,Eye,15,16,,,,,,,-,-,-0.0337,0.2037,-0.9785,-0.052,0.2028,-0.9778,0,-,-,-,-,-,-,-,-,-,-,-,-,-,-,
66053,2771930.148,18:10:37:522,Trial022,vole triste vs joie1.avi,58,DarkKhaki,0.0,Eye,15,16,,,,,,,-,-,-0.0452,0.2082,-0.977,-0.0487,0.1961,-0.9794,0,-,-,-,-,-,-,-,-,-,-,-,-,-,-,
66057,2771996.908,18:10:37:589,Trial022,vole triste vs joie1.avi,58,DarkKhaki,0.0,Eye,15,16,,,,,,,-,-,-0.0377,0.2056,-0.9779,-0.0465,0.2048,-0.9777,0,-,-,-,-,-,-,-,-,-,-,-,-,-,-,
66061,2772063.662,18:10:37:656,Trial022,vole triste vs joie1.avi,58,DarkKhaki,94.6728,Eye,15,16,,,720.6408705407839,340.71682648018157,754.3067455611621,349.547923217507,-,-,-0.0409,0.2134,-0.9761,-0.0429,0.2013,-0.9786,0,-,-,-,-,-,-,-,-,-,-,-,-,-,-,
66065,2772130.417,18:10:37:722,Trial022,vole triste vs joie1.avi,58,DarkKhaki,94.6728,Eye,16,17,,,661.9635495538187,398.4145549160657,686.763983696358,381.2401985579595,-,-,-0.1722,0.1577,-0.9724,-0.1698,0.1613,-0.9722,0,-,-,-,-,-,-,-,-,-,-,-,-,-,-,
66069,2772197.171,18:10:37:789,Trial022,vole triste vs joie1.avi,58,DarkKhaki,94.6728,Eye,16,17,,,619.8870885934326,372.87617930049737,633.4759676664974,379.9476267464083,-,-,-0.1645,0.1609,-0.9732,-0.1784,0.1638,-0.9702,0,-,-,-,-,-,-,-,-,-,-,-,-,-,-,
66073,2772263.925,18:10:37:856,Trial022,vole triste vs joie1.avi,58,DarkKhaki,94.6728,Eye,16,17,,,586.53897039357,401.5285625908749,586.0952511087534,408.08026521577875,-,-,-0.1643,0.1572,-0.9738,-0.178,0.1739,-0.9685,0,-,-,-,-,-,-,-,-,-,-,-,-,-,-,
66077,2772330.679,18:10:37:923,Trial022,vole triste vs joie1.avi,58,DarkKhaki,94.6728,Eye,16,17,,,551.0660803272641,341.9697422856122,554.6946962085594,379.9753949453218,-,-,-0.1547,0.1593,-0.975,-0.1634,0.1776,-0.9704,0,-,-,-,-,-,-,-,-,-,-,-,-,-,-,
66081,2772397.448,18:10:37:989,Trial022,vole triste vs joie1.avi,58,DarkKhaki,94.6728,Eye,17,18,,,579.8774822598341,345.0350359467538,576.7501992507505,358.15651750620464,-,-,-0.035,0.1544,-0.9874,-0.0501,0.1642,-0.9852,0,-,-,-,-,-,-,-,-,-,-,-,-,-,-,
66085,2772464.22,18:10:38:056,Trial022,vole triste vs joie1.avi,58,DarkKhaki,94.6728,Eye,17,18,,,608.0840572540296,394.48524868777434,600.4253213785423,379.29468265337755,-,-,-0.0315,0.1612,-0.9864,-0.0542,0.1583,-0.9859,0,-,-,-,-,-,-,-,-,-,-,-,-,-,-,
66089,2772530.993,18:10:38:123,Trial022,vole triste vs joie1.avi,58,DarkKhaki,94.6728,Eye,17,19,,,627.7770480970947,404.8546935332935,611.705823139753,331.51806231872087,-,-,-0.0303,0.1538,-0.9876,-0.0498,0.1576,-0.9862,0,-,-,-,-,-,-,-,-,-,-,-,-,-,-,
66093,2772597.766,18:10:38:190,Trial022,vole triste vs joie1.avi,58,DarkKhaki,94.6728,Eye,17,19,,,643.8052664655714,431.8765322076222,619.0266750366244,417.0951766654319,-,-,-0.0307,0.1482,-0.9885,-0.0567,0.1577,-0.9859,0,-,-,-,-,-,-,-,-,-,-,-,-,-,-,
66097,2772664.538,18:10:38:257,Trial022,vole triste vs joie1.avi,58,DarkKhaki,94.6728,Eye,17,19,,,657.6010316769347,399.4024936545902,636.9918219402362,401.96741063695504,-,-,-0.0283,0.1523,-0.9879,-0.051,0.1617,-0.9855,0,-,-,-,-,-,-,-,-,-,-,-,-,-,-,
66101,2772731.311,18:10:38:323,Trial022,vole triste vs joie1.avi,58,DarkKhaki,94.6728,Eye,18,20,,,710.0265504388701,431.32718457972095,681.7860874162815,394.2746356385644,-,-,0.0655,0.096,-0.9932,0.0277,0.0992,-0.9947,0,-,-,-,-,-,-,-,-,-,-,-,-,-,-,
66105,2772798.084,18:10:38:390,Trial022,vole triste vs joie1.avi,58,DarkKhaki,94.6728,Eye,18,20,,,737.777545214648,437.8479194101138,715.7794174250679,401.1568008699803,-,-,0.0435,0.0867,-0.9953,0.0337,0.1028,-0.9941,0,-,-,-,-,-,-,-,-,-,-,-,-,-,-,
66109,2772864.867,18:10:38:457,Trial022,vole triste vs joie1.avi,58,DarkKhaki,94.6728,Eye,18,20,,,760.5775210988319,443.6447333314488,744.8711092773474,386.8655807862803,-,-,0.0474,0.0933,-0.9945,0.0303,0.1129,-0.9931,0,-,-,-,-,-,-,-,-,-,-,-,-,-,-,
66113,2772931.653,18:10:38:524,Trial022,vole triste vs joie1.avi,58,DarkKhaki,94.6728,Eye,18,20,,,787.8991348558714,462.7888815648712,766.5177314322294,401.3498218261142,-,-,0.0474,0.0884,-0.995,0.0289,0.1033,-0.9942,0,-,-,-,-,-,-,-,-,-,-,-,-,-,-,
66117,2772998.439,18:10:38:590,Trial022,vole triste vs joie1.avi,58,DarkKhaki,94.6728,Eye,18,20,,,798.842927615247,485.8167993044084,774.3517067394904,409.84263862662914,-,-,0.0532,0.1054,-0.993,0.0345,0.0949,-0.9949,0,-,-,-,-,-,-,-,-,-,-,-,-,-,-,
66121,2773065.226,18:10:38:657,Trial022,vole triste vs joie1.avi,58,DarkKhaki,94.6728,Eye,18,20,,,801.6832937214621,450.2288748349217,782.5043672248446,434.2614619697547,-,-,0.0474,0.1074,-0.9931,0.0247,0.0951,-0.9952,0,-,-,-,-,-,-,-,-,-,-,-,-,-,-,
66125,2773132.012,18:10:38:724,Trial022,vole triste vs joie1.avi,58,DarkKhaki,94.6728,Eye,18,20,,,806.0696685725575,440.8448060422747,783.6387671725189,422.7732151907278,-,-,0.052,0.1118,-0.9924,0.0377,0.0914,-0.9951,0,-,-,-,-,-,-,-,-,-,-,-,-,-,-,
66129,2773198.797,18:10:38:791,Trial022,vole triste vs joie1.avi,58,DarkKhaki,94.6728,Eye,18,20,,,808.6217971627889,346.2929911766514,792.6047248275927,403.1440660264746,-,-,0.043,0.0968,-0.9944,0.0283,0.094,-0.9952,0,-,-,-,-,-,-,-,-,-,-,-,-,-,-,
66133,2773265.574,18:10:38:858,Trial022,vole triste vs joie1.avi,58,DarkKhaki,94.6728,Eye,18,20,,,807.9534315080524,529.0211386807151,794.9165994922055,444.7409365453802,-,-,0.0495,0.1271,-0.9907,0.0285,0.1181,-0.9926,0,-,-,-,-,-,-,-,-,-,-,-,-,-,-,
66137,2773332.352,18:10:38:924,Trial022,vole triste vs joie1.avi,58,DarkKhaki,94.6728,Eye,18,20,,,805.8951350076018,415.41738514787704,803.1324728805741,425.31371768476623,-,-,0.0472,0.1207,-0.9916,0.0276,0.1123,-0.9933,0,-,-,-,-,-,-,-,-,-,-,-,-,-,-,
66141,2773399.129,18:10:38:991,Trial022,vole triste vs joie1.avi,58,DarkKhaki,94.6728,Eye,19,20,,,811.2378768531563,471.1687721911983,800.3733693701172,393.4753189294854,-,-,0.0539,0.1205,-0.9913,0.0254,0.1192,-0.9925,0,-,-,-,-,-,-,-,-,-,-,-,-,-,-,
66145,2773465.907,18:10:39:058,Trial022,vole triste vs joie1.avi,58,DarkKhaki,94.6728,Eye,19,20,,,814.5836901808761,427.69785903547984,798.4557211614402,391.1623604389164,-,-,0.0471,0.1314,-0.9902,0.0257,0.1205,-0.9924,0,-,-,-,-,-,-,-,-,-,-,-,-,-,-,
66149,2773532.685,18:10:39:125,Trial022,vole triste vs joie1.avi,58,DarkKhaki,94.6728,Eye,19,20,,,815.382259008446,413.97263726596486,803.0599396615501,429.1261128046557,-,-,0.0476,0.1187,-0.9918,0.0275,0.122,-0.9921,0,-,-,-,-,-,-,-,-,-,-,-,-,-,-,
66153,2773599.462,18:10:39:191,Trial022,vole triste vs joie1.avi,58,DarkKhaki,94.6728,Eye,19,20,,,816.4053496921446,365.1990197298948,798.3326227854634,458.0900593302171,-,-,0.05,0.1174,-0.9918,0.0291,0.1209,-0.9922,0,-,-,-,-,-,-,-,-,-,-,-,-,-,-,
66157,2773666.24,18:10:39:258,Trial022,vole triste vs joie1.avi,58,DarkKhaki,94.6728,Eye,19,21,,,817.5271046475493,399.6298318918276,801.4299666966256,460.59603036251565,-,-,0.0463,0.1332,-0.99,0.0291,0.1326,-0.9907,0,-,-,-,-,-,-,-,-,-,-,-,-,-,-,
66161,2773733.022,18:10:39:325,Trial022,vole triste vs joie1.avi,58,DarkKhaki,94.6728,Eye,19,21,,,816.7583688109407,443.5719244329948,796.0601039031942,470.73565434306096,-,-,0.0437,0.1364,-0.9897,0.0263,0.1314,-0.991,0,-,-,-,-,-,-,-,-,-,-,-,-,-,-,
66165,2773799.805,18:10:39:392,Trial022,vole triste vs joie1.avi,58,DarkKhaki,94.6728,Eye,19,21,,,814.8820970927499,408.95378664069847,796.4580727150524,429.94790199940064,-,-,0.0425,0.1328,-0.9902,0.0298,0.1323,-0.9908,0,-,-,-,-,-,-,-,-,-,-,-,-,-,-,
66169,2773866.587,18:10:39:459,Trial022,vole triste vs joie1.avi,58,DarkKhaki,94.6728,Eye,19,22,,,812.0258402961243,391.0929844870707,789.8825765294608,339.7396986382805,-,-,0.0184,0.2015,-0.9793,-0.0128,0.1998,-0.9798,0,-,-,-,-,-,-,-,-,-,-,-,-,-,-,
66173,2773933.37,18:10:39:525,Trial022,vole triste vs joie1.avi,58,DarkKhaki,94.6728,Eye,20,22,,,793.5264003453823,469.85943680211375,778.1484686782433,426.81475726514975,-,-,0.0051,0.2212,-0.9752,-0.0149,0.2091,-0.9778,0,-,-,-,-,-,-,-,-,-,-,-,-,-,-,
66177,2774000.152,18:10:39:592,Trial022,vole triste vs joie1.avi,58,DarkKhaki,94.6728,Eye,20,22,,,786.5422561777943,331.21733747988407,769.206690758595,406.448346347975,-,-,0.0022,0.2229,-0.9748,-0.017,0.2144,-0.9766,0,-,-,-,-,-,-,-,-,-,-,-,-,-,-,
66181,2774066.93,18:10:39:659,Trial022,vole triste vs joie1.avi,58,DarkKhaki,94.6728,Eye,20,22,,,776.3897707772792,369.68341816900096,758.4286336677734,323.2500834387723,-,-,-0.003,0.2235,-0.9747,-0.0196,0.203,-0.979,0,-,-,-,-,-,-,-,-,-,-,-,-,-,-,
66185,2774133.706,18:10:39:726,Trial022,vole triste vs joie1.avi,58,DarkKhaki,94.6728,Eye,20,22,,,764.5588785247205,343.6279646501672,748.4161648460869,392.7758903522069,-,-,0.0015,0.2235,-0.9747,-0.0112,0.2093,-0.9778,0,-,-,-,-,-,-,-,-,-,-,-,-,-,-,
66189,2774200.483,18:10:39:792,Trial022,vole triste vs joie1.avi,58,DarkKhaki,94.6728,Eye,20,22,,,753.0132796077742,401.440392207089,735.2616417711677,461.7429594612398,-,-,-0.023,0.226,-0.9739,-0.0427,0.2173,-0.9752,0,-,-,-,-,-,-,-,-,-,-,-,-,-,-,
66193,2774267.259,18:10:39:859,Trial022,vole triste vs joie1.avi,58,DarkKhaki,94.6728,Eye,21,23,,,749.3172038170031,293.8695374552276,717.9832225015218,382.12670575812695,-,-,-0.0258,0.2344,-0.9718,-0.0424,0.2231,-0.9739,0,-,-,-,-,-,-,-,-,-,-,-,-,-,-,
66197,2774334.035,18:10:39:926,Trial022,vole triste vs joie1.avi,58,DarkKhaki,94.6728,Eye,21,23,,,730.0469419960532,282.52925928066134,713.9794414616247,397.5677025617022,-,-,-0.0343,0.2321,-0.9721,-0.0441,0.2182,-0.9749,0,-,-,-,-,-,-,-,-,-,-,-,-,-,-,
66201,2774400.811,18:10:39:993,Trial022,vole triste vs joie1.avi,58,DarkKhaki,94.6728,Eye,21,23,,,722.2285694262423,355.34337129495617,713.1416193383368,392.63472996515355,-,-,-0.0266,0.2301,-0.9728,-0.0374,0.2245,-0.9737,0,-,-,-,-,-,-,-,-,-,-,-,-,-,-,
66205,2774467.587,18:10:40:060,Trial022,vole triste vs joie1.avi,58,DarkKhaki,94.6728,Eye,21,23,,,720.896886517665,414.0969916148489,709.8097882491242,424.1910974800801,-,-,-0.0018,0.2455,-0.9694,-0.0129,0.2294,-0.9732,0,-,-,-,-,-,-,-,-,-,-,-,-,-,-,
66209,2774534.361,18:10:40:126,Trial022,vole triste vs joie1.avi,58,DarkKhaki,94.6728,Eye,21,23,,,726.4558752863611,420.88234655235533,703.061291577806,358.5877275974636,-,-,-0.0042,0.2419,-0.9703,-0.0188,0.2235,-0.9745,0,-,-,-,-,-,-,-,-,-,-,-,-,-,-,
66213,2774601.126,18:10:40:193,Trial022,vole triste vs joie1.avi,58,DarkKhaki,94.6728,Eye,22,24,,,736.238360175936,331.4312017854636,712.8145267764645,306.9327148999073,-,-,-0.0003,0.2408,-0.9706,-0.0091,0.2279,-0.9737,0,-,-,-,-,-,-,-,-,-,-,-,-,-,-,
66217,2774667.891,18:10:40:260,Trial022,vole triste vs joie1.avi,58,DarkKhaki,94.6728,Eye,22,24,,,728.721250267942,368.58673516400404,716.8157396433622,366.40771061245084,-,-,-0.0037,0.2419,-0.9703,-0.012,0.2233,-0.9747,0,-,-,-,-,-,-,-,-,-,-,-,-,-,-,
66221,2774734.657,18:10:40:327,Trial022,vole triste vs joie1.avi,58,DarkKhaki,0.0,Eye,22,24,,,723.0834178369465,400.4335414862649,719.8166492935354,287.65366165764044,-,-,-0.027,0.2409,-0.9702,-0.0352,0.2352,-0.9713,0,-,-,-,-,-,-,-,-,-,-,-,-,-,-,
66225,2774801.422,18:10:40:393,Trial022,vole triste vs joie1.avi,58,DarkKhaki,0.0,Eye,22,24,,,718.8550435136999,380.1828694823954,722.0673315311653,310.80251540969584,-,-,-0.0295,0.2382,-0.9708,-0.029,0.2385,-0.9707,0,-,-,-,-,-,-,-,-,-,-,-,-,-,-,
66229,2774868.185,18:10:40:460,Trial022,vole triste vs joie1.avi,58,DarkKhaki,0.0,Eye,22,24,,,715.6837627712649,428.00075914928834,723.7553432093878,312.0264057880944,-,-,-0.0198,0.2368,-0.9713,-0.0286,0.2301,-0.9728,0,-,-,-,-,-,-,-,-,-,-,-,-,-,-,
66233,2774934.943,18:10:40:527,Trial022,vole triste vs joie1.avi,58,DarkKhaki,94.6728,Eye,22,24,,,709.7993912727296,376.1081782128301,718.5141755673245,356.24124628218806,-,-,-0.0255,0.2438,-0.9695,-0.0273,0.2279,-0.9733,0,-,-,-,-,-,-,-,-,-,-,-,-,-,-,
66237,2775001.701,18:10:40:594,Trial022,vole triste vs joie1.avi,58,DarkKhaki,94.6728,Eye,22,24,,,711.8890836734824,359.0112730960894,721.7741822190146,383.6247358892416,-,-,-0.0095,0.2407,-0.9706,-0.0163,0.2363,-0.9715,0,-,-,-,-,-,-,-,-,-,-,-,-,-,-,
66241,2775068.458,18:10:40:660,Trial022,vole triste vs joie1.avi,58,DarkKhaki,94.6728,Eye,22,24,,,703.4864256573211,356.77144108259296,713.7219065051535,368.37265503717236,-,-,-0.0105,0.2378,-0.9713,-0.0136,0.2303,-0.973,0,-,-,-,-,-,-,-,-,-,-,-,-,-,-,
66245,2775135.216,18:10:40:727,Trial022,vole triste vs joie1.avi,58,DarkKhaki,94.6728,Eye,22,24,,,713.879969247632,368.8652908419167,707.8507959681652,398.3249873122394,-,-,-0.0044,0.2338,-0.9723,-0.0066,0.2336,-0.9723,0,-,-,-,-,-,-,-,-,-,-,-,-,-,-,
66249,2775201.974,18:10:40:794,Trial022,vole triste vs joie1.avi,58,DarkKhaki,94.6728,Eye,22,24,,,718.0723382907902,319.1416843960664,712.5035314852795,299.03468044554035,-,-,-0.0071,0.2417,-0.9703,-0.0061,0.2295,-0.9733,0,-,-,-,-,-,-,-,-,-,-,-,-,-,-,
66253,2775268.731,18:10:40:861,Trial022,vole triste vs joie1.avi,58,DarkKhaki,94.6728,Eye,22,24,,,707.5034568694044,270.08471412683764,713.4924057995195,361.8314663369528,-,-,-0.0196,0.2334,-0.9722,-0.0292,0.2292,-0.973,0,-,-,-,-,-,-,-,-,-,-,-,-,-,-,
66257,2775335.489,18:10:40:927,Trial022,vole triste vs joie1.avi,58,DarkKhaki,94.6728,Eye,22,24,,,706.4932711081188,322.22043708004236,714.5261667396985,342.7429240014333,-,-,-0.018,0.2371,-0.9713,-0.0256,0.2314,-0.9725,0,-,-,-,-,-,-,-,-,-,-,-,-,-,-,
66261,2775402.247,18:10:40:994,Trial022,vole triste vs joie1.avi,58,DarkKhaki,94.6728,Eye,22,24,,,700.1769309363083,382.85254998409846,721.4575602787161,371.8140113551507,-,-,-0.0012,0.2398,-0.9708,-0.0026,0.2305,-0.9731,0,-,-,-,-,-,-,-,-,-,-,-,-,-,-,
66265,2775469.005,18:10:41:061,Trial022,vole triste vs joie1.avi,58,DarkKhaki,94.6728,Eye,22,24,,,717.5411803908157,355.9794453461607,719.8050364445357,366.158876496482,-,-,0.0013,0.2282,-0.9736,-0.0014,0.2322,-0.9727,0,-,-,-,-,-,-,-,-,-,-,-,-,-,-,
66269,2775535.763,18:10:41:128,Trial022,vole triste vs joie1.avi,58,DarkKhaki,94.6728,Eye,22,24,,,720.8376769256324,455.59757306906084,724.2665681660375,355.4152692717828,-,-,0.0026,0.2317,-0.9728,-0.0075,0.2316,-0.9728,0,-,-,-,-,-,-,-,-,-,-,-,-,-,-,
66273,2775602.521,18:10:41:194,Trial022,vole triste vs joie1.avi,58,DarkKhaki,94.6728,Eye,23,24,,,729.5476495253566,352.6549814973784,724.9201695058125,412.554116009047,-,-,-0.0025,0.2343,-0.9722,0.008,0.2306,-0.973,0,-,-,-,-,-,-,-,-,-,-,-,-,-,-,
66277,2775669.278,18:10:41:261,Trial022,vole triste vs joie1.avi,58,DarkKhaki,94.6728,Eye,23,24,,,730.1674875398178,369.1552709924677,725.3328394539433,342.6233465255834,-,-,0.0077,0.2338,-0.9723,-0.0007,0.2287,-0.9735,0,-,-,-,-,-,-,-,-,-,-,-,-,-,-,
66281,2775736.054,18:10:41:328,Trial022,vole triste vs joie1.avi,58,DarkKhaki,94.6728,Eye,23,24,,,744.2167289459302,380.41489812259846,726.8578820883448,362.7386711883544,-,-,0.0006,0.2445,-0.9697,-0.0066,0.2232,-0.9747,0,-,-,-,-,-,-,-,-,-,-,-,-,-,-,
66285,2775802.835,18:10:41:395,Trial022,vole triste vs joie1.avi,58,DarkKhaki,94.6728,Eye,23,25,,,740.4102468157521,307.99817435557253,727.1314177092605,394.1364751919423,-,-,-0.0202,0.2418,-0.9701,-0.028,0.2323,-0.9722,0,-,-,-,-,-,-,-,-,-,-,-,-,-,-,
66289,2775869.616,18:10:41:462,Trial022,vole triste vs joie1.avi,58,DarkKhaki,94.6728,Eye,23,25,,,730.057776972373,332.18186159973357,720.4805379619734,327.5846458647448,-,-,-0.0238,0.2434,-0.9696,-0.0279,0.2336,-0.9719,0,-,-,-,-,-,-,-,-,-,-,-,-,-,-,
66293,2775936.397,18:10:41:528,Trial022,vole triste vs joie1.avi,58,DarkKhaki,94.6728,Eye,23,25,,,726.265890980878,330.70248344078817,717.1715523227213,387.582826349788,-,-,-0.0169,0.243,-0.9699,-0.0232,0.2337,-0.972,0,-,-,-,-,-,-,-,-,-,-,-,-,-,-,
66297,2776003.178,18:10:41:595,Trial022,vole triste vs joie1.avi,58,DarkKhaki,94.6728,Eye,23,25,,,717.5517457329024,309.3484450373533,707.1176984766824,337.4551150335382,-,-,-0.0199,0.2426,-0.9699,-0.0264,0.2363,-0.9713,0,-,-,-,-,-,-,-,-,-,-,-,-,-,-,
66301,2776069.959,18:10:41:662,Trial022,vole triste vs joie1.avi,58,DarkKhaki,94.6728,Eye,23,25,,,719.2735431598736,395.1550496532961,704.9778363275528,312.7506873951378,-,-,-0.0207,0.2454,-0.9692,-0.0191,0.2307,-0.9728,0,-,-,-,-,-,-,-,-,-,-,-,-,-,-,
66305,2776136.74,18:10:41:729,Trial022,vole triste vs joie1.avi,58,DarkKhaki,94.6728,Eye,23,25,,,719.884148660655,337.2910808499866,707.3228854927507,395.1146982552432,-,-,-0.009,0.24,-0.9707,-0.0226,0.244,-0.9695,0,-,-,-,-,-,-,-,-,-,-,-,-,-,-,
66309,2776203.521,18:10:41:795,Trial022,vole triste vs joie1.avi,58,DarkKhaki,94.6728,Eye,23,25,,,724.0371419585364,366.3519649728441,707.9190779401575,335.63315520067755,-,-,-0.0109,0.2415,-0.9703,-0.0158,0.2335,-0.9722,0,-,-,-,-,-,-,-,-,-,-,-,-,-,-,
66313,2776270.3,18:10:41:862,Trial022,vole triste vs joie1.avi,58,DarkKhaki,94.6728,Eye,23,25,,,732.2758929310011,372.8821993647342,707.6226816381007,418.6926427524777,-,-,-0.0019,0.2416,-0.9704,-0.0105,0.2428,-0.97,0,-,-,-,-,-,-,-,-,-,-,-,-,-,-,
66317,2776337.079,18:10:41:929,Trial022,vole triste vs joie1.avi,58,DarkKhaki,94.6728,Eye,23,25,,,728.8214077608608,344.04893250201945,715.7084190251742,397.29888913125444,-,-,-0.005,0.2539,-0.9672,-0.0131,0.2354,-0.9718,0,-,-,-,-,-,-,-,-,-,-,-,-,-,-,
66321,2776403.857,18:10:41:996,Trial022,vole triste vs joie1.avi,58,DarkKhaki,94.6728,Eye,23,25,,,732.0838378640375,354.07309562445636,714.7575419716286,384.7386281418798,-,-,-0.0031,0.2382,-0.9712,-0.016,0.2324,-0.9725,0,-,-,-,-,-,-,-,-,-,-,-,-,-,-,
66325,2776470.635,18:10:42:063,Trial022,vole triste vs joie1.avi,58,DarkKhaki,94.6728,Eye,23,25,,,733.3453997304362,311.3903677830542,719.6388653468645,358.80085577645406,-,-,-0.0038,0.2374,-0.9714,-0.0188,0.2211,-0.9751,0,-,-,-,-,-,-,-,-,-,-,-,-,-,-,
66329,2776537.413,18:10:42:129,Trial022,vole triste vs joie1.avi,58,DarkKhaki,94.6728,Eye,23,25,,,743.0020368047486,348.23085296960295,722.3538402676758,337.40829755597565,-,-,0.0029,0.2329,-0.9725,-0.0048,0.2214,-0.9752,0,-,-,-,-,-,-,-,-,-,-,-,-,-,-,
66333,2776604.188,18:10:42:196,Trial022,vole triste vs joie1.avi,58,DarkKhaki,94.6728,Eye,23,26,,,746.115235020936,360.1585307300192,728.3184739461201,362.62157291209303,-,-,0.0064,0.2282,-0.9736,-0.0012,0.2178,-0.976,0,-,-,-,-,-,-,-,-,-,-,-,-,-,-,
66337,2776670.963,18:10:42:263,Trial022,vole triste vs joie1.avi,58,DarkKhaki,94.6728,Eye,24,26,,,751.7401509170843,282.63398550196666,730.168091230147,342.9768427094667,-,-,0.0088,0.2296,-0.9732,-0.0101,0.2218,-0.9751,0,-,-,-,-,-,-,-,-,-,-,-,-,-,-,
66341,2776737.739,18:10:42:330,Trial022,vole triste vs joie1.avi,58,DarkKhaki,94.6728,Eye,24,26,,,754.709976498074,326.11530468257257,742.6572017483369,340.17827699072933,-,-,-0.0076,0.2462,-0.9692,-0.0065,0.2295,-0.9733,0,-,-,-,-,-,-,-,-,-,-,-,-,-,-,
66345,2776804.514,18:10:42:396,Trial022,vole triste vs joie1.avi,58,DarkKhaki,94.6728,Eye,24,26,,,748.5446516570918,387.6049830157173,740.047716575286,392.6849675952637,-,-,0.001,0.2451,-0.9695,-0.0016,0.2387,-0.9711,0,-,-,-,-,-,-,-,-,-,-,-,-,-,-,
66349,2776871.289,18:10:42:463,Trial022,vole triste vs joie1.avi,58,DarkKhaki,94.6728,Eye,24,26,,,747.4287856332952,400.71775834583957,734.9551382980809,334.60529392232496,-,-,0.0073,0.2503,-0.9681,-0.0127,0.2313,-0.9728,0,-,-,-,-,-,-,-,-,-,-,-,-,-,-,
66353,2776938.064,18:10:42:530,Trial022,vole triste vs joie1.avi,58,DarkKhaki,94.6728,Eye,25,27,,,782.2518187686728,346.7185123444309,754.9760489815029,320.7866725787708,-,-,0.0906,0.1523,-0.9842,0.0663,0.141,-0.9878,0,-,-,-,-,-,-,-,-,-,-,-,-,-,-,
66357,2777004.84,18:10:42:597,Trial022,vole triste vs joie1.avi,58,DarkKhaki,94.6728,Eye,25,27,,,806.3560012809924,370.46157617239174,784.265564256385,308.44395093180185,-,-,0.1072,0.144,-0.9838,0.0817,0.1471,-0.9857,0,-,-,-,-,-,-,-,-,-,-,-,-,-,-,
66361,2777071.615,18:10:42:664,Trial022,vole triste vs joie1.avi,58,DarkKhaki,94.6728,Eye,25,27,,,834.2987184337318,357.2230923325107,805.0712751954161,433.1634814628834,-,-,0.1042,0.1429,-0.9842,0.0744,0.1434,-0.9869,0,-,-,-,-,-,-,-,-,-,-,-,-,-,-,
66365,2777138.402,18:10:42:730,Trial022,vole triste vs joie1.avi,58,DarkKhaki,94.6728,Eye,25,27,,,812.665229364328,351.83618363885086,778.2020491848632,394.7987115737204,-,-,0.0131,0.2174,-0.976,-0.0208,0.204,-0.9788,0,-,-,-,-,-,-,-,-,-,-,-,-,-,-,
66369,2777205.19,18:10:42:797,Trial022,vole triste vs joie1.avi,58,DarkKhaki,94.6728,Eye,26,28,,,780.1658263951895,352.7525669761568,745.9192947438962,347.23763295838626,-,-,-0.0406,0.2448,-0.9687,-0.0566,0.2258,-0.9725,0,-,-,-,-,-,-,-,-,-,-,-,-,-,-,
66373,2777271.977,18:10:42:864,Trial022,vole triste vs joie1.avi,58,DarkKhaki,94.6728,Eye,26,28,,,754.7064337359734,383.4981781842093,715.7231735157536,476.60009241506714,-,-,-0.0392,0.2453,-0.9687,-0.0627,0.233,-0.9705,0,-,-,-,-,-,-,-,-,-,-,-,-,-,-,
66377,2777338.765,18:10:42:931,Trial022,vole triste vs joie1.avi,58,DarkKhaki,94.6728,Eye,26,28,,,737.0586143209289,404.6126938208885,703.3555657295883,295.1278935450516,-,-,-0.0379,0.241,-0.9698,-0.0525,0.2327,-0.9711,0,-,-,-,-,-,-,-,-,-,-,-,-,-,-,
66381,2777405.542,18:10:42:998,Trial022,vole triste vs joie1.avi,58,DarkKhaki,94.6728,Eye,26,28,,,721.3794480447143,327.1873727620605,692.7621956837565,388.21014110210916,-,-,-0.0356,0.2442,-0.9691,-0.0445,0.2418,-0.9693,0,-,-,-,-,-,-,-,-,-,-,-,-,-,-,
66385,2777472.316,18:10:43:064,Trial022,vole triste vs joie1.avi,58,DarkKhaki,94.6728,Eye,26,28,,,706.8416798612143,274.7980769024212,685.0970455390799,354.053852251273,-,-,-0.044,0.2554,-0.9658,-0.0513,0.2493,-0.9671,0,-,-,-,-,-,-,-,-,-,-,-,-,-,-,
66389,2777539.09,18:10:43:131,Trial022,vole triste vs joie1.avi,58,DarkKhaki,94.6728,Eye,26,29,,,698.5299152367232,378.0091281342664,670.1348377182254,311.2925860207962,-,-,-0.0365,0.2604,-0.9648,-0.0424,0.2441,-0.9688,0,-,-,-,-,-,-,-,-,-,-,-,-,-,-,
66393,2777605.865,18:10:43:198,Trial022,vole triste vs joie1.avi,58,DarkKhaki,94.6728,Eye,26,29,,,692.3701026364499,348.74699713754484,660.9189296235727,331.10314244128136,-,-,-0.0301,0.2626,-0.9644,-0.0514,0.251,-0.9666,0,-,-,-,-,-,-,-,-,-,-,-,-,-,-,
66397,2777672.639,18:10:43:265,Trial022,vole triste vs joie1.avi,58,DarkKhaki,94.6728,Eye,26,29,,,686.6476454340162,349.9664514488521,660.5089188036834,367.4776172928481,-,-,-0.0304,0.2651,-0.9637,-0.039,0.2523,-0.9669,0,-,-,-,-,-,-,-,-,-,-,-,-,-,-,
66401,2777739.413,18:10:43:331,Trial022,vole triste vs joie1.avi,58,DarkKhaki,94.6728,Eye,26,29,,,685.2857291263241,383.784154565552,666.2050183353049,297.4080392015736,-,-,-0.026,0.2629,-0.9645,-0.0357,0.2553,-0.9662,0,-,-,-,-,-,-,-,-,-,-,-,-,-,-,
66405,2777806.187,18:10:43:398,Trial022,vole triste vs joie1.avi,58,DarkKhaki,94.6728,Eye,27,29,,,689.3754418291813,346.6213125476696,668.8042362523427,268.87733678374445,-,-,-0.0223,0.2635,-0.9644,-0.0299,0.2604,-0.965,0,-,-,-,-,-,-,-,-,-,-,-,-,-,-,
66409,2777872.961,18:10:43:465,Trial022,vole triste vs joie1.avi,58,DarkKhaki,94.6728,Eye,27,29,,,690.5737059226158,374.2942352375466,670.465615849463,282.24128294657453,-,-,-0.0164,0.2607,-0.9653,-0.0255,0.2648,-0.964,0,-,-,-,-,-,-,-,-,-,-,-,-,-,-,
66413,2777939.731,18:10:43:532,Trial022,vole triste vs joie1.avi,58,DarkKhaki,94.6728,Eye,27,29,,,690.5382949545456,377.6971850583305,670.22076047028,282.4503345900038,-,-,-0.0116,0.2675,-0.9635,-0.018,0.2622,-0.9649,0,-,-,-,-,-,-,-,-,-,-,-,-,-,-,
66417,2778006.486,18:10:43:598,Trial022,vole triste vs joie1.avi,58,DarkKhaki,94.6728,Eye,27,30,,,696.8569308346476,336.65415125367025,679.9035751025056,364.3186106014533,-,-,-0.0118,0.2722,-0.9622,-0.0211,0.2644,-0.9642,0,-,-,-,-,-,-,-,-,-,-,-,-,-,-,
66421,2778073.241,18:10:43:665,Trial022,vole triste vs joie1.avi,58,DarkKhaki,94.6728,Eye,27,30,,,707.1353943229268,357.8383725710458,688.4176559287793,330.6223979681922,-,-,-0.0029,0.2613,-0.9653,-0.0074,0.2592,-0.9658,0,-,-,-,-,-,-,-,-,-,-,-,-,-,-,
66425,2778139.996,18:10:43:732,Trial022,vole triste vs joie1.avi,58,DarkKhaki,94.6728,Eye,27,30,,,708.9280359301938,390.84220992383496,690.0320128053094,338.0008692673989,-,-,-0.0051,0.2662,-0.9639,-0.0037,0.2574,-0.9663,0,-,-,-,-,-,-,-,-,-,-,-,-,-,-,
66429,2778206.753,18:10:43:799,Trial022,vole triste vs joie1.avi,58,DarkKhaki,94.6728,Eye,27,30,,,709.9839257119597,357.0309579084834,697.992426836976,306.80648650245536,-,-,0.0051,0.2688,-0.9632,-0.0044,0.2658,-0.964,0,-,-,-,-,-,-,-,-,-,-,-,-,-,-,
66433,2778273.516,18:10:43:865,Trial022,vole triste vs joie1.avi,58,DarkKhaki,94.6728,Eye,28,30,,,708.7324479317933,316.7357824907487,704.086459070212,386.44932102643395,-,-,0.0124,0.2717,-0.9623,-0.0002,0.2552,-0.9669,0,-,-,-,-,-,-,-,-,-,-,-,-,-,-,
66437,2778340.278,18:10:43:932,Trial022,vole triste vs joie1.avi,58,DarkKhaki,94.6728,Eye,28,30,,,726.8861739122308,301.90425893021063,707.9533974002436,334.77945956611904,-,-,0.0083,0.2673,-0.9636,0.0049,0.255,-0.9669,0,-,-,-,-,-,-,-,-,-,-,-,-,-,-,
66441,2778407.041,18:10:43:999,Trial022,vole triste vs joie1.avi,58,DarkKhaki,94.6728,Eye,28,31,,,733.0080199016214,382.5990785865062,713.1141172330341,369.8798974569638,-,-,0.0223,0.261,-0.9651,0.0122,0.2603,-0.9655,0,-,-,-,-,-,-,-,-,-,-,-,-,-,-,
66445,2778473.804,18:10:44:066,Trial022,vole triste vs joie1.avi,58,DarkKhaki,94.6728,Eye,28,31,,,737.9556293199139,317.07994020352413,727.8772341171323,339.9612071560388,-,-,0.0208,0.2734,-0.9617,0.0161,0.2668,-0.9636,0,-,-,-,-,-,-,-,-,-,-,-,-,-,-,
66449,2778540.566,18:10:44:133,Trial022,vole triste vs joie1.avi,58,DarkKhaki,94.6728,Eye,28,31,,,744.8908064219358,327.75943952691813,737.6721374146705,318.32964949451633,-,-,0.03,0.2626,-0.9644,0.0144,0.267,-0.9636,0,-,-,-,-,-,-,-,-,-,-,-,-,-,-,
66453,2778607.329,18:10:44:199,Trial022,vole triste vs joie1.avi,58,DarkKhaki,94.6728,Eye,28,31,,,747.552910083431,302.81836372308516,744.9308882861105,312.0601349914742,-,-,0.0288,0.2712,-0.9621,0.0233,0.2623,-0.9647,0,-,-,-,-,-,-,-,-,-,-,-,-,-,-,
66457,2778674.092,18:10:44:266,Trial022,vole triste vs joie1.avi,58,DarkKhaki,94.6728,Eye,28,31,,,756.2402646584604,356.6235853435203,745.9090209414998,339.59709028610774,-,-,0.0314,0.2746,-0.9611,0.0203,0.2601,-0.9654,0,-,-,-,-,-,-,-,-,-,-,-,-,-,-,
66461,2778740.854,18:10:44:333,Trial022,vole triste vs joie1.avi,58,DarkKhaki,94.6728,Eye,28,31,,,761.8361378048581,347.20196269701324,757.2807126495591,365.48849239085575,-,-,0.0326,0.2658,-0.9635,0.0321,0.2658,-0.9635,0,-,-,-,-,-,-,-,-,-,-,-,-,-,-,
66465,2778807.626,18:10:44:400,Trial022,vole triste vs joie1.avi,58,DarkKhaki,94.6728,Eye,28,31,,,767.155145087708,352.79330449303575,768.2466267795108,280.50251210810814,-,-,0.0344,0.2627,-0.9643,0.0336,0.2677,-0.9629,0,-,-,-,-,-,-,-,-,-,-,-,-,-,-,
66469,2778874.407,18:10:44:466,Trial022,vole triste vs joie1.avi,58,DarkKhaki,94.6728,Eye,29,31,,,774.0608693659035,334.47316681712186,776.9470857326164,306.7039566351192,-,-,0.0374,0.2748,-0.9608,0.0281,0.2678,-0.9631,0,-,-,-,-,-,-,-,-,-,-,-,-,-,-,
66473,2778941.189,18:10:44:533,Trial022,vole triste vs joie1.avi,58,DarkKhaki,94.6728,Eye,29,31,,,779.4202961034534,372.5771477869129,775.7004768813194,338.15355799937396,-,-,0.041,0.2709,-0.9617,0.0378,0.2608,-0.9647,0,-,-,-,-,-,-,-,-,-,-,-,-,-,-,
66477,2779007.97,18:10:44:600,Trial022,vole triste vs joie1.avi,58,DarkKhaki,94.6728,Eye,30,32,,,799.2269734791507,361.6967531879668,793.3825690256753,342.0959311678865,-,-,0.071,0.1961,-0.978,0.0606,0.1826,-0.9813,0,-,-,-,-,-,-,-,-,-,-,-,-,-,-,
66481,2779074.753,18:10:44:667,Trial022,vole triste vs joie1.avi,58,DarkKhaki,94.6728,Eye,30,32,,,822.6185890083392,396.2181282774471,801.3128712566971,287.20623120231335,-,-,0.0765,0.1832,-0.9801,0.0704,0.1795,-0.9812,0,-,-,-,-,-,-,-,-,-,-,-,-,-,-,
66485,2779141.538,18:10:44:734,Trial022,vole triste vs joie1.avi,58,DarkKhaki,94.6728,Eye,30,32,,,824.609624632333,345.53149109053396,808.685706317066,337.03545197417577,-,-,0.0827,0.1853,-0.9792,0.0731,0.1761,-0.9816,0,-,-,-,-,-,-,-,-,-,-,-,-,-,-,
66489,2779208.322,18:10:44:800,Trial022,vole triste vs joie1.avi,58,DarkKhaki,94.6728,Eye,30,32,,,837.3885027934672,297.4971789054061,816.3361574428453,378.7785124004935,-,-,0.084,0.1782,-0.9804,0.0806,0.1802,-0.9803,0,-,-,-,-,-,-,-,-,-,-,-,-,-,-,
66493,2779275.106,18:10:44:867,Trial022,vole triste vs joie1.avi,58,DarkKhaki,94.6728,Eye,-,-,,,691.7404128797459,335.55280366543974,809.1325167490485,354.91672237257933,-,-,0,0,0,0.0268,0.2554,-0.9665,0,-,-,-,-,-,-,-,-,-,-,-,-,-,-,
66497,2779341.89,18:10:44:934,Trial022,vole triste vs joie1.avi,58,DarkKhaki,94.6728,Eye,-,-,,,730.5217479103499,377.9344593123483,807.7475195955612,377.66945753265924,-,-,0.0627,0.2769,-0.9588,0.039,0.2627,-0.9641,0,-,-,-,-,-,-,-,-,-,-,-,-,-,-,
66501,2779408.674,18:10:45:001,Trial022,vole triste vs joie1.avi,58,DarkKhaki,0.0,Eye,2,2,,,759.6077491833026,380.88106715995974,806.708771730446,366.25767970743823,-,-,0,0,0,0,0,0,0,-,-,-,-,-,-,-,-,-,-,-,-,-,-,
66505,2779475.459,18:10:45:067,Trial022,vole triste vs joie1.avi,58,DarkKhaki,0.0,Eye,2,2,,,781.4222501380173,377.8880368203373,805.9297108316093,321.4497967669704,-,-,0,0,0,0,0,0,0,-,-,-,-,-,-,-,-,-,-,-,-,-,-,
66509,2779542.243,18:10:45:134,Trial022,vole triste vs joie1.avi,58,DarkKhaki,0.0,Eye,31,33,,,797.7831258540533,319.7835562453662,805.345415157482,298.02709159453633,-,-,0.051,0.2651,-0.9629,0.0472,0.261,-0.9642,0,-,-,-,-,-,-,-,-,-,-,-,-,-,-,
66513,2779609.027,18:10:45:201,Trial022,vole triste vs joie1.avi,58,DarkKhaki,0.0,Eye,31,33,,,,,,,-,-,0.0514,0.2718,-0.961,0.0403,0.2573,-0.9655,0,-,-,-,-,-,-,-,-,-,-,-,-,-,-,
66517,2779675.806,18:10:45:268,Trial022,vole triste vs joie1.avi,58,DarkKhaki,0.0,Eye,31,33,,,,,,,-,-,0.0499,0.2641,-0.9632,0.0453,0.2652,-0.9631,0,-,-,-,-,-,-,-,-,-,-,-,-,-,-,
66521,2779742.583,18:10:45:335,Trial022,vole triste vs joie1.avi,58,DarkKhaki,0.0,Eye,31,33,,,,,,,-,-,0.049,0.2728,-0.9608,0.0471,0.2694,-0.9619,0,-,-,-,-,-,-,-,-,-,-,-,-,-,-,
66525,2779809.361,18:10:45:401,Trial022,vole triste vs joie1.avi,58,DarkKhaki,94.6728,Eye,31,33,,,799.2755978478558,341.8644259832867,802.1722982062707,339.49719831839644,-,-,0.0452,0.2724,-0.9611,0.0478,0.2673,-0.9624,0,-,-,-,-,-,-,-,-,-,-,-,-,-,-,
66529,2779876.136,18:10:45:468,Trial022,vole triste vs joie1.avi,58,DarkKhaki,94.6728,Eye,31,33,,,804.484825683115,323.12215080401126,806.9725056170112,364.5017042928952,-,-,0.0509,0.2668,-0.9624,0.0431,0.2646,-0.9634,0,-,-,-,-,-,-,-,-,-,-,-,-,-,-,
66533,2779942.905,18:10:45:535,Trial022,vole triste vs joie1.avi,58,DarkKhaki,94.6728,Eye,31,33,,,803.1112609377814,355.5450246760433,810.3059790139424,385.80174840131986,-,-,0.049,0.2686,-0.962,0.0471,0.2646,-0.9632,0,-,-,-,-,-,-,-,-,-,-,-,-,-,-,
66537,2780009.675,18:10:45:602,Trial022,vole triste vs joie1.avi,58,DarkKhaki,94.6728,Eye,31,33,,,802.6438922076508,348.5314117317041,808.6888473387794,259.25329253931693,-,-,0.0463,0.2654,-0.963,0.0474,0.2632,-0.9636,0,-,-,-,-,-,-,-,-,-,-,-,-,-,-,
66541,2780076.444,18:10:45:668,Trial022,vole triste vs joie1.avi,58,DarkKhaki,94.6728,Eye,31,33,,,812.6701530680733,415.4557417374633,815.3802070619305,422.362474583562,-,-,0.0448,0.2598,-0.9646,0.0396,0.2568,-0.9656,0,-,-,-,-,-,-,-,-,-,-,-,-,-,-,
66545,2780143.214,18:10:45:735,Trial022,vole triste vs joie1.avi,58,DarkKhaki,94.6728,Eye,3,3,,,673.2544899469494,349.16569321395605,675.2870304423424,344.13152163358444,-,-,0,0,0,0,0,0,0,-,-,-,-,-,-,-,-,-,-,-,-,-,-,
66549,2780209.983,18:10:45:802,Trial022,vole triste vs joie1.avi,58,DarkKhaki,94.6728,Eye,3,3,,,568.689630157918,232.02608423739176,570.2140355294628,345.97914091220036,-,-,0,0,0,0,0,0,0,-,-,-,-,-,-,-,-,-,-,-,-,-,-,
66553,2780276.753,18:10:45:869,Trial022,vole triste vs joie1.avi,58,DarkKhaki,94.6728,Eye,32,34,,,621.1819868137164,324.8673519134044,622.1725713444202,301.9182090308309,-,-,0.0295,0.1998,-0.9794,0.0249,0.198,-0.9799,0,-,-,-,-,-,-,-,-,-,-,-,-,-,-,
66557,2780343.522,18:10:45:935,Trial022,vole triste vs joie1.avi,58,DarkKhaki,94.6728,Eye,32,34,,,660.1020159863757,319.89878704926645,666.155263431086,329.92702796066465,-,-,0.0248,0.2023,-0.979,0.0252,0.2049,-0.9785,0,-,-,-,-,-,-,-,-,-,-,-,-,-,-,
66561,2780410.292,18:10:46:002,Trial022,vole triste vs joie1.avi,58,DarkKhaki,94.6728,Eye,32,34,,,686.1535856847529,371.90291216205384,690.766128030586,312.54209397993475,-,-,0.0255,0.2077,-0.9779,0.023,0.1948,-0.9806,0,-,-,-,-,-,-,-,-,-,-,-,-,-,-,
66565,2780477.061,18:10:46:069,Trial022,vole triste vs joie1.avi,58,DarkKhaki,94.6728,Eye,4,4,,,578.3430946306588,301.7338815506871,581.8025013900336,326.5626469973461,-,-,0,0,0,0,0,0,0,-,-,-,-,-,-,-,-,-,-,-,-,-,-,
66569,2780543.822,18:10:46:136,Trial022,vole triste vs joie1.avi,58,DarkKhaki,94.6728,Eye,4,4,,,497.48460682938605,287.310943223546,500.0791618989172,293.80581179305426,-,-,0,0,0,0,0,0,0,-,-,-,-,-,-,-,-,-,-,-,-,-,-,
66573,2780610.583,18:10:46:203,Trial022,vole triste vs joie1.avi,58,DarkKhaki,94.6728,Eye,4,32,,,633.3839500248306,326.06076658099,629.5454354115841,463.6951770627908,-,-,0.1652,-0.143,-0.9759,0.1615,-0.1537,-0.9748,0,-,-,-,-,-,-,-,-,-,-,-,-,-,-,
66577,2780677.343,18:10:46:269,Trial022,vole triste vs joie1.avi,58,DarkKhaki,94.6728,Eye,33,35,,,733.0385732437032,390.44870552394804,735.882773559822,383.7230330796249,-,-,0.1623,-0.0892,-0.9827,0.1665,-0.0651,-0.9839,0,-,-,-,-,-,-,-,-,-,-,-,-,-,-,
66581,2780744.118,18:10:46:336,Trial022,vole triste vs joie1.avi,58,DarkKhaki,94.6728,Eye,30,33,,,806.5117508992657,502.07389822970447,816.2374400558904,411.8576250748247,-,-,0.1608,-0.0882,-0.983,0.1651,-0.076,-0.9833,0,-,-,-,-,-,-,-,-,-,-,-,-,-,-,
66585,2780810.898,18:10:46:403,Trial022,vole triste vs joie1.avi,58,DarkKhaki,94.6728,Eye,34,36,,,819.8615148396988,365.61786178363866,816.6770565935813,377.19960686437213,-,-,0.0618,0.1736,-0.9829,0.0524,0.1711,-0.9839,0,-,-,-,-,-,-,-,-,-,-,-,-,-,-,
66589,2780877.677,18:10:46:470,Trial022,vole triste vs joie1.avi,58,DarkKhaki,94.6728,Eye,34,36,,,827.2543770422355,392.84031483181025,815.5988113853277,373.7788941437167,-,-,0.0566,0.1952,-0.9791,0.0523,0.1813,-0.982,0,-,-,-,-,-,-,-,-,-,-,-,-,-,-,
66593,2780944.457,18:10:46:536,Trial022,vole triste vs joie1.avi,58,DarkKhaki,94.6728,Eye,31,34,,,829.8286285510588,385.8107516922116,814.2020992846824,397.9681914020111,-,-,0.054,0.1963,-0.979,0.0417,0.1815,-0.9825,0,-,-,-,-,-,-,-,-,-,-,-,-,-,-,
66597,2781011.237,18:10:46:603,Trial022,vole triste vs joie1.avi,58,DarkKhaki,94.6728,Eye,35,37,,,824.0873310011267,366.0530201792665,816.6366369311587,369.68714866970214,-,-,0.0448,0.2696,-0.9619,0.0382,0.2633,-0.964,0,-,-,-,-,-,-,-,-,-,-,-,-,-,-,
66601,2781078.017,18:10:46:670,Trial022,vole triste vs joie1.avi,58,DarkKhaki,94.6728,Eye,35,37,,,821.1766109057717,424.4279606464401,821.6425768615745,315.2851193926164,-,-,0.0487,0.2655,-0.9629,0.0445,0.2636,-0.9636,0,-,-,-,-,-,-,-,-,-,-,-,-,-,-,
66605,2781144.796,18:10:46:737,Trial022,vole triste vs joie1.avi,58,DarkKhaki,94.6728,Eye,35,37,,,814.8734807759521,309.1592147317975,825.4181054735665,463.5468819571674,-,-,0.0427,0.2665,-0.9629,0.0455,0.2715,-0.9614,0,-,-,-,-,-,-,-,-,-,-,-,-,-,-,
66609,2781211.576,18:10:46:804,Trial022,vole triste vs joie1.avi,58,DarkKhaki,94.6728,Eye,35,37,,,815.3493307700047,293.3401999014295,820.8291627188421,365.12899375471943,-,-,0.0545,0.2752,-0.9598,0.0344,0.2643,-0.9638,0,-,-,-,-,-,-,-,-,-,-,-,-,-,-,
66613,2781278.356,18:10:46:870,Trial022,vole triste vs joie1.avi,58,DarkKhaki,94.6728,Eye,35,37,,,818.0279705823043,308.7012571448159,824.66234681046,399.0367765789108,-,-,0.0468,0.2683,-0.9622,0.047,0.2573,-0.9652,0,-,-,-,-,-,-,-,-,-,-,-,-,-,-,
66617,2781345.14,18:10:46:937,Trial022,vole triste vs joie1.avi,58,DarkKhaki,94.6728,Eye,35,37,,,814.2175390574535,386.11375464736193,819.9104751192152,409.66582183482575,-,-,0.0587,0.2744,-0.9598,0.0441,0.2672,-0.9626,0,-,-,-,-,-,-,-,-,-,-,-,-,-,-,
66621,2781411.937,18:10:47:004,Trial022,vole triste vs joie1.avi,58,DarkKhaki,94.6728,Eye,35,37,,,811.47091439559,358.1877315960391,819.9741118438741,338.1212070025874,-,-,0.049,0.2755,-0.96,0.0445,0.2724,-0.9612,0,-,-,-,-,-,-,-,-,-,-,-,-,-,-,
66625,2781478.734,18:10:47:071,Trial022,vole triste vs joie1.avi,58,DarkKhaki,94.6728,Eye,35,37,,,818.5372847729601,338.7096593005135,816.4228090628618,338.502656682659,-,-,0.056,0.2644,-0.9628,0.0399,0.2698,-0.9621,0,-,-,-,-,-,-,-,-,-,-,-,-,-,-,
66629,2781545.524,18:10:47:137,Trial022,vole triste vs joie1.avi,58,DarkKhaki,94.6728,Eye,35,37,,,816.5977145191864,389.1354500865758,820.9184222315275,364.3376284743119,-,-,0.0522,0.266,-0.9626,0.0492,0.2615,-0.9639,0,-,-,-,-,-,-,-,-,-,-,-,-,-,-,
66633,2781612.293,18:10:47:204,Trial022,vole triste vs joie1.avi,58,DarkKhaki,94.6728,Eye,35,37,,,813.8083827809168,295.70472493682746,819.5288447888088,358.2361781005735,-,-,0.054,0.2784,-0.959,0.047,0.2614,-0.9641,0,-,-,-,-,-,-,-,-,-,-,-,-,-,-,
66637,2781679.062,18:10:47:271,Trial022,vole triste vs joie1.avi,58,DarkKhaki,94.6728,Eye,35,37,,,812.2488266260605,267.6812125734553,817.8527305600452,309.7730745910493,-,-,0.0552,0.2777,-0.9591,0.0482,0.2656,-0.9629,0,-,-,-,-,-,-,-,-,-,-,-,-,-,-,
66641,2781745.832,18:10:47:338,Trial022,vole triste vs joie1.avi,58,DarkKhaki,94.6728,Eye,35,37,,,811.1764473401831,362.74941352438583,810.5350204909453,334.0537639895947,-,-,0.0526,0.2762,-0.9597,0.0477,0.2676,-0.9624,0,-,-,-,-,-,-,-,-,-,-,-,-,-,-,
66645,2781812.601,18:10:47:405,Trial022,vole triste vs joie1.avi,58,DarkKhaki,94.6728,Eye,35,37,,,817.2413149537742,306.5892710690474,810.513483060688,279.00268465569354,-,-,0.049,0.2748,-0.9603,0.0507,0.2626,-0.9636,0,-,-,-,-,-,-,-,-,-,-,-,-,-,-,
66649,2781879.37,18:10:47:471,Trial022,vole triste vs joie1.avi,58,DarkKhaki,94.6728,Eye,35,37,,,812.9106772687583,278.84666438689777,809.7157352588132,325.87747620407833,-,-,0.0475,0.272,-0.9611,0.0429,0.2675,-0.9626,0,-,-,-,-,-,-,-,-,-,-,-,-,-,-,
66653,2781946.139,18:10:47:538,Trial022,vole triste vs joie1.avi,58,DarkKhaki,94.6728,Eye,35,37,,,812.3641811454463,343.5969213554416,808.414512713057,387.39170639008864,-,-,0.0501,0.2727,-0.9608,0.0428,0.2587,-0.965,0,-,-,-,-,-,-,-,-,-,-,-,-,-,-,
66657,2782012.908,18:10:47:605,Trial022,vole triste vs joie1.avi,58,DarkKhaki,94.6728,Eye,36,38,,,819.604140270236,332.8454122079022,806.6148332556215,374.4008163571613,-,-,0.0564,0.1912,-0.9799,0.0457,0.1922,-0.9803,0,-,-,-,-,-,-,-,-,-,-,-,-,-,-,
66661,2782079.677,18:10:47:672,Trial022,vole triste vs joie1.avi,58,DarkKhaki,94.6728,Eye,36,38,,,816.7303000263792,402.8781749803316,810.1086342893038,316.06508418189173,-,-,0.0593,0.1979,-0.9784,0.0468,0.1915,-0.9804,0,-,-,-,-,-,-,-,-,-,-,-,-,-,-,
66665,2782146.446,18:10:47:738,Trial022,vole triste vs joie1.avi,58,DarkKhaki,94.6728,Eye,36,38,,,819.7676662564797,402.4197855669761,813.8975264065131,353.386142598479,-,-,0.0574,0.1945,-0.9792,0.0503,0.203,-0.9779,0,-,-,-,-,-,-,-,-,-,-,-,-,-,-,
66669,2782213.205,18:10:47:805,Trial022,vole triste vs joie1.avi,58,DarkKhaki,94.6728,Eye,36,38,,,823.8679013457365,340.4023517530245,806.1461035823986,353.63145235235936,-,-,0.0583,0.2087,-0.9762,0.0449,0.2011,-0.9785,0,-,-,-,-,-,-,-,-,-,-,-,-,-,-,
66673,2782279.956,18:10:47:872,Trial022,vole triste vs joie1.avi,58,DarkKhaki,94.6728,Eye,36,38,,,829.6784338606202,348.7932277400863,809.7985824447862,320.64985946807536,-,-,0.0609,0.2018,-0.9775,0.0464,0.1969,-0.9793,0,-,-,-,-,-,-,-,-,-,-,-,-,-,-,
66677,2782346.707,18:10:47:939,Trial022,vole triste vs joie1.avi,58,DarkKhaki,94.6728,Eye,36,38,,,833.2204282159012,355.09443149337045,813.2407968503351,392.71231407905367,-,-,0.0567,0.1981,-0.9785,0.0494,0.1907,-0.9804,0,-,-,-,-,-,-,-,-,-,-,-,-,-,-,
66681,2782413.466,18:10:48:005,Trial022,vole triste vs joie1.avi,58,DarkKhaki,94.6728,Eye,36,38,,,823.8751116851453,430.198428686202,824.6536386050595,351.2646684141541,-,-,0.0567,0.203,-0.9775,0.046,0.188,-0.9811,0,-,-,-,-,-,-,-,-,-,-,-,-,-,-,
66685,2782480.228,18:10:48:072,Trial022,vole triste vs joie1.avi,58,DarkKhaki,94.6728,Eye,36,38,,,830.3647269071419,426.2714294011797,825.4313379052522,348.95720048755373,-,-,0.0579,0.205,-0.977,0.046,0.1905,-0.9806,0,-,-,-,-,-,-,-,-,-,-,-,-,-,-,
66689,2782546.989,18:10:48:139,Trial022,vole triste vs joie1.avi,58,DarkKhaki,94.6728,Eye,36,38,,,833.4454848893043,411.2693715777156,824.1747974335633,312.24492357682533,-,-,0.0571,0.2013,-0.9779,0.0425,0.1957,-0.9797,0,-,-,-,-,-,-,-,-,-,-,-,-,-,-,
66693,2782613.751,18:10:48:206,Trial022,vole triste vs joie1.avi,58,DarkKhaki,94.6728,Eye,36,38,,,837.3802459503311,360.43575181691733,821.8536815854934,369.569427127446,-,-,0.054,0.2086,-0.9765,0.0448,0.1966,-0.9795,0,-,-,-,-,-,-,-,-,-,-,-,-,-,-,
66697,2782680.513,18:10:48:272,Trial022,vole triste vs joie1.avi,58,DarkKhaki,94.6728,Eye,36,38,,,827.7173540112624,374.28621200489715,818.0011749788143,417.9542358072036,-,-,0.0615,0.2157,-0.9745,0.0453,0.1988,-0.979,0,-,-,-,-,-,-,-,-,-,-,-,-,-,-,
66701,2782747.275,18:10:48:339,Trial022,vole triste vs joie1.avi,58,DarkKhaki,94.6728,Eye,36,38,,,828.2002709417236,392.4532314297267,822.8300612078574,386.62789866839927,-,-,0.0558,0.2086,-0.9764,0.0467,0.1956,-0.9796,0,-,-,-,-,-,-,-,-,-,-,-,-,-,-,
66705,2782814.037,18:10:48:406,Trial022,vole triste vs joie1.avi,58,DarkKhaki,94.6728,Eye,36,38,,,830.7804430519502,441.79404303400463,818.8069070868792,395.0375894437653,-,-,0.0578,0.2095,-0.9761,0.0453,0.1953,-0.9797,0,-,-,-,-,-,-,-,-,-,-,-,-,-,-,
66709,2782880.799,18:10:48:473,Trial022,vole triste vs joie1.avi,58,DarkKhaki,94.6728,Eye,36,38,,,819.0179212839364,366.22946027900406,813.333355925434,405.08162952360794,-,-,0.0553,0.2069,-0.9768,0.0511,0.1929,-0.9799,0,-,-,-,-,-,-,-,-,-,-,-,-,-,-,
66713,2782947.561,18:10:48:540,Trial022,vole triste vs joie1.avi,58,DarkKhaki,94.6728,Eye,36,38,,,825.2868743929735,366.78059283449437,820.102361968816,358.0354659255617,-,-,0.0565,0.2072,-0.9767,0.0516,0.1904,-0.9803,0,-,-,-,-,-,-,-,-,-,-,-,-,-,-,
66717,2783014.323,18:10:48:606,Trial022,vole triste vs joie1.avi,58,DarkKhaki,94.6728,Eye,36,38,,,822.5917120161705,393.902765699887,815.5390405326497,352.4931243065355,-,-,0.0583,0.21,-0.976,0.0545,0.1889,-0.9805,0,-,-,-,-,-,-,-,-,-,-,-,-,-,-,
66721,2783081.083,18:10:48:673,Trial022,vole triste vs joie1.avi,58,DarkKhaki,94.6728,Eye,36,38,,,819.607882007818,441.87743572750736,819.1468195999654,384.79243465895695,-,-,0.0565,0.212,-0.9756,0.0609,0.1948,-0.9789,0,-,-,-,-,-,-,-,-,-,-,-,-,-,-,
66725,2783147.843,18:10:48:740,Trial022,vole triste vs joie1.avi,58,DarkKhaki,94.6728,Eye,36,38,,,828.2772375880097,408.5785528447131,816.4399644363383,423.881251474577,-,-,0.0627,0.2061,-0.9765,0.0506,0.1941,-0.9797,0,-,-,-,-,-,-,-,-,-,-,-,-,-,-,
66729,2783214.609,18:10:48:807,Trial022,vole triste vs joie1.avi,58,DarkKhaki,94.6728,Eye,37,39,,,826.088375300882,425.7762070948825,819.0354584124719,399.6070932401709,-,-,0.0528,0.2839,-0.9574,0.0465,0.2736,-0.9607,0,-,-,-,-,-,-,-,-,-,-,-,-,-,-,
66733,2783281.394,18:10:48:873,Trial022,vole triste vs joie1.avi,58,DarkKhaki,94.6728,Eye,37,39,,,828.84154731621,382.6542411818701,809.7530157186656,350.9881110439303,-,-,0.0578,0.2914,-0.9549,0.0434,0.2744,-0.9606,0,-,-,-,-,-,-,-,-,-,-,-,-,-,-,
66737,2783348.179,18:10:48:940,Trial022,vole triste vs joie1.avi,58,DarkKhaki,94.6728,Eye,37,39,,,833.9201609589145,293.00729392392753,808.6747352385094,327.80199436990597,-,-,0.0514,0.2989,-0.9529,0.0473,0.2775,-0.9596,0,-,-,-,-,-,-,-,-,-,-,-,-,-,-,
66741,2783414.965,18:10:49:007,Trial022,vole triste vs joie1.avi,58,DarkKhaki,94.6728,Eye,37,39,,,830.3464059722078,359.9574309583907,813.5032330259176,332.8956358038067,-,-,0.0557,0.2959,-0.9536,0.0477,0.2828,-0.958,0,-,-,-,-,-,-,-,-,-,-,-,-,-,-,
66745,2783481.75,18:10:49:074,Trial022,vole triste vs joie1.avi,58,DarkKhaki,94.6728,Eye,37,39,,,832.603937883258,315.2346340088733,823.6287888069799,396.4849375887493,-,-,0.0602,0.2894,-0.9553,0.0493,0.2793,-0.9589,0,-,-,-,-,-,-,-,-,-,-,-,-,-,-,
66749,2783548.535,18:10:49:141,Trial022,vole triste vs joie1.avi,58,DarkKhaki,94.6728,Eye,37,39,,,832.1216243251322,369.8779929805501,825.2539538060573,282.54503982892265,-,-,0.0595,0.2894,-0.9554,0.0516,0.2651,-0.9628,0,-,-,-,-,-,-,-,-,-,-,-,-,-,-,
66753,2783615.32,18:10:49:207,Trial022,vole triste vs joie1.avi,58,DarkKhaki,94.6728,Eye,-,-,,,687.8756531278646,280.8487643543365,823.2127107580318,319.5521200686942,-,-,0,0,0,0.0229,0.2521,-0.9674,0,-,-,-,-,-,-,-,-,-,-,-,-,-,-,
66757,2783682.106,18:10:49:274,Trial022,vole triste vs joie1.avi,58,DarkKhaki,94.6728,Eye,-,-,,,712.6434674115904,341.33673846795614,808.8539993399647,331.9388203346848,-,-,0.0152,0.2136,-0.9768,0.0105,0.2025,-0.9792,0,-,-,-,-,-,-,-,-,-,-,-,-,-,-,
66761,2783748.891,18:10:49:341,Trial022,vole triste vs joie1.avi,58,DarkKhaki,94.6728,Eye,5,5,,,598.2350641771412,343.1101365925363,670.3929631234221,336.8090918255452,-,-,0,0,0,0,0,0,0,-,-,-,-,-,-,-,-,-,-,-,-,-,-,
66765,2783815.676,18:10:49:408,Trial022,vole triste vs joie1.avi,58,DarkKhaki,94.6728,Eye,5,5,,,512.4314602295836,245.23851723160547,566.5498844392941,286.9011717676097,-,-,0,0,0,0,0,0,0,-,-,-,-,-,-,-,-,-,-,-,-,-,-,
66769,2783882.461,18:10:49:474,Trial022,vole triste vs joie1.avi,58,DarkKhaki,94.6728,Eye,38,40,,,578.9607005114264,277.9813384413074,609.0460238047864,356.5494868811619,-,-,0.0201,0.1573,-0.9873,-0.0043,0.1684,-0.9857,0,-,-,-,-,-,-,-,-,-,-,-,-,-,-,
66773,2783949.276,18:10:49:541,Trial022,vole triste vs joie1.avi,58,DarkKhaki,94.6728,Eye,38,40,,,620.9580200134228,348.46884259550006,645.7557081761149,378.91623601535997,-,-,0.0163,0.1659,-0.986,0.0131,0.1539,-0.988,0,-,-,-,-,-,-,-,-,-,-,-,-,-,-,
66777,2784016.091,18:10:49:608,Trial022,vole triste vs joie1.avi,58,DarkKhaki,94.6728,Eye,38,40,,,663.5267140544378,376.0273505847867,666.9285218360124,335.6634173539925,-,-,0.0083,0.1618,-0.9868,0.0075,0.1405,-0.99,0,-,-,-,-,-,-,-,-,-,-,-,-,-,-,
66781,2784082.879,18:10:49:675,Trial022,vole triste vs joie1.avi,58,DarkKhaki,94.6728,Eye,39,41,,,686.7672768394352,385.6788989110386,683.8832931656277,367.79651745666257,-,-,0.0067,0.15,-0.9887,0.009,0.151,-0.9885,0,-,-,-,-,-,-,-,-,-,-,-,-,-,-,
66785,2784149.658,18:10:49:742,Trial022,vole triste vs joie1.avi,58,DarkKhaki,94.6728,Eye,39,41,,,708.0013263804763,367.8911312847157,691.4865429614762,342.54638806242855,-,-,0.0066,0.1472,-0.9891,-0.0074,0.1508,-0.9885,0,-,-,-,-,-,-,-,-,-,-,-,-,-,-,
66789,2784216.437,18:10:49:808,Trial022,vole triste vs joie1.avi,58,DarkKhaki,94.6728,Eye,39,41,,,721.604325346707,376.34153924507314,698.364100683635,373.5321192738191,-,-,0.0033,0.156,-0.9877,-0.0015,0.1429,-0.9897,0,-,-,-,-,-,-,-,-,-,-,-,-,-,-,
66793,2784283.216,18:10:49:875,Trial022,vole triste vs joie1.avi,58,DarkKhaki,94.6728,Eye,39,41,,,723.420710447588,387.98464920316144,698.2568459934228,360.31418676261904,-,-,0.002,0.1642,-0.9864,-0.0054,0.1507,-0.9886,0,-,-,-,-,-,-,-,-,-,-,-,-,-,-,
66797,2784349.996,18:10:49:942,Trial022,vole triste vs joie1.avi,58,DarkKhaki,94.6728,Eye,39,41,,,730.3224517872904,382.27904583894707,705.0508607206546,399.03407729601275,-,-,0.0018,0.158,-0.9874,-0.008,0.1591,-0.9872,0,-,-,-,-,-,-,-,-,-,-,-,-,-,-,
66801,2784416.775,18:10:50:009,Trial022,vole triste vs joie1.avi,58,DarkKhaki,94.6728,Eye,39,41,,,729.1477158324641,347.47843001931165,706.3815925884544,362.16202824251525,-,-,-0.0051,0.1618,-0.9868,-0.0104,0.1624,-0.9867,0,-,-,-,-,-,-,-,-,-,-,-,-,-,-,
66805,2784483.554,18:10:50:076,Trial022,vole triste vs joie1.avi,58,DarkKhaki,94.6728,Eye,39,41,,,729.9180601307758,357.40083444562134,709.1494515423296,355.58553108287566,-,-,0.001,0.1622,-0.9868,-0.0088,0.161,-0.9869,0,-,-,-,-,-,-,-,-,-,-,-,-,-,-,
66809,2784550.333,18:10:50:142,Trial022,vole triste vs joie1.avi,58,DarkKhaki,94.6728,Eye,39,41,,,728.6213354911262,421.93746623189304,719.5821994144012,461.62168389306316,-,-,-0.0023,0.169,-0.9856,-0.0102,0.1492,-0.9888,0,-,-,-,-,-,-,-,-,-,-,-,-,-,-,
66813,2784617.112,18:10:50:209,Trial022,vole triste vs joie1.avi,58,DarkKhaki,94.6728,Eye,35,38,,,684.0712538194688,339.41886678234505,677.4378608600564,333.78365004208695,-,-,-0.1153,0.1523,-0.9816,-0.1318,0.1441,-0.9807,0,-,-,-,-,-,-,-,-,-,-,-,-,-,-,
66817,2784683.891,18:10:50:276,Trial022,vole triste vs joie1.avi,58,DarkKhaki,94.6728,Eye,40,42,,,571.023268342664,328.9730760770973,569.6044812705361,425.67590000203876,-,-,-0.2841,0.1791,-0.9419,-0.2866,0.1529,-0.9458,0,-,-,-,-,-,-,-,-,-,-,-,-,-,-,
66821,2784750.667,18:10:50:343,Trial022,vole triste vs joie1.avi,58,DarkKhaki,94.6728,Eye,40,42,,,487.3507129632528,444.4614059867797,492.68657217082364,396.7495495707186,-,-,-0.2758,0.1659,-0.9468,-0.2753,0.1603,-0.9479,0,-,-,-,-,-,-,-,-,-,-,-,-,-,-,
66825,2784817.431,18:10:50:409,Trial022,vole triste vs joie1.avi,58,DarkKhaki,94.6728,Eye,40,42,,,423.9261912272473,366.4373409889158,440.0698580226724,419.8363308717657,-,-,-0.2737,0.1669,-0.9472,-0.2791,0.1659,-0.9458,0,-,-,-,-,-,-,-,-,-,-,-,-,-,-,
66829,2784884.194,18:10:50:476,Trial022,vole triste vs joie1.avi,58,DarkKhaki,94.6728,Eye,41,43,,,373.03551743104447,319.6970109981747,390.8533325276133,338.9802967456845,-,-,-0.2896,0.1679,-0.9423,-0.2966,0.1539,-0.9425,0,-,-,-,-,-,-,-,-,-,-,-,-,-,-,
66833,2784950.957,18:10:50:543,Trial022,vole triste vs joie1.avi,58,DarkKhaki,94.6728,Eye,41,43,,,331.6168406324209,336.6958941485459,349.3581769548475,409.6949809987263,-,-,-0.2882,0.166,-0.9431,-0.2979,0.1561,-0.9418,0,-,-,-,-,-,-,-,-,-,-,-,-,-,-,
66837,2785017.719,18:10:50:610,Trial022,vole triste vs joie1.avi,58,DarkKhaki,94.6728,Eye,41,43,,,299.2635728587664,334.94800593993926,316.61272010058633,402.8621656517741,-,-,-0.2852,0.1655,-0.9441,-0.2945,0.1575,-0.9426,0,-,-,-,-,-,-,-,-,-,-,-,-,-,-,
66841,2785084.481,18:10:50:676,Trial022,vole triste vs joie1.avi,58,DarkKhaki,94.6728,Eye,41,43,,,273.5487314598183,423.2678425551934,290.53868189118333,407.7387100372244,-,-,-0.2923,0.1641,-0.9422,-0.2979,0.1652,-0.9402,0,-,-,-,-,-,-,-,-,-,-,-,-,-,-,
66845,2785151.243,18:10:50:743,Trial022,vole triste vs joie1.avi,58,DarkKhaki,94.6728,Eye,41,43,,,0.0,420.84341740883474,271.23203857082035,364.11612616790546,-,-,-0.2848,0.1627,-0.9447,-0.2953,0.1578,-0.9423,0,-,-,-,-,-,-,-,-,-,-,-,-,-,-,
107000,2785218.005,18:10:50:810,Trial023,B joie Triste.jpg,58,DarkKhaki,99.7575,Eye,1,1,,,299.8276695313334,416.1483249830848,298.4296879052398,342.16733526350106,-,-,-0.1645,0.1647,-0.9725,-0.1957,0.1657,-0.9666,0,-,-,-,-,-,-,-,-,-,-,-,-,-,-,
107004,2785284.767,18:10:50:877,Trial023,B joie Triste.jpg,58,DarkKhaki,99.7575,Eye,1,1,,,414.55458920895893,395.18318139535506,412.0803396389621,321.860388197362,-,-,0.0198,0.1468,-0.989,0.0027,0.1354,-0.9908,0,-,-,-,-,-,-,-,-,-,-,-,-,-,-,
107008,2785351.53,18:10:50:944,Trial023,B joie Triste.jpg,58,DarkKhaki,99.7575,Eye,1,1,,,503.44458073570854,347.04702763529684,491.04838315995505,360.2631415418595,-,-,0.0129,0.1413,-0.9899,-0.0043,0.1434,-0.9897,0,-,-,-,-,-,-,-,-,-,-,-,-,-,-,
107012,2785418.292,18:10:51:010,Trial023,B joie Triste.jpg,58,DarkKhaki,99.7575,Eye,2,2,,,597.6314888226783,360.84795385494624,578.5163299962851,457.2008502698579,-,-,0.0848,0.1794,-0.9801,0.0551,0.1853,-0.9811,0,-,-,-,-,-,-,-,-,-,-,-,-,-,-,
107016,2785485.054,18:10:51:077,Trial023,B joie Triste.jpg,58,DarkKhaki,99.7575,Eye,2,2,,,692.0375426366583,393.94572519982285,668.0545514843403,344.2383757934359,-,-,0.1075,0.1995,-0.974,0.1072,0.1981,-0.9743,0,-,-,-,-,-,-,-,-,-,-,-,-,-,-,
107020,2785551.816,18:10:51:144,Trial023,B joie Triste.jpg,58,DarkKhaki,99.7575,Eye,2,2,,,753.7636377999011,419.4185167618222,726.4194016722646,392.5954238046224,-,-,0.1152,0.2004,-0.9729,0.0981,0.1994,-0.975,0,-,-,-,-,-,-,-,-,-,-,-,-,-,-,
107024,2785618.579,18:10:51:211,Trial023,B joie Triste.jpg,58,DarkKhaki,99.7575,Eye,2,2,,,796.3102717927702,352.7212566321837,776.0306207415505,420.08961202619673,-,-,0.1101,0.1935,-0.9749,0.1017,0.1955,-0.9754,0,-,-,-,-,-,-,-,-,-,-,-,-,-,-,
107028,2785685.344,18:10:51:278,Trial023,B joie Triste.jpg,58,DarkKhaki,99.7575,Eye,3,3,,,725.381218188238,376.8347272735864,713.5454868357099,427.76450948673,-,-,-0.1253,0.1764,-0.9763,-0.1383,0.1673,-0.9762,0,-,-,-,-,-,-,-,-,-,-,-,-,-,-,
107032,2785752.117,18:10:51:344,Trial023,B joie Triste.jpg,58,DarkKhaki,99.7575,Eye,3,3,,,680.4561065797342,368.1428086477692,667.677123846841,337.7996224590698,-,-,-0.1208,0.1816,-0.9759,-0.1368,0.1779,-0.9745,0,-,-,-,-,-,-,-,-,-,-,-,-,-,-,
107036,2785818.893,18:10:51:411,Trial023,B joie Triste.jpg,58,DarkKhaki,99.7575,Eye,3,3,,,640.387644371292,384.5185669185949,620.4654303873118,381.56503220815665,-,-,-0.1255,0.1702,-0.9774,-0.1404,0.1683,-0.9757,0,-,-,-,-,-,-,-,-,-,-,-,-,-,-,
107040,2785885.67,18:10:51:478,Trial023,B joie Triste.jpg,58,DarkKhaki,99.7575,Eye,4,4,,,611.7769676912845,450.07699623949105,586.9854772069341,386.8794980032222,-,-,-0.126,0.0957,-0.9874,-0.152,0.0892,-0.9843,0,-,-,-,-,-,-,-,-,-,-,-,-,-,-,
107044,2785952.446,18:10:51:545,Trial023,B joie Triste.jpg,58,DarkKhaki,99.7575,Eye,4,4,,,590.2896623792774,395.29050403331206,559.1291739410555,436.29421571771735,-,-,-0.1306,0.087,-0.9876,-0.1469,0.0821,-0.9857,0,-,-,-,-,-,-,-,-,-,-,-,-,-,-,
107048,2786019.222,18:10:51:611,Trial023,B joie Triste.jpg,58,DarkKhaki,99.7575,Eye,4,4,,,568.9812489729077,371.54297540885165,535.5748997156333,345.9810742707167,-,-,-0.1282,0.0871,-0.9879,-0.1407,0.087,-0.9862,0,-,-,-,-,-,-,-,-,-,-,-,-,-,-,
107052,2786085.998,18:10:51:678,Trial023,B joie Triste.jpg,58,DarkKhaki,99.7575,Eye,5,5,,,551.1881743720659,507.45486799603145,519.0756473967185,408.41806105182224,-,-,-0.1575,0.1769,-0.9715,-0.1756,0.1771,-0.9684,0,-,-,-,-,-,-,-,-,-,-,-,-,-,-,
107056,2786152.774,18:10:51:745,Trial023,B joie Triste.jpg,58,DarkKhaki,99.7575,Eye,5,5,,,527.582182343828,473.8365493311906,506.9960367088001,444.02827251622625,-,-,-0.1596,0.168,-0.9728,-0.1732,0.1725,-0.9697,0,-,-,-,-,-,-,-,-,-,-,-,-,-,-,
107060,2786219.55,18:10:51:812,Trial023,B joie Triste.jpg,58,DarkKhaki,99.7575,Eye,5,6,,,511.16498014801346,417.6876418237749,486.178135409858,397.84312440749807,-,-,-0.1578,0.1768,-0.9715,-0.171,0.176,-0.9694,0,-,-,-,-,-,-,-,-,-,-,-,-,-,-,
107064,2786286.326,18:10:51:879,Trial023,B joie Triste.jpg,58,DarkKhaki,99.7575,Eye,6,7,,,501.82191222611175,294.6683128863938,470.4703988272182,403.6840279930257,-,-,-0.1482,0.1573,-0.9764,-0.1649,0.1632,-0.9727,0,-,-,-,-,-,-,-,-,-,-,-,-,-,-,
107068,2786353.102,18:10:51:945,Trial023,B joie Triste.jpg,58,DarkKhaki,99.7575,Eye,6,7,,,518.4962885044388,426.91569461097265,487.70185120145464,362.4587003842388,-,-,-0.101,0.1337,-0.9859,-0.118,0.1353,-0.9838,0,-,-,-,-,-,-,-,-,-,-,-,-,-,-,
107072,2786419.878,18:10:52:012,Trial023,B joie Triste.jpg,58,DarkKhaki,99.7575,Eye,6,7,,,627.46719175526,432.024076114062,611.3532249257761,423.17428849936164,-,-,0.1431,0.0696,-0.9873,0.1357,0.0717,-0.9881,0,-,-,-,-,-,-,-,-,-,-,-,-,-,-,
107076,2786486.643,18:10:52:079,Trial023,B joie Triste.jpg,58,DarkKhaki,99.7575,Eye,6,8,,,722.355938919976,433.60113149631235,700.1607023931155,504.4136911215462,-,-,0.1496,0.07,-0.9863,0.1394,0.0746,-0.9874,0,-,-,-,-,-,-,-,-,-,-,-,-,-,-,
107080,2786553.405,18:10:52:146,Trial023,B joie Triste.jpg,58,DarkKhaki,99.7575,Eye,6,8,,,791.8525033335487,439.23091365994424,774.1720531364847,412.8376677611323,-,-,0.1514,0.0661,-0.9863,0.1276,0.0664,-0.9896,0,-,-,-,-,-,-,-,-,-,-,-,-,-,-,
107084,2786620.172,18:10:52:212,Trial023,B joie Triste.jpg,58,DarkKhaki,99.7575,Eye,6,8,,,841.6544057043623,463.56031637627996,825.6534878616034,343.0536472869619,-,-,0.1483,0.064,-0.9869,0.1434,0.0818,-0.9863,0,-,-,-,-,-,-,-,-,-,-,-,-,-,-,
107088,2786686.939,18:10:52:279,Trial023,B joie Triste.jpg,58,DarkKhaki,99.7575,Eye,7,9,,,864.2261342508907,403.6197073196339,847.351690651698,419.0919245323912,-,-,0.1233,0.1953,-0.973,0.1079,0.1913,-0.9756,0,-,-,-,-,-,-,-,-,-,-,-,-,-,-,
107092,2786753.706,18:10:52:346,Trial023,B joie Triste.jpg,58,DarkKhaki,99.7575,Eye,7,9,,,888.1659229670969,400.1422460562149,861.2311756777061,438.5199172443923,-,-,0.116,0.2004,-0.9728,0.1037,0.2023,-0.9738,0,-,-,-,-,-,-,-,-,-,-,-,-,-,-,
107096,2786820.472,18:10:52:413,Trial023,B joie Triste.jpg,58,DarkKhaki,99.7575,Eye,7,9,,,898.8912192792515,402.8516204396722,867.3474154999302,369.9263255536525,-,-,0.1233,0.2096,-0.97,0.1038,0.1968,-0.9749,0,-,-,-,-,-,-,-,-,-,-,-,-,-,-,
107100,2786887.239,18:10:52:479,Trial023,B joie Triste.jpg,58,DarkKhaki,99.7575,Eye,7,9,,,912.5443951478369,405.3120534547575,869.6195096293309,409.4311107828873,-,-,0.1223,0.2014,-0.9718,0.1144,0.1961,-0.9739,0,-,-,-,-,-,-,-,-,-,-,-,-,-,-,
107104,2786954.006,18:10:52:546,Trial023,B joie Triste.jpg,58,DarkKhaki,99.7575,Eye,8,10,,,824.9322123152202,421.08616486957004,786.8517489315367,341.3979556712228,-,-,-0.1099,0.1926,-0.9751,-0.1196,0.1833,-0.9758,0,-,-,-,-,-,-,-,-,-,-,-,-,-,-,
107108,2787020.773,18:10:52:613,Trial023,B joie Triste.jpg,58,DarkKhaki,99.7575,Eye,8,10,,,746.9376879652865,360.124947543498,716.0778587898542,407.1114810968323,-,-,-0.1192,0.1941,-0.9737,-0.1338,0.1888,-0.9729,0,-,-,-,-,-,-,-,-,-,-,-,-,-,-,
107112,2787087.54,18:10:52:680,Trial023,B joie Triste.jpg,58,DarkKhaki,99.7575,Eye,8,10,,,693.3176038941945,427.66838289295487,674.2755336247212,384.96563905631507,-,-,-0.1264,0.193,-0.973,-0.1379,0.184,-0.9732,0,-,-,-,-,-,-,-,-,-,-,-,-,-,-,
107116,2787154.307,18:10:52:746,Trial023,B joie Triste.jpg,58,DarkKhaki,99.7575,Eye,8,10,,,647.531494297483,347.9530532988821,633.6645969297775,396.21356705520634,-,-,-0.1206,0.1969,-0.973,-0.1394,0.1949,-0.9709,0,-,-,-,-,-,-,-,-,-,-,-,-,-,-,
107120,2787221.074,18:10:52:813,Trial023,B joie Triste.jpg,58,DarkKhaki,99.7575,Eye,9,11,,,636.7709194090078,381.5527145503017,624.9876690852872,370.4212767604796,-,-,-0.083,0.1931,-0.9777,-0.0916,0.1959,-0.9763,0,-,-,-,-,-,-,-,-,-,-,-,-,-,-,
107124,2787287.841,18:10:52:880,Trial023,B joie Triste.jpg,58,DarkKhaki,99.7575,Eye,9,11,,,629.0960479691556,341.3764246612013,610.2653593835543,380.55336860818653,-,-,-0.0757,0.1907,-0.9787,-0.0891,0.1898,-0.9778,0,-,-,-,-,-,-,-,-,-,-,-,-,-,-,
107128,2787354.608,18:10:52:947,Trial023,B joie Triste.jpg,58,DarkKhaki,99.7575,Eye,10,12,,,625.312085325527,371.5705730514515,604.1382244502613,329.6222322102634,-,-,-0.0783,0.1945,-0.9778,-0.0841,0.1905,-0.9781,0,-,-,-,-,-,-,-,-,-,-,-,-,-,-,
107132,2787421.375,18:10:53:014,Trial023,B joie Triste.jpg,58,DarkKhaki,99.7575,Eye,10,12,,,707.7156901109494,398.84329441988854,697.1502090678995,417.0524323681004,-,-,0.1377,0.195,-0.9711,0.1322,0.1994,-0.971,0,-,-,-,-,-,-,-,-,-,-,-,-,-,-,
107136,2787488.142,18:10:53:080,Trial023,B joie Triste.jpg,58,DarkKhaki,99.7575,Eye,10,12,,,776.727273376254,318.68034140795726,763.4337418713214,379.4029219447869,-,-,0.1444,0.1988,-0.9693,0.1288,0.1894,-0.9734,0,-,-,-,-,-,-,-,-,-,-,-,-,-,-,
107140,2787554.909,18:10:53:147,Trial023,B joie Triste.jpg,58,DarkKhaki,99.7575,Eye,10,12,,,829.1739059978734,392.2955159788568,813.1414230113924,336.8454246494699,-,-,0.1503,0.2,-0.9682,0.1281,0.1929,-0.9728,0,-,-,-,-,-,-,-,-,-,-,-,-,-,-,
107144,2787621.676,18:10:53:214,Trial023,B joie Triste.jpg,58,DarkKhaki,99.7575,Eye,11,13,,,856.4981658521311,337.97001833841216,829.7697287366178,380.7878931449568,-,-,0.1091,0.197,-0.9743,0.0969,0.1952,-0.976,0,-,-,-,-,-,-,-,-,-,-,-,-,-,-,
107148,2787688.443,18:10:53:281,Trial023,B joie Triste.jpg,58,DarkKhaki,99.7575,Eye,11,13,,,871.1726832076705,344.6154490050113,849.1459155427077,335.7126164481798,-,-,0.1095,0.1946,-0.9748,0.0994,0.1854,-0.9776,0,-,-,-,-,-,-,-,-,-,-,-,-,-,-,
107152,2787755.21,18:10:53:347,Trial023,B joie Triste.jpg,58,DarkKhaki,99.7575,Eye,11,13,,,890.6376286550035,303.4953935535836,864.9513192411607,404.28777355555906,-,-,0.1177,0.1925,-0.9742,0.0974,0.1875,-0.9774,0,-,-,-,-,-,-,-,-,-,-,-,-,-,-,
107156,2787821.977,18:10:53:414,Trial023,B joie Triste.jpg,58,DarkKhaki,99.7575,Eye,11,13,,,900.9132640284881,439.7957471673684,879.1190600027359,332.8495866658167,-,-,0.1129,0.1956,-0.9742,0.0984,0.1934,-0.9762,0,-,-,-,-,-,-,-,-,-,-,-,-,-,-,
107160,2787888.744,18:10:53:481,Trial023,B joie Triste.jpg,58,DarkKhaki,99.7575,Eye,11,13,,,903.9748681067753,375.2464468721674,889.9270305815314,409.1677365586558,-,-,0.1158,0.1933,-0.9743,0.1073,0.1964,-0.9746,0,-,-,-,-,-,-,-,-,-,-,-,-,-,-,
107164,2787955.511,18:10:53:548,Trial023,B joie Triste.jpg,58,DarkKhaki,99.7575,Eye,12,14,,,910.4944658961972,406.2011793377981,892.0084121492438,304.0742252893699,-,-,0.1008,0.1895,-0.9767,0.0794,0.1895,-0.9787,0,-,-,-,-,-,-,-,-,-,-,-,-,-,-,
107168,2788022.278,18:10:53:614,Trial023,B joie Triste.jpg,58,DarkKhaki,99.7575,Eye,12,14,,,822.0233920725302,418.6568336102033,808.0828340542407,373.4481304418905,-,-,-0.0973,0.1985,-0.9753,-0.1098,0.1909,-0.9755,0,-,-,-,-,-,-,-,-,-,-,-,-,-,-,
107172,2788089.045,18:10:53:681,Trial023,B joie Triste.jpg,58,DarkKhaki,99.7575,Eye,12,14,,,756.7362907696579,344.8472014311492,739.3580455498027,393.52766392204035,-,-,-0.0997,0.197,-0.9753,-0.1079,0.1875,-0.9763,0,-,-,-,-,-,-,-,-,-,-,-,-,-,-,
107176,2788155.812,18:10:53:748,Trial023,B joie Triste.jpg,58,DarkKhaki,99.7575,Eye,12,14,,,702.7525318038907,360.33684310672754,690.8681959783644,393.7939367972926,-,-,-0.0996,0.1972,-0.9753,-0.1046,0.1939,-0.9754,0,-,-,-,-,-,-,-,-,-,-,-,-,-,-,
107180,2788222.583,18:10:53:815,Trial023,B joie Triste.jpg,58,DarkKhaki,99.7575,Eye,13,14,,,663.4315686106225,398.1040192191887,659.4498550795778,384.6736944366604,-,-,-0.0996,0.1979,-0.9752,-0.1078,0.1907,-0.9757,0,-,-,-,-,-,-,-,-,-,-,-,-,-,-,
107184,2788289.362,18:10:53:882,Trial023,B joie Triste.jpg,58,DarkKhaki,99.7575,Eye,13,15,,,652.350308596762,359.7184116506111,651.8600978215641,381.28336164557845,-,-,-0.0739,0.2352,-0.9691,-0.0729,0.2246,-0.9717,0,-,-,-,-,-,-,-,-,-,-,-,-,-,-,
107188,2788356.141,18:10:53:948,Trial023,B joie Triste.jpg,58,DarkKhaki,99.7575,Eye,13,15,,,646.6519130466141,356.10194212063567,637.6175480068939,393.30104966943804,-,-,-0.0693,0.2356,-0.9694,-0.0723,0.2234,-0.972,0,-,-,-,-,-,-,-,-,-,-,-,-,-,-,
107192,2788422.92,18:10:54:015,Trial023,B joie Triste.jpg,58,DarkKhaki,99.7575,Eye,14,16,,,719.5556120545328,379.97489139542995,711.0354256059449,385.073637125862,-,-,0.1242,0.2386,-0.9631,0.1154,0.2332,-0.9655,0,-,-,-,-,-,-,-,-,-,-,-,-,-,-,
107196,2788489.699,18:10:54:082,Trial023,B joie Triste.jpg,58,DarkKhaki,99.7575,Eye,14,16,,,781.0783862619685,361.93251322063145,773.4693073727288,404.7185749225611,-,-,0.1336,0.2366,-0.9624,0.122,0.2371,-0.9638,0,-,-,-,-,-,-,-,-,-,-,-,-,-,-,
107200,2788556.479,18:10:54:149,Trial023,B joie Triste.jpg,58,DarkKhaki,99.7575,Eye,14,16,,,821.4310412767048,341.9254862341011,816.4566582937495,343.5197898234221,-,-,0.1291,0.2402,-0.9621,0.1131,0.233,-0.9659,0,-,-,-,-,-,-,-,-,-,-,-,-,-,-,
107204,2788623.258,18:10:54:215,Trial023,B joie Triste.jpg,58,DarkKhaki,99.7575,Eye,15,17,,,851.9718041592321,343.1664332530056,850.45337120091,384.56649074102967,-,-,0.1201,0.2441,-0.9623,0.1102,0.2336,-0.9661,0,-,-,-,-,-,-,-,-,-,-,-,-,-,-,
107208,2788690.037,18:10:54:282,Trial023,B joie Triste.jpg,58,DarkKhaki,99.7575,Eye,15,17,,,799.9488382980595,348.35140187004345,802.1709819843262,401.41433487360075,-,-,-0.0498,0.1643,-0.9852,-0.0618,0.1485,-0.987,0,-,-,-,-,-,-,-,-,-,-,-,-,-,-,
107212,2788756.816,18:10:54:349,Trial023,B joie Triste.jpg,58,DarkKhaki,99.7575,Eye,15,17,,,770.1618363853664,351.0924203345394,763.3255407483625,390.69410475281376,-,-,-0.0475,0.17,-0.9843,-0.0637,0.1575,-0.9855,0,-,-,-,-,-,-,-,-,-,-,-,-,-,-,
107216,2788823.595,18:10:54:416,Trial023,B joie Triste.jpg,58,DarkKhaki,99.7575,Eye,15,17,,,737.9512425746587,339.7386379367586,736.5058321610705,366.18351918960906,-,-,-0.0427,0.1649,-0.9854,-0.0624,0.1535,-0.9862,0,-,-,-,-,-,-,-,-,-,-,-,-,-,-,
107220,2788890.374,18:10:54:483,Trial023,B joie Triste.jpg,58,DarkKhaki,99.7575,Eye,16,18,,,714.6840041621932,389.2777878911432,706.9686072020062,384.09333453286735,-,-,-0.0288,0.1655,-0.9858,-0.0467,0.1585,-0.9863,0,-,-,-,-,-,-,-,-,-,-,-,-,-,-,
107224,2788957.154,18:10:54:549,Trial023,B joie Triste.jpg,58,DarkKhaki,99.7575,Eye,16,18,,,786.5505715816055,367.4973410827791,775.8976155305509,437.04710340261903,-,-,0.1526,0.1375,-0.9787,0.1521,0.1328,-0.9794,0,-,-,-,-,-,-,-,-,-,-,-,-,-,-,
107228,2789023.94,18:10:54:616,Trial023,B joie Triste.jpg,58,DarkKhaki,99.7575,Eye,16,18,,,831.7816918300432,444.4746282329432,828.795700840397,386.2145532430873,-,-,0.1506,0.1339,-0.9795,0.1333,0.1346,-0.9819,0,-,-,-,-,-,-,-,-,-,-,-,-,-,-,
107232,2789090.72,18:10:54:683,Trial023,B joie Triste.jpg,58,DarkKhaki,99.7575,Eye,16,18,,,874.1719523981867,389.7402210050152,869.1929666472255,413.98234313652046,-,-,0.1502,0.1408,-0.9786,0.1338,0.1398,-0.9811,0,-,-,-,-,-,-,-,-,-,-,-,-,-,-,
107236,2789157.495,18:10:54:750,Trial023,B joie Triste.jpg,58,DarkKhaki,99.7575,Eye,16,18,,,896.8093205652473,366.1421947891431,898.9728993710628,381.95497459487933,-,-,0.1488,0.1416,-0.9787,0.138,0.1369,-0.9809,0,-,-,-,-,-,-,-,-,-,-,-,-,-,-,
107240,2789224.271,18:10:54:816,Trial023,B joie Triste.jpg,58,DarkKhaki,99.7575,Eye,17,19,,,911.7245176736517,384.988220883126,917.6431543590616,414.28864370204303,-,-,0.1523,0.1231,-0.9806,0.1431,0.1218,-0.9822,0,-,-,-,-,-,-,-,-,-,-,-,-,-,-,
107244,2789291.046,18:10:54:883,Trial023,B joie Triste.jpg,58,DarkKhaki,99.7575,Eye,17,19,,,935.5672673898107,393.8294067166189,928.4026443110142,416.09754104369495,-,-,0.1641,0.0793,-0.9832,0.1483,0.0736,-0.9862,0,-,-,-,-,-,-,-,-,-,-,-,-,-,-,
107248,2789357.821,18:10:54:950,Trial023,B joie Triste.jpg,58,DarkKhaki,99.7575,Eye,17,19,,,956.8039071688427,493.7934144016996,942.1370814647926,441.50233971227897,-,-,0.164,0.0813,-0.9831,0.1514,0.0866,-0.9847,0,-,-,-,-,-,-,-,-,-,-,-,-,-,-,
107252,2789424.596,18:10:55:017,Trial023,B joie Triste.jpg,58,DarkKhaki,99.7575,Eye,18,20,,,872.2355593532694,395.48864959438765,853.9505883620136,420.5737927019294,-,-,-0.0657,0.0804,-0.9946,-0.0896,0.0752,-0.9931,0,-,-,-,-,-,-,-,-,-,-,-,-,-,-,
107256,2789491.371,18:10:55:084,Trial023,B joie Triste.jpg,58,DarkKhaki,99.7575,Eye,18,20,,,774.0748458742898,390.4140986137356,770.6812389297397,443.47758187981736,-,-,-0.1298,0.0709,-0.989,-0.145,0.0619,-0.9875,0,-,-,-,-,-,-,-,-,-,-,-,-,-,-,
107260,2789558.147,18:10:55:150,Trial023,B joie Triste.jpg,58,DarkKhaki,99.7575,Eye,18,20,,,710.5719403945873,443.9045541288629,698.1152773844981,442.10943792295876,-,-,-0.1285,0.062,-0.9898,-0.1435,0.067,-0.9874,0,-,-,-,-,-,-,-,-,-,-,-,-,-,-,
107264,2789624.922,18:10:55:217,Trial023,B joie Triste.jpg,58,DarkKhaki,99.7575,Eye,18,20,,,660.5430682217232,451.9460299386082,644.2760443384035,467.90218617143785,-,-,-0.13,0.0604,-0.9897,-0.1491,0.0608,-0.987,0,-,-,-,-,-,-,-,-,-,-,-,-,-,-,
107268,2789691.697,18:10:55:284,Trial023,B joie Triste.jpg,58,DarkKhaki,99.7575,Eye,18,20,,,612.4567381520055,412.235543146593,606.8096387479006,449.57359828261053,-,-,-0.1286,0.0539,-0.9902,-0.1404,0.0696,-0.9876,0,-,-,-,-,-,-,-,-,-,-,-,-,-,-,
107272,2789758.472,18:10:55:351,Trial023,B joie Triste.jpg,58,DarkKhaki,99.7575,Eye,19,21,,,631.4166138558979,418.29769395954804,632.3982276545894,427.25100014572524,-,-,0.0056,0.2366,-0.9716,-0.0109,0.227,-0.9738,0,-,-,-,-,-,-,-,-,-,-,-,-,-,-,
107276,2789825.247,18:10:55:417,Trial023,B joie Triste.jpg,58,DarkKhaki,99.7575,Eye,19,21,,,653.1537066484645,309.13456949657746,656.8519041805522,415.2382131631789,-,-,0.0136,0.2418,-0.9702,0.0035,0.2357,-0.9718,0,-,-,-,-,-,-,-,-,-,-,-,-,-,-,
107280,2789892.027,18:10:55:484,Trial023,B joie Triste.jpg,58,DarkKhaki,99.7575,Eye,19,21,,,670.4175001209028,362.3208825666625,676.6969717272863,314.60735884698204,-,-,0.008,0.2558,-0.9667,0.0064,0.236,-0.9717,0,-,-,-,-,-,-,-,-,-,-,-,-,-,-,
107284,2789958.811,18:10:55:551,Trial023,B joie Triste.jpg,58,DarkKhaki,99.7575,Eye,20,22,,,741.7845334341747,360.786860329618,741.355413150764,367.7360314520373,-,-,0.1346,0.2732,-0.9525,0.1289,0.2642,-0.9558,0,-,-,-,-,-,-,-,-,-,-,-,-,-,-,
107288,2790025.594,18:10:55:618,Trial023,B joie Triste.jpg,58,DarkKhaki,99.7575,Eye,20,22,,,807.4448509930885,366.9732537637917,797.6748113231151,392.4823820710092,-,-,0.1448,0.2763,-0.9501,0.1424,0.2604,-0.9549,0,-,-,-,-,-,-,-,-,-,-,-,-,-,-,
107292,2790092.377,18:10:55:685,Trial023,B joie Triste.jpg,58,DarkKhaki,99.7575,Eye,20,22,,,851.2514984241566,395.377188088338,846.3068807030427,373.14512296418565,-,-,0.1507,0.276,-0.9493,0.1408,0.2674,-0.9533,0,-,-,-,-,-,-,-,-,-,-,-,-,-,-,
107296,2790159.16,18:10:55:751,Trial023,B joie Triste.jpg,58,DarkKhaki,99.7575,Eye,21,22,,,887.6544547426655,262.812365517733,876.3915972383,373.34060113659126,-,-,0.1462,0.2773,-0.9496,0.1349,0.2601,-0.9561,0,-,-,-,-,-,-,-,-,-,-,-,-,-,-,
107300,2790225.944,18:10:55:818,Trial023,B joie Triste.jpg,58,DarkKhaki,99.7575,Eye,21,22,,,908.0320877461426,355.0874664956844,902.9555979603858,344.13144442392905,-,-,0.1534,0.2752,-0.9491,0.1357,0.2628,-0.9553,0,-,-,-,-,-,-,-,-,-,-,-,-,-,-,
107304,2790292.727,18:10:55:885,Trial023,B joie Triste.jpg,58,DarkKhaki,99.7575,Eye,21,23,,,914.4461810519973,379.11187135816624,915.1315373299826,388.1766937707624,-,-,0.1284,0.277,-0.9523,0.1121,0.2595,-0.9592,0,-,-,-,-,-,-,-,-,-,-,-,-,-,-,
107308,2790359.51,18:10:55:952,Trial023,B joie Triste.jpg,58,DarkKhaki,99.7575,Eye,21,23,,,936.1784346024044,370.36560114368604,907.9077526604067,364.7294073409801,-,-,0.1255,0.2748,-0.9533,0.1067,0.2603,-0.9596,0,-,-,-,-,-,-,-,-,-,-,-,-,-,-,
107312,2790426.294,18:10:56:018,Trial023,B joie Triste.jpg,58,DarkKhaki,99.7575,Eye,21,23,,,947.9512044208439,354.0221579605189,911.6480155058928,387.78168914166577,-,-,0.1263,0.2767,-0.9526,0.1061,0.2642,-0.9586,0,-,-,-,-,-,-,-,-,-,-,-,-,-,-,
107316,2790493.077,18:10:56:085,Trial023,B joie Triste.jpg,58,DarkKhaki,99.7575,Eye,21,23,,,952.4871030930947,254.01761976258254,908.2627586625321,391.6691993226551,-,-,0.1219,0.2769,-0.9531,0.1069,0.2637,-0.9587,0,-,-,-,-,-,-,-,-,-,-,-,-,-,-,
107320,2790559.86,18:10:56:152,Trial023,B joie Triste.jpg,58,DarkKhaki,99.7575,Eye,22,24,,,905.614329574993,379.0087326808563,865.3747127059871,318.7816761495823,-,-,0.0185,0.2569,-0.9663,-0.005,0.2391,-0.971,0,-,-,-,-,-,-,-,-,-,-,-,-,-,-,
107324,2790626.643,18:10:56:219,Trial023,B joie Triste.jpg,58,DarkKhaki,99.7575,Eye,22,24,,,824.3062847559976,306.6811844261722,798.6488959377202,322.8359284685988,-,-,-0.0892,0.2441,-0.9656,-0.1025,0.2233,-0.9693,0,-,-,-,-,-,-,-,-,-,-,-,-,-,-,
107328,2790693.427,18:10:56:286,Trial023,B joie Triste.jpg,58,DarkKhaki,99.7575,Eye,22,24,,,758.9338139770122,333.9425137128714,738.2607332967254,405.8487982848679,-,-,-0.0858,0.2401,-0.967,-0.0886,0.2289,-0.9694,0,-,-,-,-,-,-,-,-,-,-,-,-,-,-,
107332,2790760.185,18:10:56:352,Trial023,B joie Triste.jpg,58,DarkKhaki,99.7575,Eye,22,25,,,705.3480429542235,291.7931331257121,692.9844849741228,343.65554868104704,-,-,-0.0922,0.2413,-0.9661,-0.0941,0.223,-0.9703,0,-,-,-,-,-,-,-,-,-,-,-,-,-,-,
107336,2790826.941,18:10:56:419,Trial023,B joie Triste.jpg,58,DarkKhaki,99.7575,Eye,22,25,,,673.4994151873186,316.2308661633685,665.935340826797,312.2838013265912,-,-,-0.0816,0.2388,-0.9676,-0.0911,0.2251,-0.9701,0,-,-,-,-,-,-,-,-,-,-,-,-,-,-,
107340,2790893.697,18:10:56:486,Trial023,B joie Triste.jpg,58,DarkKhaki,99.7575,Eye,22,25,,,654.5112470478433,341.96279225037983,652.3974517991312,332.19697332245147,-,-,-0.0855,0.2332,-0.9687,-0.0979,0.226,-0.9692,0,-,-,-,-,-,-,-,-,-,-,-,-,-,-,
107344,2790960.453,18:10:56:553,Trial023,B joie Triste.jpg,58,DarkKhaki,99.7575,Eye,23,26,,,651.9847602298131,370.9245822365189,643.1583522394892,334.92528012452146,-,-,-0.0495,0.1992,-0.9787,-0.0602,0.184,-0.9811,0,-,-,-,-,-,-,-,-,-,-,-,-,-,-,
107348,2791027.209,18:10:56:619,Trial023,B joie Triste.jpg,58,DarkKhaki,99.7575,Eye,23,26,,,645.8890481088628,348.21643847813704,634.8645052280791,385.03221145676787,-,-,-0.0507,0.1948,-0.9795,-0.0603,0.1836,-0.9811,0,-,-,-,-,-,-,-,-,-,-,-,-,-,-,
107352,2791093.965,18:10:56:686,Trial023,B joie Triste.jpg,58,DarkKhaki,99.7575,Eye,23,26,,,642.950851359921,371.0893497770738,640.4271324171478,352.4881501551789,-,-,-0.048,0.184,-0.9818,-0.067,0.1911,-0.9793,0,-,-,-,-,-,-,-,-,-,-,-,-,-,-,
107356,2791160.721,18:10:56:753,Trial023,B joie Triste.jpg,58,DarkKhaki,99.7575,Eye,24,27,,,701.4483081691172,345.71519002999383,696.9853159968695,353.28325815493224,-,-,0.0833,0.1917,-0.9779,0.0772,0.1844,-0.9798,0,-,-,-,-,-,-,-,-,-,-,-,-,-,-,
138712,2791628.011,18:10:57:220,Trial024,sophie sous l'eau joie vs triste1.avi,58,DarkKhaki,93.6973,Eye,1,1,,,643.4320446324896,388.514673194333,634.972865084518,369.92910828105295,-,-,-0.1586,0.19,-0.9689,-0.1697,0.1773,-0.9694,0,-,-,-,-,-,-,-,-,-,-,-,-,-,-,
138716,2791694.766,18:10:57:287,Trial024,sophie sous l'eau joie vs triste1.avi,58,DarkKhaki,93.6973,Eye,1,1,,,598.8923273920594,338.7327026213155,593.2288080989983,410.02787786380617,-,-,-0.1593,0.1881,-0.9691,-0.173,0.1763,-0.969,0,-,-,-,-,-,-,-,-,-,-,-,-,-,-,
138720,2791761.521,18:10:57:353,Trial024,sophie sous l'eau joie vs triste1.avi,58,DarkKhaki,93.6973,Eye,1,1,,,556.342274899285,282.4608814002634,542.3037215500443,372.236849515809,-,-,-0.1652,0.1819,-0.9693,-0.1768,0.173,-0.9689,0,-,-,-,-,-,-,-,-,-,-,-,-,-,-,
138724,2791828.277,18:10:57:420,Trial024,sophie sous l'eau joie vs triste1.avi,58,DarkKhaki,93.6973,Eye,2,2,,,599.7344797417741,391.2595105000554,590.5818227155464,423.75997506239094,-,-,0.0019,0.1814,-0.9834,-0.0067,0.1877,-0.9822,0,-,-,-,-,-,-,-,-,-,-,-,-,-,-,
138728,2791895.032,18:10:57:487,Trial024,sophie sous l'eau joie vs triste1.avi,58,DarkKhaki,93.6973,Eye,2,2,,,624.8570681947148,309.091240715696,627.9737128822186,407.0854787077577,-,-,0.0047,0.1791,-0.9838,-0.0109,0.1781,-0.9839,0,-,-,-,-,-,-,-,-,-,-,-,-,-,-,
138732,2791961.787,18:10:57:554,Trial024,sophie sous l'eau joie vs triste1.avi,58,DarkKhaki,93.6973,Eye,2,2,,,650.6662805744644,326.20880385844765,649.1092652079607,416.3064837411805,-,-,0.0011,0.1748,-0.9846,-0.0212,0.1697,-0.9853,0,-,-,-,-,-,-,-,-,-,-,-,-,-,-,
138736,2792028.542,18:10:57:620,Trial024,sophie sous l'eau joie vs triste1.avi,58,DarkKhaki,93.6973,Eye,2,2,,,669.3063956507943,382.04553044635617,672.7089245604006,318.49002915673714,-,-,0.002,0.1678,-0.9858,-0.0127,0.1641,-0.9864,0,-,-,-,-,-,-,-,-,-,-,-,-,-,-,
138740,2792095.297,18:10:57:687,Trial024,sophie sous l'eau joie vs triste1.avi,58,DarkKhaki,93.6973,Eye,3,3,,,558.9525458783568,338.5775105520073,573.2094828550053,421.00466166804546,-,-,-0.2674,0.1463,-0.9524,-0.2777,0.1389,-0.9506,0,-,-,-,-,-,-,-,-,-,-,-,-,-,-,
138744,2792162.052,18:10:57:754,Trial024,sophie sous l'eau joie vs triste1.avi,58,DarkKhaki,93.6973,Eye,3,3,,,476.57761329172774,448.03739071833206,491.9837660242141,296.2980937809977,-,-,-0.2833,0.1554,-0.9463,-0.287,0.1402,-0.9476,0,-,-,-,-,-,-,-,-,-,-,-,-,-,-,
138748,2792228.807,18:10:57:821,Trial024,sophie sous l'eau joie vs triste1.avi,58,DarkKhaki,93.6973,Eye,3,3,,,413.7873743408587,423.6995459948177,427.00347889022345,361.45889569578804,-,-,-0.2817,0.1547,-0.947,-0.2977,0.1486,-0.943,0,-,-,-,-,-,-,-,-,-,-,-,-,-,-,
138752,2792295.563,18:10:57:887,Trial024,sophie sous l'eau joie vs triste1.avi,58,DarkKhaki,93.6973,Eye,3,3,,,366.29111860747423,368.73921774358155,377.4848720194978,411.3657688493131,-,-,-0.2784,0.1615,-0.9468,-0.2965,0.1512,-0.943,0,-,-,-,-,-,-,-,-,-,-,-,-,-,-,
138756,2792362.318,18:10:57:954,Trial024,sophie sous l'eau joie vs triste1.avi,58,DarkKhaki,93.6973,Eye,3,3,,,328.99605031049373,423.87490778409233,339.4326703695114,391.4457307438403,-,-,-0.2886,0.1632,-0.9435,-0.3008,0.1453,-0.9425,0,-,-,-,-,-,-,-,-,-,-,-,-,-,-,
138760,2792429.092,18:10:58:021,Trial024,sophie sous l'eau joie vs triste1.avi,58,DarkKhaki,93.6973,Eye,4,4,,,299.8299190668285,415.84353291036297,309.77740911109174,380.9498279152738,-,-,-0.2877,0.1676,-0.9429,-0.3002,0.1579,-0.9407,0,-,-,-,-,-,-,-,-,-,-,-,-,-,-,
138764,2792495.875,18:10:58:088,Trial024,sophie sous l'eau joie vs triste1.avi,58,DarkKhaki,93.6973,Eye,4,4,,,277.49922665640963,408.18709526064333,286.4406141896071,419.2325535333025,-,-,-0.2817,0.1649,-0.9452,-0.3029,0.1545,-0.9404,0,-,-,-,-,-,-,-,-,-,-,-,-,-,-,
138768,2792562.658,18:10:58:155,Trial024,sophie sous l'eau joie vs triste1.avi,58,DarkKhaki,93.6973,Eye,4,4,,,259.96169547668,368.6875247524734,268.36722112657804,379.44614334661986,-,-,-0.2848,0.1678,-0.9438,-0.2936,0.1613,-0.9422,0,-,-,-,-,-,-,-,-,-,-,-,-,-,-,
138772,2792629.441,18:10:58:221,Trial024,sophie sous l'eau joie vs triste1.avi,58,DarkKhaki,93.6973,Eye,5,5,,,378.57029338424826,377.38412720424043,373.78649312287286,359.2234080755006,-,-,0.0016,0.1773,-0.9842,-0.0312,0.1649,-0.9858,0,-,-,-,-,-,-,-,-,-,-,-,-,-,-,
138776,2792696.224,18:10:58:288,Trial024,sophie sous l'eau joie vs triste1.avi,58,DarkKhaki,93.6973,Eye,5,5,,,489.60321871933127,343.9256109400515,484.69219198806877,371.4925373252887,-,-,0.0577,0.1567,-0.986,0.0389,0.1606,-0.9862,0,-,-,-,-,-,-,-,-,-,-,-,-,-,-,
138780,2792763.007,18:10:58:355,Trial024,sophie sous l'eau joie vs triste1.avi,58,DarkKhaki,93.6973,Eye,5,5,,,568.0465136515355,388.3808148451835,552.2419256160658,381.08278557302003,-,-,0.0549,0.1559,-0.9863,0.032,0.1576,-0.987,0,-,-,-,-,-,-,-,-,-,-,-,-,-,-,
138784,2792829.79,18:10:58:422,Trial024,sophie sous l'eau joie vs triste1.avi,58,DarkKhaki,93.6973,Eye,6,6,,,616.3739393862983,432.14557368131665,593.221068020367,368.4772053008914,-,-,0.0171,0.1658,-0.986,-0.0062,0.1618,-0.9868,0,-,-,-,-,-,-,-,-,-,-,-,-,-,-,
138788,2792896.573,18:10:58:488,Trial024,sophie sous l'eau joie vs triste1.avi,58,DarkKhaki,93.6973,Eye,6,6,,,644.5580886173464,403.73226204426595,629.9830350118852,378.7767447874808,-,-,0.0147,0.1633,-0.9865,-0.009,0.1558,-0.9877,0,-,-,-,-,-,-,-,-,-,-,-,-,-,-,
138792,2792963.356,18:10:58:555,Trial024,sophie sous l'eau joie vs triste1.avi,58,DarkKhaki,93.6973,Eye,6,6,,,664.8450536102835,328.00936926808856,648.8579076963672,405.62728986947087,-,-,0.0115,0.1637,-0.9864,-0.0029,0.1548,-0.9879,0,-,-,-,-,-,-,-,-,-,-,-,-,-,-,
138796,2793030.139,18:10:58:622,Trial024,sophie sous l'eau joie vs triste1.avi,58,DarkKhaki,93.6973,Eye,6,6,,,684.0193128460893,371.7074144228314,670.7612314511986,408.80226910949614,-,-,0.0133,0.1622,-0.9867,0.0024,0.1604,-0.987,0,-,-,-,-,-,-,-,-,-,-,-,-,-,-,
138800,2793096.921,18:10:58:689,Trial024,sophie sous l'eau joie vs triste1.avi,58,DarkKhaki,93.6973,Eye,6,6,,,704.8598239728342,365.75755942310354,682.4002529605401,417.38071788135267,-,-,0.0173,0.1436,-0.9895,0.0018,0.1561,-0.9877,0,-,-,-,-,-,-,-,-,-,-,-,-,-,-,
138804,2793163.704,18:10:58:756,Trial024,sophie sous l'eau joie vs triste1.avi,58,DarkKhaki,93.6973,Eye,1,1,,,592.2343334244689,380.45654647056693,575.3896551652483,348.81382085501656,-,-,0,0,0,0,0,0,0,-,-,-,-,-,-,-,-,-,-,-,-,-,-,
138808,2793230.484,18:10:58:822,Trial024,sophie sous l'eau joie vs triste1.avi,58,DarkKhaki,93.6973,Eye,1,1,,,507.72551631889644,330.5332121261061,495.09200762448097,348.9178680013122,-,-,0,0,0,0,0,0,0,-,-,-,-,-,-,-,-,-,-,-,-,-,-,
138812,2793297.254,18:10:58:889,Trial024,sophie sous l'eau joie vs triste1.avi,58,DarkKhaki,93.6973,Eye,1,1,,,444.3053586483429,280.21686775041877,434.8302271275313,305.2744180160578,-,-,0,0,0,0,0,0,0,-,-,-,-,-,-,-,-,-,-,-,-,-,-,
138816,2793364.024,18:10:58:956,Trial024,sophie sous l'eau joie vs triste1.avi,58,DarkKhaki,93.6973,Eye,7,7,,,516.1941044102758,363.46375524034164,504.7065754926617,411.17689113773656,-,-,-0.0027,0.1779,-0.984,-0.0065,0.1722,-0.985,0,-,-,-,-,-,-,-,-,-,-,-,-,-,-,
138820,2793430.794,18:10:59:023,Trial024,sophie sous l'eau joie vs triste1.avi,58,DarkKhaki,93.6973,Eye,7,7,,,565.0184548997803,349.98041237049046,561.6890892502889,412.8540796549257,-,-,0.0056,0.1594,-0.9872,0.0009,0.166,-0.9861,0,-,-,-,-,-,-,-,-,-,-,-,-,-,-,
138824,2793497.565,18:10:59:089,Trial024,sophie sous l'eau joie vs triste1.avi,58,DarkKhaki,93.6973,Eye,7,7,,,607.991001630971,414.197983638592,602.1152065131895,452.97131616315573,-,-,0.0011,0.1653,-0.9862,0.0018,0.1558,-0.9878,0,-,-,-,-,-,-,-,-,-,-,-,-,-,-,
138828,2793564.335,18:10:59:156,Trial024,sophie sous l'eau joie vs triste1.avi,58,DarkKhaki,93.6973,Eye,7,7,,,639.2671024014148,355.30097344654985,628.901151499649,368.9042643204861,-,-,0.0041,0.1645,-0.9864,0.0038,0.16,-0.9871,0,-,-,-,-,-,-,-,-,-,-,-,-,-,-,
138832,2793631.105,18:10:59:223,Trial024,sophie sous l'eau joie vs triste1.avi,58,DarkKhaki,93.6973,Eye,7,7,,,667.5065706038429,340.70812832786953,655.1827015269365,380.04337484321974,-,-,0.0082,0.1674,-0.9859,-0.0017,0.1634,-0.9866,0,-,-,-,-,-,-,-,-,-,-,-,-,-,-,
138836,2793697.876,18:10:59:290,Trial024,sophie sous l'eau joie vs triste1.avi,58,DarkKhaki,93.6973,Eye,7,7,,,690.7704959143026,414.44064047426104,664.5923120628842,419.78536802524434,-,-,0.009,0.1777,-0.984,-0.0009,0.1695,-0.9855,0,-,-,-,-,-,-,-,-,-,-,-,-,-,-,
138840,2793764.646,18:10:59:357,Trial024,sophie sous l'eau joie vs triste1.avi,58,DarkKhaki,93.6973,Eye,7,7,,,696.0204734088516,373.9997452736037,677.0267950436814,380.8855282843542,-,-,0.0147,0.1736,-0.9847,-0.0021,0.1698,-0.9855,0,-,-,-,-,-,-,-,-,-,-,-,-,-,-,
138844,2793831.416,18:10:59:423,Trial024,sophie sous l'eau joie vs triste1.avi,58,DarkKhaki,93.6973,Eye,7,7,,,714.6456629303833,395.45362264038283,693.3559009142494,322.3693452666798,-,-,0.0116,0.1906,-0.9816,-0.0064,0.17,-0.9854,0,-,-,-,-,-,-,-,-,-,-,-,-,-,-,
138848,2793898.187,18:10:59:490,Trial024,sophie sous l'eau joie vs triste1.avi,58,DarkKhaki,93.6973,Eye,7,7,,,728.2807104176513,378.16923646181664,705.126764231985,418.9345406534222,-,-,0.0162,0.1796,-0.9836,-0.0024,0.1623,-0.9867,0,-,-,-,-,-,-,-,-,-,-,-,-,-,-,
138852,2793964.957,18:10:59:557,Trial024,sophie sous l'eau joie vs triste1.avi,58,DarkKhaki,93.6973,Eye,7,7,,,731.6434942077847,406.32861622223123,711.1773310795386,439.5458915332063,-,-,0.0047,0.1753,-0.9845,-0.0062,0.1676,-0.9858,0,-,-,-,-,-,-,-,-,-,-,-,-,-,-,
138856,2794031.727,18:10:59:624,Trial024,sophie sous l'eau joie vs triste1.avi,58,DarkKhaki,93.6973,Eye,7,7,,,732.3621948494657,383.8943505646722,710.6521646380613,382.869565466636,-,-,0.0056,0.1669,-0.986,-0.0051,0.1686,-0.9857,0,-,-,-,-,-,-,-,-,-,-,-,-,-,-,
138860,2794098.506,18:10:59:690,Trial024,sophie sous l'eau joie vs triste1.avi,58,DarkKhaki,93.6973,Eye,7,7,,,735.280162971792,406.91010058563205,717.8548011804259,413.11210180535517,-,-,0.0071,0.1732,-0.9849,-0.0039,0.1677,-0.9858,0,-,-,-,-,-,-,-,-,-,-,-,-,-,-,
138864,2794165.295,18:10:59:757,Trial024,sophie sous l'eau joie vs triste1.avi,58,DarkKhaki,93.6973,Eye,7,7,,,728.2442983390715,413.93332359100117,719.6117971112945,422.73072640343764,-,-,0.0057,0.1649,-0.9863,-0.0027,0.1722,-0.9851,0,-,-,-,-,-,-,-,-,-,-,-,-,-,-,
138868,2794232.084,18:10:59:824,Trial024,sophie sous l'eau joie vs triste1.avi,58,DarkKhaki,93.6973,Eye,8,8,,,775.7530091706806,374.3985177963198,764.5116360245548,407.5291525469191,-,-,0.1111,0.2139,-0.9705,0.0973,0.2042,-0.9741,0,-,-,-,-,-,-,-,-,-,-,-,-,-,-,
138872,2794298.872,18:10:59:891,Trial024,sophie sous l'eau joie vs triste1.avi,58,DarkKhaki,93.6973,Eye,8,8,,,808.2448451398761,422.73221613047883,806.0287634358622,400.75374872866075,-,-,0.1062,0.2263,-0.9683,0.0963,0.2151,-0.9718,0,-,-,-,-,-,-,-,-,-,-,-,-,-,-,
138876,2794365.661,18:10:59:958,Trial024,sophie sous l'eau joie vs triste1.avi,58,DarkKhaki,93.6973,Eye,8,8,,,839.6401853595614,344.16984981313607,828.296387800172,416.4419775396376,-,-,0.1136,0.224,-0.9679,0.1019,0.2122,-0.9719,0,-,-,-,-,-,-,-,-,-,-,-,-,-,-,
138880,2794432.45,18:11:00:024,Trial024,sophie sous l'eau joie vs triste1.avi,58,DarkKhaki,93.6973,Eye,8,8,,,858.4221320184137,364.8765358728868,852.1150657676202,425.3790846240032,-,-,0.1038,0.2287,-0.968,0.0995,0.2116,-0.9723,0,-,-,-,-,-,-,-,-,-,-,-,-,-,-,
138884,2794499.238,18:11:00:091,Trial024,sophie sous l'eau joie vs triste1.avi,58,DarkKhaki,93.6973,Eye,8,8,,,867.8820682633516,349.5559280219291,861.8754426209813,355.2189361328326,-,-,0.1005,0.2209,-0.9701,0.0952,0.2053,-0.9741,0,-,-,-,-,-,-,-,-,-,-,-,-,-,-,
138888,2794566.027,18:11:00:158,Trial024,sophie sous l'eau joie vs triste1.avi,58,DarkKhaki,93.6973,Eye,9,9,,,834.6536191296959,401.1419436804531,809.2245134363353,385.08727512808247,-,-,0.0006,0.1583,-0.9874,-0.0267,0.1524,-0.988,0,-,-,-,-,-,-,-,-,-,-,-,-,-,-,
138892,2794632.816,18:11:00:225,Trial024,sophie sous l'eau joie vs triste1.avi,58,DarkKhaki,93.6973,Eye,9,9,,,818.0345294935215,330.733767210509,787.1086385972997,390.5860825443006,-,-,-0.01,0.1531,-0.9882,-0.025,0.1438,-0.9893,0,-,-,-,-,-,-,-,-,-,-,-,-,-,-,
138896,2794699.604,18:11:00:292,Trial024,sophie sous l'eau joie vs triste1.avi,58,DarkKhaki,93.6973,Eye,9,9,,,791.4213258326826,415.6288752679034,762.2531012573882,341.6264004830741,-,-,-0.0048,0.1567,-0.9876,-0.0187,0.154,-0.9879,0,-,-,-,-,-,-,-,-,-,-,-,-,-,-,
138900,2794766.393,18:11:00:358,Trial024,sophie sous l'eau joie vs triste1.avi,58,DarkKhaki,93.6973,Eye,9,9,,,775.1807140655351,375.70471537677804,751.8979418305033,348.853917392954,-,-,-0.0109,0.1569,-0.9876,-0.024,0.1572,-0.9873,0,-,-,-,-,-,-,-,-,-,-,-,-,-,-,
138904,2794833.182,18:11:00:425,Trial024,sophie sous l'eau joie vs triste1.avi,58,DarkKhaki,93.6973,Eye,9,9,,,767.7523110501223,393.92576960430455,744.6925327679635,402.4143262108773,-,-,-0.0075,0.1581,-0.9874,-0.0235,0.1517,-0.9881,0,-,-,-,-,-,-,-,-,-,-,-,-,-,-,
138908,2794899.964,18:11:00:492,Trial024,sophie sous l'eau joie vs triste1.avi,58,DarkKhaki,93.6973,Eye,9,9,,,762.6805455048053,363.36496440346383,731.045413255214,395.03676950920726,-,-,-0.0085,0.1525,-0.9883,-0.0203,0.1548,-0.9877,0,-,-,-,-,-,-,-,-,-,-,-,-,-,-,
138912,2794966.726,18:11:00:559,Trial024,sophie sous l'eau joie vs triste1.avi,58,DarkKhaki,93.6973,Eye,9,9,,,757.3529259556159,437.3402033819923,724.0940876441945,336.13657331989566,-,-,-0.0172,0.2005,-0.9795,-0.0308,0.1896,-0.9814,0,-,-,-,-,-,-,-,-,-,-,-,-,-,-,
138916,2795033.49,18:11:00:625,Trial024,sophie sous l'eau joie vs triste1.avi,58,DarkKhaki,93.6973,Eye,10,10,,,757.5371077045878,405.9801344372608,721.5213083020027,419.8124314419089,-,-,-0.0174,0.1968,-0.9803,-0.0273,0.1893,-0.9815,0,-,-,-,-,-,-,-,-,-,-,-,-,-,-,
138920,2795100.254,18:11:00:692,Trial024,sophie sous l'eau joie vs triste1.avi,58,DarkKhaki,93.6973,Eye,10,10,,,745.7101076922341,416.9323646896586,721.964148164294,390.6379110996858,-,-,-0.0206,0.1962,-0.9804,-0.0209,0.1969,-0.9802,0,-,-,-,-,-,-,-,-,-,-,-,-,-,-,
138924,2795167.018,18:11:00:759,Trial024,sophie sous l'eau joie vs triste1.avi,58,DarkKhaki,93.6973,Eye,10,10,,,731.3247862100325,344.4758016536703,709.0283694870362,425.1542211936972,-,-,-0.0162,0.1921,-0.9812,-0.0213,0.1908,-0.9814,0,-,-,-,-,-,-,-,-,-,-,-,-,-,-,
138928,2795233.782,18:11:00:826,Trial024,sophie sous l'eau joie vs triste1.avi,58,DarkKhaki,93.6973,Eye,10,10,,,717.3403667876411,357.6215076717658,704.9959046525902,386.460068299558,-,-,-0.0131,0.193,-0.9811,-0.0241,0.198,-0.9799,0,-,-,-,-,-,-,-,-,-,-,-,-,-,-,
138932,2795300.545,18:11:00:892,Trial024,sophie sous l'eau joie vs triste1.avi,58,DarkKhaki,93.6973,Eye,10,10,,,724.6583650441162,359.6310597439001,704.1097954290528,371.4638655168135,-,-,-0.0103,0.1933,-0.9811,-0.0238,0.1943,-0.9807,0,-,-,-,-,-,-,-,-,-,-,-,-,-,-,
138936,2795367.309,18:11:00:959,Trial024,sophie sous l'eau joie vs triste1.avi,58,DarkKhaki,93.6973,Eye,10,10,,,724.0717771644955,416.5764830131945,710.8285656778875,374.63544594121606,-,-,-0.009,0.1908,-0.9816,-0.0187,0.193,-0.981,0,-,-,-,-,-,-,-,-,-,-,-,-,-,-,
138940,2795434.073,18:11:01:026,Trial024,sophie sous l'eau joie vs triste1.avi,58,DarkKhaki,93.6973,Eye,10,10,,,716.755171123957,398.08742379523295,710.3895033705215,340.36037770137773,-,-,-0.0162,0.203,-0.9791,-0.0196,0.1952,-0.9806,0,-,-,-,-,-,-,-,-,-,-,-,-,-,-,
138944,2795500.837,18:11:01:093,Trial024,sophie sous l'eau joie vs triste1.avi,58,DarkKhaki,93.6973,Eye,11,11,,,754.8146362330406,330.44972475289785,749.4192921943734,408.15164840278715,-,-,0.0725,0.2128,-0.9744,0.0742,0.2131,-0.9742,0,-,-,-,-,-,-,-,-,-,-,-,-,-,-,
138948,2795567.601,18:11:01:160,Trial024,sophie sous l'eau joie vs triste1.avi,58,DarkKhaki,93.6973,Eye,11,11,,,780.7572770994285,414.104028178394,779.1823387469304,375.49146532697506,-,-,0.0841,0.2236,-0.971,0.0708,0.2153,-0.974,0,-,-,-,-,-,-,-,-,-,-,-,-,-,-,
138952,2795634.365,18:11:01:226,Trial024,sophie sous l'eau joie vs triste1.avi,58,DarkKhaki,93.6973,Eye,11,11,,,801.067848737357,396.8959187881478,803.018106458641,348.0206496359317,-,-,0.0815,0.2193,-0.9722,0.0728,0.2174,-0.9734,0,-,-,-,-,-,-,-,-,-,-,-,-,-,-,
138956,2795701.128,18:11:01:293,Trial024,sophie sous l'eau joie vs triste1.avi,58,DarkKhaki,93.6973,Eye,12,12,,,829.737467035299,386.18963293839806,832.8454856901221,376.23688290201807,-,-,0.1081,0.2271,-0.9679,0.1014,0.2175,-0.9708,0,-,-,-,-,-,-,-,-,-,-,-,-,-,-,
138960,2795767.909,18:11:01:360,Trial024,sophie sous l'eau joie vs triste1.avi,58,DarkKhaki,93.6973,Eye,12,12,,,851.5545405546559,345.33983977111683,852.154978134286,330.8736417738163,-,-,0.1172,0.2216,-0.9681,0.1073,0.2188,-0.9699,0,-,-,-,-,-,-,-,-,-,-,-,-,-,-,
138964,2795834.692,18:11:01:427,Trial024,sophie sous l'eau joie vs triste1.avi,58,DarkKhaki,93.6973,Eye,12,12,,,872.9063189300153,338.0266877246421,872.5752998009918,430.5482375625984,-,-,0.1083,0.2242,-0.9685,0.1009,0.2229,-0.9696,0,-,-,-,-,-,-,-,-,-,-,-,-,-,-,
138968,2795901.472,18:11:01:493,Trial024,sophie sous l'eau joie vs triste1.avi,58,DarkKhaki,93.6973,Eye,12,12,,,890.0029227416311,368.69262825879787,884.9665874757773,382.137083340331,-,-,0.1128,0.2265,-0.9675,0.1044,0.2244,-0.9689,0,-,-,-,-,-,-,-,-,-,-,-,-,-,-,
138972,2795968.252,18:11:01:560,Trial024,sophie sous l'eau joie vs triste1.avi,58,DarkKhaki,93.6973,Eye,12,12,,,897.7052886070055,322.38014432644496,888.0406512936286,377.5822848250378,-,-,0.109,0.2269,-0.9678,0.0993,0.223,-0.9698,0,-,-,-,-,-,-,-,-,-,-,-,-,-,-,
138976,2796035.033,18:11:01:627,Trial024,sophie sous l'eau joie vs triste1.avi,58,DarkKhaki,93.6973,Eye,12,12,,,896.0653013672445,393.17663209441884,895.1003163655138,385.06338008707553,-,-,0.1102,0.2198,-0.9693,0.1011,0.2203,-0.9702,0,-,-,-,-,-,-,-,-,-,-,-,-,-,-,
138980,2796101.813,18:11:01:694,Trial024,sophie sous l'eau joie vs triste1.avi,58,DarkKhaki,93.6973,Eye,12,12,,,903.8453619722554,375.9583559664031,899.4882657614361,366.0474534965759,-,-,0.104,0.2319,-0.9672,0.0954,0.2244,-0.9698,0,-,-,-,-,-,-,-,-,-,-,-,-,-,-,
138984,2796168.593,18:11:01:761,Trial024,sophie sous l'eau joie vs triste1.avi,58,DarkKhaki,93.6973,Eye,12,12,,,906.5563871549851,336.9373650650578,906.1304653635536,355.9567403817815,-,-,0.1083,0.2259,-0.9681,0.1014,0.2211,-0.97,0,-,-,-,-,-,-,-,-,-,-,-,-,-,-,
138988,2796235.373,18:11:01:827,Trial024,sophie sous l'eau joie vs triste1.avi,58,DarkKhaki,93.6973,Eye,12,12,,,918.2251283744567,405.577736601277,906.1518586032709,418.9849526504371,-,-,0.1136,0.2317,-0.9661,0.1016,0.2251,-0.969,0,-,-,-,-,-,-,-,-,-,-,-,-,-,-,
138992,2796302.153,18:11:01:894,Trial024,sophie sous l'eau joie vs triste1.avi,58,DarkKhaki,93.6973,Eye,12,12,,,909.2795070805637,344.20494733341445,902.2189850394416,395.1486613344097,-,-,0.1162,0.2289,-0.9665,0.1084,0.2283,-0.9675,0,-,-,-,-,-,-,-,-,-,-,-,-,-,-,
138996,2796368.933,18:11:01:961,Trial024,sophie sous l'eau joie vs triste1.avi,58,DarkKhaki,93.6973,Eye,12,12,,,915.7996180382422,352.00318702488136,911.7911308868792,343.7818630180459,-,-,0.1093,0.2265,-0.9679,0.0974,0.2211,-0.9704,0,-,-,-,-,-,-,-,-,-,-,-,-,-,-,
139000,2796435.713,18:11:02:028,Trial024,sophie sous l'eau joie vs triste1.avi,58,DarkKhaki,93.6973,Eye,12,12,,,922.7233626861512,356.14992940958547,915.858672567186,396.0675781837359,-,-,0.1076,0.2327,-0.9666,0.1059,0.2254,-0.9685,0,-,-,-,-,-,-,-,-,-,-,-,-,-,-,
139004,2796502.494,18:11:02:094,Trial024,sophie sous l'eau joie vs triste1.avi,58,DarkKhaki,93.6973,Eye,12,12,,,921.8088192787131,345.1913930709326,918.0593903447751,395.147777130471,-,-,0.1153,0.2296,-0.9664,0.1081,0.2187,-0.9698,0,-,-,-,-,-,-,-,-,-,-,-,-,-,-,
139008,2796569.27,18:11:02:161,Trial024,sophie sous l'eau joie vs triste1.avi,58,DarkKhaki,93.6973,Eye,12,12,,,918.6575112907201,373.47636761636915,928.4660953499147,359.3261936272373,-,-,0.1065,0.2219,-0.9692,0.0983,0.2226,-0.9699,0,-,-,-,-,-,-,-,-,-,-,-,-,-,-,
139012,2796636.035,18:11:02:228,Trial024,sophie sous l'eau joie vs triste1.avi,58,DarkKhaki,93.6973,Eye,12,12,,,924.476528827307,369.17286599280084,922.0979006525654,343.8596620849554,-,-,0.1066,0.2322,-0.9668,0.1011,0.2192,-0.9704,0,-,-,-,-,-,-,-,-,-,-,-,-,-,-,
139016,2796702.801,18:11:02:295,Trial024,sophie sous l'eau joie vs triste1.avi,58,DarkKhaki,93.6973,Eye,12,12,,,935.3337061200891,344.44865338406925,923.8278766184264,364.7696948346155,-,-,0.1134,0.2251,-0.9677,0.1019,0.2171,-0.9708,0,-,-,-,-,-,-,-,-,-,-,-,-,-,-,
139020,2796769.569,18:11:02:361,Trial024,sophie sous l'eau joie vs triste1.avi,58,DarkKhaki,93.6973,Eye,12,12,,,936.0946690945646,352.7339034993905,922.0130832193635,343.89830483553015,-,-,0.1113,0.225,-0.968,0.1046,0.2155,-0.9709,0,-,-,-,-,-,-,-,-,-,-,-,-,-,-,
139024,2796836.336,18:11:02:428,Trial024,sophie sous l'eau joie vs triste1.avi,58,DarkKhaki,93.6973,Eye,12,12,,,930.973832501139,320.6076857829026,926.6026103690367,360.22794276570386,-,-,0.1111,0.2309,-0.9666,0.1112,0.2269,-0.9676,0,-,-,-,-,-,-,-,-,-,-,-,-,-,-,
139028,2796903.103,18:11:02:495,Trial024,sophie sous l'eau joie vs triste1.avi,58,DarkKhaki,93.6973,Eye,12,12,,,931.025697580201,346.49614639552726,924.5439620576311,401.8918928110666,-,-,0.1138,0.2278,-0.967,0.1037,0.2299,-0.9677,0,-,-,-,-,-,-,-,-,-,-,-,-,-,-,
139032,2796969.871,18:11:02:562,Trial024,sophie sous l'eau joie vs triste1.avi,58,DarkKhaki,93.6973,Eye,13,13,,,938.8660536311022,323.26386225526375,941.1692325310423,393.35265967383924,-,-,0.1438,0.0417,-0.9887,0.1372,0.0214,-0.9903,0,-,-,-,-,-,-,-,-,-,-,-,-,-,-,
139036,2797036.638,18:11:02:629,Trial024,sophie sous l'eau joie vs triste1.avi,58,DarkKhaki,93.6973,Eye,13,13,,,950.0524587642126,353.19096107696527,949.5852361054082,378.26697078099096,-,-,0.15,0.0229,-0.9884,0.139,0.0099,-0.9902,0,-,-,-,-,-,-,-,-,-,-,-,-,-,-,
139040,2797103.405,18:11:02:695,Trial024,sophie sous l'eau joie vs triste1.avi,58,DarkKhaki,93.6973,Eye,13,13,,,962.3301301626752,417.69621185683957,959.0109778735731,513.5186854018999,-,-,0.1492,0.0234,-0.9885,0.1381,0.0155,-0.9903,0,-,-,-,-,-,-,-,-,-,-,-,-,-,-,
139044,2797170.173,18:11:02:762,Trial024,sophie sous l'eau joie vs triste1.avi,58,DarkKhaki,93.6973,Eye,13,13,,,973.3434254433123,347.8238652945399,964.8875709012825,432.3659506539599,-,-,0.1483,0.0347,-0.9883,0.1359,0.0201,-0.9905,0,-,-,-,-,-,-,-,-,-,-,-,-,-,-,
139048,2797236.94,18:11:02:829,Trial024,sophie sous l'eau joie vs triste1.avi,58,DarkKhaki,93.6973,Eye,13,13,,,977.6708101575044,411.2649621840415,969.2243325566212,441.28367014265353,-,-,0.1441,0.0232,-0.9893,0.1325,0.014,-0.9911,0,-,-,-,-,-,-,-,-,-,-,-,-,-,-,
139052,2797303.707,18:11:02:896,Trial024,sophie sous l'eau joie vs triste1.avi,58,DarkKhaki,93.6973,Eye,14,14,,,961.9519950019642,367.8338348705428,953.3828867797863,426.02847016969787,-,-,0.1059,0.1746,-0.9789,0.0984,0.1643,-0.9815,0,-,-,-,-,-,-,-,-,-,-,-,-,-,-,
139056,2797370.475,18:11:02:962,Trial024,sophie sous l'eau joie vs triste1.avi,58,DarkKhaki,93.6973,Eye,14,14,,,945.5714503525184,465.63746042678287,938.2709401643444,391.3421817441677,-,-,0.0988,0.1879,-0.9772,0.0966,0.1853,-0.9779,0,-,-,-,-,-,-,-,-,-,-,-,-,-,-,
139060,2797437.247,18:11:03:029,Trial024,sophie sous l'eau joie vs triste1.avi,58,DarkKhaki,93.6973,Eye,14,14,,,933.0175321554292,423.78946123477647,923.4336270612048,350.78541966694104,-,-,0.0962,0.1887,-0.9773,0.0895,0.1878,-0.9781,0,-,-,-,-,-,-,-,-,-,-,-,-,-,-,
139064,2797504.02,18:11:03:096,Trial024,sophie sous l'eau joie vs triste1.avi,58,DarkKhaki,93.6973,Eye,14,14,,,921.6375832141223,368.29771211472564,918.7145432656778,369.9049786137168,-,-,0.1011,0.1878,-0.977,0.0947,0.1838,-0.9784,0,-,-,-,-,-,-,-,-,-,-,-,-,-,-,
139068,2797570.787,18:11:03:163,Trial024,sophie sous l'eau joie vs triste1.avi,58,DarkKhaki,93.6973,Eye,15,15,,,890.5579775922151,375.3344708039968,884.98209065093,445.8406679974507,-,-,0.0184,0.2071,-0.9782,0.0189,0.1973,-0.9802,0,-,-,-,-,-,-,-,-,-,-,-,-,-,-,
139072,2797637.553,18:11:03:229,Trial024,sophie sous l'eau joie vs triste1.avi,58,DarkKhaki,93.6973,Eye,15,15,,,860.3692488149369,396.7927074439579,846.625254294209,408.2631744352497,-,-,0.0147,0.2023,-0.9792,0.0094,0.1953,-0.9807,0,-,-,-,-,-,-,-,-,-,-,-,-,-,-,
139076,2797704.32,18:11:03:296,Trial024,sophie sous l'eau joie vs triste1.avi,58,DarkKhaki,93.6973,Eye,15,16,,,827.4589905949949,424.62474982331156,816.8450946786352,404.3433226007606,-,-,0.0053,0.1969,-0.9804,-0.0005,0.1933,-0.9811,0,-,-,-,-,-,-,-,-,-,-,-,-,-,-,
139080,2797771.086,18:11:03:363,Trial024,sophie sous l'eau joie vs triste1.avi,58,DarkKhaki,93.6973,Eye,15,16,,,809.4602923569528,350.5198643688818,804.9676344975626,358.72268178047875,-,-,0.0076,0.2178,-0.976,0.0108,0.2002,-0.9797,0,-,-,-,-,-,-,-,-,-,-,-,-,-,-,
139084,2797837.853,18:11:03:430,Trial024,sophie sous l'eau joie vs triste1.avi,58,DarkKhaki,93.6973,Eye,15,16,,,790.749917326379,367.2041353270352,796.7529024424252,330.46859374177683,-,-,0.0005,0.2091,-0.9779,0.002,0.2019,-0.9794,0,-,-,-,-,-,-,-,-,-,-,-,-,-,-,
139088,2797904.619,18:11:03:497,Trial024,sophie sous l'eau joie vs triste1.avi,58,DarkKhaki,93.6973,Eye,15,16,,,768.9101627211189,411.717206323846,780.8400849890711,441.38417047727637,-,-,0.0095,0.2011,-0.9795,-0.0021,0.1867,-0.9824,0,-,-,-,-,-,-,-,-,-,-,-,-,-,-,
139092,2797971.386,18:11:03:563,Trial024,sophie sous l'eau joie vs triste1.avi,58,DarkKhaki,93.6973,Eye,2,2,,,640.7851112110351,384.2390752909353,649.7325529119992,357.81134601893547,-,-,0,0,0,0,0,0,0,-,-,-,-,-,-,-,-,-,-,-,-,-,-,
139096,2798038.152,18:11:03:630,Trial024,sophie sous l'eau joie vs triste1.avi,58,DarkKhaki,93.6973,Eye,16,17,,,664.1905960333539,340.2094514171642,668.3486928818119,354.2687925112315,-,-,0.0126,0.2207,-0.9753,-0.0028,0.2124,-0.9772,0,-,-,-,-,-,-,-,-,-,-,-,-,-,-,
139100,2798104.919,18:11:03:697,Trial024,sophie sous l'eau joie vs triste1.avi,58,DarkKhaki,93.6973,Eye,16,17,,,687.1102401057989,337.69298228059336,687.5988395030253,393.9801590876295,-,-,0.0142,0.1917,-0.9814,0.0096,0.1948,-0.9808,0,-,-,-,-,-,-,-,-,-,-,-,-,-,-,
139104,2798171.686,18:11:03:764,Trial024,sophie sous l'eau joie vs triste1.avi,58,DarkKhaki,93.6973,Eye,16,17,,,703.4241922374321,360.28650819555946,702.965480113439,357.71872200490213,-,-,0.0186,0.1995,-0.9797,0.0096,0.1918,-0.9814,0,-,-,-,-,-,-,-,-,-,-,-,-,-,-,
139108,2798238.453,18:11:03:830,Trial024,sophie sous l'eau joie vs triste1.avi,58,DarkKhaki,93.6973,Eye,16,17,,,716.5409538892472,391.4084228553199,722.5397892775765,292.6153503524863,-,-,0.0149,0.1995,-0.9798,0.0116,0.1928,-0.9812,0,-,-,-,-,-,-,-,-,-,-,-,-,-,-,
139112,2798305.225,18:11:03:897,Trial024,sophie sous l'eau joie vs triste1.avi,58,DarkKhaki,93.6973,Eye,16,17,,,735.5944155924612,343.7234591035,727.8122992595021,346.0119281558761,-,-,0.0142,0.203,-0.9791,0.0118,0.1945,-0.9808,0,-,-,-,-,-,-,-,-,-,-,-,-,-,-,
139116,2798372.002,18:11:03:964,Trial024,sophie sous l'eau joie vs triste1.avi,58,DarkKhaki,93.6973,Eye,16,17,,,742.344021072222,376.1426446547912,730.7085648363559,337.3456395673566,-,-,0.0162,0.207,-0.9782,0.0118,0.1921,-0.9813,0,-,-,-,-,-,-,-,-,-,-,-,-,-,-,
139120,2798438.793,18:11:04:031,Trial024,sophie sous l'eau joie vs triste1.avi,58,DarkKhaki,93.6973,Eye,16,17,,,752.8181787494519,387.89361782850057,734.0498527926692,410.9902561835634,-,-,0.0101,0.2059,-0.9785,0.0073,0.194,-0.981,0,-,-,-,-,-,-,-,-,-,-,-,-,-,-,
139124,2798505.585,18:11:04:098,Trial024,sophie sous l'eau joie vs triste1.avi,58,DarkKhaki,93.6973,Eye,16,17,,,755.8044749827756,351.52411640530084,736.4108435368461,380.3484931594586,-,-,0.016,0.2082,-0.978,0.0109,0.2025,-0.9792,0,-,-,-,-,-,-,-,-,-,-,-,-,-,-,
139128,2798572.376,18:11:04:164,Trial024,sophie sous l'eau joie vs triste1.avi,58,DarkKhaki,93.6973,Eye,16,17,,,749.2850248086623,337.293344378986,748.6180551155858,329.9636133606719,-,-,0.0126,0.2062,-0.9784,0.0047,0.2011,-0.9796,0,-,-,-,-,-,-,-,-,-,-,-,-,-,-,
139132,2798639.168,18:11:04:231,Trial024,sophie sous l'eau joie vs triste1.avi,58,DarkKhaki,93.6973,Eye,16,17,,,759.8825050645806,340.4888162411744,753.3321076309672,421.86782209203363,-,-,0.0119,0.202,-0.9793,0.0098,0.1999,-0.9798,0,-,-,-,-,-,-,-,-,-,-,-,-,-,-,
139136,2798705.959,18:11:04:298,Trial024,sophie sous l'eau joie vs triste1.avi,58,DarkKhaki,93.6973,Eye,16,17,,,758.7984249547604,353.913170378997,757.8691591644568,288.4219298818342,-,-,0.0189,0.2035,-0.9789,0.0107,0.1923,-0.9813,0,-,-,-,-,-,-,-,-,-,-,-,-,-,-,
139140,2798772.751,18:11:04:365,Trial024,sophie sous l'eau joie vs triste1.avi,58,DarkKhaki,93.6973,Eye,16,17,,,766.6169889485218,439.1016462725,755.3691925801592,382.19661329703655,-,-,0.0219,0.2121,-0.977,0.0047,0.203,-0.9792,0,-,-,-,-,-,-,-,-,-,-,-,-,-,-,
139144,2798839.543,18:11:04:431,Trial024,sophie sous l'eau joie vs triste1.avi,58,DarkKhaki,93.6973,Eye,16,17,,,769.1627998120939,381.69287799187924,758.1644867318389,420.20561011834786,-,-,0.0142,0.2121,-0.9771,0.0087,0.2019,-0.9794,0,-,-,-,-,-,-,-,-,-,-,-,-,-,-,
139148,2798906.334,18:11:04:498,Trial024,sophie sous l'eau joie vs triste1.avi,58,DarkKhaki,93.6973,Eye,16,17,,,767.0589090808892,386.37683330543416,763.3902958377623,308.29980066085477,-,-,0.0143,0.2112,-0.9773,0.0142,0.1975,-0.9802,0,-,-,-,-,-,-,-,-,-,-,-,-,-,-,
139152,2798973.126,18:11:04:565,Trial024,sophie sous l'eau joie vs triste1.avi,58,DarkKhaki,93.6973,Eye,16,17,,,759.6420268794809,370.5951293663487,759.3942077913798,310.59346153092247,-,-,0.0171,0.2076,-0.9781,0.0115,0.197,-0.9803,0,-,-,-,-,-,-,-,-,-,-,-,-,-,-,
139156,2799039.917,18:11:04:632,Trial024,sophie sous l'eau joie vs triste1.avi,58,DarkKhaki,93.6973,Eye,16,17,,,760.1885817978178,359.3427722676499,757.7842890083951,360.53318795937156,-,-,0.0159,0.2155,-0.9764,0.0076,0.2004,-0.9797,0,-,-,-,-,-,-,-,-,-,-,-,-,-,-,
139160,2799106.696,18:11:04:699,Trial024,sophie sous l'eau joie vs triste1.avi,58,DarkKhaki,93.6973,Eye,16,17,,,762.8050947706089,347.48743554582336,749.8290975424944,362.8411389687786,-,-,0.0095,0.208,-0.9781,0.0003,0.2006,-0.9797,0,-,-,-,-,-,-,-,-,-,-,-,-,-,-,
139164,2799173.471,18:11:04:765,Trial024,sophie sous l'eau joie vs triste1.avi,58,DarkKhaki,93.6973,Eye,16,17,,,761.6024096929717,386.04259655837603,754.4719054043748,327.1413400684026,-,-,0.012,0.2085,-0.9779,0.0031,0.1996,-0.9799,0,-,-,-,-,-,-,-,-,-,-,-,-,-,-,
139168,2799240.243,18:11:04:832,Trial024,sophie sous l'eau joie vs triste1.avi,58,DarkKhaki,93.6973,Eye,17,18,,,759.3016835531355,360.46990768380175,752.3673848543636,387.7391119004356,-,-,0.0092,0.1031,-0.9946,-0.0054,0.0915,-0.9958,0,-,-,-,-,-,-,-,-,-,-,-,-,-,-,
139172,2799307.011,18:11:04:899,Trial024,sophie sous l'eau joie vs triste1.avi,58,DarkKhaki,93.6973,Eye,17,18,,,761.7797586865192,517.4178438121489,746.950874852414,396.5657935292164,-,-,0.0095,0.0676,-0.9977,-0.0115,0.0704,-0.9975,0,-,-,-,-,-,-,-,-,-,-,-,-,-,-,
139176,2799373.78,18:11:04:966,Trial024,sophie sous l'eau joie vs triste1.avi,58,DarkKhaki,93.6973,Eye,17,18,,,767.5921726166812,454.63709125139883,749.2081860714197,376.9928300157836,-,-,0.0053,0.0719,-0.9974,-0.0008,0.0638,-0.998,0,-,-,-,-,-,-,-,-,-,-,-,-,-,-,
139180,2799440.548,18:11:05:032,Trial024,sophie sous l'eau joie vs triste1.avi,58,DarkKhaki,93.6973,Eye,16,17,,,763.5345916269405,386.70744505825854,747.3119178492233,383.18917630867367,-,-,0.0143,0.098,-0.9951,-0.0015,0.0825,-0.9966,0,-,-,-,-,-,-,-,-,-,-,-,-,-,-,
139184,2799507.317,18:11:05:099,Trial024,sophie sous l'eau joie vs triste1.avi,58,DarkKhaki,93.6973,Eye,18,19,,,764.3946255071963,368.21207690777845,744.2409527006284,430.939397246098,-,-,-0.0063,0.2035,-0.9791,-0.0117,0.1956,-0.9806,0,-,-,-,-,-,-,-,-,-,-,-,-,-,-,
139188,2799574.085,18:11:05:166,Trial024,sophie sous l'eau joie vs triste1.avi,58,DarkKhaki,93.6973,Eye,18,19,,,753.3493127351825,397.14662828624296,741.7486751172113,403.7146198983528,-,-,-0.0066,0.2017,-0.9794,-0.0181,0.1981,-0.98,0,-,-,-,-,-,-,-,-,-,-,-,-,-,-,
139192,2799640.854,18:11:05:233,Trial024,sophie sous l'eau joie vs triste1.avi,58,DarkKhaki,93.6973,Eye,18,19,,,754.4582905523898,398.26889092296204,735.0034850048354,301.44841324058297,-,-,-0.0009,0.2062,-0.9785,-0.0164,0.1981,-0.98,0,-,-,-,-,-,-,-,-,-,-,-,-,-,-,
139196,2799707.622,18:11:05:300,Trial024,sophie sous l'eau joie vs triste1.avi,58,DarkKhaki,93.6973,Eye,18,18,,,757.4006813834618,456.2645973691483,727.8322337009831,365.26635774232903,-,-,0.0036,0.2066,-0.9784,-0.0116,0.1937,-0.981,0,-,-,-,-,-,-,-,-,-,-,-,-,-,-,
139200,2799774.391,18:11:05:366,Trial024,sophie sous l'eau joie vs triste1.avi,58,DarkKhaki,93.6973,Eye,19,20,,,747.0359864790116,393.51648705419893,714.557498519988,355.64408642919176,-,-,-0.0288,0.0339,-0.999,-0.0571,0.0231,-0.9981,0,-,-,-,-,-,-,-,-,-,-,-,-,-,-,
139204,2799841.159,18:11:05:433,Trial024,sophie sous l'eau joie vs triste1.avi,58,DarkKhaki,93.6973,Eye,19,20,,,733.7311225085681,368.80517021968404,701.7663767785847,420.7813181123475,-,-,-0.0261,0.0393,-0.9989,-0.0587,0.037,-0.9976,0,-,-,-,-,-,-,-,-,-,-,-,-,-,-,
139208,2799907.93,18:11:05:500,Trial024,sophie sous l'eau joie vs triste1.avi,58,DarkKhaki,93.6973,Eye,19,20,,,720.5210052571963,450.80363099413233,691.372887823416,415.8468652512856,-,-,-0.029,0.036,-0.9989,-0.0467,0.0334,-0.9983,0,-,-,-,-,-,-,-,-,-,-,-,-,-,-,
139212,2799974.709,18:11:05:567,Trial024,sophie sous l'eau joie vs triste1.avi,58,DarkKhaki,93.6973,Eye,18,20,,,713.3088669755267,468.83679087937844,683.9983910594773,474.46770177602616,-,-,-0.0305,0.0396,-0.9987,-0.0583,0.0369,-0.9976,0,-,-,-,-,-,-,-,-,-,-,-,-,-,-,
139216,2800041.488,18:11:05:633,Trial024,sophie sous l'eau joie vs triste1.avi,58,DarkKhaki,93.6973,Eye,20,21,,,708.957255335963,373.9362934596544,681.2926484185343,338.46187153844727,-,-,-0.0464,0.203,-0.9781,-0.0656,0.1985,-0.9779,0,-,-,-,-,-,-,-,-,-,-,-,-,-,-,
139220,2800108.261,18:11:05:700,Trial024,sophie sous l'eau joie vs triste1.avi,58,DarkKhaki,93.6973,Eye,20,21,,,694.6633804371301,392.585612104391,671.9059514798878,437.270687106431,-,-,-0.0511,0.2176,-0.9747,-0.0566,0.2105,-0.9759,0,-,-,-,-,-,-,-,-,-,-,-,-,-,-,
139224,2800175.032,18:11:05:767,Trial024,sophie sous l'eau joie vs triste1.avi,58,DarkKhaki,93.6973,Eye,20,21,,,684.3312283590395,409.043442799216,661.3443163866353,445.2425007746991,-,-,-0.0423,0.2192,-0.9748,-0.0501,0.2072,-0.977,0,-,-,-,-,-,-,-,-,-,-,-,-,-,-,
139228,2800241.803,18:11:05:834,Trial024,sophie sous l'eau joie vs triste1.avi,58,DarkKhaki,93.6973,Eye,20,21,,,680.7132763139048,373.9711250215564,660.9885832972282,364.87592812457706,-,-,-0.0398,0.2238,-0.9738,-0.0531,0.213,-0.9756,0,-,-,-,-,-,-,-,-,-,-,-,-,-,-,
139232,2800308.574,18:11:05:900,Trial024,sophie sous l'eau joie vs triste1.avi,58,DarkKhaki,93.6973,Eye,20,21,,,681.4614022412329,439.6361288906684,664.7231955554948,389.30467075292626,-,-,-0.0345,0.2221,-0.9744,-0.0475,0.2109,-0.9764,0,-,-,-,-,-,-,-,-,-,-,-,-,-,-,
139236,2800375.346,18:11:05:967,Trial024,sophie sous l'eau joie vs triste1.avi,58,DarkKhaki,93.6973,Eye,19,20,,,680.8665716875626,388.82235070884127,671.6734536633112,411.558818618237,-,-,-0.0089,0.137,-0.9905,-0.0299,0.1254,-0.9917,0,-,-,-,-,-,-,-,-,-,-,-,-,-,-,
139240,2800442.117,18:11:06:034,Trial024,sophie sous l'eau joie vs triste1.avi,58,DarkKhaki,93.6973,Eye,21,22,,,692.9652273794837,397.131423669453,685.1595805729702,324.10288153435084,-,-,0.002,0.039,-0.9992,-0.0125,0.0329,-0.9994,0,-,-,-,-,-,-,-,-,-,-,-,-,-,-,
139244,2800508.888,18:11:06:101,Trial024,sophie sous l'eau joie vs triste1.avi,58,DarkKhaki,93.6973,Eye,21,22,,,707.9343038587856,435.0598864720119,691.3967501987288,433.24999437132,-,-,0.0065,0.0371,-0.9993,-0.0178,0.0405,-0.999,0,-,-,-,-,-,-,-,-,-,-,-,-,-,-,
139248,2800575.659,18:11:06:168,Trial024,sophie sous l'eau joie vs triste1.avi,58,DarkKhaki,93.6973,Eye,22,22,,,719.3899110082075,420.37247277766363,698.7963438300061,426.3049304896131,-,-,0.0083,0.0385,-0.9992,-0.0097,0.0404,-0.9991,0,-,-,-,-,-,-,-,-,-,-,-,-,-,-,
139252,2800642.43,18:11:06:234,Trial024,sophie sous l'eau joie vs triste1.avi,58,DarkKhaki,93.6973,Eye,22,22,,,725.300872831469,432.15826540486853,707.3075054830585,479.8952263043378,-,-,0.0079,0.0394,-0.9992,-0.008,0.0393,-0.9992,0,-,-,-,-,-,-,-,-,-,-,-,-,-,-,
139256,2800709.202,18:11:06:301,Trial024,sophie sous l'eau joie vs triste1.avi,58,DarkKhaki,93.6973,Eye,22,22,,,735.8406789352347,365.263028527543,714.5731014830598,443.85983437521946,-,-,0.0156,0.0426,-0.999,-0.007,0.0329,-0.9994,0,-,-,-,-,-,-,-,-,-,-,-,-,-,-,
139260,2800775.97,18:11:06:368,Trial024,sophie sous l'eau joie vs triste1.avi,58,DarkKhaki,93.6973,Eye,21,21,,,751.4677777789298,407.6936513664028,720.6647611402836,453.7592846789784,-,-,0.0154,0.1217,-0.9924,-0.0176,0.1173,-0.9929,0,-,-,-,-,-,-,-,-,-,-,-,-,-,-,
139264,2800842.738,18:11:06:435,Trial024,sophie sous l'eau joie vs triste1.avi,58,DarkKhaki,93.6973,Eye,23,23,,,747.7209052412379,457.4980472071485,729.158705149732,432.1331129371477,-,-,-0.0019,0.1908,-0.9816,-0.0119,0.1873,-0.9822,0,-,-,-,-,-,-,-,-,-,-,-,-,-,-,
139268,2800909.506,18:11:06:501,Trial024,sophie sous l'eau joie vs triste1.avi,58,DarkKhaki,93.6973,Eye,23,23,,,750.28052960771,387.2259397630445,727.0319675106665,393.3509430735768,-,-,0,0.1914,-0.9815,-0.022,0.1892,-0.9817,0,-,-,-,-,-,-,-,-,-,-,-,-,-,-,
139272,2800976.287,18:11:06:568,Trial024,sophie sous l'eau joie vs triste1.avi,58,DarkKhaki,93.6973,Eye,23,23,,,746.9122710951144,411.96522736055607,724.6797107844307,327.37472570096713,-,-,-0.0154,0.1942,-0.9808,-0.0113,0.1874,-0.9822,0,-,-,-,-,-,-,-,-,-,-,-,-,-,-,
139276,2801043.068,18:11:06:635,Trial024,sophie sous l'eau joie vs triste1.avi,58,DarkKhaki,93.6973,Eye,23,23,,,742.8764092013889,446.98383807816293,725.0932490742006,432.59097033115074,-,-,-0.0145,0.1946,-0.9808,-0.0069,0.2027,-0.9792,0,-,-,-,-,-,-,-,-,-,-,-,-,-,-,
139280,2801109.849,18:11:06:702,Trial024,sophie sous l'eau joie vs triste1.avi,58,DarkKhaki,93.6973,Eye,23,23,,,736.5195300849996,407.9167897744606,728.5246604477228,349.6736968619057,-,-,-0.009,0.2003,-0.9797,-0.0097,0.2036,-0.979,0,-,-,-,-,-,-,-,-,-,-,-,-,-,-,
139284,2801176.63,18:11:06:769,Trial024,sophie sous l'eau joie vs triste1.avi,58,DarkKhaki,93.6973,Eye,23,23,,,734.2083922916015,365.435047555426,720.6485141078183,378.16844300934923,-,-,-0.0091,0.193,-0.9812,-0.0127,0.1866,-0.9824,0,-,-,-,-,-,-,-,-,-,-,-,-,-,-,
139288,2801243.411,18:11:06:835,Trial024,sophie sous l'eau joie vs triste1.avi,58,DarkKhaki,93.6973,Eye,23,23,,,738.090591060062,315.61368835815495,718.0656317718139,404.1144829710024,-,-,-0.0102,0.1957,-0.9806,-0.0066,0.1951,-0.9808,0,-,-,-,-,-,-,-,-,-,-,-,-,-,-,
139292,2801310.192,18:11:06:902,Trial024,sophie sous l'eau joie vs triste1.avi,58,DarkKhaki,93.6973,Eye,23,23,,,732.2977724931973,355.9669753515264,721.412148208572,418.5755580014561,-,-,-0.0109,0.1939,-0.981,-0.0095,0.2006,-0.9796,0,-,-,-,-,-,-,-,-,-,-,-,-,-,-,
139296,2801376.973,18:11:06:969,Trial024,sophie sous l'eau joie vs triste1.avi,58,DarkKhaki,93.6973,Eye,23,23,,,729.1826178963579,401.98990385271617,722.7109624041373,218.73509317222792,-,-,-0.0089,0.1986,-0.98,-0.0156,0.1956,-0.9806,0,-,-,-,-,-,-,-,-,-,-,-,-,-,-,
139300,2801443.754,18:11:07:036,Trial024,sophie sous l'eau joie vs triste1.avi,58,DarkKhaki,93.6973,Eye,23,23,,,730.7440328813165,431.2837882807623,725.5100469486424,343.37730719664654,-,-,-0.0034,0.1955,-0.9807,-0.0206,0.1881,-0.9819,0,-,-,-,-,-,-,-,-,-,-,-,-,-,-,
139304,2801510.535,18:11:07:102,Trial024,sophie sous l'eau joie vs triste1.avi,58,DarkKhaki,93.6973,Eye,22,22,,,767.699995398171,460.5822378627063,771.103532947225,372.6247837791096,-,-,0.0979,0.1057,-0.9896,0.0809,0.102,-0.9915,0,-,-,-,-,-,-,-,-,-,-,-,-,-,-,
139308,2801577.313,18:11:07:169,Trial024,sophie sous l'eau joie vs triste1.avi,58,DarkKhaki,93.6973,Eye,24,24,,,831.9142695094804,348.4720017787856,823.3417620566727,407.2921607923704,-,-,0.1462,0.0649,-0.9871,0.1354,0.0722,-0.9882,0,-,-,-,-,-,-,-,-,-,-,-,-,-,-,
139312,2801644.083,18:11:07:236,Trial024,sophie sous l'eau joie vs triste1.avi,58,DarkKhaki,93.6973,Eye,24,24,,,873.4464068601319,457.42308525299194,860.9425839890802,423.50530162483136,-,-,0.1492,0.0636,-0.9868,0.1221,0.0686,-0.9901,0,-,-,-,-,-,-,-,-,-,-,-,-,-,-,
139316,2801710.853,18:11:07:303,Trial024,sophie sous l'eau joie vs triste1.avi,58,DarkKhaki,93.6973,Eye,-,-,,,719.3165953908275,313.0751395556768,709.9387282375386,375.50361463893614,-,-,0.2679,0.1518,-0.9514,0.2537,0.1468,-0.9561,0,-,-,-,-,-,-,-,-,-,-,-,-,-,-,
139320,2801777.621,18:11:07:370,Trial024,sophie sous l'eau joie vs triste1.avi,58,DarkKhaki,93.6973,Eye,-,-,,,603.7562095902551,304.05678231012814,596.7228092252885,319.15394709413243,-,-,0.2804,0.1502,-0.9481,0.2683,0.1591,-0.9501,0,-,-,-,-,-,-,-,-,-,-,-,-,-,-,
139324,2801844.381,18:11:07:436,Trial024,sophie sous l'eau joie vs triste1.avi,58,DarkKhaki,93.6973,Eye,-,-,,,517.0870108598197,298.8363825787412,511.81196058609464,337.1508653001257,-,-,0.2834,0.1658,-0.9446,0.2647,0.1676,-0.9497,0,-,-,-,-,-,-,-,-,-,-,-,-,-,-,
139328,2801911.142,18:11:07:503,Trial024,sophie sous l'eau joie vs triste1.avi,58,DarkKhaki,93.6973,Eye,-,-,,,452.10928420167227,323.6106963037441,448.1529964963786,367.88586370690786,-,-,0.3089,0.1555,-0.9383,0.2953,0.1555,-0.9427,0,-,-,-,-,-,-,-,-,-,-,-,-,-,-,
139332,2801977.903,18:11:07:570,Trial024,sophie sous l'eau joie vs triste1.avi,58,DarkKhaki,93.6973,Eye,-,-,,,403.40109252119373,301.395540271897,400.43387674222345,219.88060852272176,-,-,0.3036,0.1485,-0.9412,0.2845,0.1477,-0.9472,0,-,-,-,-,-,-,-,-,-,-,-,-,-,-,
139336,2802044.663,18:11:07:637,Trial024,sophie sous l'eau joie vs triste1.avi,58,DarkKhaki,93.6973,Eye,-,-,,,366.8762955264303,308.33222123405193,364.65088369220257,235.1282036832709,-,-,0.3052,0.1475,-0.9408,0.2886,0.1415,-0.9469,0,-,-,-,-,-,-,-,-,-,-,-,-,-,-,
139340,2802111.424,18:11:07:703,Trial024,sophie sous l'eau joie vs triste1.avi,58,DarkKhaki,93.6973,Eye,-,-,,,339.47884394237917,287.28635207976134,337.8097850667084,252.81009314320477,-,-,0.3009,0.1452,-0.9425,0.2811,0.1458,-0.9485,0,-,-,-,-,-,-,-,-,-,-,-,-,-,-,
139344,2802178.185,18:11:07:770,Trial024,sophie sous l'eau joie vs triste1.avi,58,DarkKhaki,93.6973,Eye,25,25,,,473.644268971721,300.6512824934753,473.54454380256794,351.21149379395143,-,-,0.079,0.2119,-0.9741,0.0704,0.2074,-0.9757,0,-,-,-,-,-,-,-,-,-,-,-,-,-,-,
139348,2802244.945,18:11:07:837,Trial024,sophie sous l'eau joie vs triste1.avi,58,DarkKhaki,93.6973,Eye,25,25,,,584.8119940036855,340.87536248542034,569.7120886298654,299.85193536982246,-,-,0.0771,0.2151,-0.9736,0.072,0.203,-0.9765,0,-,-,-,-,-,-,-,-,-,-,-,-,-,-,
139352,2802311.706,18:11:07:904,Trial024,sophie sous l'eau joie vs triste1.avi,58,DarkKhaki,93.6973,Eye,25,25,,,659.0781119916497,291.1206977385418,643.4769274779943,303.4161329808611,-,-,0.0798,0.2042,-0.9757,0.071,0.2061,-0.9759,0,-,-,-,-,-,-,-,-,-,-,-,-,-,-,
139356,2802378.467,18:11:07:970,Trial024,sophie sous l'eau joie vs triste1.avi,58,DarkKhaki,93.6973,Eye,23,25,,,722.7207970508722,377.40253790966113,703.0720127490373,389.4950431148644,-,-,0.103,0.2281,-0.9682,0.0988,0.2178,-0.971,0,-,-,-,-,-,-,-,-,-,-,-,-,-,-,
139360,2802445.232,18:11:08:037,Trial024,sophie sous l'eau joie vs triste1.avi,58,DarkKhaki,93.6973,Eye,26,25,,,774.0409209211866,341.4468699202157,751.503274996467,373.1070973838608,-,-,0.1048,0.2283,-0.9679,0.0936,0.221,-0.9708,0,-,-,-,-,-,-,-,-,-,-,-,-,-,-,
139364,2802511.998,18:11:08:104,Trial024,sophie sous l'eau joie vs triste1.avi,58,DarkKhaki,93.6973,Eye,26,25,,,806.193029192779,361.9480459890974,798.0922240957186,352.75186483774564,-,-,0.1041,0.2281,-0.9681,0.0841,0.2152,-0.9729,0,-,-,-,-,-,-,-,-,-,-,-,-,-,-,
139368,2802578.764,18:11:08:171,Trial024,sophie sous l'eau joie vs triste1.avi,58,DarkKhaki,93.6973,Eye,26,25,,,830.5299954167206,352.84316140746216,830.9544253482942,350.1523692978713,-,-,0.0978,0.2323,-0.9677,0.0907,0.2194,-0.9714,0,-,-,-,-,-,-,-,-,-,-,-,-,-,-,
139372,2802645.523,18:11:08:237,Trial024,sophie sous l'eau joie vs triste1.avi,58,DarkKhaki,93.6973,Eye,26,25,,,847.1398194919578,299.771052542814,849.241074896238,348.25300383685084,-,-,0.095,0.2275,-0.9691,0.088,0.2199,-0.9715,0,-,-,-,-,-,-,-,-,-,-,-,-,-,-,
139376,2802712.274,18:11:08:304,Trial024,sophie sous l'eau joie vs triste1.avi,58,DarkKhaki,93.6973,Eye,26,25,,,857.7833478749651,362.88624075711607,856.3123324481717,373.66473513518787,-,-,0.0984,0.2251,-0.9693,0.0912,0.2157,-0.9722,0,-,-,-,-,-,-,-,-,-,-,-,-,-,-,
139380,2802779.025,18:11:08:371,Trial024,sophie sous l'eau joie vs triste1.avi,58,DarkKhaki,93.6973,Eye,26,25,,,868.1201741035413,344.71586899332954,871.045180217542,437.79079194876925,-,-,0.096,0.2335,-0.9676,0.0932,0.2161,-0.9719,0,-,-,-,-,-,-,-,-,-,-,-,-,-,-,
139384,2802845.776,18:11:08:438,Trial024,sophie sous l'eau joie vs triste1.avi,58,DarkKhaki,93.6973,Eye,26,25,,,878.4330832024551,294.09300031066425,880.0355401024188,342.0990159143198,-,-,0.0991,0.2257,-0.9692,0.0912,0.2245,-0.9702,0,-,-,-,-,-,-,-,-,-,-,-,-,-,-,
139388,2802912.527,18:11:08:504,Trial024,sophie sous l'eau joie vs triste1.avi,58,DarkKhaki,93.6973,Eye,26,25,,,876.4262904240178,366.0208685823068,877.2889381391792,318.5502774421179,-,-,0.095,0.2246,-0.9698,0.0927,0.214,-0.9724,0,-,-,-,-,-,-,-,-,-,-,-,-,-,-,
139392,2802979.278,18:11:08:571,Trial024,sophie sous l'eau joie vs triste1.avi,58,DarkKhaki,93.6973,Eye,26,25,,,885.0928508051727,322.1250302745596,888.6655768246427,281.11911892836383,-,-,0.095,0.2281,-0.969,0.0868,0.2194,-0.9718,0,-,-,-,-,-,-,-,-,-,-,-,-,-,-,
139396,2803046.029,18:11:08:638,Trial024,sophie sous l'eau joie vs triste1.avi,58,DarkKhaki,93.6973,Eye,26,25,,,892.855564481273,352.0264952690488,889.0876855450533,327.76565581751044,-,-,0.098,0.2235,-0.9698,0.0901,0.2184,-0.9717,0,-,-,-,-,-,-,-,-,-,-,-,-,-,-,
139400,2803112.78,18:11:08:705,Trial024,sophie sous l'eau joie vs triste1.avi,58,DarkKhaki,93.6973,Eye,26,25,,,896.8556859211478,382.3639790593006,891.5375233128196,365.970067793066,-,-,0.0882,0.2264,-0.97,0.0844,0.2245,-0.9708,0,-,-,-,-,-,-,-,-,-,-,-,-,-,-,
139404,2803179.531,18:11:08:771,Trial024,sophie sous l'eau joie vs triste1.avi,58,DarkKhaki,93.6973,Eye,26,25,,,894.1297637160084,295.9757173361707,889.1512853069636,338.3874732411786,-,-,0.0931,0.228,-0.9692,0.092,0.2123,-0.9729,0,-,-,-,-,-,-,-,-,-,-,-,-,-,-,
139408,2803246.287,18:11:08:838,Trial024,sophie sous l'eau joie vs triste1.avi,58,DarkKhaki,93.6973,Eye,26,25,,,894.7118099657886,401.56141630846065,904.7458901796122,345.3333355003169,-,-,0.0962,0.2307,-0.9683,0.095,0.221,-0.9707,0,-,-,-,-,-,-,-,-,-,-,-,-,-,-,
139412,2803313.057,18:11:08:905,Trial024,sophie sous l'eau joie vs triste1.avi,58,DarkKhaki,93.6973,Eye,26,25,,,902.72420152345,335.78114163170494,912.1152573369162,412.183285553228,-,-,0.0968,0.2311,-0.9681,0.0869,0.2259,-0.9703,0,-,-,-,-,-,-,-,-,-,-,-,-,-,-,
139416,2803379.827,18:11:08:972,Trial024,sophie sous l'eau joie vs triste1.avi,58,DarkKhaki,93.6973,Eye,26,25,,,902.4875254074805,363.78583485437525,908.8490876370154,343.97645506303405,-,-,0.0934,0.2361,-0.9672,0.0906,0.2192,-0.9715,0,-,-,-,-,-,-,-,-,-,-,-,-,-,-,
139420,2803446.596,18:11:09:039,Trial024,sophie sous l'eau joie vs triste1.avi,58,DarkKhaki,93.6973,Eye,26,26,,,909.2776125914427,350.62139232688185,910.0248498765731,334.365796898496,-,-,0.0923,0.2336,-0.9679,0.0925,0.2239,-0.9702,0,-,-,-,-,-,-,-,-,-,-,-,-,-,-,
139424,2803513.369,18:11:09:105,Trial024,sophie sous l'eau joie vs triste1.avi,58,DarkKhaki,93.6973,Eye,26,26,,,911.71953612333,355.0898620119274,912.6923150246372,344.4398867971017,-,-,0.0883,0.2282,-0.9696,0.0898,0.2228,-0.9707,0,-,-,-,-,-,-,-,-,-,-,-,-,-,-,
139428,2803580.144,18:11:09:172,Trial024,sophie sous l'eau joie vs triste1.avi,58,DarkKhaki,93.6973,Eye,26,26,,,903.6011435594585,333.39764851900463,904.6516144270629,409.80617053686973,-,-,0.0906,0.232,-0.9685,0.0793,0.2296,-0.9701,0,-,-,-,-,-,-,-,-,-,-,-,-,-,-,
139432,2803646.918,18:11:09:239,Trial024,sophie sous l'eau joie vs triste1.avi,58,DarkKhaki,93.6973,Eye,26,26,,,904.6725110391312,331.79277572560466,903.7870782712006,346.7310877542713,-,-,0.0817,0.2261,-0.9707,0.0844,0.2167,-0.9726,0,-,-,-,-,-,-,-,-,-,-,-,-,-,-,
139436,2803713.692,18:11:09:306,Trial024,sophie sous l'eau joie vs triste1.avi,58,DarkKhaki,93.6973,Eye,26,26,,,902.0811553573985,355.4169213212368,897.6141116975066,388.0238348714901,-,-,0.0934,0.2256,-0.9697,0.0855,0.2229,-0.9711,0,-,-,-,-,-,-,-,-,-,-,-,-,-,-,
139440,2803780.466,18:11:09:372,Trial024,sophie sous l'eau joie vs triste1.avi,58,DarkKhaki,93.6973,Eye,26,26,,,904.8061633223772,353.5841799574942,891.6614259087418,338.4896302436657,-,-,0.0846,0.231,-0.9693,0.0886,0.2239,-0.9706,0,-,-,-,-,-,-,-,-,-,-,-,-,-,-,
139444,2803847.24,18:11:09:439,Trial024,sophie sous l'eau joie vs triste1.avi,58,DarkKhaki,93.6973,Eye,26,26,,,906.9827584816821,370.68164419883306,893.2749643945956,376.23405074600527,-,-,0.0849,0.2315,-0.9691,0.0883,0.2221,-0.971,0,-,-,-,-,-,-,-,-,-,-,-,-,-,-,
139448,2803914.014,18:11:09:506,Trial024,sophie sous l'eau joie vs triste1.avi,58,DarkKhaki,93.6973,Eye,26,26,,,909.7615957935967,376.2730454938835,906.8691937754347,351.602769891181,-,-,0.0815,0.2326,-0.9692,0.0877,0.227,-0.9699,0,-,-,-,-,-,-,-,-,-,-,-,-,-,-,
139452,2803980.789,18:11:09:573,Trial024,sophie sous l'eau joie vs triste1.avi,58,DarkKhaki,93.6973,Eye,26,26,,,900.3147572659711,351.0612886611199,895.67511202362,311.13095236881253,-,-,0.0901,0.2348,-0.9679,0.0782,0.2295,-0.9701,0,-,-,-,-,-,-,-,-,-,-,-,-,-,-,
139456,2804047.563,18:11:09:639,Trial024,sophie sous l'eau joie vs triste1.avi,58,DarkKhaki,93.6973,Eye,26,26,,,903.5874996840146,343.99329199861234,901.7468182611738,418.51883688781703,-,-,0.0789,0.2356,-0.9687,0.0873,0.2195,-0.9717,0,-,-,-,-,-,-,-,-,-,-,-,-,-,-,
139460,2804114.343,18:11:09:706,Trial024,sophie sous l'eau joie vs triste1.avi,58,DarkKhaki,93.6973,Eye,26,26,,,891.8384443319638,321.9654681802094,898.6093941096617,361.09415850020827,-,-,0.0844,0.2276,-0.9701,0.0741,0.233,-0.9697,0,-,-,-,-,-,-,-,-,-,-,-,-,-,-,
139464,2804181.126,18:11:09:773,Trial024,sophie sous l'eau joie vs triste1.avi,58,DarkKhaki,93.6973,Eye,26,26,,,891.5168733691916,363.7536582909483,892.8995206978525,357.3246309055986,-,-,0.0879,0.2283,-0.9696,0.079,0.2272,-0.9706,0,-,-,-,-,-,-,-,-,-,-,-,-,-,-,
139468,2804247.909,18:11:09:840,Trial024,sophie sous l'eau joie vs triste1.avi,58,DarkKhaki,93.6973,Eye,26,26,,,890.0854918171901,325.3469574544241,891.0330206714182,333.5146560815785,-,-,0.0817,0.2347,-0.9686,0.0827,0.2221,-0.9715,0,-,-,-,-,-,-,-,-,-,-,-,-,-,-,
139472,2804314.692,18:11:09:907,Trial024,sophie sous l'eau joie vs triste1.avi,58,DarkKhaki,93.6973,Eye,26,26,,,890.3459511611385,341.0139360518246,891.3566100434377,362.21773552001787,-,-,0.082,0.2352,-0.9685,0.0834,0.2225,-0.9714,0,-,-,-,-,-,-,-,-,-,-,-,-,-,-,
139476,2804381.474,18:11:09:973,Trial024,sophie sous l'eau joie vs triste1.avi,58,DarkKhaki,93.6973,Eye,26,26,,,891.4662847038737,376.85093293667313,891.8084799846046,378.46154290391416,-,-,0.0817,0.2338,-0.9688,0.082,0.226,-0.9707,0,-,-,-,-,-,-,-,-,-,-,-,-,-,-,
139480,2804448.257,18:11:10:040,Trial024,sophie sous l'eau joie vs triste1.avi,58,DarkKhaki,93.6973,Eye,26,26,,,888.9558997122385,362.2758754351343,890.6581513595098,367.04203064592383,-,-,0.0819,0.2315,-0.9694,0.0869,0.2266,-0.9701,0,-,-,-,-,-,-,-,-,-,-,-,-,-,-,
139484,2804515.04,18:11:10:107,Trial024,sophie sous l'eau joie vs triste1.avi,58,DarkKhaki,93.6973,Eye,24,24,,,919.9626628668183,425.1001984958848,904.3144971236486,371.7902223909973,-,-,0.1374,0.1429,-0.9802,0.124,0.1378,-0.9827,0,-,-,-,-,-,-,-,-,-,-,-,-,-,-,
139488,2804581.823,18:11:10:174,Trial024,sophie sous l'eau joie vs triste1.avi,58,DarkKhaki,93.6973,Eye,27,27,,,927.4343090182754,351.9327090399622,904.2927595930132,410.4850411045087,-,-,0.1158,0.0473,-0.9921,0.0954,0.0321,-0.9949,0,-,-,-,-,-,-,-,-,-,-,-,-,-,-,
139492,2804648.605,18:11:10:241,Trial024,sophie sous l'eau joie vs triste1.avi,58,DarkKhaki,93.6973,Eye,27,27,,,933.5975302486877,368.3107951330904,910.1870412997105,374.62695762820266,-,-,0.1105,0.0462,-0.9928,0.1048,0.0426,-0.9936,0,-,-,-,-,-,-,-,-,-,-,-,-,-,-,
139496,2804715.388,18:11:10:307,Trial024,sophie sous l'eau joie vs triste1.avi,58,DarkKhaki,93.6973,Eye,25,25,,,937.9793015658668,430.21768616177917,911.3886076444325,392.30456219992374,-,-,0.109,0.0359,-0.9934,0.1025,0.0276,-0.9943,0,-,-,-,-,-,-,-,-,-,-,-,-,-,-,
139500,2804782.171,18:11:10:374,Trial024,sophie sous l'eau joie vs triste1.avi,58,DarkKhaki,93.6973,Eye,28,28,,,925.8345037770323,344.18209423454715,898.4128839830919,379.3027250344039,-,-,0.0868,0.1959,-0.9768,0.0731,0.1953,-0.978,0,-,-,-,-,-,-,-,-,-,-,-,-,-,-,
139504,2804848.954,18:11:10:441,Trial024,sophie sous l'eau joie vs triste1.avi,58,DarkKhaki,93.6973,Eye,26,28,,,916.6089678868857,369.87696867273695,896.0692583501077,407.8044487478548,-,-,0.09,0.2057,-0.9745,0.0711,0.1953,-0.9782,0,-,-,-,-,-,-,-,-,-,-,-,-,-,-,
139508,2804915.734,18:11:10:508,Trial024,sophie sous l'eau joie vs triste1.avi,58,DarkKhaki,93.6973,Eye,29,28,,,911.6033579394027,383.41856419899636,892.5387820642848,380.6888376428672,-,-,0.0907,0.2099,-0.9735,0.0745,0.1965,-0.9777,0,-,-,-,-,-,-,-,-,-,-,-,-,-,-,
139512,2804982.508,18:11:10:574,Trial024,sophie sous l'eau joie vs triste1.avi,58,DarkKhaki,93.6973,Eye,29,28,,,909.4570221593888,401.80239414295016,882.5673647783022,377.32456218885955,-,-,0.087,0.2089,-0.9741,0.0751,0.1965,-0.9776,0,-,-,-,-,-,-,-,-,-,-,-,-,-,-,
139516,2805049.281,18:11:10:641,Trial024,sophie sous l'eau joie vs triste1.avi,58,DarkKhaki,93.6973,Eye,29,28,,,906.2947537775048,338.3762532256969,877.772565924278,403.12572146899186,-,-,0.087,0.2102,-0.9738,0.0754,0.2025,-0.9764,0,-,-,-,-,-,-,-,-,-,-,-,-,-,-,
139520,2805116.055,18:11:10:708,Trial024,sophie sous l'eau joie vs triste1.avi,58,DarkKhaki,93.6973,Eye,29,28,,,901.670756277438,407.94391789331604,880.2632637765525,406.9123264804132,-,-,0.0836,0.2085,-0.9744,0.0805,0.2008,-0.9763,0,-,-,-,-,-,-,-,-,-,-,-,-,-,-,
139524,2805182.833,18:11:10:775,Trial024,sophie sous l'eau joie vs triste1.avi,58,DarkKhaki,93.6973,Eye,29,28,,,897.332236703976,410.0981134963195,875.9708373421279,394.1231463314852,-,-,0.0853,0.2043,-0.9752,0.0774,0.1996,-0.9768,0,-,-,-,-,-,-,-,-,-,-,-,-,-,-,
139528,2805249.625,18:11:10:842,Trial024,sophie sous l'eau joie vs triste1.avi,58,DarkKhaki,93.6973,Eye,29,28,,,898.1646349633836,322.3237315862019,869.7100428884463,365.0407402207994,-,-,0.0803,0.2147,-0.9734,0.08,0.2068,-0.9751,0,-,-,-,-,-,-,-,-,-,-,-,-,-,-,
139532,2805316.417,18:11:10:908,Trial024,sophie sous l'eau joie vs triste1.avi,58,DarkKhaki,93.6973,Eye,30,29,,,890.0376502512289,363.12131933620776,870.5131586817084,429.7142028368771,-,-,0.0684,0.2445,-0.9672,0.0643,0.2264,-0.9719,0,-,-,-,-,-,-,-,-,-,-,-,-,-,-,
139536,2805383.209,18:11:10:975,Trial024,sophie sous l'eau joie vs triste1.avi,58,DarkKhaki,93.6973,Eye,30,29,,,874.3174612484249,316.63677567338664,872.5064265306993,421.49103455371005,-,-,0.0707,0.2335,-0.9698,0.0659,0.231,-0.9707,0,-,-,-,-,-,-,-,-,-,-,-,-,-,-,
139540,2805450.001,18:11:11:042,Trial024,sophie sous l'eau joie vs triste1.avi,58,DarkKhaki,93.6973,Eye,31,30,,,820.4232939594974,350.6830485949313,831.0402788800017,343.4687875983908,-,-,-0.0408,0.2025,-0.9784,-0.0362,0.1913,-0.9809,0,-,-,-,-,-,-,-,-,-,-,-,-,-,-,
139544,2805516.793,18:11:11:109,Trial024,sophie sous l'eau joie vs triste1.avi,58,DarkKhaki,93.6973,Eye,31,30,,,775.2643607044467,389.9453797430402,780.3000875219154,370.8247825391317,-,-,-0.0431,0.1926,-0.9803,-0.0495,0.1943,-0.9797,0,-,-,-,-,-,-,-,-,-,-,-,-,-,-,
139548,2805583.585,18:11:11:176,Trial024,sophie sous l'eau joie vs triste1.avi,58,DarkKhaki,93.6973,Eye,31,30,,,754.9949203796914,377.1101861096595,742.5308211617275,357.9320915873739,-,-,-0.0463,0.2034,-0.978,-0.0455,0.1978,-0.9792,0,-,-,-,-,-,-,-,-,-,-,-,-,-,-,
139552,2805650.377,18:11:11:242,Trial024,sophie sous l'eau joie vs triste1.avi,58,DarkKhaki,93.6973,Eye,29,28,,,740.7506927161821,365.04615707763645,727.5724118235919,382.7116434405391,-,-,-0.0451,0.2044,-0.9779,-0.0555,0.203,-0.9776,0,-,-,-,-,-,-,-,-,-,-,-,-,-,-,
139556,2805717.169,18:11:11:309,Trial024,sophie sous l'eau joie vs triste1.avi,58,DarkKhaki,93.6973,Eye,32,31,,,745.9842798261787,393.61715275557145,735.3412480950705,376.64431088472776,-,-,0.0054,0.1567,-0.9876,0.0015,0.1596,-0.9872,0,-,-,-,-,-,-,-,-,-,-,-,-,-,-,
139560,2805783.943,18:11:11:376,Trial024,sophie sous l'eau joie vs triste1.avi,58,DarkKhaki,93.6973,Eye,32,31,,,744.6731217611216,412.85953257572805,734.6398300520354,398.05851752022335,-,-,0.0031,0.1564,-0.9877,0.0027,0.1613,-0.9869,0,-,-,-,-,-,-,-,-,-,-,-,-,-,-,
139564,2805850.712,18:11:11:443,Trial024,sophie sous l'eau joie vs triste1.avi,58,DarkKhaki,93.6973,Eye,32,31,,,748.8263732213047,376.00051690231015,739.0211050548148,332.9149137568775,-,-,0.0079,0.16,-0.9871,-0.0007,0.1632,-0.9866,0,-,-,-,-,-,-,-,-,-,-,-,-,-,-,
139568,2805917.48,18:11:11:509,Trial024,sophie sous l'eau joie vs triste1.avi,58,DarkKhaki,93.6973,Eye,-,-,,,746.3729638162363,404.35878664410745,732.6665637181177,318.87635596773333,-,-,0.0016,0.1546,-0.988,-0.0047,0.1538,-0.9881,0,-,-,-,-,-,-,-,-,-,-,-,-,-,-,
139572,2805984.248,18:11:11:576,Trial024,sophie sous l'eau joie vs triste1.avi,58,DarkKhaki,93.6973,Eye,3,3,,,624.3377372297007,302.98448594540355,614.0579371561117,343.13360764911727,-,-,0,0,0,0,0,0,0,-,-,-,-,-,-,-,-,-,-,-,-,-,-,
139576,2806051.021,18:11:11:643,Trial024,sophie sous l'eau joie vs triste1.avi,58,DarkKhaki,93.6973,Eye,3,3,,,532.8392964437796,299.35676307477803,525.1294463885879,385.08565156743833,-,-,0,0,0,0,0,0,0,-,-,-,-,-,-,-,-,-,-,-,-,-,-,
139580,2806117.797,18:11:11:710,Trial024,sophie sous l'eau joie vs triste1.avi,58,DarkKhaki,93.6973,Eye,33,32,,,584.0927634438814,406.19599191442217,583.8810698765822,400.6541443910728,-,-,0,0.1833,-0.9831,0.0014,0.1332,-0.9911,0,-,-,-,-,-,-,-,-,-,-,-,-,-,-,
139584,2806184.573,18:11:11:776,Trial024,sophie sous l'eau joie vs triste1.avi,58,DarkKhaki,93.6973,Eye,33,32,,,636.1880634008361,373.30482603855853,618.8375071618843,344.55479139111804,-,-,0.0032,0.1596,-0.9872,0.0014,0.1586,-0.9873,0,-,-,-,-,-,-,-,-,-,-,-,-,-,-,
139588,2806251.349,18:11:11:843,Trial024,sophie sous l'eau joie vs triste1.avi,58,DarkKhaki,93.6973,Eye,33,32,,,671.4834382473451,302.01028759124927,658.6503680515654,404.5126755883827,-,-,0.0078,0.1616,-0.9868,-0.0023,0.1414,-0.9899,0,-,-,-,-,-,-,-,-,-,-,-,-,-,-,
139592,2806318.125,18:11:11:910,Trial024,sophie sous l'eau joie vs triste1.avi,58,DarkKhaki,93.6973,Eye,33,32,,,689.488524430957,297.4858084224601,679.0594227512729,359.4934028671239,-,-,-0.0008,0.169,-0.9856,-0.004,0.1482,-0.989,0,-,-,-,-,-,-,-,-,-,-,-,-,-,-,
139596,2806384.901,18:11:11:977,Trial024,sophie sous l'eau joie vs triste1.avi,58,DarkKhaki,93.6973,Eye,33,32,,,698.166581158125,397.35597904477436,688.312963156444,323.81194854236116,-,-,-0.0027,0.1691,-0.9856,-0.0214,0.1465,-0.989,0,-,-,-,-,-,-,-,-,-,-,-,-,-,-,
139600,2806451.677,18:11:12:044,Trial024,sophie sous l'eau joie vs triste1.avi,58,DarkKhaki,93.6973,Eye,33,32,,,705.8205224086362,391.1298111995275,695.2702402488628,315.00501715811004,-,-,0.0003,0.1696,-0.9855,-0.0084,0.1568,-0.9876,0,-,-,-,-,-,-,-,-,-,-,-,-,-,-,
139604,2806518.453,18:11:12:110,Trial024,sophie sous l'eau joie vs triste1.avi,58,DarkKhaki,93.6973,Eye,33,32,,,719.0354662499726,396.94216371568757,706.1946936125784,354.16366936378836,-,-,-0.0039,0.1651,-0.9863,-0.0177,0.1624,-0.9866,0,-,-,-,-,-,-,-,-,-,-,-,-,-,-,
139608,2806585.231,18:11:12:177,Trial024,sophie sous l'eau joie vs triste1.avi,58,DarkKhaki,93.6973,Eye,33,32,,,724.0046440521675,404.11395612260014,718.5148694616939,370.1265087977083,-,-,-0.0005,0.1736,-0.9848,-0.0174,0.1545,-0.9878,0,-,-,-,-,-,-,-,-,-,-,-,-,-,-,
139612,2806652.011,18:11:12:244,Trial024,sophie sous l'eau joie vs triste1.avi,58,DarkKhaki,93.6973,Eye,33,32,,,725.9183169760452,364.378769757836,717.7283506585383,355.76401573263905,-,-,-0.0026,0.1654,-0.9862,-0.017,0.1633,-0.9864,0,-,-,-,-,-,-,-,-,-,-,-,-,-,-,
139616,2806718.792,18:11:12:311,Trial024,sophie sous l'eau joie vs triste1.avi,58,DarkKhaki,93.6973,Eye,33,32,,,733.3315683793192,418.1126255194409,718.387463269003,364.62876703167,-,-,-0.0114,0.1652,-0.9862,-0.0107,0.1618,-0.9868,0,-,-,-,-,-,-,-,-,-,-,-,-,-,-,
139620,2806785.573,18:11:12:377,Trial024,sophie sous l'eau joie vs triste1.avi,58,DarkKhaki,93.6973,Eye,33,32,,,733.852692654429,364.0745044509672,720.4832234062503,348.9947041456418,-,-,-0.0047,0.1773,-0.9841,-0.006,0.1645,-0.9864,0,-,-,-,-,-,-,-,-,-,-,-,-,-,-,
139624,2806852.354,18:11:12:444,Trial024,sophie sous l'eau joie vs triste1.avi,58,DarkKhaki,93.6973,Eye,33,32,,,741.5360257178794,354.4876940937076,724.7783282024436,369.60078807588667,-,-,-0.0023,0.1707,-0.9853,-0.0074,0.1589,-0.9873,0,-,-,-,-,-,-,-,-,-,-,-,-,-,-,
139628,2806919.12,18:11:12:511,Trial024,sophie sous l'eau joie vs triste1.avi,58,DarkKhaki,93.6973,Eye,33,32,,,740.8945956929954,405.84109112610304,729.2701848204761,415.3087664640513,-,-,0.0049,0.1612,-0.9869,-0.0135,0.155,-0.9878,0,-,-,-,-,-,-,-,-,-,-,-,-,-,-,
175561,2807012.308,18:11:12:605,Trial025,A joie Triste.jpg,58,DarkKhaki,93.9791,Information,1,1,,,740.4135231743323,425.2147831881109,732.6390772840005,409.0374322270174,-,-,-,-,-,-,-,-,-,-,-,-,-,-,-,-,af3d6e3724599292bb960321df2dabaa_1280x1024.jpg,-,-,-,-,-,-,
175565,2807069.333,18:11:12:662,Trial025,A joie Triste.jpg,58,DarkKhaki,93.9791,Eye,1,1,,,747.3921431715453,347.69840678712546,719.4226709250374,396.72963863142803,-,-,0,0.1649,-0.9863,-0.015,0.1598,-0.987,0,-,-,-,-,-,-,-,-,-,-,-,-,-,-,
175569,2807136.094,18:11:12:729,Trial025,A joie Triste.jpg,58,DarkKhaki,93.9791,Eye,1,1,,,750.1017088573194,396.55854408469514,723.5055628020152,369.93263497873227,-,-,-0.0052,0.1664,-0.9861,-0.009,0.1598,-0.9871,0,-,-,-,-,-,-,-,-,-,-,-,-,-,-,
175573,2807202.855,18:11:12:796,Trial025,A joie Triste.jpg,58,DarkKhaki,93.9791,Eye,1,1,,,753.893432148301,391.4505386629457,727.034785990434,422.5128509704309,-,-,0.0027,0.1604,-0.9871,-0.0132,0.1669,-0.9859,0,-,-,-,-,-,-,-,-,-,-,-,-,-,-,
175577,2807269.617,18:11:12:862,Trial025,A joie Triste.jpg,58,DarkKhaki,93.9791,Eye,2,2,,,791.5212527898053,396.54350539403043,768.9791804725629,434.32247258912685,-,-,0.0955,0.1943,-0.9763,0.0845,0.1952,-0.9771,0,-,-,-,-,-,-,-,-,-,-,-,-,-,-,
175581,2807336.378,18:11:12:929,Trial025,A joie Triste.jpg,58,DarkKhaki,93.9791,Eye,2,2,,,816.7564469866591,368.37862025682614,796.4488151791329,366.94178702201657,-,-,0.1047,0.1934,-0.9755,0.0835,0.2057,-0.975,0,-,-,-,-,-,-,-,-,-,-,-,-,-,-,
175585,2807403.139,18:11:12:996,Trial025,A joie Triste.jpg,58,DarkKhaki,93.9791,Eye,2,2,,,839.4237159429633,362.02047696971425,817.0241152202644,394.3510071147302,-,-,0.1079,0.1896,-0.9759,0.0893,0.1987,-0.976,0,-,-,-,-,-,-,-,-,-,-,-,-,-,-,
175589,2807469.905,18:11:13:063,Trial025,A joie Triste.jpg,58,DarkKhaki,93.9791,Eye,2,2,,,856.3529163985044,345.08725657557164,843.4390045887651,423.55588431131747,-,-,0.107,0.1909,-0.9758,0.0968,0.1964,-0.9757,0,-,-,-,-,-,-,-,-,-,-,-,-,-,-,
175593,2807536.67,18:11:13:129,Trial025,A joie Triste.jpg,58,DarkKhaki,93.9791,Eye,3,3,,,880.5957449659671,418.61276491146066,863.4438438731082,387.4748871327139,-,-,0.1346,0.0942,-0.9864,0.119,0.097,-0.9881,0,-,-,-,-,-,-,-,-,-,-,-,-,-,-,
175597,2807603.436,18:11:13:196,Trial025,A joie Triste.jpg,58,DarkKhaki,93.9791,Eye,3,3,,,903.1629771753561,343.89003370677534,880.9531259036123,414.01374934418203,-,-,0.136,0.099,-0.9857,0.1159,0.0976,-0.9885,0,-,-,-,-,-,-,-,-,-,-,-,-,-,-,
175601,2807670.202,18:11:13:263,Trial025,A joie Triste.jpg,58,DarkKhaki,93.9791,Eye,3,3,,,925.7341361585848,379.5136372227191,889.3062062567865,381.0750953749533,-,-,0.1423,0.1031,-0.9844,0.1207,0.1059,-0.987,0,-,-,-,-,-,-,-,-,-,-,-,-,-,-,
175605,2807736.966,18:11:13:330,Trial025,A joie Triste.jpg,58,DarkKhaki,93.9791,Eye,4,4,,,823.4069408553702,364.26554097877346,796.0599199619134,435.8045744916459,-,-,-0.1446,0.1353,-0.9802,-0.1499,0.1234,-0.981,0,-,-,-,-,-,-,-,-,-,-,-,-,-,-,
175609,2807803.728,18:11:13:396,Trial025,A joie Triste.jpg,58,DarkKhaki,93.9791,Eye,4,4,,,740.8173760267636,391.39376778989356,718.6381522358905,399.1980929855185,-,-,-0.1371,0.1378,-0.9809,-0.1584,0.1372,-0.9778,0,-,-,-,-,-,-,-,-,-,-,-,-,-,-,
175613,2807870.49,18:11:13:463,Trial025,A joie Triste.jpg,58,DarkKhaki,93.9791,Eye,4,4,,,620.0885533689861,314.9476787228771,603.4541355258312,367.44697739829576,-,-,0,0,0,0,0,0,0,-,-,-,-,-,-,-,-,-,-,-,-,-,-,
175617,2807937.252,18:11:13:530,Trial025,A joie Triste.jpg,58,DarkKhaki,93.9791,Eye,5,5,,,581.9006004173858,385.80596376368544,569.7719789951102,328.26165058039714,-,-,-0.163,0.1744,-0.9711,-0.1794,0.1844,-0.9663,0,-,-,-,-,-,-,-,-,-,-,-,-,-,-,
175621,2808004.013,18:11:13:597,Trial025,A joie Triste.jpg,58,DarkKhaki,93.9791,Eye,5,5,,,552.0736848006258,351.63934400477615,550.1697627628889,341.22566257533816,-,-,-0.172,0.183,-0.968,-0.1738,0.1909,-0.9661,0,-,-,-,-,-,-,-,-,-,-,-,-,-,-,
175625,2808070.775,18:11:13:663,Trial025,A joie Triste.jpg,58,DarkKhaki,93.9791,Eye,5,6,,,525.9125243521969,435.7272005245488,529.7027875730599,407.0700828325624,-,-,-0.1701,0.1897,-0.967,-0.1709,0.1999,-0.9648,0,-,-,-,-,-,-,-,-,-,-,-,-,-,-,
175629,2808137.537,18:11:13:730,Trial025,A joie Triste.jpg,58,DarkKhaki,93.9791,Eye,6,6,,,513.1423476682585,394.78516063017344,510.3259118817016,357.64776721853815,-,-,-0.1696,0.1946,-0.9661,-0.1794,0.1906,-0.9651,0,-,-,-,-,-,-,-,-,-,-,-,-,-,-,
175633,2808204.299,18:11:13:797,Trial025,A joie Triste.jpg,58,DarkKhaki,93.9791,Eye,6,6,,,494.05147480226367,325.93152820885075,499.2843134584351,390.7583546008517,-,-,-0.1651,0.1923,-0.9673,-0.1793,0.1927,-0.9647,0,-,-,-,-,-,-,-,-,-,-,-,-,-,-,
175637,2808271.065,18:11:13:864,Trial025,A joie Triste.jpg,58,DarkKhaki,93.9791,Eye,7,7,,,507.0773676020792,371.2285063207147,505.4251839260229,366.19103146852484,-,-,-0.114,0.1899,-0.9752,-0.1222,0.1995,-0.9722,0,-,-,-,-,-,-,-,-,-,-,-,-,-,-,
175641,2808337.843,18:11:13:931,Trial025,A joie Triste.jpg,58,DarkKhaki,93.9791,Eye,7,7,,,517.108166355273,396.1683016657578,521.8105473714976,334.2853555617179,-,-,-0.1131,0.1957,-0.9741,-0.1139,0.1991,-0.9733,0,-,-,-,-,-,-,-,-,-,-,-,-,-,-,
175645,2808404.621,18:11:13:997,Trial025,A joie Triste.jpg,58,DarkKhaki,93.9791,Eye,7,7,,,526.1412853509499,405.06924845137445,536.8057500101049,406.1133521444763,-,-,-0.113,0.193,-0.9747,-0.1182,0.1922,-0.9742,0,-,-,-,-,-,-,-,-,-,-,-,-,-,-,
175649,2808471.4,18:11:14:064,Trial025,A joie Triste.jpg,58,DarkKhaki,93.9791,Eye,7,7,,,535.3818382397781,319.71923728132987,541.6465702757023,333.3446050883965,-,-,-0.0881,0.1971,-0.9764,-0.0986,0.2006,-0.9747,0,-,-,-,-,-,-,-,-,-,-,-,-,-,-,
175653,2808538.178,18:11:14:131,Trial025,A joie Triste.jpg,58,DarkKhaki,93.9791,Eye,8,8,,,640.1521544583687,369.5884330012845,648.9183616769436,391.250155308885,-,-,0.1325,0.1901,-0.9728,0.1257,0.2057,-0.9705,0,-,-,-,-,-,-,-,-,-,-,-,-,-,-,
175657,2808604.956,18:11:14:198,Trial025,A joie Triste.jpg,58,DarkKhaki,93.9791,Eye,8,8,,,720.2760082965068,427.27686580227805,729.8254562357922,391.0521079183204,-,-,0.1317,0.201,-0.9707,0.1293,0.1941,-0.9724,0,-,-,-,-,-,-,-,-,-,-,-,-,-,-,
175661,2808671.723,18:11:14:264,Trial025,A joie Triste.jpg,58,DarkKhaki,93.9791,Eye,8,8,,,783.4076714860488,450.2771011763211,789.841112875318,401.86204914527804,-,-,0.1348,0.2062,-0.9692,0.1297,0.2031,-0.9705,0,-,-,-,-,-,-,-,-,-,-,-,-,-,-,
175665,2808738.49,18:11:14:331,Trial025,A joie Triste.jpg,58,DarkKhaki,93.9791,Eye,9,9,,,717.2084731715998,403.2934602055924,720.9490462844526,336.0027404562531,-,-,-0.1293,0.1493,-0.9803,-0.14,0.1386,-0.9804,0,-,-,-,-,-,-,-,-,-,-,-,-,-,-,
175669,2808805.258,18:11:14:398,Trial025,A joie Triste.jpg,58,DarkKhaki,93.9791,Eye,9,9,,,668.4116752901266,378.6835514298175,664.3214164388214,438.92201872640976,-,-,-0.13,0.1513,-0.9799,-0.1418,0.1509,-0.9783,0,-,-,-,-,-,-,-,-,-,-,-,-,-,-,
175673,2808872.025,18:11:14:465,Trial025,A joie Triste.jpg,58,DarkKhaki,93.9791,Eye,9,9,,,630.9599212931867,404.0694512716018,628.557642553867,349.4328267452915,-,-,-0.1353,0.1496,-0.9794,-0.1434,0.1514,-0.978,0,-,-,-,-,-,-,-,-,-,-,-,-,-,-,
175677,2808938.792,18:11:14:531,Trial025,A joie Triste.jpg,58,DarkKhaki,93.9791,Eye,10,10,,,597.6017332989088,436.184717958807,597.8843216259179,407.6081278369656,-,-,-0.1524,0.0735,-0.9856,-0.1548,0.0733,-0.9852,0,-,-,-,-,-,-,-,-,-,-,-,-,-,-,
175681,2809005.559,18:11:14:598,Trial025,A joie Triste.jpg,58,DarkKhaki,93.9791,Eye,10,10,,,559.8914858378162,377.1424713759398,568.8420657828391,395.7366101221561,-,-,-0.1539,0.0695,-0.9856,-0.1605,0.0745,-0.9842,0,-,-,-,-,-,-,-,-,-,-,-,-,-,-,
175685,2809072.326,18:11:14:665,Trial025,A joie Triste.jpg,58,DarkKhaki,93.9791,Eye,10,10,,,537.7606490270775,381.0356914242916,540.2178240727133,465.052090286435,-,-,-0.1603,0.0731,-0.9844,-0.1546,0.0768,-0.985,0,-,-,-,-,-,-,-,-,-,-,-,-,-,-,
175689,2809139.086,18:11:14:732,Trial025,A joie Triste.jpg,58,DarkKhaki,93.9791,Eye,11,11,,,634.191009884666,375.7715309996334,645.1146384027641,404.10810998084065,-,-,0.1092,0.1795,-0.9777,0.1196,0.1899,-0.9745,0,-,-,-,-,-,-,-,-,-,-,-,-,-,-,
175693,2809205.844,18:11:14:799,Trial025,A joie Triste.jpg,58,DarkKhaki,93.9791,Eye,11,11,,,718.7678502069791,441.0881373935763,716.3205508675215,402.52195473264453,-,-,0.1217,0.1876,-0.9747,0.1109,0.1859,-0.9763,0,-,-,-,-,-,-,-,-,-,-,-,-,-,-,
175697,2809272.602,18:11:14:865,Trial025,A joie Triste.jpg,58,DarkKhaki,93.9791,Eye,11,11,,,775.7422444263765,393.39425567837395,777.6076720781286,389.5371563473845,-,-,0.1188,0.1902,-0.9745,0.1276,0.177,-0.9759,0,-,-,-,-,-,-,-,-,-,-,-,-,-,-,
175701,2809339.359,18:11:14:932,Trial025,A joie Triste.jpg,58,DarkKhaki,93.9791,Eye,11,11,,,821.2238668447743,375.9994801610736,818.6914297382581,333.37043091624525,-,-,0.1146,0.1861,-0.9758,0.1066,0.1889,-0.9762,0,-,-,-,-,-,-,-,-,-,-,-,-,-,-,
175705,2809406.117,18:11:14:999,Trial025,A joie Triste.jpg,58,DarkKhaki,93.9791,Eye,12,12,,,877.5791280070453,333.58277509118057,860.2094349009643,442.3629800963421,-,-,0.1506,0.1156,-0.9818,0.1397,0.1121,-0.9838,0,-,-,-,-,-,-,-,-,-,-,-,-,-,-,
175709,2809472.878,18:11:15:066,Trial025,A joie Triste.jpg,58,DarkKhaki,93.9791,Eye,12,12,,,904.3384689342769,405.40697337569225,902.4828621756319,435.8617660040084,-,-,0.1525,0.1026,-0.983,0.1423,0.1107,-0.9836,0,-,-,-,-,-,-,-,-,-,-,-,-,-,-,
175713,2809539.648,18:11:15:132,Trial025,A joie Triste.jpg,58,DarkKhaki,93.9791,Eye,12,12,,,930.761691867398,373.2822991975998,921.5589965785593,370.2419356457724,-,-,0.1518,0.1092,-0.9824,0.1543,0.1082,-0.9821,0,-,-,-,-,-,-,-,-,-,-,-,-,-,-,
175717,2809606.418,18:11:15:199,Trial025,A joie Triste.jpg,58,DarkKhaki,93.9791,Eye,12,12,,,918.1696328367141,368.86107082445585,886.6728115853055,435.28008951648263,-,-,0.0595,0.129,-0.9899,0.0359,0.1234,-0.9917,0,-,-,-,-,-,-,-,-,-,-,-,-,-,-,
175721,2809673.189,18:11:15:266,Trial025,A joie Triste.jpg,58,DarkKhaki,93.9791,Eye,13,13,,,821.0570756260734,371.55084415695865,793.3087562912526,429.69412034752935,-,-,-0.1478,0.1472,-0.978,-0.1593,0.1394,-0.9773,0,-,-,-,-,-,-,-,-,-,-,-,-,-,-,
175725,2809739.959,18:11:15:333,Trial025,A joie Triste.jpg,58,DarkKhaki,93.9791,Eye,13,13,,,739.9460137856989,437.07599225721873,715.3838615580311,429.5929253228872,-,-,-0.1463,0.142,-0.979,-0.145,0.1323,-0.9805,0,-,-,-,-,-,-,-,-,-,-,-,-,-,-,
175729,2809806.729,18:11:15:399,Trial025,A joie Triste.jpg,58,DarkKhaki,93.9791,Eye,13,13,,,681.8800140669482,477.33827387659187,666.8773173697822,436.76404437460263,-,-,-0.1414,0.1386,-0.9802,-0.1559,0.1477,-0.9767,0,-,-,-,-,-,-,-,-,-,-,-,-,-,-,
175733,2809873.5,18:11:15:466,Trial025,A joie Triste.jpg,58,DarkKhaki,93.9791,Eye,13,13,,,632.9887997801249,374.28522794400226,623.8424888699096,347.940529633968,-,-,-0.1432,0.1388,-0.9799,-0.1504,0.1468,-0.9777,0,-,-,-,-,-,-,-,-,-,-,-,-,-,-,
175737,2809940.273,18:11:15:533,Trial025,A joie Triste.jpg,58,DarkKhaki,93.9791,Eye,14,14,,,711.3101840632463,403.24169954300316,703.3320925028041,386.25854526308774,-,-,0.1172,0.153,-0.9813,0.1117,0.1629,-0.9803,0,-,-,-,-,-,-,-,-,-,-,-,-,-,-,
175741,2810007.056,18:11:15:600,Trial025,A joie Triste.jpg,58,DarkKhaki,93.9791,Eye,14,14,,,773.3433539975679,364.3066279719583,783.3581176125335,394.24879896857607,-,-,0.1313,0.164,-0.9777,0.1206,0.1676,-0.9785,0,-,-,-,-,-,-,-,-,-,-,-,-,-,-,
175745,2810073.839,18:11:15:667,Trial025,A joie Triste.jpg,58,DarkKhaki,93.9791,Eye,14,14,,,825.472990730365,377.9063307621016,825.5683003208808,381.4317161282064,-,-,0.1295,0.1668,-0.9775,0.126,0.1701,-0.9773,0,-,-,-,-,-,-,-,-,-,-,-,-,-,-,
175749,2810140.622,18:11:15:733,Trial025,A joie Triste.jpg,58,DarkKhaki,93.9791,Eye,15,15,,,840.988357609324,388.1267794780282,839.0394280362472,391.3853621623526,-,-,0.0781,0.1944,-0.9778,0.0657,0.1924,-0.9791,0,-,-,-,-,-,-,-,-,-,-,-,-,-,-,
175753,2810207.405,18:11:15:800,Trial025,A joie Triste.jpg,58,DarkKhaki,93.9791,Eye,15,15,,,849.0470388074913,351.59925796019064,846.0457033707509,474.478629391706,-,-,0.0778,0.1918,-0.9783,0.0571,0.1902,-0.9801,0,-,-,-,-,-,-,-,-,-,-,-,-,-,-,
175757,2810274.188,18:11:15:867,Trial025,A joie Triste.jpg,58,DarkKhaki,93.9791,Eye,15,15,,,817.398248949909,351.3406363352601,808.288911877135,391.4727346654893,-,-,-0.0069,0.1992,-0.9799,-0.0365,0.194,-0.9803,0,-,-,-,-,-,-,-,-,-,-,-,-,-,-,
175761,2810340.973,18:11:15:934,Trial025,A joie Triste.jpg,58,DarkKhaki,93.9791,Eye,16,16,,,742.7734697074935,379.25275670843587,739.4828161773751,394.05583510143134,-,-,-0.1249,0.1934,-0.9731,-0.126,0.183,-0.975,0,-,-,-,-,-,-,-,-,-,-,-,-,-,-,
175765,2810407.76,18:11:16:000,Trial025,A joie Triste.jpg,58,DarkKhaki,93.9791,Eye,16,16,,,690.23394675484,356.49824400072123,689.2384813519238,404.75169104893166,-,-,-0.121,0.1973,-0.9729,-0.1274,0.1923,-0.973,0,-,-,-,-,-,-,-,-,-,-,-,-,-,-,
175769,2810474.547,18:11:16:067,Trial025,A joie Triste.jpg,58,DarkKhaki,93.9791,Eye,16,16,,,723.7918220388982,412.21173423775775,711.4469884617733,390.59376545229384,-,-,0.0402,0.2278,-0.9729,0.0167,0.2152,-0.9764,0,-,-,-,-,-,-,-,-,-,-,-,-,-,-,
175773,2810541.334,18:11:16:134,Trial025,A joie Triste.jpg,58,DarkKhaki,93.9791,Eye,17,17,,,779.7554896919396,433.22883348771376,769.9046163646899,325.1062580040794,-,-,0.1252,0.2419,-0.9622,0.1245,0.2333,-0.9644,0,-,-,-,-,-,-,-,-,-,-,-,-,-,-,
175777,2810608.121,18:11:16:201,Trial025,A joie Triste.jpg,58,DarkKhaki,93.9791,Eye,17,17,,,820.3304565202683,420.5406562200821,803.1933934997438,341.2399586783286,-,-,0.1253,0.2409,-0.9624,0.1119,0.2372,-0.965,0,-,-,-,-,-,-,-,-,-,-,-,-,-,-,
175781,2810674.908,18:11:16:268,Trial025,A joie Triste.jpg,58,DarkKhaki,93.9791,Eye,18,17,,,855.5699108463206,336.12818230897705,833.9993380607898,343.49427412225344,-,-,0.129,0.2372,-0.9629,0.1178,0.241,-0.9633,0,-,-,-,-,-,-,-,-,-,-,-,-,-,-,
175785,2810741.695,18:11:16:334,Trial025,A joie Triste.jpg,58,DarkKhaki,93.9791,Eye,18,17,,,877.4973361204848,325.63364653717304,866.7436226656569,329.99066640875344,-,-,0.1222,0.2416,-0.9626,0.123,0.2334,-0.9646,0,-,-,-,-,-,-,-,-,-,-,-,-,-,-,
175789,2810808.477,18:11:16:401,Trial025,A joie Triste.jpg,58,DarkKhaki,93.9791,Eye,18,17,,,896.121151650859,305.6346370855977,891.7800721674818,311.5282994190359,-,-,0.1295,0.2431,-0.9613,0.1226,0.2415,-0.9626,0,-,-,-,-,-,-,-,-,-,-,-,-,-,-,
175793,2810875.258,18:11:16:468,Trial025,A joie Triste.jpg,58,DarkKhaki,93.9791,Eye,18,17,,,912.0500167149369,408.1845471633883,903.1252944129449,360.5971711743262,-,-,0.1227,0.2435,-0.9621,0.1156,0.2365,-0.9647,0,-,-,-,-,-,-,-,-,-,-,-,-,-,-,
175797,2810942.038,18:11:16:535,Trial025,A joie Triste.jpg,58,DarkKhaki,93.9791,Eye,19,18,,,933.4372980187595,391.50599154353336,916.705893189144,354.32341408004663,-,-,0.1467,0.1831,-0.9721,0.1324,0.1892,-0.973,0,-,-,-,-,-,-,-,-,-,-,-,-,-,-,
175801,2811008.819,18:11:16:602,Trial025,A joie Triste.jpg,58,DarkKhaki,93.9791,Eye,19,18,,,942.3434086252262,412.8465295206711,938.576661189652,381.1788460940495,-,-,0.1497,0.18,-0.9722,0.1347,0.1808,-0.9743,0,-,-,-,-,-,-,-,-,-,-,-,-,-,-,
175805,2811075.6,18:11:16:668,Trial025,A joie Triste.jpg,58,DarkKhaki,93.9791,Eye,19,18,,,964.7317002699459,361.2079076618905,952.2246365946446,383.13511812502594,-,-,0.1461,0.1697,-0.9746,0.1295,0.1771,-0.9756,0,-,-,-,-,-,-,-,-,-,-,-,-,-,-,
175809,2811142.38,18:11:16:735,Trial025,A joie Triste.jpg,58,DarkKhaki,93.9791,Eye,-,-,,,982.91788693085,365.3475834303954,778.855047649422,370.51094001138904,-,-,0.1618,0.1386,-0.977,0,0,0,0,-,-,-,-,-,-,-,-,-,-,-,-,-,-,
175813,2811209.162,18:11:16:802,Trial025,A joie Triste.jpg,58,DarkKhaki,93.9791,Eye,20,19,,,959.2650478329062,358.4878981123352,806.4909718360464,324.8397247050166,-,-,0.0971,0.1593,-0.9824,0.0854,0.1596,-0.9835,0,-,-,-,-,-,-,-,-,-,-,-,-,-,-,
175817,2811275.945,18:11:16:869,Trial025,A joie Triste.jpg,58,DarkKhaki,93.9791,Eye,20,19,,,949.2609357425706,392.1391588657772,833.7370934339273,322.13241636457184,-,-,0.1003,0.1505,-0.9835,0.0872,0.1487,-0.985,0,-,-,-,-,-,-,-,-,-,-,-,-,-,-,
175821,2811342.727,18:11:16:935,Trial025,A joie Triste.jpg,58,DarkKhaki,93.9791,Eye,20,19,,,942.3854604532195,405.5032667356965,849.9371020605413,355.0805005142547,-,-,0.1015,0.1488,-0.9837,0.0803,0.1479,-0.9857,0,-,-,-,-,-,-,-,-,-,-,-,-,-,-,
175825,2811409.509,18:11:17:002,Trial025,A joie Triste.jpg,58,DarkKhaki,93.9791,Eye,20,19,,,938.5030993836176,326.39206337469017,853.7734909266338,360.40802506539313,-,-,0.098,0.136,-0.9859,0.0763,0.1516,-0.9855,0,-,-,-,-,-,-,-,-,-,-,-,-,-,-,
175829,2811476.292,18:11:17:069,Trial025,A joie Triste.jpg,58,DarkKhaki,93.9791,Eye,1,1,,,768.5085732445219,355.7026285895228,704.961366901784,357.81902205800185,-,-,0,0,0,0,0,0,0,-,-,-,-,-,-,-,-,-,-,-,-,-,-,
175833,2811543.074,18:11:17:136,Trial025,A joie Triste.jpg,58,DarkKhaki,93.9791,Eye,1,20,,,826.1338281410976,322.20243501764844,779.944140738749,428.70198725712834,-,-,0.1712,0.1104,-0.979,0.1404,0.0829,-0.9866,0,-,-,-,-,-,-,-,-,-,-,-,-,-,-,
175837,2811609.855,18:11:17:203,Trial025,A joie Triste.jpg,58,DarkKhaki,93.9791,Eye,19,20,,,874.7175717251835,413.6283865318317,828.9742828731341,388.0969147468984,-,-,0.169,0.0878,-0.9817,0.1383,0.0933,-0.986,0,-,-,-,-,-,-,-,-,-,-,-,-,-,-,
175841,2811676.632,18:11:17:269,Trial025,A joie Triste.jpg,58,DarkKhaki,93.9791,Eye,21,21,,,913.1706463135304,405.60166240773935,861.0260350968343,389.95288182220264,-,-,0.1685,0.1047,-0.9801,0.1233,0.1067,-0.9866,0,-,-,-,-,-,-,-,-,-,-,-,-,-,-,
175845,2811743.409,18:11:17:336,Trial025,A joie Triste.jpg,58,DarkKhaki,93.9791,Eye,21,21,,,948.0474873477294,383.64376495445816,896.6149309628689,363.0178168752207,-,-,0.1745,0.1099,-0.9785,0.1438,0.1043,-0.9841,0,-,-,-,-,-,-,-,-,-,-,-,-,-,-,
175849,2811810.186,18:11:17:403,Trial025,A joie Triste.jpg,58,DarkKhaki,93.9791,Eye,-,20,,,981.1524136820589,378.1553620231612,914.3781966316707,450.2913637194157,-,-,0.1652,0.139,-0.9764,0.1122,0.1415,-0.9836,0,-,-,-,-,-,-,-,-,-,-,-,-,-,-,
175853,2811876.962,18:11:17:470,Trial025,A joie Triste.jpg,58,DarkKhaki,93.9791,Eye,-,22,,,995.6310523221822,333.4223091505167,919.0702605773296,387.37164321007737,-,-,0.1663,0.1716,-0.971,0.1113,0.1572,-0.9813,0,-,-,-,-,-,-,-,-,-,-,-,-,-,-,
175857,2811943.739,18:11:17:536,Trial025,A joie Triste.jpg,58,DarkKhaki,93.9791,Eye,22,22,,,1002.5653841783972,381.20331658148245,925.2535536434101,394.5271056719971,-,-,0.155,0.1579,-0.9752,0.1055,0.1663,-0.9804,0,-,-,-,-,-,-,-,-,-,-,-,-,-,-,
175861,2812010.516,18:11:17:603,Trial025,A joie Triste.jpg,58,DarkKhaki,93.9791,Eye,22,22,,,1005.0437417165938,462.8492644014374,933.831940194124,384.11305766913637,-,-,0.1595,0.167,-0.973,0.1008,0.1557,-0.9827,0,-,-,-,-,-,-,-,-,-,-,-,-,-,-,
175865,2812077.303,18:11:17:670,Trial025,A joie Triste.jpg,58,DarkKhaki,93.9791,Eye,22,22,,,1001.501132434801,414.9988834135146,938.0807674760072,333.27159583501003,-,-,0.15,0.158,-0.976,0.1131,0.1604,-0.9806,0,-,-,-,-,-,-,-,-,-,-,-,-,-,-,
175869,2812144.1,18:11:17:737,Trial025,A joie Triste.jpg,58,DarkKhaki,93.9791,Eye,22,22,,,1000.8185342772058,380.36438421557307,937.8027321295081,389.21534513690756,-,-,0.1492,0.1581,-0.9761,0.1053,0.1516,-0.9828,0,-,-,-,-,-,-,-,-,-,-,-,-,-,-,
175873,2812210.897,18:11:17:804,Trial025,A joie Triste.jpg,58,DarkKhaki,93.9791,Eye,22,2,,,997.6117593943861,443.2528761124243,767.8927152902359,331.5309322430263,-,-,0.1555,0.1432,-0.9774,0,0,0,0,-,-,-,-,-,-,-,-,-,-,-,-,-,-,
175877,2812277.694,18:11:17:870,Trial025,A joie Triste.jpg,58,DarkKhaki,93.9791,Eye,2,2,,,812.7412222657157,348.6427525450552,640.451939187603,329.066068358376,-,-,0,0,0,0,0,0,0,-,-,-,-,-,-,-,-,-,-,-,-,-,-,
175881,2812344.49,18:11:17:937,Trial025,A joie Triste.jpg,58,DarkKhaki,93.9791,Eye,23,23,,,869.7189984152715,371.31503506102933,734.4572242523387,298.60734987545317,-,-,0.1679,0.1836,-0.9686,0.1462,0.1893,-0.971,0,-,-,-,-,-,-,-,-,-,-,-,-,-,-,
175885,2812411.287,18:11:18:004,Trial025,A joie Triste.jpg,58,DarkKhaki,93.9791,Eye,23,23,,,917.4123025791714,388.4556623601637,801.0161867859069,366.3386582599517,-,-,0.1661,0.1903,-0.9676,0.1441,0.18,-0.9731,0,-,-,-,-,-,-,-,-,-,-,-,-,-,-,
175889,2812478.074,18:11:18:071,Trial025,A joie Triste.jpg,58,DarkKhaki,93.9791,Eye,23,23,,,947.8813744524185,365.7486452768353,850.0922484751736,314.48240381529257,-,-,0.1627,0.1824,-0.9697,0.1432,0.1821,-0.9728,0,-,-,-,-,-,-,-,-,-,-,-,-,-,-,
175893,2812544.85,18:11:18:138,Trial025,A joie Triste.jpg,58,DarkKhaki,93.9791,Eye,23,23,,,968.5567339541496,387.3518115183605,885.4847904070858,330.8091901472676,-,-,0.1522,0.1905,-0.9698,0.1395,0.1851,-0.9728,0,-,-,-,-,-,-,-,-,-,-,-,-,-,-,
175897,2812611.626,18:11:18:204,Trial025,A joie Triste.jpg,58,DarkKhaki,93.9791,Eye,24,24,,,973.0332519399865,304.8880774000552,906.6616446960902,416.2563161988334,-,-,0.124,0.1973,-0.9725,0.1129,0.204,-0.9724,0,-,-,-,-,-,-,-,-,-,-,-,-,-,-,
175901,2812678.403,18:11:18:271,Trial025,A joie Triste.jpg,58,DarkKhaki,93.9791,Eye,24,24,,,971.940532063918,408.1159431517499,910.0574502015733,310.8559847999018,-,-,0.1163,0.2084,-0.9711,0.0957,0.193,-0.9765,0,-,-,-,-,-,-,-,-,-,-,-,-,-,-,
175905,2812745.179,18:11:18:338,Trial025,A joie Triste.jpg,58,DarkKhaki,93.9791,Eye,24,24,,,971.0006672922746,392.70714116547595,914.330027053865,348.9926781419637,-,-,0.1157,0.1983,-0.9733,0.1034,0.1964,-0.9751,0,-,-,-,-,-,-,-,-,-,-,-,-,-,-,
175909,2812811.955,18:11:18:405,Trial025,A joie Triste.jpg,58,DarkKhaki,93.9791,Eye,24,24,,,974.2382883108909,346.3687379155518,918.8592167882409,322.74541160434006,-,-,0.1135,0.1985,-0.9735,0.1048,0.1991,-0.9744,0,-,-,-,-,-,-,-,-,-,-,-,-,-,-,
175913,2812878.731,18:11:18:471,Trial025,A joie Triste.jpg,58,DarkKhaki,93.9791,Eye,24,24,,,959.2178694552808,415.1913809573823,923.611133410607,387.3000497577261,-,-,0.1089,0.1956,-0.9746,0.0943,0.192,-0.9769,0,-,-,-,-,-,-,-,-,-,-,-,-,-,-,
175917,2812945.476,18:11:18:538,Trial025,A joie Triste.jpg,58,DarkKhaki,93.9791,Eye,24,24,,,955.3481871395779,360.55529775759044,923.5426633295779,368.31856721403454,-,-,0.1094,0.1961,-0.9745,0.0948,0.1875,-0.9777,0,-,-,-,-,-,-,-,-,-,-,-,-,-,-,
207221,2813396.118,18:11:18:988,Trial026,tombe joie vs triste2.avi,58,DarkKhaki,92.8023,Information,1,1,,,952.4459254028009,443.3656951417062,923.4913107688062,407.6810913574687,-,-,-,-,-,-,-,-,-,-,-,-,-,-,-,-,c773a75e686fefc963865dd76b62715c.avi,-,-,-,-,-,-,
207225,2813462.698,18:11:19:055,Trial026,tombe joie vs triste2.avi,58,DarkKhaki,92.8023,Eye,1,1,,,962.7219803097062,304.048646533984,922.7593449811994,405.80474103309183,-,-,0.1298,0.2048,-0.9702,0.1234,0.2001,-0.972,0,-,-,-,-,-,-,-,-,-,-,-,-,-,-,
207229,2813529.445,18:11:19:121,Trial026,tombe joie vs triste2.avi,58,DarkKhaki,92.8023,Eye,1,1,,,873.9727107404007,375.6300874324345,845.7395349554334,414.25526495703224,-,-,-0.0711,0.1995,-0.9773,-0.0777,0.1943,-0.9779,0,-,-,-,-,-,-,-,-,-,-,-,-,-,-,
207233,2813596.193,18:11:19:188,Trial026,tombe joie vs triste2.avi,58,DarkKhaki,92.8023,Eye,1,1,,,802.3341586108455,351.8129652836368,782.268853562569,360.8477834573568,-,-,-0.0808,0.2119,-0.9739,-0.0834,0.1929,-0.9777,0,-,-,-,-,-,-,-,-,-,-,-,-,-,-,
207237,2813662.94,18:11:19:255,Trial026,tombe joie vs triste2.avi,58,DarkKhaki,92.8023,Eye,-,-,,,775.2810609642563,392.7785297355257,754.1250888676229,386.8297554204629,-,-,-0.0224,0.1871,-0.9821,-0.0339,0.1833,-0.9825,0,-,-,-,-,-,-,-,-,-,-,-,-,-,-,
207241,2813729.688,18:11:19:322,Trial026,tombe joie vs triste2.avi,58,DarkKhaki,92.8023,Eye,-,-,,,763.25283281939,371.7651920635865,744.0553999172816,306.12243815665204,-,-,0.0038,0.1736,-0.9848,0.0018,0.1646,-0.9864,0,-,-,-,-,-,-,-,-,-,-,-,-,-,-,
207245,2813796.441,18:11:19:388,Trial026,tombe joie vs triste2.avi,58,DarkKhaki,92.8023,Eye,1,1,,,637.2196051879852,363.9807075381019,622.8215305114038,361.35891858319087,-,-,0,0,0,0,0,0,0,-,-,-,-,-,-,-,-,-,-,-,-,-,-,
207249,2813863.211,18:11:19:455,Trial026,tombe joie vs triste2.avi,58,DarkKhaki,92.8023,Eye,1,1,,,542.7374849131911,351.0240011609942,531.9389289057551,393.0313246114972,-,-,0,0,0,0,0,0,0,-,-,-,-,-,-,-,-,-,-,-,-,-,-,
207253,2813929.98,18:11:19:522,Trial026,tombe joie vs triste2.avi,58,DarkKhaki,92.8023,Eye,1,1,,,471.9057645009891,205.88988750171814,463.80684749541206,347.97258805522097,-,-,0,0,0,0,0,0,0,-,-,-,-,-,-,-,-,-,-,-,-,-,-,
207257,2813996.749,18:11:19:589,Trial026,tombe joie vs triste2.avi,58,DarkKhaki,92.8023,Eye,2,2,,,466.1534499745332,362.40583740674765,463.02983211046376,300.2260265528662,-,-,-0.1573,0.1633,-0.974,-0.1596,0.1883,-0.9691,0,-,-,-,-,-,-,-,-,-,-,-,-,-,-,
207261,2814063.519,18:11:19:655,Trial026,tombe joie vs triste2.avi,58,DarkKhaki,92.8023,Eye,2,2,,,463.13015333362165,372.9229474608257,465.7553387014834,354.61362094249387,-,-,-0.156,0.1629,-0.9742,-0.1604,0.1674,-0.9728,0,-,-,-,-,-,-,-,-,-,-,-,-,-,-,
207265,2814130.288,18:11:19:722,Trial026,tombe joie vs triste2.avi,58,DarkKhaki,92.8023,Eye,2,2,,,463.3134361274431,373.713455437217,463.0899225087365,372.433218066145,-,-,-0.1539,0.1755,-0.9724,-0.174,0.1654,-0.9708,0,-,-,-,-,-,-,-,-,-,-,-,-,-,-,
207269,2814197.071,18:11:19:789,Trial026,tombe joie vs triste2.avi,58,DarkKhaki,92.8023,Eye,3,3,,,409.61271451588937,324.2661861248858,408.8249036220233,448.79376032404207,-,-,-0.2765,0.1635,-0.947,-0.2838,0.1597,-0.9455,0,-,-,-,-,-,-,-,-,-,-,-,-,-,-,
207273,2814263.853,18:11:19:856,Trial026,tombe joie vs triste2.avi,58,DarkKhaki,92.8023,Eye,3,3,,,367.4157831754025,404.3158666530926,368.30499000500305,380.93114337786716,-,-,-0.28,0.1585,-0.9468,-0.2972,0.1582,-0.9416,0,-,-,-,-,-,-,-,-,-,-,-,-,-,-,
207277,2814330.636,18:11:19:923,Trial026,tombe joie vs triste2.avi,58,DarkKhaki,92.8023,Eye,3,3,,,334.139112153875,442.045834045404,337.54228727607534,378.95458107741183,-,-,-0.2881,0.1695,-0.9425,-0.2955,0.171,-0.9399,0,-,-,-,-,-,-,-,-,-,-,-,-,-,-,
207281,2814397.418,18:11:19:989,Trial026,tombe joie vs triste2.avi,58,DarkKhaki,92.8023,Eye,3,3,,,309.1099606578703,376.21219319872364,313.11182199952054,401.51285347600765,-,-,-0.2776,0.1697,-0.9456,-0.299,0.1699,-0.939,0,-,-,-,-,-,-,-,-,-,-,-,-,-,-,
207285,2814464.2,18:11:20:056,Trial026,tombe joie vs triste2.avi,58,DarkKhaki,92.8023,Eye,3,3,,,289.31480874864565,411.29258970047044,294.1420347548833,408.955279842011,-,-,-0.2867,0.1661,-0.9435,-0.2966,0.1612,-0.9413,0,-,-,-,-,-,-,-,-,-,-,-,-,-,-,
207289,2814530.983,18:11:20:123,Trial026,tombe joie vs triste2.avi,58,DarkKhaki,92.8023,Eye,3,3,,,369.3488190589207,422.2759125599436,363.62687554577514,349.7747196847208,-,-,-0.0793,0.2058,-0.9754,-0.0985,0.1986,-0.9751,0,-,-,-,-,-,-,-,-,-,-,-,-,-,-,
207293,2814597.765,18:11:20:190,Trial026,tombe joie vs triste2.avi,58,DarkKhaki,92.8023,Eye,4,4,,,459.9801150683951,369.6550820712327,453.8173100637075,399.99465990357476,-,-,-0.0023,0.203,-0.9792,-0.0122,0.2044,-0.9788,0,-,-,-,-,-,-,-,-,-,-,-,-,-,-,
207297,2814664.546,18:11:20:256,Trial026,tombe joie vs triste2.avi,58,DarkKhaki,92.8023,Eye,4,4,,,526.7867640599842,476.8417945597505,522.9422106487685,426.08216584745503,-,-,-0.005,0.2033,-0.9791,-0.0175,0.197,-0.9802,0,-,-,-,-,-,-,-,-,-,-,-,-,-,-,
207301,2814731.324,18:11:20:323,Trial026,tombe joie vs triste2.avi,58,DarkKhaki,92.8023,Eye,-,-,,,667.4204667132346,405.9536370167071,667.9238061782183,368.00595884696077,-,-,0.2016,0.1977,-0.9593,0.1817,0.1915,-0.9645,0,-,-,-,-,-,-,-,-,-,-,-,-,-,-,
207305,2814798.102,18:11:20:390,Trial026,tombe joie vs triste2.avi,58,DarkKhaki,92.8023,Eye,-,-,,,565.2666260882373,346.39366488416005,565.644130686975,421.4930037278424,-,-,0.254,0.1822,-0.9499,0.2509,0.1914,-0.9489,0,-,-,-,-,-,-,-,-,-,-,-,-,-,-,
207309,2814864.88,18:11:20:457,Trial026,tombe joie vs triste2.avi,58,DarkKhaki,92.8023,Eye,-,-,,,488.6507757445355,438.7156297584004,488.93390419358883,354.4474505258734,-,-,0.2661,0.1849,-0.946,0.2551,0.183,-0.9494,0,-,-,-,-,-,-,-,-,-,-,-,-,-,-,
207313,2814931.658,18:11:20:524,Trial026,tombe joie vs triste2.avi,58,DarkKhaki,92.8023,Eye,-,-,,,431.198571359297,317.9521622301524,431.41091769608704,304.5132105619001,-,-,0.2612,0.1941,-0.9456,0.2543,0.1936,-0.9476,0,-,-,-,-,-,-,-,-,-,-,-,-,-,-,
207317,2814998.433,18:11:20:590,Trial026,tombe joie vs triste2.avi,58,DarkKhaki,92.8023,Eye,5,5,,,519.3169511369166,306.2021493423848,515.3039720216059,348.54555267583464,-,-,0.0281,0.1913,-0.9811,0.0175,0.1817,-0.9832,0,-,-,-,-,-,-,-,-,-,-,-,-,-,-,
207321,2815065.203,18:11:20:657,Trial026,tombe joie vs triste2.avi,58,DarkKhaki,92.8023,Eye,5,5,,,568.993539149372,375.4840981129052,562.2680580916308,413.3688735885447,-,-,0.0145,0.1917,-0.9813,-0.0011,0.1801,-0.9837,0,-,-,-,-,-,-,-,-,-,-,-,-,-,-,
207325,2815131.974,18:11:20:724,Trial026,tombe joie vs triste2.avi,58,DarkKhaki,92.8023,Eye,5,5,,,611.898973905613,228.43469483379565,601.4898910824259,330.41587926130205,-,-,0.0138,0.1805,-0.9835,0.004,0.1753,-0.9845,0,-,-,-,-,-,-,-,-,-,-,-,-,-,-,
207329,2815198.744,18:11:20:791,Trial026,tombe joie vs triste2.avi,58,DarkKhaki,92.8023,Eye,5,5,,,659.1593243933443,361.43420943880557,635.9700699461482,324.8343905895455,-,-,0.0119,0.1884,-0.982,-0.0083,0.1833,-0.983,0,-,-,-,-,-,-,-,-,-,-,-,-,-,-,
207333,2815265.515,18:11:20:857,Trial026,tombe joie vs triste2.avi,58,DarkKhaki,92.8023,Eye,6,6,,,717.5436015792484,379.9042357240402,700.175794527917,369.3176314710065,-,-,0.1073,0.171,-0.9794,0.0964,0.1653,-0.9815,0,-,-,-,-,-,-,-,-,-,-,-,-,-,-,
207337,2815332.285,18:11:20:924,Trial026,tombe joie vs triste2.avi,58,DarkKhaki,92.8023,Eye,6,6,,,768.1329259775894,384.9457867421017,747.2283349507821,352.05550417062074,-,-,0.109,0.1668,-0.9799,0.0951,0.1598,-0.9826,0,-,-,-,-,-,-,-,-,-,-,-,-,-,-,
207341,2815399.056,18:11:20:991,Trial026,tombe joie vs triste2.avi,58,DarkKhaki,92.8023,Eye,6,6,,,804.4186526476605,377.2635138678769,793.3340140043617,314.2482498665876,-,-,0.1013,0.173,-0.9797,0.1023,0.1623,-0.9814,0,-,-,-,-,-,-,-,-,-,-,-,-,-,-,
207345,2815465.826,18:11:21:058,Trial026,tombe joie vs triste2.avi,58,DarkKhaki,92.8023,Eye,6,6,,,836.2061399760628,422.0944922539056,816.3473196809296,362.54684255656286,-,-,0.1019,0.1738,-0.9795,0.0921,0.163,-0.9823,0,-,-,-,-,-,-,-,-,-,-,-,-,-,-,
207349,2815532.594,18:11:21:124,Trial026,tombe joie vs triste2.avi,58,DarkKhaki,92.8023,Eye,6,6,,,858.6080433694784,376.87555168398865,845.7560789761644,382.2644604837184,-,-,0.0945,0.1674,-0.9814,0.0973,0.167,-0.9811,0,-,-,-,-,-,-,-,-,-,-,-,-,-,-,
207353,2815599.361,18:11:21:191,Trial026,tombe joie vs triste2.avi,58,DarkKhaki,92.8023,Eye,6,6,,,876.6344334024492,349.98396315341796,860.7001838860124,477.4260273681998,-,-,0.1059,0.1662,-0.9804,0.0981,0.1643,-0.9815,0,-,-,-,-,-,-,-,-,-,-,-,-,-,-,
207357,2815666.128,18:11:21:258,Trial026,tombe joie vs triste2.avi,58,DarkKhaki,92.8023,Eye,6,6,,,897.2078621615683,347.2751291618795,874.343546747971,418.76325989069755,-,-,0.1046,0.1618,-0.9813,0.0921,0.1629,-0.9823,0,-,-,-,-,-,-,-,-,-,-,-,-,-,-,
207361,2815732.895,18:11:21:325,Trial026,tombe joie vs triste2.avi,58,DarkKhaki,92.8023,Eye,6,6,,,898.4661239610112,477.1747492486018,878.7666632508913,334.5265903105906,-,-,0.0823,0.1675,-0.9824,0.0719,0.1634,-0.9839,0,-,-,-,-,-,-,-,-,-,-,-,-,-,-,
207365,2815799.662,18:11:21:392,Trial026,tombe joie vs triste2.avi,58,DarkKhaki,92.8023,Eye,6,6,,,900.8622713164403,461.85131307600034,879.5898548910747,400.0147227865913,-,-,0.0868,0.162,-0.983,0.0692,0.161,-0.9845,0,-,-,-,-,-,-,-,-,-,-,-,-,-,-,
207369,2815866.43,18:11:21:458,Trial026,tombe joie vs triste2.avi,58,DarkKhaki,92.8023,Eye,5,7,,,895.9132039807916,412.72616801842156,885.0379235973007,337.5994962833112,-,-,0.08,0.163,-0.9834,0.0695,0.165,-0.9838,0,-,-,-,-,-,-,-,-,-,-,-,-,-,-,
207373,2815933.198,18:11:21:525,Trial026,tombe joie vs triste2.avi,58,DarkKhaki,92.8023,Eye,7,7,,,888.6394574669611,353.0699561007228,876.9120214272671,467.3677031479899,-,-,0.0855,0.1629,-0.9829,0.0724,0.1571,-0.9849,0,-,-,-,-,-,-,-,-,-,-,-,-,-,-,
207377,2815999.966,18:11:21:592,Trial026,tombe joie vs triste2.avi,58,DarkKhaki,92.8023,Eye,7,7,,,889.2959215200044,352.50133162666884,877.8895304101563,379.9225917360649,-,-,0.0738,0.1588,-0.9846,0.0705,0.1607,-0.9845,0,-,-,-,-,-,-,-,-,-,-,-,-,-,-,
207381,2816066.734,18:11:21:659,Trial026,tombe joie vs triste2.avi,58,DarkKhaki,92.8023,Eye,7,7,,,884.0078788099559,401.1050800475399,878.2065147943595,361.908274998577,-,-,0.0803,0.1541,-0.9848,0.0643,0.167,-0.9839,0,-,-,-,-,-,-,-,-,-,-,-,-,-,-,
207385,2816133.502,18:11:21:725,Trial026,tombe joie vs triste2.avi,58,DarkKhaki,92.8023,Eye,7,7,,,879.4914537834126,381.9586370296712,874.1878674800245,412.8522709669636,-,-,0.0676,0.1244,-0.9899,0.0554,0.13,-0.99,0,-,-,-,-,-,-,-,-,-,-,-,-,-,-,
207389,2816200.27,18:11:21:792,Trial026,tombe joie vs triste2.avi,58,DarkKhaki,92.8023,Eye,7,8,,,875.8383375592555,387.1152772257497,872.3880603971752,407.26792872269056,-,-,0.0708,0.1271,-0.9894,0.0642,0.1267,-0.9899,0,-,-,-,-,-,-,-,-,-,-,-,-,-,-,
207393,2816267.039,18:11:21:859,Trial026,tombe joie vs triste2.avi,58,DarkKhaki,92.8023,Eye,7,8,,,868.8239268904852,415.9531620924399,868.2289425599241,425.26015568209135,-,-,0.0655,0.1305,-0.9893,0.0591,0.1265,-0.9902,0,-,-,-,-,-,-,-,-,-,-,-,-,-,-,
207397,2816333.807,18:11:21:926,Trial026,tombe joie vs triste2.avi,58,DarkKhaki,92.8023,Eye,7,8,,,875.1188871991797,442.62791896073406,859.7758149074322,438.49157546707795,-,-,0.0675,0.1317,-0.989,0.0605,0.1079,-0.9923,0,-,-,-,-,-,-,-,-,-,-,-,-,-,-,
207401,2816400.585,18:11:21:992,Trial026,tombe joie vs triste2.avi,58,DarkKhaki,92.8023,Eye,8,8,,,874.0232278263301,401.4498077851425,854.6290467348126,394.96197510627326,-,-,0.067,0.1339,-0.9887,0.0605,0.1318,-0.9894,0,-,-,-,-,-,-,-,-,-,-,-,-,-,-,
207405,2816467.362,18:11:22:059,Trial026,tombe joie vs triste2.avi,58,DarkKhaki,92.8023,Eye,8,8,,,869.2890430657204,492.52019893792516,852.4172220476712,428.0519706443178,-,-,0.0599,0.1335,-0.9892,0.0612,0.1244,-0.9903,0,-,-,-,-,-,-,-,-,-,-,-,-,-,-,
207409,2816534.14,18:11:22:126,Trial026,tombe joie vs triste2.avi,58,DarkKhaki,92.8023,Eye,8,8,,,868.6051347807803,372.8184604682263,847.9637021362353,412.67686138349,-,-,0.0673,0.1179,-0.9907,0.0674,0.1066,-0.992,0,-,-,-,-,-,-,-,-,-,-,-,-,-,-,
207413,2816600.918,18:11:22:193,Trial026,tombe joie vs triste2.avi,58,DarkKhaki,92.8023,Eye,2,2,,,716.1156537660671,370.6834881141882,700.6345792826583,396.6675090117012,-,-,0,0,0,0,0,0,0,-,-,-,-,-,-,-,-,-,-,-,-,-,-,
207417,2816667.701,18:11:22:260,Trial026,tombe joie vs triste2.avi,58,DarkKhaki,92.8023,Eye,2,2,,,601.7403486223714,407.5462658076624,590.1295427598149,433.10796809635895,-,-,0,0,0,0,0,0,0,-,-,-,-,-,-,-,-,-,-,-,-,-,-,
207421,2816734.488,18:11:22:326,Trial026,tombe joie vs triste2.avi,58,DarkKhaki,92.8023,Eye,9,9,,,658.8060075021707,354.540383936429,652.0900502177254,357.59874929944374,-,-,0.0437,0.1565,-0.9867,0.0428,0.1582,-0.9865,0,-,-,-,-,-,-,-,-,-,-,-,-,-,-,
207425,2816801.275,18:11:22:393,Trial026,tombe joie vs triste2.avi,58,DarkKhaki,92.8023,Eye,9,9,,,707.8710031247841,392.48775122411774,698.5859118888596,379.7698153752138,-,-,0.0435,0.1541,-0.9871,0.0317,0.1572,-0.9871,0,-,-,-,-,-,-,-,-,-,-,-,-,-,-,
207429,2816868.063,18:11:22:460,Trial026,tombe joie vs triste2.avi,58,DarkKhaki,92.8023,Eye,9,9,,,735.0981111266834,394.6126614681659,726.9306059859146,394.291497134272,-,-,0.0383,0.1591,-0.9865,0.0329,0.1566,-0.9871,0,-,-,-,-,-,-,-,-,-,-,-,-,-,-,
207433,2816934.85,18:11:22:527,Trial026,tombe joie vs triste2.avi,58,DarkKhaki,92.8023,Eye,9,9,,,767.8209377925366,403.4573422485636,749.571350254667,409.56411756389963,-,-,0.0421,0.1627,-0.9858,0.0403,0.1525,-0.9875,0,-,-,-,-,-,-,-,-,-,-,-,-,-,-,
207437,2817001.637,18:11:22:594,Trial026,tombe joie vs triste2.avi,58,DarkKhaki,92.8023,Eye,9,9,,,779.7455847356446,451.5716497100975,762.8797880056272,381.2558007062544,-,-,0.0353,0.1604,-0.9864,0.026,0.1583,-0.987,0,-,-,-,-,-,-,-,-,-,-,-,-,-,-,
207441,2817068.425,18:11:22:660,Trial026,tombe joie vs triste2.avi,58,DarkKhaki,92.8023,Eye,9,9,,,786.7280293863477,363.55733971326003,775.3723452524738,347.559373407171,-,-,0.0389,0.1595,-0.9864,0.0289,0.1616,-0.9864,0,-,-,-,-,-,-,-,-,-,-,-,-,-,-,
207445,2817135.212,18:11:22:727,Trial026,tombe joie vs triste2.avi,58,DarkKhaki,92.8023,Eye,9,9,,,786.3604465328146,419.79288551916557,776.038343049272,377.9019646066656,-,-,0.037,0.1622,-0.9861,0.0264,0.1597,-0.9868,0,-,-,-,-,-,-,-,-,-,-,-,-,-,-,
207449,2817202.002,18:11:22:794,Trial026,tombe joie vs triste2.avi,58,DarkKhaki,92.8023,Eye,9,9,,,787.768920407185,407.73470376053103,778.2382193303853,416.1792307674256,-,-,0.0371,0.168,-0.9851,0.0308,0.167,-0.9855,0,-,-,-,-,-,-,-,-,-,-,-,-,-,-,
207453,2817268.801,18:11:22:861,Trial026,tombe joie vs triste2.avi,58,DarkKhaki,92.8023,Eye,9,9,,,798.6187205054139,321.2284355725261,787.4106250544663,401.0758904063042,-,-,0.0368,0.169,-0.9849,0.0234,0.1686,-0.9854,0,-,-,-,-,-,-,-,-,-,-,-,-,-,-,
207457,2817335.599,18:11:22:927,Trial026,tombe joie vs triste2.avi,58,DarkKhaki,92.8023,Eye,10,10,,,790.6993720020096,366.7839455622953,773.4929289454452,374.5585906019714,-,-,0.0199,0.1606,-0.9868,0.0154,0.1662,-0.986,0,-,-,-,-,-,-,-,-,-,-,-,-,-,-,
207461,2817402.398,18:11:22:994,Trial026,tombe joie vs triste2.avi,58,DarkKhaki,92.8023,Eye,10,10,,,799.5854868063958,396.5158959055228,773.9162041993716,429.3849324616203,-,-,0.0259,0.1627,-0.9863,0.0095,0.1718,-0.9851,0,-,-,-,-,-,-,-,-,-,-,-,-,-,-,
207465,2817469.196,18:11:23:061,Trial026,tombe joie vs triste2.avi,58,DarkKhaki,92.8023,Eye,10,10,,,799.0563566253238,350.048540199601,776.1919789591068,390.5573610110715,-,-,0.0211,0.1685,-0.9855,0.0116,0.1615,-0.9868,0,-,-,-,-,-,-,-,-,-,-,-,-,-,-,
207469,2817535.97,18:11:23:128,Trial026,tombe joie vs triste2.avi,58,DarkKhaki,92.8023,Eye,10,10,,,786.061721450495,361.28123689109555,781.2901912164612,315.37462661868585,-,-,0.024,0.1708,-0.985,0.0119,0.1655,-0.9861,0,-,-,-,-,-,-,-,-,-,-,-,-,-,-,
207473,2817602.743,18:11:23:195,Trial026,tombe joie vs triste2.avi,58,DarkKhaki,92.8023,Eye,10,10,,,779.8563065964493,334.42041513939853,778.9067378191486,372.82123069849735,-,-,0.0213,0.1609,-0.9867,0.0104,0.1697,-0.9854,0,-,-,-,-,-,-,-,-,-,-,-,-,-,-,
207477,2817669.516,18:11:23:261,Trial026,tombe joie vs triste2.avi,58,DarkKhaki,92.8023,Eye,10,10,,,783.2450610989376,370.662732768151,775.0756944261578,368.365943810485,-,-,0.0206,0.1647,-0.9861,0.0073,0.1655,-0.9862,0,-,-,-,-,-,-,-,-,-,-,-,-,-,-,
207481,2817736.289,18:11:23:328,Trial026,tombe joie vs triste2.avi,58,DarkKhaki,92.8023,Eye,10,10,,,787.3518953027149,340.872279507912,784.8667931838913,310.6316953339465,-,-,0.0188,0.1667,-0.9858,0.007,0.1731,-0.9849,0,-,-,-,-,-,-,-,-,-,-,-,-,-,-,
207485,2817803.062,18:11:23:395,Trial026,tombe joie vs triste2.avi,58,DarkKhaki,92.8023,Eye,10,10,,,785.146876023601,427.9024468649712,772.8973795452222,385.66513838626247,-,-,0.0154,0.1631,-0.9865,0.019,0.1665,-0.9859,0,-,-,-,-,-,-,-,-,-,-,-,-,-,-,
207489,2817869.836,18:11:23:462,Trial026,tombe joie vs triste2.avi,58,DarkKhaki,92.8023,Eye,10,10,,,787.8789527241312,307.5734656572728,776.269743149567,359.6239562438172,-,-,0.0179,0.1668,-0.9858,0.0151,0.1613,-0.9868,0,-,-,-,-,-,-,-,-,-,-,-,-,-,-,
207493,2817936.609,18:11:23:528,Trial026,tombe joie vs triste2.avi,58,DarkKhaki,92.8023,Eye,11,11,,,777.033896979218,421.33887551963244,746.8445887969895,383.0371114171628,-,-,-0.0146,0.2386,-0.971,-0.0212,0.2294,-0.9731,0,-,-,-,-,-,-,-,-,-,-,-,-,-,-,
207497,2818003.382,18:11:23:595,Trial026,tombe joie vs triste2.avi,58,DarkKhaki,92.8023,Eye,11,11,,,760.1808229046729,434.49454412759087,734.7683411082438,334.2528685402267,-,-,-0.019,0.2367,-0.9714,-0.0272,0.2298,-0.9728,0,-,-,-,-,-,-,-,-,-,-,-,-,-,-,
207501,2818070.153,18:11:23:662,Trial026,tombe joie vs triste2.avi,58,DarkKhaki,92.8023,Eye,11,11,,,756.9203864288125,345.9140097457818,733.0163422226875,336.6954174650187,-,-,-0.017,0.2332,-0.9723,-0.0183,0.2335,-0.9722,0,-,-,-,-,-,-,-,-,-,-,-,-,-,-,
207505,2818136.922,18:11:23:729,Trial026,tombe joie vs triste2.avi,58,DarkKhaki,92.8023,Eye,9,9,,,750.157122875569,409.77315500133324,729.0552684583693,337.0613647424682,-,-,-0.0151,0.2352,-0.9718,-0.0207,0.2381,-0.971,0,-,-,-,-,-,-,-,-,-,-,-,-,-,-,
207509,2818203.691,18:11:23:796,Trial026,tombe joie vs triste2.avi,58,DarkKhaki,92.8023,Eye,12,12,,,705.7980388125108,306.0611138649319,694.41095414216,346.1838646442168,-,-,-0.1106,0.2303,-0.9668,-0.1111,0.2219,-0.9687,0,-,-,-,-,-,-,-,-,-,-,-,-,-,-,
207513,2818270.46,18:11:23:862,Trial026,tombe joie vs triste2.avi,58,DarkKhaki,92.8023,Eye,12,12,,,663.6710337206666,412.7132746956209,658.0941426724658,355.38069463779084,-,-,-0.1095,0.2242,-0.9684,-0.1126,0.2133,-0.9705,0,-,-,-,-,-,-,-,-,-,-,-,-,-,-,
207517,2818337.227,18:11:23:929,Trial026,tombe joie vs triste2.avi,58,DarkKhaki,92.8023,Eye,12,12,,,640.2476238152601,334.3920239978379,637.5781814222611,300.0634894245621,-,-,-0.1089,0.2195,-0.9695,-0.1159,0.2143,-0.9699,0,-,-,-,-,-,-,-,-,-,-,-,-,-,-,
207521,2818403.993,18:11:23:996,Trial026,tombe joie vs triste2.avi,58,DarkKhaki,92.8023,Eye,12,12,,,616.2548353066045,402.2175776511439,623.3189996997324,331.6133101309136,-,-,-0.1127,0.225,-0.9678,-0.1202,0.2239,-0.9672,0,-,-,-,-,-,-,-,-,-,-,-,-,-,-,
207525,2818470.759,18:11:24:063,Trial026,tombe joie vs triste2.avi,58,DarkKhaki,92.8023,Eye,12,12,,,599.2971751570001,319.5025670322196,598.0623888218284,334.6412796880566,-,-,-0.109,0.2255,-0.9681,-0.1211,0.2211,-0.9677,0,-,-,-,-,-,-,-,-,-,-,-,-,-,-,
207529,2818537.525,18:11:24:129,Trial026,tombe joie vs triste2.avi,58,DarkKhaki,92.8023,Eye,10,10,,,591.0813309743152,381.2738809234458,587.2605574376073,417.5282715991503,-,-,-0.0871,0.1862,-0.9786,-0.0943,0.1901,-0.9772,0,-,-,-,-,-,-,-,-,-,-,-,-,-,-,
207533,2818604.291,18:11:24:196,Trial026,tombe joie vs triste2.avi,58,DarkKhaki,92.8023,Eye,13,13,,,590.510579520308,445.1473806486324,580.8943961820079,432.9853342133207,-,-,-0.0794,0.1402,-0.9869,-0.0972,0.15,-0.9839,0,-,-,-,-,-,-,-,-,-,-,-,-,-,-,
207537,2818671.057,18:11:24:263,Trial026,tombe joie vs triste2.avi,58,DarkKhaki,92.8023,Eye,13,13,,,598.1796180394969,370.50188900127137,580.7784156333513,394.0649149195779,-,-,-0.0846,0.1478,-0.9854,-0.1009,0.1439,-0.9844,0,-,-,-,-,-,-,-,-,-,-,-,-,-,-,
207541,2818737.823,18:11:24:330,Trial026,tombe joie vs triste2.avi,58,DarkKhaki,92.8023,Eye,14,14,,,588.9909731442079,394.0355006933359,569.0581486389954,392.9342088546108,-,-,-0.1172,0.1523,-0.9814,-0.1356,0.1604,-0.9777,0,-,-,-,-,-,-,-,-,-,-,-,-,-,-,
207545,2818804.589,18:11:24:396,Trial026,tombe joie vs triste2.avi,58,DarkKhaki,92.8023,Eye,14,14,,,580.2918427109149,320.6089901286382,559.6800191945429,373.3626111277508,-,-,-0.121,0.1564,-0.9803,-0.1435,0.1546,-0.9775,0,-,-,-,-,-,-,-,-,-,-,-,-,-,-,
207549,2818871.355,18:11:24:463,Trial026,tombe joie vs triste2.avi,58,DarkKhaki,92.8023,Eye,14,14,,,573.7384344323631,404.79853448962285,554.313002352659,411.08451331284266,-,-,-0.1217,0.1586,-0.9798,-0.1331,0.1614,-0.9779,0,-,-,-,-,-,-,-,-,-,-,-,-,-,-,
207553,2818938.113,18:11:24:530,Trial026,tombe joie vs triste2.avi,58,DarkKhaki,92.8023,Eye,12,12,,,567.2638362516057,378.08082827272705,546.6537081546124,381.93175675348465,-,-,-0.1268,0.1575,-0.9793,-0.1309,0.165,-0.9776,0,-,-,-,-,-,-,-,-,-,-,-,-,-,-,
207557,2819004.868,18:11:24:597,Trial026,tombe joie vs triste2.avi,58,DarkKhaki,92.8023,Eye,15,15,,,693.5315140533701,422.41433401281677,670.785837787903,362.66903354412887,-,-,0.1755,0.1397,-0.9745,0.1851,0.143,-0.9723,0,-,-,-,-,-,-,-,-,-,-,-,-,-,-,
207561,2819071.624,18:11:24:664,Trial026,tombe joie vs triste2.avi,58,DarkKhaki,92.8023,Eye,15,15,,,780.360446727963,421.1793447026354,758.862178211975,332.16917978361926,-,-,0.1841,0.1529,-0.9709,0.1748,0.1498,-0.9732,0,-,-,-,-,-,-,-,-,-,-,-,-,-,-,
207565,2819138.379,18:11:24:730,Trial026,tombe joie vs triste2.avi,58,DarkKhaki,92.8023,Eye,15,15,,,859.7345395698082,362.44943636779027,838.9692990333737,367.6153382841784,-,-,0.1884,0.1467,-0.9711,0.1752,0.1539,-0.9724,0,-,-,-,-,-,-,-,-,-,-,-,-,-,-,
207569,2819205.154,18:11:24:797,Trial026,tombe joie vs triste2.avi,58,DarkKhaki,92.8023,Eye,15,15,,,917.1415486943181,396.6810453649583,892.742785246141,384.38295830738474,-,-,0.1878,0.1523,-0.9703,0.1802,0.1475,-0.9725,0,-,-,-,-,-,-,-,-,-,-,-,-,-,-,
207573,2819271.929,18:11:24:864,Trial026,tombe joie vs triste2.avi,58,DarkKhaki,92.8023,Eye,15,15,,,953.7387717181618,421.91347975773493,934.6094546856991,339.37869192876826,-,-,0.1914,0.142,-0.9712,0.1752,0.1521,-0.9727,0,-,-,-,-,-,-,-,-,-,-,-,-,-,-,
207577,2819338.704,18:11:24:931,Trial026,tombe joie vs triste2.avi,58,DarkKhaki,92.8023,Eye,15,15,,,988.7295380610713,453.25760584800594,965.3731088556791,374.28604749631046,-,-,0.1944,0.1458,-0.97,0.1762,0.1458,-0.9735,0,-,-,-,-,-,-,-,-,-,-,-,-,-,-,
207581,2819405.479,18:11:24:997,Trial026,tombe joie vs triste2.avi,58,DarkKhaki,92.8023,Eye,15,15,,,1002.4528687150482,353.95714241371104,984.8750419042169,409.661868552096,-,-,0.1878,0.1479,-0.971,0.1821,0.145,-0.9725,0,-,-,-,-,-,-,-,-,-,-,-,-,-,-,
207585,2819472.255,18:11:25:064,Trial026,tombe joie vs triste2.avi,58,DarkKhaki,92.8023,Eye,15,15,,,1023.0802114770361,393.596527086071,1001.4255161058637,419.66082062726053,-,-,0.1856,0.1473,-0.9715,0.1733,0.1435,-0.9744,0,-,-,-,-,-,-,-,-,-,-,-,-,-,-,
207589,2819539.03,18:11:25:131,Trial026,tombe joie vs triste2.avi,58,DarkKhaki,92.8023,Eye,15,15,,,1034.3071592537387,376.73906260991987,1017.5468862042055,451.2689666913219,-,-,0.1851,0.16,-0.9696,0.1762,0.1462,-0.9734,0,-,-,-,-,-,-,-,-,-,-,-,-,-,-,
207593,2819605.805,18:11:25:198,Trial026,tombe joie vs triste2.avi,58,DarkKhaki,92.8023,Eye,15,15,,,1038.391720669012,351.6400357630986,1024.1053030573196,440.7622819727948,-,-,0.1762,0.1436,-0.9738,0.1635,0.1525,-0.9747,0,-,-,-,-,-,-,-,-,-,-,-,-,-,-,
207597,2819672.58,18:11:25:264,Trial026,tombe joie vs triste2.avi,58,DarkKhaki,92.8023,Eye,15,15,,,1049.9169201606207,406.9897554460279,1022.3818171363589,394.59268492939896,-,-,0.1742,0.1497,-0.9733,0.1561,0.1529,-0.9758,0,-,-,-,-,-,-,-,-,-,-,-,-,-,-,
207601,2819739.355,18:11:25:331,Trial026,tombe joie vs triste2.avi,58,DarkKhaki,92.8023,Eye,16,16,,,1007.4698603452989,424.9744280030392,988.9176520978092,430.20035822100175,-,-,0.09,0.1023,-0.9907,0.0702,0.1012,-0.9924,0,-,-,-,-,-,-,-,-,-,-,-,-,-,-,
207605,2819806.129,18:11:25:398,Trial026,tombe joie vs triste2.avi,58,DarkKhaki,92.8023,Eye,16,16,,,977.4575598426308,396.2771995171039,953.4286773511209,295.3952450089108,-,-,0.0833,0.0882,-0.9926,0.0614,0.0857,-0.9944,0,-,-,-,-,-,-,-,-,-,-,-,-,-,-,
207609,2819872.903,18:11:25:465,Trial026,tombe joie vs triste2.avi,58,DarkKhaki,92.8023,Eye,14,16,,,949.3432085812324,383.7703434590444,929.3586398006728,374.1634128100092,-,-,0.0752,0.0882,-0.9933,0.0587,0.0822,-0.9949,0,-,-,-,-,-,-,-,-,-,-,-,-,-,-,
207613,2819939.677,18:11:25:532,Trial026,tombe joie vs triste2.avi,58,DarkKhaki,92.8023,Eye,17,16,,,934.9070399121022,499.2714356661221,906.7556729545786,431.1379101583307,-,-,0.0743,0.1026,-0.9919,0.062,0.0874,-0.9942,0,-,-,-,-,-,-,-,-,-,-,-,-,-,-,
207617,2820006.448,18:11:25:598,Trial026,tombe joie vs triste2.avi,58,DarkKhaki,92.8023,Eye,17,17,,,921.2317679653808,371.76391710813897,891.2260185180402,422.4774323531452,-,-,0.0686,0.0893,-0.9936,0.0597,0.083,-0.9948,0,-,-,-,-,-,-,-,-,-,-,-,-,-,-,
207621,2820073.217,18:11:25:665,Trial026,tombe joie vs triste2.avi,58,DarkKhaki,92.8023,Eye,17,17,,,909.1303173926201,411.1631906669197,881.0931416483189,456.3358492330592,-,-,0.0681,0.0955,-0.9931,0.0485,0.0878,-0.995,0,-,-,-,-,-,-,-,-,-,-,-,-,-,-,
207625,2820139.986,18:11:25:732,Trial026,tombe joie vs triste2.avi,58,DarkKhaki,92.8023,Eye,17,17,,,898.4929541419232,353.80594282608956,875.5127122686392,411.71301772888285,-,-,0.0637,0.0852,-0.9943,0.0597,0.0881,-0.9943,0,-,-,-,-,-,-,-,-,-,-,-,-,-,-,
207629,2820206.754,18:11:25:799,Trial026,tombe joie vs triste2.avi,58,DarkKhaki,92.8023,Eye,17,17,,,891.9306716318017,399.5339224660615,870.1739820545948,460.79436987813006,-,-,0.0697,0.0841,-0.994,0.0503,0.0793,-0.9956,0,-,-,-,-,-,-,-,-,-,-,-,-,-,-,
207633,2820273.523,18:11:25:865,Trial026,tombe joie vs triste2.avi,58,DarkKhaki,92.8023,Eye,15,15,,,835.6833139890775,386.42951215113806,810.8989521363313,443.68121088902456,-,-,-0.0472,0.1476,-0.9879,-0.0816,0.1596,-0.9838,0,-,-,-,-,-,-,-,-,-,-,-,-,-,-,
207637,2820340.292,18:11:25:932,Trial026,tombe joie vs triste2.avi,58,DarkKhaki,92.8023,Eye,18,18,,,761.735848818238,413.2092814077451,740.5270489498031,391.3204233996415,-,-,-0.1175,0.1792,-0.9768,-0.1228,0.1701,-0.9777,0,-,-,-,-,-,-,-,-,-,-,-,-,-,-,
207641,2820407.06,18:11:25:999,Trial026,tombe joie vs triste2.avi,58,DarkKhaki,92.8023,Eye,18,18,,,707.1270844421829,384.03080050737543,698.1755636039936,466.55513955573525,-,-,-0.1172,0.1737,-0.9778,-0.1289,0.171,-0.9768,0,-,-,-,-,-,-,-,-,-,-,-,-,-,-,
207645,2820473.829,18:11:26:066,Trial026,tombe joie vs triste2.avi,58,DarkKhaki,92.8023,Eye,19,18,,,669.5555941443238,381.29800249216527,665.0234247718367,476.95372089473886,-,-,-0.1145,0.1767,-0.9776,-0.1283,0.1641,-0.9781,0,-,-,-,-,-,-,-,-,-,-,-,-,-,-,
207649,2820540.598,18:11:26:132,Trial026,tombe joie vs triste2.avi,58,DarkKhaki,92.8023,Eye,19,18,,,634.2483574984681,445.40287749406826,630.9652266963202,404.9134874001908,-,-,-0.1135,0.1774,-0.9776,-0.1302,0.1643,-0.9778,0,-,-,-,-,-,-,-,-,-,-,-,-,-,-,
207653,2820607.362,18:11:26:199,Trial026,tombe joie vs triste2.avi,58,DarkKhaki,0.0,Eye,20,19,,,607.7679300140762,366.1286478490233,605.4215781396828,362.5737667504531,-,-,0.0546,0.0711,-0.996,0.0322,0.0666,-0.9973,0,-,-,-,-,-,-,-,-,-,-,-,-,-,-,
207657,2820674.113,18:11:26:266,Trial026,tombe joie vs triste2.avi,58,DarkKhaki,0.0,Eye,20,19,,,587.9076094007825,299.7997992451814,586.2638417222047,433.709228881824,-,-,0.0582,0.064,-0.9962,0.052,0.0691,-0.9963,0,-,-,-,-,-,-,-,-,-,-,-,-,-,-,
207661,2820740.865,18:11:26:333,Trial026,tombe joie vs triste2.avi,58,DarkKhaki,0.0,Eye,20,19,,,573.012368940812,393.2641393074088,571.8955394090963,284.2138717746696,-,-,0.0693,0.0581,-0.9959,0.0523,0.0559,-0.9971,0,-,-,-,-,-,-,-,-,-,-,-,-,-,-,
207665,2820807.617,18:11:26:399,Trial026,tombe joie vs triste2.avi,58,DarkKhaki,0.0,Eye,18,17,,,,,,,-,-,0.0666,0.065,-0.9957,0.0495,0.0557,-0.9972,0,-,-,-,-,-,-,-,-,-,-,-,-,-,-,
207669,2820874.374,18:11:26:466,Trial026,tombe joie vs triste2.avi,58,DarkKhaki,0.0,Eye,21,20,,,,,,,-,-,0.1007,0.1691,-0.9804,0.0935,0.1542,-0.9836,0,-,-,-,-,-,-,-,-,-,-,-,-,-,-,
207673,2820941.131,18:11:26:533,Trial026,tombe joie vs triste2.avi,58,DarkKhaki,0.0,Eye,21,20,,,,,,,-,-,0.109,0.1525,-0.9823,0.092,0.1585,-0.9831,0,-,-,-,-,-,-,-,-,-,-,-,-,-,-,
207677,2821007.888,18:11:26:600,Trial026,tombe joie vs triste2.avi,58,DarkKhaki,0.0,Eye,21,20,,,,,,,-,-,0.1037,0.1616,-0.9814,0.091,0.1614,-0.9827,0,-,-,-,-,-,-,-,-,-,-,-,-,-,-,
207681,2821074.645,18:11:26:667,Trial026,tombe joie vs triste2.avi,58,DarkKhaki,0.0,Eye,21,20,,,,,,,-,-,0.1059,0.157,-0.9819,0.0867,0.1563,-0.9839,0,-,-,-,-,-,-,-,-,-,-,-,-,-,-,
207685,2821141.402,18:11:26:733,Trial026,tombe joie vs triste2.avi,58,DarkKhaki,0.0,Eye,21,20,,,,,,,-,-,0.107,0.1572,-0.9817,0.0902,0.1546,-0.9838,0,-,-,-,-,-,-,-,-,-,-,-,-,-,-,
207689,2821208.159,18:11:26:800,Trial026,tombe joie vs triste2.avi,58,DarkKhaki,0.0,Eye,22,21,,,,,,,-,-,0.0675,0.189,-0.9797,0.0491,0.1787,-0.9827,0,-,-,-,-,-,-,-,-,-,-,-,-,-,-,
207693,2821274.916,18:11:26:867,Trial026,tombe joie vs triste2.avi,58,DarkKhaki,0.0,Eye,22,21,,,,,,,-,-,0.0722,0.1821,-0.9806,0.0483,0.1764,-0.9831,0,-,-,-,-,-,-,-,-,-,-,-,-,-,-,
207697,2821341.673,18:11:26:934,Trial026,tombe joie vs triste2.avi,58,DarkKhaki,0.0,Eye,22,21,,,,,,,-,-,0.061,0.181,-0.9816,0.0517,0.1757,-0.9831,0,-,-,-,-,-,-,-,-,-,-,-,-,-,-,
207701,2821408.43,18:11:27:000,Trial026,tombe joie vs triste2.avi,58,DarkKhaki,0.0,Eye,23,22,,,,,,,-,-,0.0365,0.1752,-0.9838,0.0156,0.1714,-0.9851,0,-,-,-,-,-,-,-,-,-,-,-,-,-,-,
207705,2821475.194,18:11:27:067,Trial026,tombe joie vs triste2.avi,58,DarkKhaki,92.8023,Eye,23,22,,,759.2174918444741,422.05968253165815,720.2530961474022,417.1620581977259,-,-,0.0249,0.1715,-0.9849,0.0072,0.1575,-0.9875,0,-,-,-,-,-,-,-,-,-,-,-,-,-,-,
207709,2821541.964,18:11:27:134,Trial026,tombe joie vs triste2.avi,58,DarkKhaki,92.8023,Eye,23,22,,,769.4429381399978,406.0498361678082,734.1095321560161,412.7593690499247,-,-,0.0258,0.1752,-0.9842,0.0039,0.1667,-0.986,0,-,-,-,-,-,-,-,-,-,-,-,-,-,-,
207713,2821608.734,18:11:27:201,Trial026,tombe joie vs triste2.avi,58,DarkKhaki,0.0,Eye,24,22,,,777.1120228616405,325.682438933596,744.5018591624765,389.80291953758433,-,-,0.0231,0.1733,-0.9846,0.0128,0.1751,-0.9845,0,-,-,-,-,-,-,-,-,-,-,-,-,-,-,
207717,2821675.507,18:11:27:267,Trial026,tombe joie vs triste2.avi,58,DarkKhaki,0.0,Eye,24,22,,,782.8638364028726,414.76866355221057,752.2961044173219,371.2526891004346,-,-,0.0183,0.1735,-0.9847,0.0017,0.177,-0.9842,0,-,-,-,-,-,-,-,-,-,-,-,-,-,-,
207721,2821742.282,18:11:27:334,Trial026,tombe joie vs triste2.avi,58,DarkKhaki,0.0,Eye,24,22,,,787.1776965587967,430.1594461540309,758.1417883584559,403.85905160243595,-,-,0.0207,0.1738,-0.9846,0.0008,0.1751,-0.9845,0,-,-,-,-,-,-,-,-,-,-,-,-,-,-,
207725,2821809.057,18:11:27:401,Trial026,tombe joie vs triste2.avi,58,DarkKhaki,0.0,Eye,24,22,,,,,,,-,-,0.0133,0.1754,-0.9844,0.0019,0.1744,-0.9847,0,-,-,-,-,-,-,-,-,-,-,-,-,-,-,
207729,2821875.832,18:11:27:468,Trial026,tombe joie vs triste2.avi,58,DarkKhaki,0.0,Eye,24,22,,,,,,,-,-,0.0126,0.1787,-0.9838,0,0.1678,-0.9858,0,-,-,-,-,-,-,-,-,-,-,-,-,-,-,
207733,2821942.608,18:11:27:534,Trial026,tombe joie vs triste2.avi,58,DarkKhaki,0.0,Eye,24,22,,,,,,,-,-,0.0128,0.1788,-0.9838,-0.0061,0.1617,-0.9868,0,-,-,-,-,-,-,-,-,-,-,-,-,-,-,
207737,2822009.383,18:11:27:601,Trial026,tombe joie vs triste2.avi,58,DarkKhaki,0.0,Eye,22,20,,,,,,,-,-,-0.0233,0.1255,-0.9918,-0.0358,0.1127,-0.993,0,-,-,-,-,-,-,-,-,-,-,-,-,-,-,
207741,2822076.158,18:11:27:668,Trial026,tombe joie vs triste2.avi,58,DarkKhaki,0.0,Eye,25,23,,,,,,,-,-,-0.0373,0.0683,-0.997,-0.0443,0.054,-0.9976,0,-,-,-,-,-,-,-,-,-,-,-,-,-,-,
207745,2822142.933,18:11:27:735,Trial026,tombe joie vs triste2.avi,58,DarkKhaki,0.0,Eye,26,23,,,,,,,-,-,-0.0411,0.0604,-0.9973,-0.0496,0.0622,-0.9968,0,-,-,-,-,-,-,-,-,-,-,-,-,-,-,
207749,2822209.709,18:11:27:802,Trial026,tombe joie vs triste2.avi,58,DarkKhaki,0.0,Eye,26,23,,,,,,,-,-,-0.0502,0.0711,-0.9962,-0.0471,0.0674,-0.9966,0,-,-,-,-,-,-,-,-,-,-,-,-,-,-,
207753,2822276.484,18:11:27:868,Trial026,tombe joie vs triste2.avi,58,DarkKhaki,0.0,Eye,26,23,,,,,,,-,-,-0.0407,0.0622,-0.9972,-0.0458,0.0521,-0.9976,0,-,-,-,-,-,-,-,-,-,-,-,-,-,-,
207757,2822343.27,18:11:27:935,Trial026,tombe joie vs triste2.avi,58,DarkKhaki,0.0,Eye,26,23,,,,,,,-,-,-0.0475,0.0701,-0.9964,-0.0489,0.0621,-0.9969,0,-,-,-,-,-,-,-,-,-,-,-,-,-,-,
207761,2822410.059,18:11:28:002,Trial026,tombe joie vs triste2.avi,58,DarkKhaki,0.0,Eye,26,23,,,,,,,-,-,-0.0497,0.0642,-0.9967,-0.0491,0.0583,-0.9971,0,-,-,-,-,-,-,-,-,-,-,-,-,-,-,
207765,2822476.848,18:11:28:069,Trial026,tombe joie vs triste2.avi,58,DarkKhaki,0.0,Eye,26,23,,,,,,,-,-,-0.0417,0.0568,-0.9975,-0.0438,0.0542,-0.9976,0,-,-,-,-,-,-,-,-,-,-,-,-,-,-,
207769,2822543.647,18:11:28:136,Trial026,tombe joie vs triste2.avi,58,DarkKhaki,0.0,Eye,-,-,,,,,,,-,-,0,0,0,0,0,0,0,-,-,-,-,-,-,-,-,-,-,-,-,-,-,
207773,2822610.446,18:11:28:202,Trial026,tombe joie vs triste2.avi,58,DarkKhaki,0.0,Eye,-,-,,,,,,,-,-,0.0007,0.2081,-0.9781,-0.0028,0.1906,-0.9817,0,-,-,-,-,-,-,-,-,-,-,-,-,-,-,
207777,2822677.245,18:11:28:269,Trial026,tombe joie vs triste2.avi,58,DarkKhaki,0.0,Eye,3,3,,,,,,,-,-,0,0,0,0,0,0,0,-,-,-,-,-,-,-,-,-,-,-,-,-,-,
207781,2822744.044,18:11:28:336,Trial026,tombe joie vs triste2.avi,58,DarkKhaki,0.0,Eye,3,3,,,,,,,-,-,0.2329,-0.0856,-0.9687,0,0,0,0,-,-,-,-,-,-,-,-,-,-,-,-,-,-,
207785,2822810.843,18:11:28:403,Trial026,tombe joie vs triste2.avi,58,DarkKhaki,0.0,Eye,27,24,,,,,,,-,-,0.0965,0.0955,-0.9907,0.098,0.0925,-0.9909,0,-,-,-,-,-,-,-,-,-,-,-,-,-,-,
207789,2822877.642,18:11:28:470,Trial026,tombe joie vs triste2.avi,58,DarkKhaki,0.0,Eye,27,24,,,,,,,-,-,0.1041,0.0952,-0.99,0.0978,0.0953,-0.9906,0,-,-,-,-,-,-,-,-,-,-,-,-,-,-,
207793,2822944.441,18:11:28:536,Trial026,tombe joie vs triste2.avi,58,DarkKhaki,0.0,Eye,27,24,,,,,,,-,-,0.1061,0.1027,-0.989,0.0953,0.0912,-0.9913,0,-,-,-,-,-,-,-,-,-,-,-,-,-,-,
207797,2823011.24,18:11:28:603,Trial026,tombe joie vs triste2.avi,58,DarkKhaki,0.0,Eye,27,24,,,,,,,-,-,0.1139,0.0976,-0.9887,0.1,0.0796,-0.9918,0,-,-,-,-,-,-,-,-,-,-,-,-,-,-,
207801,2823078.039,18:11:28:670,Trial026,tombe joie vs triste2.avi,58,DarkKhaki,0.0,Eye,27,24,,,,,,,-,-,0.1075,0.0973,-0.9894,0.0955,0.0873,-0.9916,0,-,-,-,-,-,-,-,-,-,-,-,-,-,-,
207805,2823144.838,18:11:28:737,Trial026,tombe joie vs triste2.avi,58,DarkKhaki,0.0,Eye,28,25,,,,,,,-,-,0.1649,0.0837,-0.9828,0.1506,0.0786,-0.9855,0,-,-,-,-,-,-,-,-,-,-,-,-,-,-,
207809,2823211.635,18:11:28:804,Trial026,tombe joie vs triste2.avi,58,DarkKhaki,0.0,Eye,28,25,,,,,,,-,-,0.1661,0.08,-0.9829,0.1506,0.0711,-0.986,0,-,-,-,-,-,-,-,-,-,-,-,-,-,-,
207813,2823278.432,18:11:28:870,Trial026,tombe joie vs triste2.avi,58,DarkKhaki,0.0,Eye,25,25,,,,,,,-,-,0.1656,0.0842,-0.9826,0.1516,0.0776,-0.9854,0,-,-,-,-,-,-,-,-,-,-,-,-,-,-,
207817,2823345.215,18:11:28:937,Trial026,tombe joie vs triste2.avi,58,DarkKhaki,0.0,Eye,29,25,,,,,,,-,-,0.1689,0.0929,-0.9812,0.1518,0.082,-0.985,0,-,-,-,-,-,-,-,-,-,-,-,-,-,-,
207821,2823411.985,18:11:29:004,Trial026,tombe joie vs triste2.avi,58,DarkKhaki,0.0,Eye,29,25,,,,,,,-,-,0.1684,0.0902,-0.9816,0.1548,0.0777,-0.9849,0,-,-,-,-,-,-,-,-,-,-,-,-,-,-,
207825,2823478.755,18:11:29:071,Trial026,tombe joie vs triste2.avi,58,DarkKhaki,0.0,Eye,29,25,,,,,,,-,-,0.1706,0.0893,-0.9813,0.1553,0.0823,-0.9844,0,-,-,-,-,-,-,-,-,-,-,-,-,-,-,
207829,2823545.526,18:11:29:137,Trial026,tombe joie vs triste2.avi,58,DarkKhaki,0.0,Eye,30,26,,,,,,,-,-,0.0853,0.0567,-0.9947,0.061,0.0631,-0.9961,0,-,-,-,-,-,-,-,-,-,-,-,-,-,-,
207833,2823612.296,18:11:29:204,Trial026,tombe joie vs triste2.avi,58,DarkKhaki,0.0,Eye,30,26,,,,,,,-,-,0.0808,0.0601,-0.9949,0.0623,0.0649,-0.9959,0,-,-,-,-,-,-,-,-,-,-,-,-,-,-,
207837,2823679.066,18:11:29:271,Trial026,tombe joie vs triste2.avi,58,DarkKhaki,0.0,Eye,30,26,,,,,,,-,-,0.081,0.0628,-0.9947,0.0561,0.0664,-0.9962,0,-,-,-,-,-,-,-,-,-,-,-,-,-,-,
207841,2823745.836,18:11:29:338,Trial026,tombe joie vs triste2.avi,58,DarkKhaki,0.0,Eye,27,24,,,,,,,-,-,0.0766,0.0554,-0.9955,0.0652,0.0677,-0.9956,0,-,-,-,-,-,-,-,-,-,-,-,-,-,-,
207845,2823812.606,18:11:29:404,Trial026,tombe joie vs triste2.avi,58,DarkKhaki,92.8023,Eye,31,27,,,1004.9760050301281,398.79538182039414,957.8532992676196,439.98632867358543,-,-,0.1488,0.0988,-0.9839,0.1319,0.0918,-0.987,0,-,-,-,-,-,-,-,-,-,-,-,-,-,-,
207849,2823879.376,18:11:29:471,Trial026,tombe joie vs triste2.avi,58,DarkKhaki,92.8023,Eye,32,27,,,998.4774764773017,432.25517146725605,959.3503631380784,448.08102815891266,-,-,0.1378,0.1037,-0.985,0.1293,0.0982,-0.9867,0,-,-,-,-,-,-,-,-,-,-,-,-,-,-,
207853,2823946.146,18:11:29:538,Trial026,tombe joie vs triste2.avi,58,DarkKhaki,92.8023,Eye,32,27,,,994.4896324140373,394.04529450073096,959.2949502099702,421.99447096694007,-,-,0.1431,0.0982,-0.9848,0.1293,0.0941,-0.9871,0,-,-,-,-,-,-,-,-,-,-,-,-,-,-,
207857,2824012.909,18:11:29:605,Trial026,tombe joie vs triste2.avi,58,DarkKhaki,92.8023,Eye,29,25,,,985.4906314622035,480.17555970797764,961.3790224641962,386.19482654072647,-,-,0.1366,0.1005,-0.9855,0.1202,0.0902,-0.9886,0,-,-,-,-,-,-,-,-,-,-,-,-,-,-,
207861,2824079.65,18:11:29:672,Trial026,tombe joie vs triste2.avi,58,DarkKhaki,92.8023,Eye,33,28,,,955.1258430111138,371.90329618970594,938.5809444817617,425.70620276931453,-,-,0.0837,0.0677,-0.9942,0.0737,0.0675,-0.995,0,-,-,-,-,-,-,-,-,-,-,-,-,-,-,
207865,2824146.392,18:11:29:738,Trial026,tombe joie vs triste2.avi,58,DarkKhaki,92.8023,Eye,33,28,,,934.290606599949,439.73693606371245,915.4361351353105,399.7033331146877,-,-,0.0823,0.068,-0.9943,0.0729,0.0681,-0.995,0,-,-,-,-,-,-,-,-,-,-,-,-,-,-,
207869,2824213.128,18:11:29:805,Trial026,tombe joie vs triste2.avi,58,DarkKhaki,92.8023,Eye,33,28,,,924.7058201945342,381.85018744411644,901.984961146568,392.0826227454554,-,-,0.0865,0.072,-0.9936,0.0706,0.0683,-0.9952,0,-,-,-,-,-,-,-,-,-,-,-,-,-,-,
207873,2824279.864,18:11:29:872,Trial026,tombe joie vs triste2.avi,58,DarkKhaki,92.8023,Eye,34,29,,,928.7617050191795,449.01392466800934,908.547019034394,429.92248650936966,-,-,0.1334,0.0814,-0.9877,0.1247,0.0675,-0.9899,0,-,-,-,-,-,-,-,-,-,-,-,-,-,-,
207877,2824346.6,18:11:29:938,Trial026,tombe joie vs triste2.avi,58,DarkKhaki,92.8023,Eye,34,29,,,940.1544062956118,445.0167013103457,922.961556825415,433.4865826836777,-,-,0.1395,0.0781,-0.9871,0.1387,0.0697,-0.9879,0,-,-,-,-,-,-,-,-,-,-,-,-,-,-,
207881,2824413.336,18:11:30:005,Trial026,tombe joie vs triste2.avi,58,DarkKhaki,92.8023,Eye,34,29,,,952.7568703110951,437.766236934125,934.9784479198506,507.2372123644098,-,-,0.1345,0.0818,-0.9875,0.1331,0.0757,-0.9882,0,-,-,-,-,-,-,-,-,-,-,-,-,-,-,
207885,2824480.072,18:11:30:072,Trial026,tombe joie vs triste2.avi,58,DarkKhaki,92.8023,Eye,34,29,,,961.1355634224682,444.3641320628051,943.8335709972607,387.15018834066586,-,-,0.1391,0.0795,-0.9871,0.1287,0.0742,-0.9889,0,-,-,-,-,-,-,-,-,-,-,-,-,-,-,
207889,2824546.808,18:11:30:139,Trial026,tombe joie vs triste2.avi,58,DarkKhaki,92.8023,Eye,34,29,,,961.5369334736927,467.404898115304,949.1626590657576,427.4608640798155,-,-,0.142,0.0817,-0.9865,0.1303,0.075,-0.9886,0,-,-,-,-,-,-,-,-,-,-,-,-,-,-,
207893,2824613.544,18:11:30:205,Trial026,tombe joie vs triste2.avi,58,DarkKhaki,92.8023,Eye,35,30,,,960.4775074114486,469.59005895090644,937.3147318964856,392.2944933109396,-,-,0.1024,0.0686,-0.9924,0.0922,0.0651,-0.9936,0,-,-,-,-,-,-,-,-,-,-,-,-,-,-,
207897,2824680.28,18:11:30:272,Trial026,tombe joie vs triste2.avi,58,DarkKhaki,92.8023,Eye,35,30,,,945.4831678423195,349.19955943836925,926.97363182961,428.67571672518955,-,-,0.0969,0.0681,-0.993,0.0834,0.0621,-0.9946,0,-,-,-,-,-,-,-,-,-,-,-,-,-,-,
207901,2824747.016,18:11:30:339,Trial026,tombe joie vs triste2.avi,58,DarkKhaki,92.8023,Eye,35,30,,,932.4543104660181,411.15306470314067,912.1602524809866,484.4374937671848,-,-,0.0976,0.0695,-0.9928,0.0856,0.0742,-0.9936,0,-,-,-,-,-,-,-,-,-,-,-,-,-,-,
207905,2824813.752,18:11:30:406,Trial026,tombe joie vs triste2.avi,58,DarkKhaki,92.8023,Eye,35,30,,,921.0760850574287,442.085422584506,909.3036917103811,417.4581617092463,-,-,0.1019,0.0695,-0.9924,0.0881,0.0768,-0.9931,0,-,-,-,-,-,-,-,-,-,-,-,-,-,-,
207909,2824880.495,18:11:30:472,Trial026,tombe joie vs triste2.avi,58,DarkKhaki,92.8023,Eye,36,31,,,935.7847001388832,337.49466080727535,917.8428225615751,375.0699858268346,-,-,0.137,0.0552,-0.989,0.1228,0.0561,-0.9909,0,-,-,-,-,-,-,-,-,-,-,-,-,-,-,
207913,2824947.244,18:11:30:539,Trial026,tombe joie vs triste2.avi,58,DarkKhaki,92.8023,Eye,36,31,,,947.0487427382875,442.23178617803575,925.6918125957397,371.2991346434617,-,-,0.136,0.0465,-0.9896,0.13,0.0441,-0.9905,0,-,-,-,-,-,-,-,-,-,-,-,-,-,-,
207917,2825014.014,18:11:30:606,Trial026,tombe joie vs triste2.avi,58,DarkKhaki,92.8023,Eye,36,31,,,953.5292802144893,466.4136206551053,940.8424456611265,422.86572260536514,-,-,0.1313,0.0416,-0.9905,0.118,0.0512,-0.9917,0,-,-,-,-,-,-,-,-,-,-,-,-,-,-,
207921,2825080.807,18:11:30:673,Trial026,tombe joie vs triste2.avi,58,DarkKhaki,92.8023,Eye,-,-,,,959.2990691275893,507.2701977532173,948.7288670456682,478.18329005009383,-,-,0.1453,-0.0257,-0.9891,0.1299,-0.0073,-0.9915,0,-,-,-,-,-,-,-,-,-,-,-,-,-,-,
207925,2825147.6,18:11:30:739,Trial026,tombe joie vs triste2.avi,58,DarkKhaki,92.8023,Eye,4,4,,,784.2723296813103,378.1525524063447,776.3446781198695,409.2777862133398,-,-,0,0,0,0,0,0,0,-,-,-,-,-,-,-,-,-,-,-,-,-,-,
207929,2825214.393,18:11:30:806,Trial026,tombe joie vs triste2.avi,58,DarkKhaki,92.8023,Eye,37,32,,,829.4942672592783,366.9721225266519,808.5358016112331,436.4238768739645,-,-,0.1207,0.0568,-0.9911,0.0911,0.045,-0.9948,0,-,-,-,-,-,-,-,-,-,-,-,-,-,-,
207933,2825281.186,18:11:30:873,Trial026,tombe joie vs triste2.avi,58,DarkKhaki,92.8023,Eye,37,32,,,857.9480925698655,422.0691215168325,827.7612681388275,435.59476085057497,-,-,0.1134,0.0658,-0.9914,0.1069,0.0593,-0.9925,0,-,-,-,-,-,-,-,-,-,-,-,-,-,-,
207937,2825347.979,18:11:30:940,Trial026,tombe joie vs triste2.avi,58,DarkKhaki,92.8023,Eye,37,32,,,884.3039753400915,476.7612587569136,850.0082348225269,370.3082480290395,-,-,0.1165,0.0611,-0.9913,0.1105,0.0629,-0.9919,0,-,-,-,-,-,-,-,-,-,-,-,-,-,-,
207941,2825414.772,18:11:31:007,Trial026,tombe joie vs triste2.avi,58,DarkKhaki,92.8023,Eye,37,32,,,898.3439416456222,445.58331076452833,864.8698472323614,402.2741569576803,-,-,0.1094,0.0578,-0.9923,0.1129,0.0638,-0.9916,0,-,-,-,-,-,-,-,-,-,-,-,-,-,-,
207945,2825481.565,18:11:31:073,Trial026,tombe joie vs triste2.avi,58,DarkKhaki,92.8023,Eye,37,32,,,900.3474623678749,453.8477757597451,886.8407720257336,357.0703495869006,-,-,0.1199,0.0629,-0.9908,0.1029,0.0646,-0.9926,0,-,-,-,-,-,-,-,-,-,-,-,-,-,-,
207949,2825548.358,18:11:31:140,Trial026,tombe joie vs triste2.avi,58,DarkKhaki,92.8023,Eye,38,32,,,905.5409831460329,486.4819052647906,897.6042807091578,461.32614511081135,-,-,0.1135,0.0884,-0.9896,0.1015,0.0746,-0.992,0,-,-,-,-,-,-,-,-,-,-,-,-,-,-,
207953,2825615.151,18:11:31:207,Trial026,tombe joie vs triste2.avi,58,DarkKhaki,92.8023,Eye,38,33,,,918.506529487834,469.16113168355116,892.95822973697,418.59056344802127,-,-,0.1153,0.0951,-0.9888,0.0928,0.0743,-0.9929,0,-,-,-,-,-,-,-,-,-,-,-,-,-,-,
207957,2825681.944,18:11:31:274,Trial026,tombe joie vs triste2.avi,58,DarkKhaki,92.8023,Eye,38,33,,,921.3166645343665,423.3425898598098,899.2261738955538,461.2084034168355,-,-,0.1132,0.0968,-0.9888,0.097,0.0801,-0.9921,0,-,-,-,-,-,-,-,-,-,-,-,-,-,-,
207961,2825748.739,18:11:31:341,Trial026,tombe joie vs triste2.avi,58,DarkKhaki,92.8023,Eye,38,33,,,929.8880331125148,439.04526213740536,896.957165777029,406.5668117157467,-,-,0.1162,0.0918,-0.989,0.1049,0.0872,-0.9907,0,-,-,-,-,-,-,-,-,-,-,-,-,-,-,
207965,2825815.534,18:11:31:407,Trial026,tombe joie vs triste2.avi,58,DarkKhaki,92.8023,Eye,38,33,,,926.3900953117399,415.811754991742,900.1414923968637,350.9419676668076,-,-,0.1219,0.0881,-0.9886,0.1022,0.0872,-0.9909,0,-,-,-,-,-,-,-,-,-,-,-,-,-,-,
207969,2825882.313,18:11:31:474,Trial026,tombe joie vs triste2.avi,58,DarkKhaki,92.8023,Eye,38,33,,,935.3792204896771,422.0857010353413,908.5990414069541,337.50309905606116,-,-,0.1044,0.0971,-0.9898,0.0991,0.0962,-0.9904,0,-,-,-,-,-,-,-,-,-,-,-,-,-,-,
207973,2825949.091,18:11:31:541,Trial026,tombe joie vs triste2.avi,58,DarkKhaki,92.8023,Eye,38,33,,,925.8083521475303,364.47433819374464,902.3245872768371,412.4482319304816,-,-,0.1226,0.1048,-0.9869,0.0996,0.0928,-0.9907,0,-,-,-,-,-,-,-,-,-,-,-,-,-,-,
207977,2826015.87,18:11:31:608,Trial026,tombe joie vs triste2.avi,58,DarkKhaki,92.8023,Eye,39,34,,,912.6959627877932,384.75576733135506,880.5658603857339,430.87539166210934,-,-,0.081,0.079,-0.9936,0.0573,0.0779,-0.9953,0,-,-,-,-,-,-,-,-,-,-,-,-,-,-,
207981,2826082.648,18:11:31:675,Trial026,tombe joie vs triste2.avi,58,DarkKhaki,92.8023,Eye,39,34,,,906.2060013872377,420.26140120747186,863.489486698601,424.0606016467019,-,-,0.0788,0.0831,-0.9934,0.0648,0.0859,-0.9942,0,-,-,-,-,-,-,-,-,-,-,-,-,-,-,
207985,2826149.427,18:11:31:741,Trial026,tombe joie vs triste2.avi,58,DarkKhaki,92.8023,Eye,39,34,,,887.3949197272124,419.82898477990364,869.3747167829671,421.98687361978875,-,-,0.0692,0.0798,-0.9944,0.0584,0.097,-0.9936,0,-,-,-,-,-,-,-,-,-,-,-,-,-,-,
207989,2826216.205,18:11:31:808,Trial026,tombe joie vs triste2.avi,58,DarkKhaki,92.8023,Eye,40,35,,,906.2551316246415,456.97540788262074,884.7530893188275,473.5713657157359,-,-,0.1221,0.0843,-0.9889,0.1159,0.0694,-0.9908,0,-,-,-,-,-,-,-,-,-,-,-,-,-,-,
207993,2826282.984,18:11:31:875,Trial026,tombe joie vs triste2.avi,58,DarkKhaki,92.8023,Eye,40,35,,,914.1523649667772,442.47950332306937,901.1412100226052,443.3698944371147,-,-,0.1263,0.076,-0.9891,0.1195,0.071,-0.9903,0,-,-,-,-,-,-,-,-,-,-,-,-,-,-,
207997,2826349.762,18:11:31:942,Trial026,tombe joie vs triste2.avi,58,DarkKhaki,92.8023,Eye,5,5,,,750.3242232199104,394.8260446879395,740.5658570117813,383.10573765473066,-,-,0,0,0,0,0,0,0,-,-,-,-,-,-,-,-,-,-,-,-,-,-,
208001,2826416.541,18:11:32:008,Trial026,tombe joie vs triste2.avi,58,DarkKhaki,92.8023,Eye,41,36,,,779.1223164546439,463.87004658509557,758.3295865914691,364.427215045948,-,-,0.0784,0.0764,-0.994,0.0685,0.0939,-0.9932,0,-,-,-,-,-,-,-,-,-,-,-,-,-,-,
208005,2826483.319,18:11:32:075,Trial026,tombe joie vs triste2.avi,58,DarkKhaki,92.8023,Eye,41,36,,,808.6131105079539,440.3447576757755,795.738328908244,358.57954000975076,-,-,0.0888,0.074,-0.9933,0.0801,0.0686,-0.9944,0,-,-,-,-,-,-,-,-,-,-,-,-,-,-,
208009,2826550.098,18:11:32:142,Trial026,tombe joie vs triste2.avi,58,DarkKhaki,92.8023,Eye,41,36,,,826.8113934785158,430.58077255559834,817.5377247042395,405.4339793033826,-,-,0.0893,0.0728,-0.9933,0.0783,0.0726,-0.9943,0,-,-,-,-,-,-,-,-,-,-,-,-,-,-,
208013,2826616.871,18:11:32:209,Trial026,tombe joie vs triste2.avi,58,DarkKhaki,92.8023,Eye,41,36,,,847.3016751772709,398.88433836058135,832.7772948012554,428.77963926882165,-,-,0.0883,0.0797,-0.9929,0.0721,0.067,-0.9951,0,-,-,-,-,-,-,-,-,-,-,-,-,-,-,
208017,2826683.64,18:11:32:276,Trial026,tombe joie vs triste2.avi,58,DarkKhaki,92.8023,Eye,6,6,,,700.1757734299546,405.9712437236014,689.2824881479429,415.8298539220734,-,-,0,0,0,0,0,0,0,-,-,-,-,-,-,-,-,-,-,-,-,-,-,
208021,2826750.404,18:11:32:342,Trial026,tombe joie vs triste2.avi,58,DarkKhaki,92.8023,Eye,38,6,,,753.0974866580789,441.15608491903475,581.6264743834608,418.54802499736576,-,-,0.1071,-0.0101,-0.9942,0,0,0,0,-,-,-,-,-,-,-,-,-,-,-,-,-,-,
208025,2826817.168,18:11:32:409,Trial026,tombe joie vs triste2.avi,58,DarkKhaki,92.8023,Eye,42,37,,,780.8325876942266,398.01862259674124,637.0391064214376,402.2937284487401,-,-,0.0716,0.0797,-0.9942,0.0448,0.0865,-0.9952,0,-,-,-,-,-,-,-,-,-,-,-,-,-,-,
208029,2826883.933,18:11:32:476,Trial026,tombe joie vs triste2.avi,58,DarkKhaki,92.8023,Eye,39,35,,,790.2415144480752,439.70881014508905,683.4450548640993,311.10277295871595,-,-,0.0603,0.0756,-0.9953,0.0503,0.0822,-0.9953,0,-,-,-,-,-,-,-,-,-,-,-,-,-,-,
208033,2826950.697,18:11:32:543,Trial026,tombe joie vs triste2.avi,58,DarkKhaki,92.8023,Eye,43,38,,,734.5875832402534,439.90317737724484,647.378928239452,456.8402612619413,-,-,-0.0879,0.004,-0.9961,-0.1055,0.0014,-0.9944,0,-,-,-,-,-,-,-,-,-,-,-,-,-,-,
208037,2827017.461,18:11:32:609,Trial026,tombe joie vs triste2.avi,58,DarkKhaki,92.8023,Eye,43,38,,,694.5689122643788,479.1024766103329,628.752265716053,404.9668861974807,-,-,-0.0908,0.0108,-0.9958,-0.1002,0.0162,-0.9948,0,-,-,-,-,-,-,-,-,-,-,-,-,-,-,
208041,2827084.225,18:11:32:676,Trial026,tombe joie vs triste2.avi,58,DarkKhaki,92.8023,Eye,43,38,,,663.2901627200674,458.5565325625252,615.5144555042951,508.1031071359424,-,-,-0.0928,0.0077,-0.9957,-0.0978,0.0154,-0.9951,0,-,-,-,-,-,-,-,-,-,-,-,-,-,-,
208045,2827150.989,18:11:32:743,Trial026,tombe joie vs triste2.avi,58,DarkKhaki,92.8023,Eye,43,38,,,643.2747299681117,515.9534793170984,600.3028871682183,397.27625011250524,-,-,-0.0843,0.0091,-0.9964,-0.0939,0.0192,-0.9954,0,-,-,-,-,-,-,-,-,-,-,-,-,-,-,
208049,2827217.754,18:11:32:810,Trial026,tombe joie vs triste2.avi,58,DarkKhaki,92.8023,Eye,40,36,,,643.8824285294446,398.9676439110542,612.4766330804107,436.02796164620554,-,-,-0.0366,0.1228,-0.9918,-0.0461,0.1167,-0.9921,0,-,-,-,-,-,-,-,-,-,-,-,-,-,-,
208053,2827284.518,18:11:32:876,Trial026,tombe joie vs triste2.avi,58,DarkKhaki,92.8023,Eye,44,39,,,662.4511326406172,419.84712769560525,632.0258477934901,477.8992377387607,-,-,-0.0134,0.1483,-0.9889,-0.0232,0.1506,-0.9883,0,-,-,-,-,-,-,-,-,-,-,-,-,-,-,
208057,2827351.282,18:11:32:943,Trial026,tombe joie vs triste2.avi,58,DarkKhaki,92.8023,Eye,44,39,,,677.6593176022121,418.34705271714836,646.1492588197913,475.57946186428484,-,-,-0.0115,0.1491,-0.9888,-0.022,0.1539,-0.9878,0,-,-,-,-,-,-,-,-,-,-,-,-,-,-,
208061,2827418.053,18:11:33:010,Trial026,tombe joie vs triste2.avi,58,DarkKhaki,92.8023,Eye,44,40,,,694.9141246080102,413.6917767227149,665.1012103088045,464.2755103851446,-,-,-0.0021,0.1676,-0.9858,-0.0088,0.1602,-0.987,0,-,-,-,-,-,-,-,-,-,-,-,-,-,-,
208065,2827484.842,18:11:33:077,Trial026,tombe joie vs triste2.avi,58,DarkKhaki,92.8023,Eye,44,40,,,699.2357856009721,400.7522895431856,680.750749479613,386.67785140164744,-,-,-0.0051,0.1619,-0.9868,-0.0076,0.1626,-0.9867,0,-,-,-,-,-,-,-,-,-,-,-,-,-,-,
208069,2827551.635,18:11:33:144,Trial026,tombe joie vs triste2.avi,58,DarkKhaki,92.8023,Eye,45,41,,,581.3068451676446,372.0229061024963,574.4292280766253,464.3605458724594,-,-,-0.2897,0.1602,-0.9436,-0.2921,0.1666,-0.9418,0,-,-,-,-,-,-,-,-,-,-,-,-,-,-,
208073,2827618.428,18:11:33:210,Trial026,tombe joie vs triste2.avi,58,DarkKhaki,92.8023,Eye,45,41,,,494.5426225525812,334.3702546819344,491.1271247343167,424.4902485847627,-,-,-0.2873,0.179,-0.941,-0.3013,0.1638,-0.9394,0,-,-,-,-,-,-,-,-,-,-,-,-,-,-,
208077,2827685.22,18:11:33:277,Trial026,tombe joie vs triste2.avi,58,DarkKhaki,92.8023,Eye,46,41,,,425.47680720203664,390.7441233485274,426.86985883833825,430.8656037814878,-,-,-0.298,0.1811,-0.9372,-0.3055,0.1682,-0.9372,0,-,-,-,-,-,-,-,-,-,-,-,-,-,-,
208081,2827752.013,18:11:33:344,Trial026,tombe joie vs triste2.avi,58,DarkKhaki,92.8023,Eye,46,41,,,371.1683617002337,382.63016565311216,377.59660542745985,323.6517497920362,-,-,-0.2981,0.1757,-0.9382,-0.3034,0.1722,-0.9372,0,-,-,-,-,-,-,-,-,-,-,-,-,-,-,
208085,2827818.806,18:11:33:411,Trial026,tombe joie vs triste2.avi,58,DarkKhaki,92.8023,Eye,46,39,,,329.75727022124835,384.090232297543,339.971868016668,399.9473725981707,-,-,-0.2965,0.1734,-0.9391,-0.3068,0.1764,-0.9353,0,-,-,-,-,-,-,-,-,-,-,-,-,-,-,
208089,2827885.599,18:11:33:477,Trial026,tombe joie vs triste2.avi,58,DarkKhaki,92.8023,Eye,46,42,,,298.81647839365695,415.9453651379059,312.14784674022167,413.34487157790136,-,-,-0.2926,0.1724,-0.9406,-0.3043,0.1751,-0.9363,0,-,-,-,-,-,-,-,-,-,-,-,-,-,-,
208093,2827952.391,18:11:33:544,Trial026,tombe joie vs triste2.avi,58,DarkKhaki,92.8023,Eye,43,40,,,325.6209885443463,417.385776566713,323.16948312981395,411.2198819536642,-,-,-0.2107,0.1625,-0.964,-0.2339,0.1795,-0.9555,0,-,-,-,-,-,-,-,-,-,-,-,-,-,-,
208097,2828019.184,18:11:33:611,Trial026,tombe joie vs triste2.avi,58,DarkKhaki,92.8023,Eye,47,43,,,431.946988180238,442.87853336583686,436.16744087055133,440.15323372448853,-,-,0.0181,0.1786,-0.9838,0.0056,0.1863,-0.9825,0,-,-,-,-,-,-,-,-,-,-,-,-,-,-,
208101,2828085.977,18:11:33:678,Trial026,tombe joie vs triste2.avi,58,DarkKhaki,92.8023,Eye,47,43,,,511.80752425784107,417.6080584409052,512.7523771016221,379.69206500033005,-,-,0.0179,0.1811,-0.9833,0.0052,0.1761,-0.9844,0,-,-,-,-,-,-,-,-,-,-,-,-,-,-,
208105,2828152.769,18:11:33:745,Trial026,tombe joie vs triste2.avi,58,DarkKhaki,92.8023,Eye,47,44,,,575.6135455982749,420.8952302646719,568.7077948172338,351.76432090715986,-,-,0.0157,0.1719,-0.985,0.0062,0.1815,-0.9834,0,-,-,-,-,-,-,-,-,-,-,-,-,-,-,
208109,2828219.562,18:11:33:811,Trial026,tombe joie vs triste2.avi,58,DarkKhaki,92.8023,Eye,47,44,,,619.8004049465801,407.30218560786403,609.3526540102238,350.6672749873923,-,-,0.0178,0.1735,-0.9847,0.0067,0.1814,-0.9834,0,-,-,-,-,-,-,-,-,-,-,-,-,-,-,
208113,2828286.351,18:11:33:878,Trial026,tombe joie vs triste2.avi,58,DarkKhaki,92.8023,Eye,47,44,,,652.9957750798451,463.03068320105285,646.3522264264122,440.9169324862304,-,-,0.0064,0.1728,-0.9849,-0.0029,0.1808,-0.9835,0,-,-,-,-,-,-,-,-,-,-,-,-,-,-,
208117,2828353.127,18:11:33:945,Trial026,tombe joie vs triste2.avi,58,DarkKhaki,92.8023,Eye,47,44,,,676.3961831436903,336.52501375213046,666.5152057040191,414.3318559206894,-,-,0.0074,0.1753,-0.9845,-0.0069,0.1704,-0.9854,0,-,-,-,-,-,-,-,-,-,-,-,-,-,-,
208121,2828419.892,18:11:34:012,Trial026,tombe joie vs triste2.avi,58,DarkKhaki,92.8023,Eye,47,44,,,696.5389794968671,381.6653004605522,679.7163783568939,333.3781087461826,-,-,0.0095,0.1762,-0.9843,-0.0092,0.1751,-0.9845,0,-,-,-,-,-,-,-,-,-,-,-,-,-,-,
208125,2828486.657,18:11:34:079,Trial026,tombe joie vs triste2.avi,58,DarkKhaki,92.8023,Eye,48,45,,,782.9611693138451,426.9566921692087,766.1788023026379,457.66442228886183,-,-,0.1775,-0.075,-0.9813,0.1625,-0.0625,-0.9847,0,-,-,-,-,-,-,-,-,-,-,-,-,-,-,
208129,2828553.423,18:11:34:145,Trial026,tombe joie vs triste2.avi,58,DarkKhaki,92.8023,Eye,48,45,,,848.72333988902,478.96793324673035,840.5534523979273,472.2090703013136,-,-,0.1722,-0.0875,-0.9812,0.1665,-0.064,-0.984,0,-,-,-,-,-,-,-,-,-,-,-,-,-,-,
208133,2828620.188,18:11:34:212,Trial026,tombe joie vs triste2.avi,58,DarkKhaki,92.8023,Eye,48,45,,,896.3943723559687,474.0834632875843,890.1068433734678,368.60250004076386,-,-,0.1779,-0.0806,-0.9807,0.1618,-0.0659,-0.9846,0,-,-,-,-,-,-,-,-,-,-,-,-,-,-,
208137,2828686.953,18:11:34:279,Trial026,tombe joie vs triste2.avi,58,DarkKhaki,92.8023,Eye,48,45,,,927.1804088454332,481.7798400153948,924.6632294212627,528.7510417098573,-,-,0.1712,-0.0946,-0.9807,0.1695,-0.0727,-0.9828,0,-,-,-,-,-,-,-,-,-,-,-,-,-,-,
240499,2828770.409,18:11:34:363,Trial027,B Triste Joie.jpg,58,DarkKhaki,76.7169,Eye,1,1,,,955.8119119963984,426.3003329021185,954.3546502936556,478.394828118666,-,-,0.1692,-0.106,-0.9799,0.1716,-0.0785,-0.982,0,-,-,-,-,-,-,-,-,-,-,-,-,-,-,
240503,2828837.174,18:11:34:430,Trial027,B Triste Joie.jpg,58,DarkKhaki,76.7169,Eye,1,1,,,978.0775824212939,476.5355083444302,981.2209001957717,494.4466424198261,-,-,0.172,-0.1036,-0.9796,0.1668,-0.0844,-0.9824,0,-,-,-,-,-,-,-,-,-,-,-,-,-,-,
240507,2828903.94,18:11:34:496,Trial027,B Triste Joie.jpg,58,DarkKhaki,76.7169,Eye,1,1,,,1001.1800491531651,492.642929915813,991.9533033654336,531.8226969994703,-,-,0.1728,-0.0956,-0.9803,0.1676,-0.0852,-0.9822,0,-,-,-,-,-,-,-,-,-,-,-,-,-,-,
240511,2828970.705,18:11:34:563,Trial027,B Triste Joie.jpg,58,DarkKhaki,76.7169,Eye,2,2,,,997.9014161431548,495.59606621422216,985.1460590361828,482.31851786163605,-,-,0.1426,0.1764,-0.9739,0.1222,0.1816,-0.9757,0,-,-,-,-,-,-,-,-,-,-,-,-,-,-,
240515,2829037.47,18:11:34:630,Trial027,B Triste Joie.jpg,58,DarkKhaki,76.7169,Eye,2,2,,,990.8558363065969,460.7325377358382,975.0331959471483,484.9669210004379,-,-,0.1403,0.1849,-0.9727,0.124,0.1814,-0.9756,0,-,-,-,-,-,-,-,-,-,-,-,-,-,-,
240519,2829104.235,18:11:34:697,Trial027,B Triste Joie.jpg,58,DarkKhaki,76.7169,Eye,2,2,,,987.7441400533734,369.00424958773124,961.9587608992013,470.3591005859426,-,-,0.1392,0.1918,-0.9715,0.1286,0.188,-0.9737,0,-,-,-,-,-,-,-,-,-,-,-,-,-,-,
240523,2829170.997,18:11:34:763,Trial027,B Triste Joie.jpg,58,DarkKhaki,76.7169,Eye,2,2,,,987.3238398266951,431.28156640589157,960.431118494484,393.8225915652171,-,-,0.143,0.1897,-0.9714,0.1265,0.1919,-0.9732,0,-,-,-,-,-,-,-,-,-,-,-,-,-,-,
240527,2829237.771,18:11:34:830,Trial027,B Triste Joie.jpg,58,DarkKhaki,76.7169,Eye,3,3,,,970.8797414846425,451.6970273328809,935.7080611175223,417.32974494448024,-,-,0.1054,0.2045,-0.9732,0.0996,0.2059,-0.9735,0,-,-,-,-,-,-,-,-,-,-,-,-,-,-,
240531,2829304.546,18:11:34:897,Trial027,B Triste Joie.jpg,58,DarkKhaki,76.7169,Eye,3,3,,,951.7245968878076,386.34728192921006,932.9483589090689,358.3007946812621,-,-,0.1066,0.2062,-0.9727,0.0972,0.2053,-0.9739,0,-,-,-,-,-,-,-,-,-,-,-,-,-,-,
240535,2829371.32,18:11:34:964,Trial027,B Triste Joie.jpg,58,DarkKhaki,76.7169,Eye,3,3,,,914.1396969521682,367.3937912867187,899.3440808575048,404.8959595826289,-,-,0.0543,0.2132,-0.9755,0.0332,0.1994,-0.9794,0,-,-,-,-,-,-,-,-,-,-,-,-,-,-,
240539,2829438.094,18:11:35:031,Trial027,B Triste Joie.jpg,58,DarkKhaki,76.7169,Eye,4,4,,,808.9902629038704,349.8181624266259,807.3392065047781,356.3886651580143,-,-,-0.1271,0.1938,-0.9728,-0.1356,0.1884,-0.9727,0,-,-,-,-,-,-,-,-,-,-,-,-,-,-,
240543,2829504.868,18:11:35:097,Trial027,B Triste Joie.jpg,58,DarkKhaki,76.7169,Eye,4,4,,,738.544232491333,421.6248621052813,737.0502353733548,426.6600849835371,-,-,-0.1292,0.1978,-0.9717,-0.1294,0.1909,-0.973,0,-,-,-,-,-,-,-,-,-,-,-,-,-,-,
240547,2829571.642,18:11:35:164,Trial027,B Triste Joie.jpg,58,DarkKhaki,76.7169,Eye,4,4,,,682.1022019062888,320.61519188022316,687.5356189267213,397.02865576179437,-,-,-0.1251,0.1943,-0.9729,-0.1363,0.1947,-0.9714,0,-,-,-,-,-,-,-,-,-,-,-,-,-,-,
240551,2829638.417,18:11:35:231,Trial027,B Triste Joie.jpg,58,DarkKhaki,76.7169,Eye,4,4,,,641.050064514301,357.7191810270012,635.6104644314875,417.0732510815209,-,-,-0.1501,0.2044,-0.9673,-0.1601,0.1954,-0.9676,0,-,-,-,-,-,-,-,-,-,-,-,-,-,-,
240555,2829705.191,18:11:35:298,Trial027,B Triste Joie.jpg,58,DarkKhaki,76.7169,Eye,5,5,,,596.2125619696312,417.83314237304626,595.6782471192336,356.22070679355727,-,-,-0.1644,0.1958,-0.9668,-0.1764,0.1985,-0.9641,0,-,-,-,-,-,-,-,-,-,-,-,-,-,-,
240559,2829771.965,18:11:35:364,Trial027,B Triste Joie.jpg,58,DarkKhaki,76.7169,Eye,5,5,,,558.6506980647836,374.5966614878027,560.858426001479,350.1700463449102,-,-,-0.1618,0.1991,-0.9665,-0.1691,0.2007,-0.9649,0,-,-,-,-,-,-,-,-,-,-,-,-,-,-,
240563,2829838.739,18:11:35:431,Trial027,B Triste Joie.jpg,58,DarkKhaki,76.7169,Eye,1,1,,,483.8024308995398,385.8922734186239,485.45822685206133,306.2289052648406,-,-,0,0,0,0,0,0,0,-,-,-,-,-,-,-,-,-,-,-,-,-,-,
240567,2829905.513,18:11:35:498,Trial027,B Triste Joie.jpg,58,DarkKhaki,76.7169,Eye,6,5,,,458.8077890493083,357.92088783422497,470.4725280919249,360.18866919267225,-,-,-0.2084,0.1615,-0.9646,-0.2039,0.1549,-0.9667,0,-,-,-,-,-,-,-,-,-,-,-,-,-,-,
240571,2829972.285,18:11:35:565,Trial027,B Triste Joie.jpg,58,DarkKhaki,76.7169,Eye,6,6,,,439.4960425343309,329.90239545289546,446.0117304637905,424.6344107710209,-,-,-0.2139,0.1685,-0.9622,-0.2108,0.1764,-0.9615,0,-,-,-,-,-,-,-,-,-,-,-,-,-,-,
240575,2830039.041,18:11:35:631,Trial027,B Triste Joie.jpg,58,DarkKhaki,76.7169,Eye,5,6,,,421.6448044326213,379.69439779634325,425.28824526776816,364.7328269251361,-,-,-0.2206,0.1726,-0.96,-0.23,0.1747,-0.9574,0,-,-,-,-,-,-,-,-,-,-,-,-,-,-,
240579,2830105.793,18:11:35:698,Trial027,B Triste Joie.jpg,58,DarkKhaki,76.7169,Eye,7,7,,,377.4130435708585,456.07711190812324,382.3885741972187,400.1254450510313,-,-,-0.2758,0.1798,-0.9442,-0.2872,0.1814,-0.9405,0,-,-,-,-,-,-,-,-,-,-,-,-,-,-,
240583,2830172.545,18:11:35:765,Trial027,B Triste Joie.jpg,58,DarkKhaki,76.7169,Eye,7,7,,,342.39324554773475,317.9190371964006,348.62737351750485,394.8950493327285,-,-,-0.2824,0.1738,-0.9434,-0.2908,0.1745,-0.9407,0,-,-,-,-,-,-,-,-,-,-,-,-,-,-,
240587,2830239.298,18:11:35:832,Trial027,B Triste Joie.jpg,58,DarkKhaki,76.7169,Eye,7,7,,,315.9682693396822,396.43666196387767,322.5769303170097,379.69116682892695,-,-,-0.2829,0.1693,-0.9441,-0.2863,0.1716,-0.9426,0,-,-,-,-,-,-,-,-,-,-,-,-,-,-,
240591,2830306.05,18:11:35:898,Trial027,B Triste Joie.jpg,58,DarkKhaki,76.7169,Eye,7,7,,,296.3118086319809,356.15881889372696,302.43011436497653,411.9079800037322,-,-,-0.2781,0.1734,-0.9448,-0.2864,0.1837,-0.9403,0,-,-,-,-,-,-,-,-,-,-,-,-,-,-,
240595,2830372.803,18:11:35:965,Trial027,B Triste Joie.jpg,58,DarkKhaki,76.7169,Eye,8,8,,,330.6289267273939,388.41480438437213,344.3724208497046,415.59968459270016,-,-,-0.1709,0.2138,-0.9618,-0.1772,0.2064,-0.9623,0,-,-,-,-,-,-,-,-,-,-,-,-,-,-,
240599,2830439.555,18:11:36:032,Trial027,B Triste Joie.jpg,58,DarkKhaki,76.7169,Eye,8,8,,,373.0297730346291,441.9551897701154,372.8764175448605,385.29221385852395,-,-,-0.1507,0.1987,-0.9684,-0.1661,0.2074,-0.9641,0,-,-,-,-,-,-,-,-,-,-,-,-,-,-,
240603,2830506.308,18:11:36:099,Trial027,B Triste Joie.jpg,58,DarkKhaki,76.7169,Eye,8,8,,,396.9772034064382,436.9020768329947,387.87426219506017,344.0524492552788,-,-,-0.1498,0.2126,-0.9656,-0.1621,0.197,-0.9669,0,-,-,-,-,-,-,-,-,-,-,-,-,-,-,
240607,2830573.06,18:11:36:165,Trial027,B Triste Joie.jpg,58,DarkKhaki,76.7169,Eye,9,9,,,437.28857195194735,427.17184109861205,439.35811580279756,381.84653658420297,-,-,-0.0849,0.2059,-0.9749,-0.0924,0.2149,-0.9723,0,-,-,-,-,-,-,-,-,-,-,-,-,-,-,
240611,2830639.813,18:11:36:232,Trial027,B Triste Joie.jpg,58,DarkKhaki,76.7169,Eye,9,9,,,470.65709403261974,345.3555088935285,474.3650645810842,334.3922986669275,-,-,-0.0878,0.2079,-0.9742,-0.0937,0.2125,-0.9727,0,-,-,-,-,-,-,-,-,-,-,-,-,-,-,
240615,2830706.565,18:11:36:299,Trial027,B Triste Joie.jpg,58,DarkKhaki,76.7169,Eye,9,9,,,497.5994128223638,386.89357432243645,498.9400351547861,328.2207229190449,-,-,-0.089,0.2118,-0.9733,-0.0926,0.2041,-0.9746,0,-,-,-,-,-,-,-,-,-,-,-,-,-,-,
240619,2830773.318,18:11:36:366,Trial027,B Triste Joie.jpg,58,DarkKhaki,76.7169,Eye,9,9,,,522.8285226552013,346.56434644322076,519.2271531330381,338.1138448669828,-,-,-0.0853,0.2048,-0.9751,-0.0924,0.1997,-0.9755,0,-,-,-,-,-,-,-,-,-,-,-,-,-,-,
240623,2830840.08,18:11:36:433,Trial027,B Triste Joie.jpg,58,DarkKhaki,76.7169,Eye,2,2,,,456.7828212193543,349.8731631058842,454.08179407773184,371.0758025604734,-,-,0,0,0,0,0,0,0,-,-,-,-,-,-,-,-,-,-,-,-,-,-,
240627,2830906.87,18:11:36:499,Trial027,B Triste Joie.jpg,58,DarkKhaki,76.7169,Eye,2,2,,,407.20229131195913,301.90157414914495,405.1765209557424,398.6866033994013,-,-,0,0,0,0,0,0,0,-,-,-,-,-,-,-,-,-,-,-,-,-,-,
240631,2830973.66,18:11:36:566,Trial027,B Triste Joie.jpg,58,DarkKhaki,76.7169,Eye,2,2,,,369.9445785611126,282.9591629628941,368.42525079395,274.5927402150496,-,-,0,0,0,0,0,0,0,-,-,-,-,-,-,-,-,-,-,-,-,-,-,
240635,2831040.45,18:11:36:633,Trial027,B Triste Joie.jpg,58,DarkKhaki,76.7169,Eye,10,10,,,534.9990430299804,353.9953135112248,528.1565174393855,383.2032754418262,-,-,0.1653,0.2026,-0.9652,0.1606,0.2018,-0.9662,0,-,-,-,-,-,-,-,-,-,-,-,-,-,-,
240639,2831107.24,18:11:36:700,Trial027,B Triste Joie.jpg,58,DarkKhaki,76.7169,Eye,10,10,,,645.7837034145344,380.80865081084414,642.4855168478205,322.7237725354981,-,-,0.1613,0.1946,-0.9675,0.1607,0.193,-0.9679,0,-,-,-,-,-,-,-,-,-,-,-,-,-,-,
240643,2831174.03,18:11:36:766,Trial027,B Triste Joie.jpg,58,DarkKhaki,76.7169,Eye,3,3,,,548.8686630715092,374.3484632607418,546.3950231464737,327.0350012592997,-,-,0,0,0,0,0,0,0,-,-,-,-,-,-,-,-,-,-,-,-,-,-,
240647,2831240.819,18:11:36:833,Trial027,B Triste Joie.jpg,58,DarkKhaki,76.7169,Eye,3,3,,,476.1591205596005,386.57254510054065,474.30389061582395,270.9353921539359,-,-,0.2524,0.088,-0.9636,0,0,0,0,-,-,-,-,-,-,-,-,-,-,-,-,-,-,
240651,2831307.609,18:11:36:900,Trial027,B Triste Joie.jpg,58,DarkKhaki,76.7169,Eye,8,9,,,421.61466672040206,360.95610179903764,634.1740920404013,307.88734401507037,-,-,0.2162,0.155,-0.964,0.1984,0.1567,-0.9675,0,-,-,-,-,-,-,-,-,-,-,-,-,-,-,
240655,2831374.399,18:11:36:967,Trial027,B Triste Joie.jpg,58,DarkKhaki,76.7169,Eye,8,9,,,584.865853014312,330.23785262574984,739.6561052740116,302.920047640276,-,-,0.2139,0.1604,-0.9636,0.2106,0.16,-0.9644,0,-,-,-,-,-,-,-,-,-,-,-,-,-,-,
240659,2831441.189,18:11:37:034,Trial027,B Triste Joie.jpg,58,DarkKhaki,76.7169,Eye,8,9,,,718.6577728817692,356.5965972375791,619.2959787296711,337.31902986124084,-,-,0.2111,0.1595,-0.9644,0.2141,0.1518,-0.965,0,-,-,-,-,-,-,-,-,-,-,-,-,-,-,
240663,2831507.979,18:11:37:100,Trial027,B Triste Joie.jpg,58,DarkKhaki,76.7169,Eye,11,11,,,777.7738947929938,381.69044631861226,686.2954068079591,382.99782490089615,-,-,0.1236,0.2009,-0.9718,0.1188,0.1896,-0.9746,0,-,-,-,-,-,-,-,-,-,-,-,-,-,-,
240667,2831574.768,18:11:37:167,Trial027,B Triste Joie.jpg,58,DarkKhaki,76.7169,Eye,11,11,,,812.8678033194044,321.8074097761644,743.2180718918798,313.95295828207793,-,-,0.1195,0.1989,-0.9727,0.115,0.1989,-0.9732,0,-,-,-,-,-,-,-,-,-,-,-,-,-,-,
240671,2831641.558,18:11:37:234,Trial027,B Triste Joie.jpg,58,DarkKhaki,76.7169,Eye,9,10,,,793.8389709984472,326.85379424397354,728.4627702929162,354.0840326202924,-,-,0.0005,0.2111,-0.9775,-0.0265,0.1934,-0.9808,0,-,-,-,-,-,-,-,-,-,-,-,-,-,-,
240675,2831708.343,18:11:37:301,Trial027,B Triste Joie.jpg,58,DarkKhaki,76.7169,Eye,12,12,,,723.1626513475355,389.66844588345083,674.2882929663201,330.38353907490966,-,-,-0.1145,0.1931,-0.9745,-0.1274,0.1932,-0.9729,0,-,-,-,-,-,-,-,-,-,-,-,-,-,-,
240679,2831775.127,18:11:37:368,Trial027,B Triste Joie.jpg,58,DarkKhaki,76.7169,Eye,12,12,,,675.0154102555641,348.2686994070069,637.6049321958446,326.8978840676116,-,-,-0.1242,0.1967,-0.9726,-0.1198,0.1986,-0.9727,0,-,-,-,-,-,-,-,-,-,-,-,-,-,-,
240683,2831841.91,18:11:37:434,Trial027,B Triste Joie.jpg,58,DarkKhaki,76.7169,Eye,12,12,,,637.9428366291318,361.59300365386775,600.8265858729029,365.00430374394375,-,-,-0.1199,0.2044,-0.9715,-0.1247,0.1959,-0.9727,0,-,-,-,-,-,-,-,-,-,-,-,-,-,-,
240687,2831908.693,18:11:37:501,Trial027,B Triste Joie.jpg,58,DarkKhaki,76.7169,Eye,12,11,,,612.2636784038679,374.0679906900427,582.7071651240715,397.17601764965787,-,-,-0.1203,0.1939,-0.9736,-0.1196,0.1864,-0.9752,0,-,-,-,-,-,-,-,-,-,-,-,-,-,-,
240691,2831975.477,18:11:37:568,Trial027,B Triste Joie.jpg,58,DarkKhaki,76.7169,Eye,13,13,,,571.7648871683361,350.0389304253141,553.6025172172411,373.4132068414312,-,-,-0.1579,0.1839,-0.9702,-0.1642,0.1743,-0.9709,0,-,-,-,-,-,-,-,-,-,-,-,-,-,-,
240695,2832042.26,18:11:37:635,Trial027,B Triste Joie.jpg,58,DarkKhaki,76.7169,Eye,13,13,,,537.8575607974149,381.1075750189244,520.6454293400328,399.03018095842197,-,-,-0.1705,0.1808,-0.9686,-0.174,0.1722,-0.9696,0,-,-,-,-,-,-,-,-,-,-,-,-,-,-,
240699,2832109.044,18:11:37:701,Trial027,B Triste Joie.jpg,58,DarkKhaki,76.7169,Eye,13,13,,,510.8480085446521,406.9368841873207,492.2210537433259,463.5842937477574,-,-,-0.1751,0.1841,-0.9672,-0.1758,0.1845,-0.967,0,-,-,-,-,-,-,-,-,-,-,-,-,-,-,
240703,2832175.827,18:11:37:768,Trial027,B Triste Joie.jpg,58,DarkKhaki,76.7169,Eye,14,14,,,516.6642466322218,402.1730833899051,502.8331095569984,395.357505334484,-,-,-0.1118,0.1291,-0.9853,-0.1271,0.1314,-0.9831,0,-,-,-,-,-,-,-,-,-,-,-,-,-,-,
240707,2832242.61,18:11:37:835,Trial027,B Triste Joie.jpg,58,DarkKhaki,76.7169,Eye,14,14,,,527.4505243271935,416.8168562620124,510.5144400395625,427.0725594762371,-,-,-0.1052,0.0975,-0.9897,-0.1229,0.1047,-0.9869,0,-,-,-,-,-,-,-,-,-,-,-,-,-,-,
240711,2832309.394,18:11:37:902,Trial027,B Triste Joie.jpg,58,DarkKhaki,76.7169,Eye,12,13,,,531.7587253186805,406.9585846353562,511.5250936429768,411.8622479496382,-,-,-0.1088,0.095,-0.9895,-0.1216,0.0998,-0.9876,0,-,-,-,-,-,-,-,-,-,-,-,-,-,-,
240715,2832376.177,18:11:37:969,Trial027,B Triste Joie.jpg,58,DarkKhaki,76.7169,Eye,15,15,,,626.0510420756862,393.5408440462438,611.6350262848625,319.57466691613246,-,-,0.1282,0.179,-0.9755,0.1094,0.174,-0.9787,0,-,-,-,-,-,-,-,-,-,-,-,-,-,-,
240719,2832442.961,18:11:38:035,Trial027,B Triste Joie.jpg,58,DarkKhaki,76.7169,Eye,15,15,,,705.3278374979268,420.2672523462452,692.9991792914799,381.19059723452114,-,-,0.1344,0.1784,-0.9747,0.1229,0.1725,-0.9773,0,-,-,-,-,-,-,-,-,-,-,-,-,-,-,
240723,2832509.739,18:11:38:102,Trial027,B Triste Joie.jpg,58,DarkKhaki,76.7169,Eye,15,15,,,761.1083642879703,412.0495329185844,752.1157442013989,390.65017711648,-,-,0.1298,0.1786,-0.9753,0.123,0.1734,-0.9771,0,-,-,-,-,-,-,-,-,-,-,-,-,-,-,
240727,2832576.508,18:11:38:169,Trial027,B Triste Joie.jpg,58,DarkKhaki,76.7169,Eye,4,4,,,635.172765978593,358.77075989152183,628.4283009136645,341.53236130482753,-,-,0,0,0,0,0,0,0,-,-,-,-,-,-,-,-,-,-,-,-,-,-,
240731,2832643.277,18:11:38:236,Trial027,B Triste Joie.jpg,58,DarkKhaki,76.7169,Eye,4,4,,,540.7025491223949,359.1981928863944,535.6442003236984,302.69533687119485,-,-,0,0,0,0,0,0,0,-,-,-,-,-,-,-,-,-,-,-,-,-,-,
240735,2832710.046,18:11:38:302,Trial027,B Triste Joie.jpg,58,DarkKhaki,76.7169,Eye,16,16,,,671.3342665875683,385.9918425110167,653.9699052131549,384.1148420107447,-,-,0.1873,0.1272,-0.974,0.1901,0.1355,-0.9724,0,-,-,-,-,-,-,-,-,-,-,-,-,-,-,
240739,2832776.815,18:11:38:369,Trial027,B Triste Joie.jpg,58,DarkKhaki,76.7169,Eye,16,16,,,769.879812554535,376.94560630465554,752.6027934748247,346.13360616820154,-,-,0.1857,0.1339,-0.9734,0.1922,0.136,-0.9719,0,-,-,-,-,-,-,-,-,-,-,-,-,-,-,
240743,2832843.584,18:11:38:436,Trial027,B Triste Joie.jpg,58,DarkKhaki,76.7169,Eye,16,16,,,834.8133562976116,374.55924536925215,822.8659427418053,373.91010712564133,-,-,0.1881,0.1231,-0.9744,0.1892,0.1322,-0.973,0,-,-,-,-,-,-,-,-,-,-,-,-,-,-,
240747,2832910.353,18:11:38:503,Trial027,B Triste Joie.jpg,58,DarkKhaki,76.7169,Eye,17,17,,,894.7203999144651,396.01566771829397,879.3829906305095,423.02277335426885,-,-,0.2121,0.1968,-0.9572,0.2014,0.19,-0.9609,0,-,-,-,-,-,-,-,-,-,-,-,-,-,-,
240751,2832977.122,18:11:38:570,Trial027,B Triste Joie.jpg,58,DarkKhaki,76.7169,Eye,17,17,,,951.7863145189112,339.95425246005084,924.46785121331,380.34983222353907,-,-,0.2123,0.1925,-0.9581,0.1971,0.1868,-0.9624,0,-,-,-,-,-,-,-,-,-,-,-,-,-,-,
240755,2833043.891,18:11:38:636,Trial027,B Triste Joie.jpg,58,DarkKhaki,76.7169,Eye,17,17,,,980.8240718438224,356.4954993787099,965.2285996196,385.35428662031075,-,-,0.2148,0.1883,-0.9583,0.2021,0.1903,-0.9607,0,-,-,-,-,-,-,-,-,-,-,-,-,-,-,
240759,2833110.66,18:11:38:703,Trial027,B Triste Joie.jpg,58,DarkKhaki,76.7169,Eye,5,5,,,800.0691130784309,358.60212007836657,788.3725089102641,387.18229516314443,-,-,0.3022,0.1766,-0.9367,0.2916,0.181,-0.9393,0,-,-,-,-,-,-,-,-,-,-,-,-,-,-,
240763,2833177.429,18:11:38:770,Trial027,B Triste Joie.jpg,58,DarkKhaki,76.7169,Eye,5,5,,,664.4921394381794,312.0028262155488,655.7196863120544,287.4391273089516,-,-,0.3066,0.1807,-0.9345,0.2906,0.1808,-0.9396,0,-,-,-,-,-,-,-,-,-,-,-,-,-,-,
240767,2833244.198,18:11:38:837,Trial027,B Triste Joie.jpg,58,DarkKhaki,76.7169,Eye,5,5,,,562.8586958615642,342.91675199986514,556.2793560169705,356.0937373643088,-,-,0.3049,0.1785,-0.9355,0.2986,0.1825,-0.9368,0,-,-,-,-,-,-,-,-,-,-,-,-,-,-,
240771,2833310.967,18:11:38:903,Trial027,B Triste Joie.jpg,58,DarkKhaki,76.7169,Eye,5,16,,,486.6001269830507,348.248660156759,684.4714836450204,306.04049789567773,-,-,0.214,0.2031,-0.9555,0.1848,0.1962,-0.963,0,-,-,-,-,-,-,-,-,-,-,-,-,-,-,
240775,2833377.738,18:11:38:970,Trial027,B Triste Joie.jpg,58,DarkKhaki,76.7169,Eye,18,18,,,616.2208419990184,281.28435537930216,764.2274663733228,328.1152433707765,-,-,0.1628,0.2014,-0.9659,0.1488,0.2016,-0.9681,0,-,-,-,-,-,-,-,-,-,-,-,-,-,-,
240779,2833444.518,18:11:39:037,Trial027,B Triste Joie.jpg,58,DarkKhaki,76.7169,Eye,18,18,,,714.8507721124118,324.5760796835365,817.8142820325905,354.083587120717,-,-,0.1655,0.2046,-0.9648,0.155,0.2016,-0.9671,0,-,-,-,-,-,-,-,-,-,-,-,-,-,-,
240783,2833511.3,18:11:39:104,Trial027,B Triste Joie.jpg,58,DarkKhaki,76.7169,Eye,6,6,,,600.526444809949,277.8792858630957,677.749077250083,323.2448719360852,-,-,0.2765,0.1786,-0.9443,0.2614,0.1818,-0.9479,0,-,-,-,-,-,-,-,-,-,-,-,-,-,-,
240787,2833578.082,18:11:39:171,Trial027,B Triste Joie.jpg,58,DarkKhaki,76.7169,Eye,6,6,,,514.7855759624451,329.8462922283022,572.7025502925457,232.02900200759365,-,-,0.3066,0.174,-0.9358,0.2993,0.1712,-0.9387,0,-,-,-,-,-,-,-,-,-,-,-,-,-,-,
240791,2833644.864,18:11:39:237,Trial027,B Triste Joie.jpg,58,DarkKhaki,76.7169,Eye,6,6,,,450.5403723049377,278.4278304334489,493.97810305251306,286.4027693741081,-,-,0,0,0,0,0,0,0,-,-,-,-,-,-,-,-,-,-,-,-,-,-,
240795,2833711.646,18:11:39:304,Trial027,B Triste Joie.jpg,58,DarkKhaki,76.7169,Eye,6,6,,,402.36072501117076,300.9252575872279,434.93902307185226,222.13216933011117,-,-,0.3207,0.1133,-0.9404,0.3005,0.1475,-0.9423,0,-,-,-,-,-,-,-,-,-,-,-,-,-,-,
240799,2833778.428,18:11:39:371,Trial027,B Triste Joie.jpg,58,DarkKhaki,76.7169,Eye,6,6,,,366.1943668059258,234.6903053434279,390.6280903514369,296.31226672845827,-,-,0.3069,0.1657,-0.9372,0.2958,0.1607,-0.9416,0,-,-,-,-,-,-,-,-,-,-,-,-,-,-,
240803,2833845.21,18:11:39:438,Trial027,B Triste Joie.jpg,58,DarkKhaki,76.7169,Eye,6,6,,,339.10403001740667,240.2100882180332,357.42932267654004,310.83425993170096,-,-,0.3001,0.1541,-0.9414,0.2975,0.1607,-0.9411,0,-,-,-,-,-,-,-,-,-,-,-,-,-,-,
240807,2833911.992,18:11:39:504,Trial027,B Triste Joie.jpg,58,DarkKhaki,76.7169,Eye,6,6,,,318.77738673026687,270.7737179427025,332.5213562246169,284.50069839614343,-,-,0.3019,0.1543,-0.9408,0.2923,0.1601,-0.9428,0,-,-,-,-,-,-,-,-,-,-,-,-,-,-,
240811,2833978.774,18:11:39:571,Trial027,B Triste Joie.jpg,58,DarkKhaki,76.7169,Eye,19,19,,,466.7036421968543,239.25965821774997,471.9624643526831,278.2648359975034,-,-,0.1053,0.1943,-0.9753,0.101,0.1901,-0.9766,0,-,-,-,-,-,-,-,-,-,-,-,-,-,-,
240815,2834045.556,18:11:39:638,Trial027,B Triste Joie.jpg,58,DarkKhaki,76.7169,Eye,19,19,,,569.5668130042831,327.0309572779904,575.8239669700351,313.2956558904603,-,-,0.1017,0.1939,-0.9757,0.103,0.2003,-0.9743,0,-,-,-,-,-,-,-,-,-,-,-,-,-,-,
240819,2834112.338,18:11:39:705,Trial027,B Triste Joie.jpg,58,DarkKhaki,76.7169,Eye,16,18,,,603.361005461584,314.280907159985,599.5018162653507,326.63041378614844,-,-,-0.0155,0.2035,-0.9789,-0.0427,0.1964,-0.9796,0,-,-,-,-,-,-,-,-,-,-,-,-,-,-,
240823,2834179.12,18:11:39:772,Trial027,B Triste Joie.jpg,58,DarkKhaki,76.7169,Eye,20,20,,,581.4637434540142,362.0670782639587,580.314680532991,292.98082989673014,-,-,-0.1149,0.1908,-0.9749,-0.1192,0.1854,-0.9754,0,-,-,-,-,-,-,-,-,-,-,-,-,-,-,
240827,2834245.891,18:11:39:838,Trial027,B Triste Joie.jpg,58,DarkKhaki,76.7169,Eye,20,20,,,572.8084511894455,347.10329671292374,565.2551278162069,424.5967611856394,-,-,-0.1149,0.1872,-0.9756,-0.1193,0.1995,-0.9726,0,-,-,-,-,-,-,-,-,-,-,-,-,-,-,
240831,2834312.663,18:11:39:905,Trial027,B Triste Joie.jpg,58,DarkKhaki,76.7169,Eye,20,20,,,554.6767100133761,439.304087880624,561.0308550021743,392.2107692687141,-,-,-0.1218,0.1877,-0.9746,-0.1146,0.1981,-0.9735,0,-,-,-,-,-,-,-,-,-,-,-,-,-,-,
240835,2834379.434,18:11:39:972,Trial027,B Triste Joie.jpg,58,DarkKhaki,76.7169,Eye,17,20,,,550.9239637021329,327.9134986121453,556.7454637030087,414.6791318431705,-,-,-0.1148,0.2037,-0.9723,-0.119,0.1965,-0.9733,0,-,-,-,-,-,-,-,-,-,-,-,-,-,-,
240839,2834446.206,18:11:40:039,Trial027,B Triste Joie.jpg,58,DarkKhaki,76.7169,Eye,17,20,,,539.6191079878485,369.3015998583295,551.4583488809099,397.35672926765767,-,-,-0.1175,0.1969,-0.9734,-0.1217,0.1949,-0.9732,0,-,-,-,-,-,-,-,-,-,-,-,-,-,-,
240843,2834512.977,18:11:40:105,Trial027,B Triste Joie.jpg,58,DarkKhaki,76.7169,Eye,21,21,,,495.0549227682957,454.84394943670014,505.0643740799785,392.5160775057055,-,-,-0.2118,0.1912,-0.9584,-0.2163,0.1895,-0.9578,0,-,-,-,-,-,-,-,-,-,-,-,-,-,-,
240847,2834579.749,18:11:40:172,Trial027,B Triste Joie.jpg,58,DarkKhaki,76.7169,Eye,21,21,,,467.7332364065311,310.5408143181107,468.96522796631336,381.91769351729545,-,-,-0.2108,0.1898,-0.9589,-0.2185,0.1857,-0.958,0,-,-,-,-,-,-,-,-,-,-,-,-,-,-,
240851,2834646.52,18:11:40:239,Trial027,B Triste Joie.jpg,58,DarkKhaki,76.7169,Eye,21,21,,,440.40859735105016,404.9153222447788,452.1830421012763,318.4179828391295,-,-,-0.2181,0.1901,-0.9572,-0.217,0.1848,-0.9585,0,-,-,-,-,-,-,-,-,-,-,-,-,-,-,
262237,2835091.606,18:11:40:684,Trial028,cadeau dernier1.avi,58,DarkKhaki,84.9826,Information,1,1,,,419.91511805943946,330.38375311870607,439.5964027024986,361.7094032835502,-,-,-,-,-,-,-,-,-,-,-,-,-,-,-,-,f4e953b4cfcf7b597fd01acc81df424c.avi,-,-,-,-,-,-,
262241,2835147.284,18:11:40:740,Trial028,cadeau dernier1.avi,58,DarkKhaki,84.9826,Eye,1,1,,,534.7829363143875,332.76606795281543,552.5241304801455,317.11948597957604,-,-,0.1114,0.2045,-0.9725,0.1094,0.2083,-0.9719,0,-,-,-,-,-,-,-,-,-,-,-,-,-,-,
262245,2835214.022,18:11:40:806,Trial028,cadeau dernier1.avi,58,DarkKhaki,84.9826,Eye,1,1,,,616.994502502177,354.00717961917564,642.2275623533051,407.2241288781869,-,-,0.1138,0.2024,-0.9727,0.1155,0.2065,-0.9716,0,-,-,-,-,-,-,-,-,-,-,-,-,-,-,
262249,2835280.76,18:11:40:873,Trial028,cadeau dernier1.avi,58,DarkKhaki,84.9826,Eye,1,1,,,686.8466654566143,433.60232587133737,705.0714849732842,444.838273307488,-,-,0.1091,0.2027,-0.9731,0.1064,0.206,-0.9728,0,-,-,-,-,-,-,-,-,-,-,-,-,-,-,
262253,2835347.498,18:11:40:940,Trial028,cadeau dernier1.avi,58,DarkKhaki,84.9826,Eye,2,2,,,708.4934815377502,388.94907707007536,711.4672689866837,328.55598866211284,-,-,0.0201,0.1823,-0.983,0.007,0.18,-0.9836,0,-,-,-,-,-,-,-,-,-,-,-,-,-,-,
262257,2835414.237,18:11:41:007,Trial028,cadeau dernier1.avi,58,DarkKhaki,84.9826,Eye,2,2,,,721.8444861268061,350.3380415889431,715.6390019365547,399.8969046406005,-,-,0.0167,0.1736,-0.9847,0.0049,0.1692,-0.9856,0,-,-,-,-,-,-,-,-,-,-,-,-,-,-,
262261,2835480.975,18:11:41:073,Trial028,cadeau dernier1.avi,58,DarkKhaki,84.9826,Eye,2,2,,,725.8305945904576,400.6591878711103,720.4607548815665,328.1574420210931,-,-,0.0097,0.172,-0.9851,0.0061,0.1781,-0.984,0,-,-,-,-,-,-,-,-,-,-,-,-,-,-,
262265,2835547.713,18:11:41:140,Trial028,cadeau dernier1.avi,58,DarkKhaki,84.9826,Eye,2,2,,,723.5968680558374,357.6290669864582,732.1503171991093,379.30838061470536,-,-,0.0018,0.1565,-0.9877,0.0045,0.1523,-0.9883,0,-,-,-,-,-,-,-,-,-,-,-,-,-,-,
262269,2835614.451,18:11:41:207,Trial028,cadeau dernier1.avi,58,DarkKhaki,84.9826,Eye,1,1,,,607.2342322753937,334.38962610604307,613.6493191328477,379.2594035747345,-,-,0,0,0,0,0,0,0,-,-,-,-,-,-,-,-,-,-,-,-,-,-,
262273,2835681.189,18:11:41:274,Trial028,cadeau dernier1.avi,58,DarkKhaki,84.9826,Eye,3,3,,,643.3998375998908,341.67902921889055,649.6332931636011,346.5546977740445,-,-,0.007,0.1838,-0.9829,0.0133,0.1896,-0.9818,0,-,-,-,-,-,-,-,-,-,-,-,-,-,-,
262277,2835747.928,18:11:41:340,Trial028,cadeau dernier1.avi,58,DarkKhaki,84.9826,Eye,3,3,,,671.1842430405886,347.3083259084164,673.1044777589545,356.8805791138393,-,-,0.0104,0.1647,-0.9863,0.0014,0.173,-0.9849,0,-,-,-,-,-,-,-,-,-,-,-,-,-,-,
262281,2835814.666,18:11:41:407,Trial028,cadeau dernier1.avi,58,DarkKhaki,84.9826,Eye,3,3,,,686.0116248134706,385.785052972641,691.3780386147033,341.87912516185696,-,-,0.0095,0.169,-0.9856,0.0096,0.1786,-0.9839,0,-,-,-,-,-,-,-,-,-,-,-,-,-,-,
262285,2835881.417,18:11:41:474,Trial028,cadeau dernier1.avi,58,DarkKhaki,84.9826,Eye,3,3,,,698.6651198343462,318.93727586479514,696.2739240829229,408.878952440881,-,-,0.0187,0.172,-0.9849,0.01,0.1816,-0.9833,0,-,-,-,-,-,-,-,-,-,-,-,-,-,-,
262289,2835948.18,18:11:41:541,Trial028,cadeau dernier1.avi,58,DarkKhaki,84.9826,Eye,3,3,,,708.7246781696416,410.28231562413094,694.4135155953626,472.6824700249159,-,-,0.0099,0.1661,-0.9861,0.0036,0.1666,-0.986,0,-,-,-,-,-,-,-,-,-,-,-,-,-,-,
262293,2836014.955,18:11:41:607,Trial028,cadeau dernier1.avi,58,DarkKhaki,84.9826,Eye,-,-,,,796.7555374619051,423.7335652448843,784.7773017302175,410.09763938844924,-,-,0.1929,0.1579,-0.9684,0.175,0.1717,-0.9695,0,-,-,-,-,-,-,-,-,-,-,-,-,-,-,
262297,2836081.73,18:11:41:674,Trial028,cadeau dernier1.avi,58,DarkKhaki,84.9826,Eye,-,-,,,662.0626478998673,335.4529569337481,653.0789711011016,382.2862818089694,-,-,0.2631,0.1631,-0.9509,0.257,0.168,-0.9517,0,-,-,-,-,-,-,-,-,-,-,-,-,-,-,
262301,2836148.506,18:11:41:741,Trial028,cadeau dernier1.avi,58,DarkKhaki,84.9826,Eye,-,-,,,561.0394731893605,368.63778235457283,554.3017155902862,351.0947339616192,-,-,0.2721,0.1708,-0.947,0.2609,0.1635,-0.9514,0,-,-,-,-,-,-,-,-,-,-,-,-,-,-,
262305,2836215.281,18:11:41:808,Trial028,cadeau dernier1.avi,58,DarkKhaki,84.9826,Eye,-,-,,,485.3061586796621,386.7386491949758,480.2528404803563,238.15561292683213,-,-,0.2702,0.1674,-0.9481,0.263,0.1698,-0.9497,0,-,-,-,-,-,-,-,-,-,-,-,-,-,-,
262309,2836282.056,18:11:41:874,Trial028,cadeau dernier1.avi,58,DarkKhaki,84.9826,Eye,-,-,,,428.5598440008332,319.0775183317494,424.76985535135384,306.58668504694623,-,-,0.3068,0.1617,-0.9379,0.2889,0.1668,-0.9427,0,-,-,-,-,-,-,-,-,-,-,-,-,-,-,
262313,2836348.832,18:11:41:941,Trial028,cadeau dernier1.avi,58,DarkKhaki,0.0,Eye,-,-,,,386.0001079917115,272.9940379652561,383.157616504602,353.81090497331496,-,-,0.3078,0.1672,-0.9366,0.2924,0.1717,-0.9408,0,-,-,-,-,-,-,-,-,-,-,-,-,-,-,
262317,2836415.607,18:11:42:008,Trial028,cadeau dernier1.avi,58,DarkKhaki,0.0,Eye,-,-,,,354.0803059848703,307.50041902755834,351.94843736953817,241.5671298781126,-,-,0.2983,0.0806,-0.9511,0.2768,0.0724,-0.9582,0,-,-,-,-,-,-,-,-,-,-,-,-,-,-,
262321,2836482.382,18:11:42:075,Trial028,cadeau dernier1.avi,58,DarkKhaki,0.0,Eye,-,-,,,330.14045447973933,243.3017680382942,328.5415530182402,299.1641427221053,-,-,0.258,-0.083,-0.9626,0.2467,-0.084,-0.9655,0,-,-,-,-,-,-,-,-,-,-,-,-,-,-,
262325,2836549.158,18:11:42:142,Trial028,cadeau dernier1.avi,58,DarkKhaki,0.0,Eye,-,-,,,,,,,-,-,0.2492,-0.0854,-0.9647,0.2486,-0.0748,-0.9657,0,-,-,-,-,-,-,-,-,-,-,-,-,-,-,
262329,2836615.933,18:11:42:208,Trial028,cadeau dernier1.avi,58,DarkKhaki,0.0,Eye,-,-,,,,,,,-,-,0.2776,-0.0909,-0.9564,0.2633,-0.0804,-0.9614,0,-,-,-,-,-,-,-,-,-,-,-,-,-,-,
262333,2836682.709,18:11:42:275,Trial028,cadeau dernier1.avi,58,DarkKhaki,0.0,Eye,-,-,,,,,,,-,-,0.2872,-0.0908,-0.9536,0.2731,-0.0822,-0.9585,0,-,-,-,-,-,-,-,-,-,-,-,-,-,-,
262337,2836749.481,18:11:42:342,Trial028,cadeau dernier1.avi,58,DarkKhaki,0.0,Eye,-,-,,,,,,,-,-,0.2921,-0.0968,-0.9515,0.2782,-0.0755,-0.9576,0,-,-,-,-,-,-,-,-,-,-,-,-,-,-,
262341,2836816.254,18:11:42:409,Trial028,cadeau dernier1.avi,58,DarkKhaki,0.0,Eye,-,-,,,,,,,-,-,0.2794,-0.0673,-0.9578,0.2519,-0.0669,-0.9654,0,-,-,-,-,-,-,-,-,-,-,-,-,-,-,
262345,2836883.027,18:11:42:475,Trial028,cadeau dernier1.avi,58,DarkKhaki,0.0,Eye,4,4,,,,,,,-,-,0.0086,0.2143,-0.9767,0.0015,0.2134,-0.977,0,-,-,-,-,-,-,-,-,-,-,-,-,-,-,
262349,2836949.8,18:11:42:542,Trial028,cadeau dernier1.avi,58,DarkKhaki,0.0,Eye,2,4,,,,,,,-,-,0.0031,0.2157,-0.9765,-0.0057,0.2023,-0.9793,0,-,-,-,-,-,-,-,-,-,-,-,-,-,-,
262353,2837016.572,18:11:42:609,Trial028,cadeau dernier1.avi,58,DarkKhaki,0.0,Eye,2,2,,,,,,,-,-,0.002,0.212,-0.9773,-0.0043,0.207,-0.9783,0,-,-,-,-,-,-,-,-,-,-,-,-,-,-,
262357,2837083.345,18:11:42:676,Trial028,cadeau dernier1.avi,58,DarkKhaki,0.0,Eye,5,5,,,,,,,-,-,-0.0814,0.2183,-0.9725,-0.0836,0.2071,-0.9747,0,-,-,-,-,-,-,-,-,-,-,-,-,-,-,
262361,2837150.118,18:11:42:743,Trial028,cadeau dernier1.avi,58,DarkKhaki,0.0,Eye,5,5,,,,,,,-,-,-0.0829,0.2157,-0.9729,-0.0834,0.2151,-0.973,0,-,-,-,-,-,-,-,-,-,-,-,-,-,-,
262365,2837216.891,18:11:42:809,Trial028,cadeau dernier1.avi,58,DarkKhaki,0.0,Eye,5,5,,,,,,,-,-,-0.077,0.2188,-0.9727,-0.0806,0.2113,-0.9741,0,-,-,-,-,-,-,-,-,-,-,-,-,-,-,
262369,2837283.664,18:11:42:876,Trial028,cadeau dernier1.avi,58,DarkKhaki,0.0,Eye,5,5,,,,,,,-,-,-0.0825,0.214,-0.9733,-0.0858,0.2164,-0.9725,0,-,-,-,-,-,-,-,-,-,-,-,-,-,-,
262373,2837350.437,18:11:42:943,Trial028,cadeau dernier1.avi,58,DarkKhaki,84.9826,Eye,5,5,,,563.0014344222333,319.73937855818133,585.3810429779707,355.40098943036816,-,-,-0.0837,0.2103,-0.974,-0.08,0.2182,-0.9726,0,-,-,-,-,-,-,-,-,-,-,-,-,-,-,
262377,2837417.209,18:11:43:010,Trial028,cadeau dernier1.avi,58,DarkKhaki,84.9826,Eye,5,5,,,578.1626311574822,365.9227588922653,588.6612209292257,349.28966813591586,-,-,-0.0749,0.216,-0.9735,-0.0823,0.2152,-0.9731,0,-,-,-,-,-,-,-,-,-,-,-,-,-,-,
262381,2837483.982,18:11:43:076,Trial028,cadeau dernier1.avi,58,DarkKhaki,84.9826,Eye,5,5,,,582.8474829816158,321.3027131499482,591.3839917919307,375.8245570199019,-,-,-0.0779,0.2183,-0.9728,-0.0826,0.2233,-0.9713,0,-,-,-,-,-,-,-,-,-,-,-,-,-,-,
262385,2837550.76,18:11:43:143,Trial028,cadeau dernier1.avi,58,DarkKhaki,84.9826,Eye,5,5,,,585.9083133964028,328.78377265099255,588.9488951504588,386.8206316958542,-,-,-0.0766,0.2181,-0.9729,-0.0769,0.2169,-0.9732,0,-,-,-,-,-,-,-,-,-,-,-,-,-,-,
262389,2837617.542,18:11:43:210,Trial028,cadeau dernier1.avi,58,DarkKhaki,84.9826,Eye,5,5,,,589.5979779208855,357.59972584964373,594.4648107545855,393.34202669256956,-,-,-0.0783,0.2173,-0.973,-0.0748,0.2204,-0.9725,0,-,-,-,-,-,-,-,-,-,-,-,-,-,-,
262393,2837684.321,18:11:43:277,Trial028,cadeau dernier1.avi,58,DarkKhaki,84.9826,Eye,5,5,,,596.1414702109073,388.8174582534591,594.5055198203855,341.9965466962019,-,-,-0.0758,0.2172,-0.9732,-0.0807,0.227,-0.9705,0,-,-,-,-,-,-,-,-,-,-,-,-,-,-,
262397,2837751.098,18:11:43:343,Trial028,cadeau dernier1.avi,58,DarkKhaki,84.9826,Eye,5,5,,,593.5619021418092,375.71735419305895,589.1440736028886,374.66751115159593,-,-,-0.0757,0.2259,-0.9712,-0.0805,0.229,-0.9701,0,-,-,-,-,-,-,-,-,-,-,-,-,-,-,
262401,2837817.875,18:11:43:410,Trial028,cadeau dernier1.avi,58,DarkKhaki,84.9826,Eye,5,5,,,600.6550287279011,374.54083008727395,592.369061592865,383.2507076690349,-,-,-0.0767,0.2239,-0.9716,-0.0814,0.2206,-0.972,0,-,-,-,-,-,-,-,-,-,-,-,-,-,-,
262405,2837884.653,18:11:43:477,Trial028,cadeau dernier1.avi,58,DarkKhaki,84.9826,Eye,5,5,,,595.8622833663035,410.25023627380466,585.05246010759,306.5913070932693,-,-,-0.071,0.2289,-0.9709,-0.0828,0.2226,-0.9714,0,-,-,-,-,-,-,-,-,-,-,-,-,-,-,
262409,2837951.43,18:11:43:544,Trial028,cadeau dernier1.avi,58,DarkKhaki,84.9826,Eye,5,5,,,587.5009544513866,428.8757258921979,587.5382946131504,361.79245749453105,-,-,-0.0693,0.2238,-0.9722,-0.0796,0.2228,-0.9716,0,-,-,-,-,-,-,-,-,-,-,-,-,-,-,
262413,2838018.207,18:11:43:611,Trial028,cadeau dernier1.avi,58,DarkKhaki,84.9826,Eye,5,3,,,591.2047588241136,376.6092291313225,586.1044807496702,342.4597432088417,-,-,-0.0986,0.2325,-0.9676,-0.1043,0.2389,-0.9654,0,-,-,-,-,-,-,-,-,-,-,-,-,-,-,
262417,2838084.984,18:11:43:677,Trial028,cadeau dernier1.avi,58,DarkKhaki,84.9826,Eye,6,6,,,578.083450015586,336.4527173060117,576.3667020620953,421.6358527468213,-,-,-0.1027,0.2415,-0.9649,-0.1159,0.2355,-0.9649,0,-,-,-,-,-,-,-,-,-,-,-,-,-,-,
262421,2838151.761,18:11:43:744,Trial028,cadeau dernier1.avi,58,DarkKhaki,84.9826,Eye,6,6,,,582.7911868159293,342.3626951942703,572.7181627812736,356.5991741310266,-,-,-0.0967,0.2369,-0.9667,-0.1087,0.2366,-0.9655,0,-,-,-,-,-,-,-,-,-,-,-,-,-,-,
262425,2838218.538,18:11:43:811,Trial028,cadeau dernier1.avi,58,DarkKhaki,84.9826,Eye,6,6,,,573.3938591899877,447.8569795933868,573.3575934801415,308.84656734639066,-,-,-0.1051,0.2392,-0.9653,-0.1062,0.2392,-0.9651,0,-,-,-,-,-,-,-,-,-,-,-,-,-,-,
262429,2838285.316,18:11:43:878,Trial028,cadeau dernier1.avi,58,DarkKhaki,84.9826,Eye,6,6,,,561.0979786184569,299.705131355849,575.7322287864376,340.5197759691529,-,-,-0.108,0.2448,-0.9635,-0.1113,0.2377,-0.9649,0,-,-,-,-,-,-,-,-,-,-,-,-,-,-,
262433,2838352.093,18:11:43:944,Trial028,cadeau dernier1.avi,58,DarkKhaki,84.9826,Eye,6,6,,,558.4165844278007,327.7274941625391,569.4486661507518,408.69772522169745,-,-,-0.1016,0.2325,-0.9673,-0.112,0.2319,-0.9663,0,-,-,-,-,-,-,-,-,-,-,-,-,-,-,
262437,2838418.861,18:11:44:011,Trial028,cadeau dernier1.avi,58,DarkKhaki,84.9826,Eye,7,7,,,549.4896341859392,358.9776750276963,557.4599160439853,336.8097707562056,-,-,-0.1132,0.1894,-0.9754,-0.1222,0.1964,-0.9729,0,-,-,-,-,-,-,-,-,-,-,-,-,-,-,
262441,2838485.629,18:11:44:078,Trial028,cadeau dernier1.avi,58,DarkKhaki,84.9826,Eye,7,7,,,558.9623200900546,393.0398033347596,553.8727674904032,399.05982102602894,-,-,-0.1146,0.19,-0.9751,-0.1241,0.1915,-0.9736,0,-,-,-,-,-,-,-,-,-,-,-,-,-,-,
262445,2838552.411,18:11:44:145,Trial028,cadeau dernier1.avi,58,DarkKhaki,84.9826,Eye,7,7,,,562.7723315986394,360.53417150937287,547.3511209591138,420.793881509441,-,-,-0.1143,0.1983,-0.9735,-0.1243,0.2038,-0.9711,0,-,-,-,-,-,-,-,-,-,-,-,-,-,-,
262449,2838619.197,18:11:44:212,Trial028,cadeau dernier1.avi,58,DarkKhaki,84.9826,Eye,7,7,,,561.5886954574142,348.52977694277746,540.8714482246073,366.42591784367454,-,-,-0.1179,0.1948,-0.9737,-0.1199,0.1881,-0.9748,0,-,-,-,-,-,-,-,-,-,-,-,-,-,-,
262453,2838685.983,18:11:44:278,Trial028,cadeau dernier1.avi,58,DarkKhaki,84.9826,Eye,7,7,,,559.167197089344,382.97737900206636,533.9816931886035,393.5115174892223,-,-,-0.1144,0.1934,-0.9744,-0.1173,0.1895,-0.9748,0,-,-,-,-,-,-,-,-,-,-,-,-,-,-,
262457,2838752.769,18:11:44:345,Trial028,cadeau dernier1.avi,58,DarkKhaki,84.9826,Eye,7,7,,,547.0996628235812,319.76615075132037,532.9652809283577,372.3600414628849,-,-,-0.1151,0.193,-0.9744,-0.1156,0.1991,-0.9731,0,-,-,-,-,-,-,-,-,-,-,-,-,-,-,
262461,2838819.555,18:11:44:412,Trial028,cadeau dernier1.avi,58,DarkKhaki,84.9826,Eye,7,7,,,550.8086296666971,403.1259714025,530.5588487265605,370.1820325386236,-,-,-0.1154,0.2011,-0.9727,-0.1242,0.2082,-0.9702,0,-,-,-,-,-,-,-,-,-,-,-,-,-,-,
262465,2838886.341,18:11:44:479,Trial028,cadeau dernier1.avi,58,DarkKhaki,84.9826,Eye,7,7,,,548.0996021171522,370.39536505765744,527.6436959542172,359.96342505319706,-,-,-0.1173,0.2299,-0.9661,-0.1263,0.2319,-0.9645,0,-,-,-,-,-,-,-,-,-,-,-,-,-,-,
262469,2838953.127,18:11:44:546,Trial028,cadeau dernier1.avi,58,DarkKhaki,84.9826,Eye,2,2,,,475.7092414115808,369.630222049978,460.3673117893795,340.6416388145825,-,-,0,0,0,0,0,0,0,-,-,-,-,-,-,-,-,-,-,-,-,-,-,
262473,2839019.913,18:11:44:612,Trial028,cadeau dernier1.avi,58,DarkKhaki,84.9826,Eye,8,8,,,573.3528090533376,318.69752695428895,561.4520516596466,311.7181650752293,-,-,0.0734,0.2099,-0.975,0.0617,0.2284,-0.9716,0,-,-,-,-,-,-,-,-,-,-,-,-,-,-,
262477,2839086.699,18:11:44:679,Trial028,cadeau dernier1.avi,58,DarkKhaki,84.9826,Eye,8,8,,,640.9083496564056,377.27765181408944,625.8754632572455,335.60683000912934,-,-,0.0844,0.219,-0.9721,0.0621,0.2121,-0.9753,0,-,-,-,-,-,-,-,-,-,-,-,-,-,-,
262481,2839153.485,18:11:44:746,Trial028,cadeau dernier1.avi,58,DarkKhaki,84.9826,Eye,8,8,,,700.7072941883962,363.58618836185275,686.5556958800771,349.43371300618026,-,-,0.0704,0.2153,-0.974,0.066,0.2149,-0.9744,0,-,-,-,-,-,-,-,-,-,-,-,-,-,-,
262485,2839220.264,18:11:44:813,Trial028,cadeau dernier1.avi,58,DarkKhaki,84.9826,Eye,9,9,,,700.7859107944982,381.60739198160076,683.6482682810533,394.5454253628219,-,-,-0.0088,0.1402,-0.9901,-0.0226,0.1428,-0.9895,0,-,-,-,-,-,-,-,-,-,-,-,-,-,-,
262489,2839287.037,18:11:44:879,Trial028,cadeau dernier1.avi,58,DarkKhaki,84.9826,Eye,9,9,,,710.9366826477894,415.1493212182878,683.3342007038489,411.3100818246454,-,-,-0.0124,0.1359,-0.9906,-0.0281,0.1444,-0.9891,0,-,-,-,-,-,-,-,-,-,-,-,-,-,-,
262493,2839353.809,18:11:44:946,Trial028,cadeau dernier1.avi,58,DarkKhaki,84.9826,Eye,9,9,,,704.129040613995,406.7270473547007,687.0370791804054,384.04508847962757,-,-,-0.0225,0.139,-0.99,-0.036,0.1323,-0.9906,0,-,-,-,-,-,-,-,-,-,-,-,-,-,-,
262497,2839420.577,18:11:45:013,Trial028,cadeau dernier1.avi,58,DarkKhaki,84.9826,Eye,10,10,,,630.7240077945066,423.07266870989287,617.5572366369383,361.06115160131225,-,-,-0.1914,0.1845,-0.964,-0.2057,0.1845,-0.9611,0,-,-,-,-,-,-,-,-,-,-,-,-,-,-,
262501,2839487.345,18:11:45:080,Trial028,cadeau dernier1.avi,58,DarkKhaki,84.9826,Eye,10,10,,,567.5144643732887,410.1382069393043,562.0671181429858,384.79843764330053,-,-,-0.1946,0.1924,-0.9618,-0.2054,0.1885,-0.9603,0,-,-,-,-,-,-,-,-,-,-,-,-,-,-,
262505,2839554.113,18:11:45:147,Trial028,cadeau dernier1.avi,58,DarkKhaki,84.9826,Eye,10,10,,,531.4116563817852,372.5851129302402,521.4523022025652,353.29552680238834,-,-,-0.1797,0.1921,-0.9648,-0.1904,0.1987,-0.9614,0,-,-,-,-,-,-,-,-,-,-,-,-,-,-,
262509,2839620.88,18:11:45:213,Trial028,cadeau dernier1.avi,58,DarkKhaki,84.9826,Eye,10,10,,,507.67032745955953,397.8488952913661,504.9071975546549,397.0983883233888,-,-,-0.1818,0.1916,-0.9645,-0.1908,0.2038,-0.9602,0,-,-,-,-,-,-,-,-,-,-,-,-,-,-,
262513,2839687.648,18:11:45:280,Trial028,cadeau dernier1.avi,58,DarkKhaki,84.9826,Eye,10,11,,,478.4293261686562,382.7840503234931,481.19161146703686,327.93648838007215,-,-,-0.1769,0.1914,-0.9654,-0.1851,0.1979,-0.9626,0,-,-,-,-,-,-,-,-,-,-,-,-,-,-,
262517,2839754.416,18:11:45:347,Trial028,cadeau dernier1.avi,58,DarkKhaki,84.9826,Eye,10,11,,,460.08250104662426,399.29198689594887,466.2954205698664,399.41247289127114,-,-,-0.1668,0.1863,-0.9682,-0.1852,0.1969,-0.9628,0,-,-,-,-,-,-,-,-,-,-,-,-,-,-,
262521,2839821.184,18:11:45:414,Trial028,cadeau dernier1.avi,58,DarkKhaki,84.9826,Eye,7,11,,,457.8931983183737,393.48918846132824,468.3722900327488,361.2493169250425,-,-,-0.1658,0.1856,-0.9685,-0.1746,0.1937,-0.9654,0,-,-,-,-,-,-,-,-,-,-,-,-,-,-,
262525,2839887.952,18:11:45:480,Trial028,cadeau dernier1.avi,58,DarkKhaki,84.9826,Eye,11,12,,,403.2229758896677,332.7697914887152,415.639084675449,401.74089818452387,-,-,-0.2813,0.1589,-0.9464,-0.2857,0.1699,-0.9431,0,-,-,-,-,-,-,-,-,-,-,-,-,-,-,
262529,2839954.719,18:11:45:547,Trial028,cadeau dernier1.avi,58,DarkKhaki,84.9826,Eye,11,12,,,356.8550701389363,346.2423048243493,372.79124172827227,364.59426185130303,-,-,-0.2908,0.1599,-0.9433,-0.2981,0.1638,-0.9404,0,-,-,-,-,-,-,-,-,-,-,-,-,-,-,
262533,2840021.487,18:11:45:614,Trial028,cadeau dernier1.avi,58,DarkKhaki,84.9826,Eye,11,12,,,322.2016265347969,373.562549140152,337.2522152267989,391.0077681745761,-,-,-0.2896,0.1523,-0.945,-0.3054,0.1663,-0.9376,0,-,-,-,-,-,-,-,-,-,-,-,-,-,-,
262537,2840088.273,18:11:45:681,Trial028,cadeau dernier1.avi,58,DarkKhaki,84.9826,Eye,3,3,,,306.28387425340253,399.62687380708076,317.571815772404,368.64357032630414,-,-,0,0,0,0,0,0,0,-,-,-,-,-,-,-,-,-,-,-,-,-,-,
262541,2840155.059,18:11:45:747,Trial028,cadeau dernier1.avi,58,DarkKhaki,84.9826,Eye,3,3,,,294.3617666291901,378.9185087188235,302.8277227684413,328.2178888941457,-,-,0,0,0,0,0,0,0,-,-,-,-,-,-,-,-,-,-,-,-,-,-,
262545,2840221.841,18:11:45:814,Trial028,cadeau dernier1.avi,58,DarkKhaki,84.9826,Eye,8,13,,,376.0774534676397,330.33211205220084,377.8939159610851,347.78677727092344,-,-,-0.073,0.1633,-0.9839,-0.0842,0.15,-0.9851,0,-,-,-,-,-,-,-,-,-,-,-,-,-,-,
262549,2840288.612,18:11:45:881,Trial028,cadeau dernier1.avi,58,DarkKhaki,84.9826,Eye,12,13,,,434.3439668381509,376.4575085379347,435.8354936731488,346.80486269967116,-,-,-0.0591,0.1327,-0.9894,-0.0703,0.1492,-0.9863,0,-,-,-,-,-,-,-,-,-,-,-,-,-,-,
262553,2840355.382,18:11:45:948,Trial028,cadeau dernier1.avi,58,DarkKhaki,84.9826,Eye,12,13,,,487.8130004840723,390.7452552993531,484.2162213593491,340.2898228410267,-,-,-0.0587,0.1401,-0.9884,-0.0687,0.1402,-0.9877,0,-,-,-,-,-,-,-,-,-,-,-,-,-,-,
262557,2840422.153,18:11:46:015,Trial028,cadeau dernier1.avi,58,DarkKhaki,84.9826,Eye,12,14,,,522.3585742118441,442.3619754492927,518.6706564533285,392.23755966651345,-,-,-0.0592,0.1279,-0.99,-0.0635,0.1469,-0.9871,0,-,-,-,-,-,-,-,-,-,-,-,-,-,-,
262561,2840488.923,18:11:46:081,Trial028,cadeau dernier1.avi,58,DarkKhaki,84.9826,Eye,12,14,,,548.0560417165908,466.5572444010147,538.9287098920308,402.72375196002287,-,-,-0.0512,0.1217,-0.9912,-0.0643,0.1508,-0.9865,0,-,-,-,-,-,-,-,-,-,-,-,-,-,-,
262565,2840555.694,18:11:46:148,Trial028,cadeau dernier1.avi,58,DarkKhaki,84.9826,Eye,13,14,,,562.7799714140967,351.81442619904533,558.1706883774635,347.7132787109694,-,-,-0.0595,0.1253,-0.9903,-0.0596,0.1371,-0.9888,0,-,-,-,-,-,-,-,-,-,-,-,-,-,-,
262569,2840622.464,18:11:46:215,Trial028,cadeau dernier1.avi,58,DarkKhaki,84.9826,Eye,13,14,,,581.0053429170835,404.71755924527463,573.4511975234719,374.84593035489047,-,-,-0.0537,0.1181,-0.9916,-0.0597,0.1357,-0.9889,0,-,-,-,-,-,-,-,-,-,-,-,-,-,-,
262573,2840689.235,18:11:46:282,Trial028,cadeau dernier1.avi,58,DarkKhaki,84.9826,Eye,13,14,,,592.7790091668244,422.3898151874497,588.2346237302993,336.05437242656444,-,-,-0.0466,0.1253,-0.991,-0.0652,0.1359,-0.9886,0,-,-,-,-,-,-,-,-,-,-,-,-,-,-,
262577,2840756.005,18:11:46:348,Trial028,cadeau dernier1.avi,58,DarkKhaki,84.9826,Eye,10,10,,,599.6368546888958,372.39117217899565,595.8830988443971,360.45026670053494,-,-,-0.0493,0.1335,-0.9898,-0.0606,0.1296,-0.9897,0,-,-,-,-,-,-,-,-,-,-,-,-,-,-,
262581,2840822.776,18:11:46:415,Trial028,cadeau dernier1.avi,58,DarkKhaki,84.9826,Eye,14,15,,,649.4911830689308,408.71032678632236,650.625993075147,410.56104067346433,-,-,0.0493,0.1739,-0.9835,0.0569,0.1633,-0.9849,0,-,-,-,-,-,-,-,-,-,-,-,-,-,-,
262585,2840889.543,18:11:46:482,Trial028,cadeau dernier1.avi,58,DarkKhaki,84.9826,Eye,14,15,,,689.4331239017822,384.5084137472806,684.5556841668624,422.7018302465523,-,-,0.0603,0.1736,-0.983,0.0451,0.1737,-0.9838,0,-,-,-,-,-,-,-,-,-,-,-,-,-,-,
262589,2840956.306,18:11:46:549,Trial028,cadeau dernier1.avi,58,DarkKhaki,84.9826,Eye,4,4,,,581.9517762384155,366.47933018646927,578.2936964372257,357.93432316078815,-,-,0.2162,0.0586,-0.9746,0,0,0,0,-,-,-,-,-,-,-,-,-,-,-,-,-,-,
262593,2841023.069,18:11:46:615,Trial028,cadeau dernier1.avi,58,DarkKhaki,84.9826,Eye,4,4,,,501.3784369546195,322.02366147089776,498.63487710372704,353.9108792962394,-,-,0,0,0,0,0,0,0,-,-,-,-,-,-,-,-,-,-,-,-,-,-,
262597,2841089.83,18:11:46:682,Trial028,cadeau dernier1.avi,58,DarkKhaki,84.9826,Eye,4,11,,,619.4526565517247,373.9281344607463,603.4415900395985,400.01342841025155,-,-,0.1347,0.0222,-0.9906,0.1035,0.0049,-0.9946,0,-,-,-,-,-,-,-,-,-,-,-,-,-,-,
262601,2841156.589,18:11:46:749,Trial028,cadeau dernier1.avi,58,DarkKhaki,84.9826,Eye,15,16,,,708.9513994940166,409.72767238128614,688.7593458658223,393.05244256385475,-,-,0.1245,0.0392,-0.9914,0.1163,0.0347,-0.9926,0,-,-,-,-,-,-,-,-,-,-,-,-,-,-,
262605,2841223.348,18:11:46:816,Trial028,cadeau dernier1.avi,58,DarkKhaki,84.9826,Eye,15,16,,,768.8773607898082,407.1806929471703,747.0481462647097,402.2196712767204,-,-,0.1324,0.0327,-0.9906,0.1159,0.0422,-0.9924,0,-,-,-,-,-,-,-,-,-,-,-,-,-,-,
262609,2841290.107,18:11:46:883,Trial028,cadeau dernier1.avi,58,DarkKhaki,84.9826,Eye,16,17,,,734.5699911804224,357.3238498731701,707.584115858229,380.7689419663687,-,-,-0.0698,0.1368,-0.9881,-0.0832,0.1232,-0.9889,0,-,-,-,-,-,-,-,-,-,-,-,-,-,-,
262613,2841356.866,18:11:46:949,Trial028,cadeau dernier1.avi,58,DarkKhaki,84.9826,Eye,16,17,,,700.9016105405594,414.2366023378993,682.3503485811896,363.1613401996013,-,-,-0.078,0.1419,-0.9868,-0.0829,0.1282,-0.9883,0,-,-,-,-,-,-,-,-,-,-,-,-,-,-,
262617,2841423.625,18:11:47:016,Trial028,cadeau dernier1.avi,58,DarkKhaki,84.9826,Eye,16,17,,,666.0223546304899,398.3085147306621,662.2608053726077,496.23837610424994,-,-,-0.0768,0.1442,-0.9866,-0.0814,0.1394,-0.9869,0,-,-,-,-,-,-,-,-,-,-,-,-,-,-,
262621,2841490.384,18:11:47:083,Trial028,cadeau dernier1.avi,58,DarkKhaki,84.9826,Eye,16,17,,,648.5441699745534,363.76022513699985,644.756993193859,444.05005531675,-,-,-0.0756,0.1347,-0.988,-0.086,0.1325,-0.9874,0,-,-,-,-,-,-,-,-,-,-,-,-,-,-,
262625,2841557.143,18:11:47:150,Trial028,cadeau dernier1.avi,58,DarkKhaki,84.9826,Eye,16,17,,,646.6099983245662,435.7286349742117,626.5797843801366,443.2988722224548,-,-,-0.0753,0.1375,-0.9876,-0.0905,0.1376,-0.9863,0,-,-,-,-,-,-,-,-,-,-,-,-,-,-,
262629,2841623.902,18:11:47:216,Trial028,cadeau dernier1.avi,58,DarkKhaki,84.9826,Eye,16,17,,,633.8573123909177,429.8587652772774,617.3985190866536,335.43218111921817,-,-,-0.0917,0.1298,-0.9873,-0.1015,0.1367,-0.9854,0,-,-,-,-,-,-,-,-,-,-,-,-,-,-,
262633,2841690.661,18:11:47:283,Trial028,cadeau dernier1.avi,58,DarkKhaki,84.9826,Eye,16,17,,,623.2528611881525,441.8022822933513,610.7824800527028,452.37674527521153,-,-,-0.0874,0.1396,-0.9863,-0.1065,0.14,-0.9844,0,-,-,-,-,-,-,-,-,-,-,-,-,-,-,
262637,2841757.432,18:11:47:350,Trial028,cadeau dernier1.avi,58,DarkKhaki,84.9826,Eye,16,17,,,617.173715903039,428.3872618726901,596.6619188607401,388.493508883845,-,-,-0.0868,0.1408,-0.9862,-0.0936,0.1406,-0.9856,0,-,-,-,-,-,-,-,-,-,-,-,-,-,-,
262641,2841824.203,18:11:47:417,Trial028,cadeau dernier1.avi,58,DarkKhaki,84.9826,Eye,16,17,,,616.0936042552268,458.858593611658,588.3526723511458,390.21136537308973,-,-,-0.0937,0.1389,-0.9859,-0.0997,0.1383,-0.9854,0,-,-,-,-,-,-,-,-,-,-,-,-,-,-,
262645,2841890.974,18:11:47:483,Trial028,cadeau dernier1.avi,58,DarkKhaki,84.9826,Eye,16,17,,,605.7408059807518,399.9386311828122,590.975441619146,350.79273102061745,-,-,-0.0841,0.1326,-0.9876,-0.0932,0.1355,-0.9864,0,-,-,-,-,-,-,-,-,-,-,-,-,-,-,
262649,2841957.753,18:11:47:550,Trial028,cadeau dernier1.avi,58,DarkKhaki,84.9826,Eye,16,17,,,600.9925670106071,413.61114209359016,587.0453696354568,402.53229645607547,-,-,-0.0886,0.1357,-0.9868,-0.097,0.132,-0.9865,0,-,-,-,-,-,-,-,-,-,-,-,-,-,-,
262653,2842024.534,18:11:47:617,Trial028,cadeau dernier1.avi,58,DarkKhaki,84.9826,Eye,16,18,,,594.6950910928226,386.8531393125183,585.9676698774601,409.96932962534447,-,-,-0.0918,0.1312,-0.9871,-0.0968,0.1418,-0.9851,0,-,-,-,-,-,-,-,-,-,-,-,-,-,-,
262657,2842091.316,18:11:47:684,Trial028,cadeau dernier1.avi,58,DarkKhaki,84.9826,Eye,16,18,,,595.7467997749059,423.9460444743259,589.2154604912723,351.90655466038817,-,-,-0.0899,0.1337,-0.9869,-0.0931,0.1329,-0.9867,0,-,-,-,-,-,-,-,-,-,-,-,-,-,-,
262661,2842158.097,18:11:47:750,Trial028,cadeau dernier1.avi,58,DarkKhaki,84.9826,Eye,16,18,,,590.7708736645277,392.83111335841613,585.9070918712932,380.28286131867054,-,-,-0.0858,0.1371,-0.9868,-0.0916,0.1379,-0.9862,0,-,-,-,-,-,-,-,-,-,-,-,-,-,-,
262665,2842224.879,18:11:47:817,Trial028,cadeau dernier1.avi,58,DarkKhaki,84.9826,Eye,16,18,,,587.5882444655376,356.8311187257429,588.9104489798366,436.399085797318,-,-,-0.0866,0.1356,-0.987,-0.0942,0.1398,-0.9857,0,-,-,-,-,-,-,-,-,-,-,-,-,-,-,
262669,2842291.66,18:11:47:884,Trial028,cadeau dernier1.avi,58,DarkKhaki,84.9826,Eye,16,18,,,585.7576175777565,508.62193786314776,588.2135527434388,435.8409683226118,-,-,-0.0855,0.1367,-0.9869,-0.0986,0.1388,-0.9854,0,-,-,-,-,-,-,-,-,-,-,-,-,-,-,
262673,2842358.442,18:11:47:951,Trial028,cadeau dernier1.avi,58,DarkKhaki,84.9826,Eye,17,14,,,593.345668573226,420.2851635966161,587.6294153671543,382.651887559963,-,-,-0.0998,0.0616,-0.9931,-0.1117,0.0823,-0.9903,0,-,-,-,-,-,-,-,-,-,-,-,-,-,-,
262677,2842425.223,18:11:48:018,Trial028,cadeau dernier1.avi,58,DarkKhaki,84.9826,Eye,17,19,,,585.612178171913,381.12247158147596,574.7115339643764,390.5282677624736,-,-,-0.0989,0.0313,-0.9946,-0.1105,0.0436,-0.9929,0,-,-,-,-,-,-,-,-,-,-,-,-,-,-,
262681,2842492.005,18:11:48:084,Trial028,cadeau dernier1.avi,58,DarkKhaki,84.9826,Eye,17,19,,,578.1769627012649,466.2680588120498,570.4555525390182,429.9310205770653,-,-,-0.0952,0.03,-0.995,-0.121,0.0488,-0.9915,0,-,-,-,-,-,-,-,-,-,-,-,-,-,-,
262685,2842558.781,18:11:48:151,Trial028,cadeau dernier1.avi,58,DarkKhaki,84.9826,Eye,17,19,,,587.6999881770893,446.19686453050593,566.0170950498947,431.62993108241164,-,-,-0.0964,0.0305,-0.9949,-0.1122,0.0421,-0.9928,0,-,-,-,-,-,-,-,-,-,-,-,-,-,-,
262689,2842625.552,18:11:48:218,Trial028,cadeau dernier1.avi,58,DarkKhaki,84.9826,Eye,18,20,,,586.5880522387788,431.809835243442,557.7409044256217,425.6817027701664,-,-,-0.0933,0.1317,-0.9869,-0.1036,0.1336,-0.9856,0,-,-,-,-,-,-,-,-,-,-,-,-,-,-,
262693,2842692.323,18:11:48:285,Trial028,cadeau dernier1.avi,58,DarkKhaki,84.9826,Eye,18,20,,,582.2712230215491,419.5663651614891,560.8077593939686,423.1906156651041,-,-,-0.0929,0.136,-0.9864,-0.1066,0.1322,-0.9855,0,-,-,-,-,-,-,-,-,-,-,-,-,-,-,
262697,2842759.094,18:11:48:351,Trial028,cadeau dernier1.avi,58,DarkKhaki,84.9826,Eye,18,20,,,577.6644538877372,399.5369294233145,562.1535127392594,421.3516107991852,-,-,-0.092,0.1354,-0.9865,-0.0978,0.1324,-0.9864,0,-,-,-,-,-,-,-,-,-,-,-,-,-,-,
262701,2842825.847,18:11:48:418,Trial028,cadeau dernier1.avi,58,DarkKhaki,84.9826,Eye,18,20,,,573.989741094183,408.365100839105,550.499903730561,391.5636152345636,-,-,-0.0894,0.1325,-0.9871,-0.1021,0.1409,-0.9847,0,-,-,-,-,-,-,-,-,-,-,-,-,-,-,
262705,2842892.599,18:11:48:485,Trial028,cadeau dernier1.avi,58,DarkKhaki,84.9826,Eye,18,20,,,573.7791544523075,441.4170485704837,555.4416736276441,419.4509361753618,-,-,-0.0926,0.1404,-0.9858,-0.106,0.1455,-0.9837,0,-,-,-,-,-,-,-,-,-,-,-,-,-,-,
262709,2842959.352,18:11:48:552,Trial028,cadeau dernier1.avi,58,DarkKhaki,84.9826,Eye,18,20,,,574.1109762386911,410.2710835307226,556.381292139005,388.5368961836344,-,-,-0.0884,0.1313,-0.9874,-0.0965,0.1362,-0.986,0,-,-,-,-,-,-,-,-,-,-,-,-,-,-,
262713,2843026.105,18:11:48:618,Trial028,cadeau dernier1.avi,58,DarkKhaki,84.9826,Eye,18,20,,,571.6793628346611,482.97189409441995,551.2889522216333,427.71956483289824,-,-,-0.0851,0.1328,-0.9875,-0.1127,0.138,-0.984,0,-,-,-,-,-,-,-,-,-,-,-,-,-,-,
262717,2843092.857,18:11:48:685,Trial028,cadeau dernier1.avi,58,DarkKhaki,84.9826,Eye,18,20,,,577.4504862992076,374.9935254857453,548.9134831360808,381.0919070166419,-,-,-0.0871,0.1349,-0.987,-0.1092,0.1416,-0.9839,0,-,-,-,-,-,-,-,-,-,-,-,-,-,-,
262721,2843159.61,18:11:48:752,Trial028,cadeau dernier1.avi,58,DarkKhaki,84.9826,Eye,18,20,,,578.671247547044,381.64072743747795,548.2495879167002,456.10021806542994,-,-,-0.0871,0.1241,-0.9884,-0.1041,0.147,-0.9836,0,-,-,-,-,-,-,-,-,-,-,-,-,-,-,
262725,2843226.362,18:11:48:819,Trial028,cadeau dernier1.avi,58,DarkKhaki,84.9826,Eye,18,20,,,581.6495450364954,412.20429886595883,543.4738559931584,371.1878605041394,-,-,-0.0912,0.1338,-0.9868,-0.1003,0.1384,-0.9853,0,-,-,-,-,-,-,-,-,-,-,-,-,-,-,
262729,2843293.115,18:11:48:886,Trial028,cadeau dernier1.avi,58,DarkKhaki,84.9826,Eye,18,20,,,581.9542630800058,416.5402794699644,549.9186439977806,458.0537589623724,-,-,-0.089,0.1264,-0.988,-0.1057,0.1395,-0.9846,0,-,-,-,-,-,-,-,-,-,-,-,-,-,-,
262733,2843359.868,18:11:48:952,Trial028,cadeau dernier1.avi,58,DarkKhaki,84.9826,Eye,18,20,,,587.7860622905824,346.62954194633926,553.085087486315,411.7401790024695,-,-,-0.0902,0.1329,-0.987,-0.1063,0.1369,-0.9849,0,-,-,-,-,-,-,-,-,-,-,-,-,-,-,
262737,2843426.636,18:11:49:019,Trial028,cadeau dernier1.avi,58,DarkKhaki,84.9826,Eye,18,20,,,583.61789086056,360.5141000713894,560.5707298900309,402.9622516755313,-,-,-0.0861,0.1349,-0.9871,-0.105,0.1357,-0.9852,0,-,-,-,-,-,-,-,-,-,-,-,-,-,-,
262741,2843493.405,18:11:49:086,Trial028,cadeau dernier1.avi,58,DarkKhaki,84.9826,Eye,18,20,,,585.8380343768,375.7734282131604,553.4649126356842,422.0841170853404,-,-,-0.0849,0.1248,-0.9885,-0.1013,0.1411,-0.9848,0,-,-,-,-,-,-,-,-,-,-,-,-,-,-,
262745,2843560.173,18:11:49:153,Trial028,cadeau dernier1.avi,58,DarkKhaki,84.9826,Eye,19,21,,,622.2543721065555,421.626527487925,598.0693206942046,402.00614053688923,-,-,0.0066,0.1894,-0.9819,-0.0052,0.1866,-0.9824,0,-,-,-,-,-,-,-,-,-,-,-,-,-,-,
262749,2843626.953,18:11:49:219,Trial028,cadeau dernier1.avi,58,DarkKhaki,84.9826,Eye,19,21,,,653.1117572267018,455.84606685424086,628.2432684429058,415.558451165269,-,-,0.0211,0.1903,-0.9815,0.0019,0.1913,-0.9815,0,-,-,-,-,-,-,-,-,-,-,-,-,-,-,
262753,2843693.769,18:11:49:286,Trial028,cadeau dernier1.avi,58,DarkKhaki,84.9826,Eye,19,21,,,670.596402308774,364.34072365259397,660.9428237248378,411.59916252508,-,-,0.0205,0.1837,-0.9828,0.0075,0.1893,-0.9819,0,-,-,-,-,-,-,-,-,-,-,-,-,-,-,
262757,2843760.585,18:11:49:353,Trial028,cadeau dernier1.avi,58,DarkKhaki,84.9826,Eye,15,17,,,714.1356015782467,443.9318856266243,701.3075621083115,381.29324086442597,-,-,0.0758,0.2042,-0.976,0.0523,0.2012,-0.9782,0,-,-,-,-,-,-,-,-,-,-,-,-,-,-,
262761,2843827.401,18:11:49:420,Trial028,cadeau dernier1.avi,58,DarkKhaki,84.9826,Eye,20,22,,,768.7185799231165,465.43865783032845,744.2555167289687,404.5151876760038,-,-,0.115,0.2227,-0.9681,0.0948,0.2141,-0.9722,0,-,-,-,-,-,-,-,-,-,-,-,-,-,-,
