Unnamed: 0,RecordingTime [ms],Time of Day [h:m:s:ms],Trial,Stimulus,Participant,Color,Tracking Ratio [%],Category Group,Index Right,Index Left,Pupil Diameter Right [mm],Pupil Diameter Left [mm],Point of Regard Right X [px],Point of Regard Right Y [px],Point of Regard Left X [px],Point of Regard Left Y [px],AOI Name Right,AOI Name Left,Gaze Vector Right X,Gaze Vector Right Y,Gaze Vector Right Z,Gaze Vector Left X,Gaze Vector Left Y,Gaze Vector Left Z,Annotation Name,Annotation Description,Annotation Tags,Mouse Position X [px],Mouse Position Y [px],Scroll Direction X,Scroll Direction Y,Content,AOI Group Right,AOI Scope Right,AOI Order Right,AOI Group Left,AOI Scope Left,AOI Order Binocular
61984,9376767.53,15:36:41:332,Trial011,11 yeux chat D.jpg,39,GreenYellow,100.0,Eye,8,8,,,680.8775096783144,249.69656526392396,710.0389461791923,437.895478537701,-,-,0.0000,0.0000,0.0000,0.0000,0.0000,0.0000,-,-,-,-,-,-,-,-,-,-,-,-,-,-
61987,9376827.28,15:36:41:392,Trial011,11 yeux chat D.jpg,39,GreenYellow,100.0,Eye,8,8,,,683.7657298931823,378.8382164634744,713.0335000290437,305.90606670482964,-,-,0.0000,0.0000,0.0000,0.0000,0.0000,0.0000,-,-,-,-,-,-,-,-,-,-,-,-,-,-
61990,9376906.79,15:36:41:472,Trial012,12 tete chat droite.jpg,39,GreenYellow,100.0,Eye,1,1,,,689.0045505506218,398.31898352941954,712.7279540636484,418.4551947899687,-,-,0.0000,0.0000,0.0000,0.0000,0.0000,0.0000,-,-,-,-,-,-,-,-,-,-,-,-,-,-
61993,9376966.416,15:36:41:531,Trial012,12 tete chat droite.jpg,39,GreenYellow,100.0,Eye,1,1,,,690.304411573894,335.1908822330955,712.3286823357846,403.55247702408747,-,-,0.0000,0.0000,0.0000,0.0000,0.0000,0.0000,-,-,-,-,-,-,-,-,-,-,-,-,-,-
61996,9377026.162,15:36:41:591,Trial012,12 tete chat droite.jpg,39,GreenYellow,100.0,Eye,1,1,,,683.9467716466681,408.430955424905,704.4594280092912,291.4196470121816,-,-,0.0000,0.0000,0.0000,0.0000,0.0000,0.0000,-,-,-,-,-,-,-,-,-,-,-,-,-,-
61999,9377085.789,15:36:41:651,Trial012,12 tete chat droite.jpg,39,GreenYellow,100.0,Eye,1,1,,,682.4307351735066,242.61815856475243,693.7436885831622,369.31976731884527,-,-,0.0000,0.0000,0.0000,0.0000,0.0000,0.0000,-,-,-,-,-,-,-,-,-,-,-,-,-,-
62002,9377145.58,15:36:41:710,Trial012,12 tete chat droite.jpg,39,GreenYellow,100.0,Eye,1,1,,,690.0271224794731,321.1083089603279,700.9388348488076,378.8040689914157,-,-,0.0000,0.0000,0.0000,0.0000,0.0000,0.0000,-,-,-,-,-,-,-,-,-,-,-,-,-,-
62005,9377205.178,15:36:41:770,Trial012,12 tete chat droite.jpg,39,GreenYellow,100.0,Eye,1,1,,,684.3764870402204,462.66019426931905,702.5964386788589,372.32863668328963,-,-,0.0000,0.0000,0.0000,0.0000,0.0000,0.0000,-,-,-,-,-,-,-,-,-,-,-,-,-,-
62008,9377264.784,15:36:41:830,Trial012,12 tete chat droite.jpg,39,GreenYellow,100.0,Eye,2,2,,,686.8197260617837,336.0338356264452,697.1416868905497,335.28237373995705,-,-,0.0000,0.0000,0.0000,0.0000,0.0000,0.0000,-,-,-,-,-,-,-,-,-,-,-,-,-,-
62011,9377324.528,15:36:41:889,Trial012,12 tete chat droite.jpg,39,GreenYellow,100.0,Eye,2,2,,,696.7107836593409,433.5552603268488,704.0753876860617,373.00661381700274,-,-,0.0000,0.0000,0.0000,0.0000,0.0000,0.0000,-,-,-,-,-,-,-,-,-,-,-,-,-,-
62014,9377384.151,15:36:41:949,Trial012,12 tete chat droite.jpg,39,GreenYellow,100.0,Eye,2,2,,,700.7539704662254,355.9034903183738,702.4804418233724,392.3053571190376,-,-,0.0000,0.0000,0.0000,0.0000,0.0000,0.0000,-,-,-,-,-,-,-,-,-,-,-,-,-,-
62017,9377443.9,15:36:42:009,Trial012,12 tete chat droite.jpg,39,GreenYellow,100.0,Eye,2,2,,,709.6968234876814,340.95149115898926,709.9073347245009,387.9083292660556,-,-,0.0000,0.0000,0.0000,0.0000,0.0000,0.0000,-,-,-,-,-,-,-,-,-,-,-,-,-,-
62020,9377503.526,15:36:42:068,Trial012,12 tete chat droite.jpg,39,GreenYellow,100.0,Eye,2,2,,,711.378593890027,386.2736769026345,715.5731018586525,315.7559706589112,-,-,0.0000,0.0000,0.0000,0.0000,0.0000,0.0000,-,-,-,-,-,-,-,-,-,-,-,-,-,-
62023,9377563.152,15:36:42:128,Trial012,12 tete chat droite.jpg,39,GreenYellow,100.0,Eye,2,2,,,714.3895835630258,396.48839269655997,715.3549951933959,407.91321963738375,-,-,0.0000,0.0000,0.0000,0.0000,0.0000,0.0000,-,-,-,-,-,-,-,-,-,-,-,-,-,-
62026,9377622.89,15:36:42:188,Trial012,12 tete chat droite.jpg,39,GreenYellow,100.0,Eye,2,2,,,712.8568216579248,385.3631875492304,713.828883733478,358.1280517593251,-,-,0.0000,0.0000,0.0000,0.0000,0.0000,0.0000,-,-,-,-,-,-,-,-,-,-,-,-,-,-
62029,9377682.517,15:36:42:247,Trial012,12 tete chat droite.jpg,39,GreenYellow,100.0,Eye,2,2,,,714.7726238893691,291.21172580608214,709.0943720182261,354.3801902326284,-,-,0.0000,0.0000,0.0000,0.0000,0.0000,0.0000,-,-,-,-,-,-,-,-,-,-,-,-,-,-
62032,9377742.135,15:36:42:307,Trial012,12 tete chat droite.jpg,39,GreenYellow,100.0,Eye,3,3,,,711.7882058820088,363.15801401333914,711.0635830714282,288.35880257814057,-,-,0.0000,0.0000,0.0000,0.0000,0.0000,0.0000,-,-,-,-,-,-,-,-,-,-,-,-,-,-
62035,9377801.884,15:36:42:367,Trial012,12 tete chat droite.jpg,39,GreenYellow,100.0,Eye,3,3,,,718.2699601915898,369.5201726148108,714.5064101313135,377.28257446119227,-,-,0.0000,0.0000,0.0000,0.0000,0.0000,0.0000,-,-,-,-,-,-,-,-,-,-,-,-,-,-
62038,9377861.523,15:36:42:426,Trial012,12 tete chat droite.jpg,39,GreenYellow,100.0,Eye,3,3,,,723.0008164562162,271.1125041143427,724.4915275634908,342.13376179220376,-,-,0.0000,0.0000,0.0000,0.0000,0.0000,0.0000,-,-,-,-,-,-,-,-,-,-,-,-,-,-
62041,9377921.268,15:36:42:486,Trial012,12 tete chat droite.jpg,39,GreenYellow,100.0,Eye,3,3,,,724.6526152227692,443.5529970696094,729.2076966133482,396.5456023451106,-,-,0.0000,0.0000,0.0000,0.0000,0.0000,0.0000,-,-,-,-,-,-,-,-,-,-,-,-,-,-
62044,9377980.898,15:36:42:546,Trial012,12 tete chat droite.jpg,39,GreenYellow,100.0,Eye,3,3,,,724.0255252377323,375.0684977104718,732.1191644685589,295.14001565049955,-,-,0.0000,0.0000,0.0000,0.0000,0.0000,0.0000,-,-,-,-,-,-,-,-,-,-,-,-,-,-
62047,9378040.513,15:36:42:605,Trial012,12 tete chat droite.jpg,39,GreenYellow,100.0,Eye,3,3,,,722.8173548053347,438.7283059275805,734.6531400218973,398.21365198727796,-,-,0.0000,0.0000,0.0000,0.0000,0.0000,0.0000,-,-,-,-,-,-,-,-,-,-,-,-,-,-
62050,9378100.264,15:36:42:665,Trial012,12 tete chat droite.jpg,39,GreenYellow,100.0,Eye,3,3,,,733.6295530975397,317.34346972122444,730.7460240657146,438.5068658392629,-,-,0.0000,0.0000,0.0000,0.0000,0.0000,0.0000,-,-,-,-,-,-,-,-,-,-,-,-,-,-
62053,9378159.89,15:36:42:725,Trial012,12 tete chat droite.jpg,39,GreenYellow,100.0,Eye,3,3,,,729.8564837459124,358.9156382579729,730.7921532811591,390.89652182527965,-,-,0.0000,0.0000,0.0000,0.0000,0.0000,0.0000,-,-,-,-,-,-,-,-,-,-,-,-,-,-
62056,9378219.639,15:36:42:784,Trial012,12 tete chat droite.jpg,39,GreenYellow,100.0,Eye,3,3,,,732.981759820081,318.5663025421787,739.9529743446489,362.8501397555559,-,-,0.0000,0.0000,0.0000,0.0000,0.0000,0.0000,-,-,-,-,-,-,-,-,-,-,-,-,-,-
62059,9378279.263,15:36:42:844,Trial012,12 tete chat droite.jpg,39,GreenYellow,100.0,Eye,3,3,,,728.5583344828037,483.60731981992643,737.1782237154337,411.6784645634132,-,-,0.0000,0.0000,0.0000,0.0000,0.0000,0.0000,-,-,-,-,-,-,-,-,-,-,-,-,-,-
62062,9378338.878,15:36:42:904,Trial012,12 tete chat droite.jpg,39,GreenYellow,100.0,Eye,3,3,,,725.9950554984492,286.5941296782523,734.359141096743,385.27689322383605,-,-,0.0000,0.0000,0.0000,0.0000,0.0000,0.0000,-,-,-,-,-,-,-,-,-,-,-,-,-,-
62065,9378398.626,15:36:42:963,Trial012,12 tete chat droite.jpg,39,GreenYellow,100.0,Eye,3,3,,,727.8565698714004,383.0116608933102,728.2480955093372,444.2327494732973,-,-,0.0000,0.0000,0.0000,0.0000,0.0000,0.0000,-,-,-,-,-,-,-,-,-,-,-,-,-,-
62068,9378458.261,15:36:43:023,Trial012,12 tete chat droite.jpg,39,GreenYellow,100.0,Eye,3,3,,,730.9566581592379,421.39005673868326,723.2513276061075,373.01900933321673,-,-,0.0000,0.0000,0.0000,0.0000,0.0000,0.0000,-,-,-,-,-,-,-,-,-,-,-,-,-,-
62071,9378517.888,15:36:43:083,Trial012,12 tete chat droite.jpg,39,GreenYellow,100.0,Eye,3,3,,,734.510091934729,403.56427282449516,719.862765105255,280.12101076054245,-,-,0.0000,0.0000,0.0000,0.0000,0.0000,0.0000,-,-,-,-,-,-,-,-,-,-,-,-,-,-
62074,9378577.627,15:36:43:142,Trial012,12 tete chat droite.jpg,39,GreenYellow,100.0,Eye,4,4,,,734.4096819604489,324.2588235911885,721.024864007125,450.25685582227663,-,-,0.0000,0.0000,0.0000,0.0000,0.0000,0.0000,-,-,-,-,-,-,-,-,-,-,-,-,-,-
62077,9378637.251,15:36:43:202,Trial012,12 tete chat droite.jpg,39,GreenYellow,100.0,Eye,4,4,,,725.0067698436713,375.3118478429998,729.8118089590265,357.89820254973876,-,-,0.0000,0.0000,0.0000,0.0000,0.0000,0.0000,-,-,-,-,-,-,-,-,-,-,-,-,-,-
62080,9378697.002,15:36:43:262,Trial012,12 tete chat droite.jpg,39,GreenYellow,100.0,Eye,4,4,,,723.0857126203813,427.79763580791536,733.0336261514927,404.73354236790544,-,-,0.0000,0.0000,0.0000,0.0000,0.0000,0.0000,-,-,-,-,-,-,-,-,-,-,-,-,-,-
62083,9378756.619,15:36:43:321,Trial012,12 tete chat droite.jpg,39,GreenYellow,100.0,Eye,4,4,,,729.0234804819739,370.0706968296807,730.0557267221144,391.60848147306416,-,-,0.0000,0.0000,0.0000,0.0000,0.0000,0.0000,-,-,-,-,-,-,-,-,-,-,-,-,-,-
62086,9378816.242,15:36:43:381,Trial012,12 tete chat droite.jpg,39,GreenYellow,100.0,Eye,4,4,,,733.171368578736,364.933879568244,736.9762451794631,336.53446771803635,-,-,0.0000,0.0000,0.0000,0.0000,0.0000,0.0000,-,-,-,-,-,-,-,-,-,-,-,-,-,-
62089,9378875.991,15:36:43:441,Trial012,12 tete chat droite.jpg,39,GreenYellow,100.0,Eye,5,5,,,730.4135657203092,364.1452545065616,736.4931612965764,323.31366625248927,-,-,0.0000,0.0000,0.0000,0.0000,0.0000,0.0000,-,-,-,-,-,-,-,-,-,-,-,-,-,-
62092,9378935.626,15:36:43:500,Trial012,12 tete chat droite.jpg,39,GreenYellow,100.0,Eye,5,5,,,739.7696922611499,422.20848728884425,730.4323114630911,367.3893247207254,-,-,0.0000,0.0000,0.0000,0.0000,0.0000,0.0000,-,-,-,-,-,-,-,-,-,-,-,-,-,-
62095,9378995.366,15:36:43:560,Trial012,12 tete chat droite.jpg,39,GreenYellow,100.0,Eye,5,5,,,729.3404947302254,422.4941731856612,732.2705627379426,336.9114496284783,-,-,0.0000,0.0000,0.0000,0.0000,0.0000,0.0000,-,-,-,-,-,-,-,-,-,-,-,-,-,-
62098,9379055.0,15:36:43:620,Trial012,12 tete chat droite.jpg,39,GreenYellow,100.0,Eye,6,6,,,715.0633461231982,324.5594395265321,726.7795714959562,338.0423445319607,-,-,0.0000,0.0000,0.0000,0.0000,0.0000,0.0000,-,-,-,-,-,-,-,-,-,-,-,-,-,-
62101,9379114.622,15:36:43:679,Trial012,12 tete chat droite.jpg,39,GreenYellow,100.0,Eye,6,6,,,728.1095583650637,315.9881258542837,724.6921019045355,364.0757996401892,-,-,0.0000,0.0000,0.0000,0.0000,0.0000,0.0000,-,-,-,-,-,-,-,-,-,-,-,-,-,-
62104,9379174.36,15:36:43:739,Trial012,12 tete chat droite.jpg,39,GreenYellow,100.0,Eye,6,6,,,730.4733212645125,314.3518136956538,724.3313635267951,401.2809892966721,-,-,0.0000,0.0000,0.0000,0.0000,0.0000,0.0000,-,-,-,-,-,-,-,-,-,-,-,-,-,-
62107,9379233.997,15:36:43:799,Trial012,12 tete chat droite.jpg,39,GreenYellow,100.0,Eye,6,6,,,736.776469392307,340.59540982163446,723.7707966236148,375.63011594497505,-,-,0.0000,0.0000,0.0000,0.0000,0.0000,0.0000,-,-,-,-,-,-,-,-,-,-,-,-,-,-
62110,9379293.739,15:36:43:859,Trial012,12 tete chat droite.jpg,39,GreenYellow,100.0,Eye,6,6,,,742.2359638192725,322.8322386991813,724.8234898629485,333.8018009464057,-,-,0.0000,0.0000,0.0000,0.0000,0.0000,0.0000,-,-,-,-,-,-,-,-,-,-,-,-,-,-
62113,9379353.358,15:36:43:918,Trial012,12 tete chat droite.jpg,39,GreenYellow,100.0,Eye,6,6,,,734.3785743407605,282.81869661598904,726.9829250940262,374.99557420420825,-,-,0.0000,0.0000,0.0000,0.0000,0.0000,0.0000,-,-,-,-,-,-,-,-,-,-,-,-,-,-
62116,9379412.983,15:36:43:978,Trial012,12 tete chat droite.jpg,39,GreenYellow,100.0,Eye,6,6,,,732.4984131762585,454.45644597900747,724.8598966605775,432.5842761650068,-,-,0.0000,0.0000,0.0000,0.0000,0.0000,0.0000,-,-,-,-,-,-,-,-,-,-,-,-,-,-
62119,9379472.737,15:36:44:038,Trial012,12 tete chat droite.jpg,39,GreenYellow,100.0,Eye,7,7,,,733.3724835373126,350.20684380621515,738.9314763052238,341.43788277161366,-,-,0.0000,0.0000,0.0000,0.0000,0.0000,0.0000,-,-,-,-,-,-,-,-,-,-,-,-,-,-
62122,9379532.357,15:36:44:097,Trial012,12 tete chat droite.jpg,39,GreenYellow,100.0,Eye,7,7,,,734.0096306667504,351.45700047701064,738.2174868417092,263.40559412130165,-,-,0.0000,0.0000,0.0000,0.0000,0.0000,0.0000,-,-,-,-,-,-,-,-,-,-,-,-,-,-
62125,9379591.991,15:36:44:157,Trial012,12 tete chat droite.jpg,39,GreenYellow,100.0,Eye,7,7,,,737.6600621712422,416.3515005008673,744.4950154995114,431.1451228344626,-,-,0.0000,0.0000,0.0000,0.0000,0.0000,0.0000,-,-,-,-,-,-,-,-,-,-,-,-,-,-
62128,9379651.742,15:36:44:217,Trial012,12 tete chat droite.jpg,39,GreenYellow,100.0,Eye,7,7,,,729.4619669988984,437.38034170530955,742.7658553643759,345.86851162888786,-,-,0.0000,0.0000,0.0000,0.0000,0.0000,0.0000,-,-,-,-,-,-,-,-,-,-,-,-,-,-
62131,9379711.362,15:36:44:276,Trial012,12 tete chat droite.jpg,39,GreenYellow,100.0,Eye,7,7,,,720.0130793814479,316.82643006651494,725.3761353199868,399.9420711797589,-,-,0.0000,0.0000,0.0000,0.0000,0.0000,0.0000,-,-,-,-,-,-,-,-,-,-,-,-,-,-
62134,9379771.103,15:36:44:336,Trial012,12 tete chat droite.jpg,39,GreenYellow,100.0,Eye,7,7,,,699.192575612872,342.76445923387575,698.4233156469245,274.7159413648763,-,-,0.0000,0.0000,0.0000,0.0000,0.0000,0.0000,-,-,-,-,-,-,-,-,-,-,-,-,-,-
62137,9379850.616,15:36:44:415,Trial013,13 tete pointage chat droite.jpg,39,GreenYellow,100.0,Eye,1,1,,,684.236560470227,348.28201812353973,680.4635484167783,383.92893583347154,-,-,0.0000,0.0000,0.0000,0.0000,0.0000,0.0000,-,-,-,-,-,-,-,-,-,-,-,-,-,-
62140,9379910.36,15:36:44:475,Trial013,13 tete pointage chat droite.jpg,39,GreenYellow,100.0,Eye,1,1,,,666.7394059150387,357.9970107136269,666.8388249191408,468.47971931133895,-,-,0.0000,0.0000,0.0000,0.0000,0.0000,0.0000,-,-,-,-,-,-,-,-,-,-,-,-,-,-
62143,9379969.986,15:36:44:535,Trial013,13 tete pointage chat droite.jpg,39,GreenYellow,100.0,Eye,1,1,,,665.5178488268693,399.2841326249254,650.2580705980945,352.10682544743054,-,-,0.0000,0.0000,0.0000,0.0000,0.0000,0.0000,-,-,-,-,-,-,-,-,-,-,-,-,-,-
62146,9380029.638,15:36:44:594,Trial013,13 tete pointage chat droite.jpg,39,GreenYellow,100.0,Eye,1,1,,,656.539985473859,404.17863326241854,642.4546469118861,373.7010732595812,-,-,0.0000,0.0000,0.0000,0.0000,0.0000,0.0000,-,-,-,-,-,-,-,-,-,-,-,-,-,-
62149,9380089.355,15:36:44:654,Trial013,13 tete pointage chat droite.jpg,39,GreenYellow,100.0,Eye,1,1,,,648.5177593574952,387.55470223286915,634.6353703637864,411.927430823789,-,-,0.0000,0.0000,0.0000,0.0000,0.0000,0.0000,-,-,-,-,-,-,-,-,-,-,-,-,-,-
62152,9380148.987,15:36:44:714,Trial013,13 tete pointage chat droite.jpg,39,GreenYellow,100.0,Eye,2,2,,,694.02373847492,329.02226032796284,685.2294779559539,352.3408705065199,-,-,0.0000,0.0000,0.0000,0.0000,0.0000,0.0000,-,-,-,-,-,-,-,-,-,-,-,-,-,-
62155,9380208.599,15:36:44:773,Trial013,13 tete pointage chat droite.jpg,39,GreenYellow,100.0,Eye,2,2,,,729.1523520528652,440.65163986814235,721.3634626807067,349.1441470282744,-,-,0.0000,0.0000,0.0000,0.0000,0.0000,0.0000,-,-,-,-,-,-,-,-,-,-,-,-,-,-
62158,9380268.346,15:36:44:833,Trial013,13 tete pointage chat droite.jpg,39,GreenYellow,100.0,Eye,2,2,,,757.3325373354947,371.97308774318157,761.5005295512876,416.34285133611667,-,-,0.0000,0.0000,0.0000,0.0000,0.0000,0.0000,-,-,-,-,-,-,-,-,-,-,-,-,-,-
62161,9380327.971,15:36:44:893,Trial013,13 tete pointage chat droite.jpg,39,GreenYellow,100.0,Eye,2,2,,,774.27707426137,286.25285649686265,787.6574468954666,306.3915292286832,-,-,0.0000,0.0000,0.0000,0.0000,0.0000,0.0000,-,-,-,-,-,-,-,-,-,-,-,-,-,-
62164,9380387.721,15:36:44:952,Trial013,13 tete pointage chat droite.jpg,39,GreenYellow,100.0,Eye,3,3,,,760.9578113849673,327.9812050041201,773.0230785459469,344.31533692869925,-,-,0.0000,0.0000,0.0000,0.0000,0.0000,0.0000,-,-,-,-,-,-,-,-,-,-,-,-,-,-
62167,9380447.34,15:36:45:012,Trial013,13 tete pointage chat droite.jpg,39,GreenYellow,100.0,Eye,3,3,,,750.337504980692,382.0246679581993,751.4634832672433,291.7247443248484,-,-,0.0000,0.0000,0.0000,0.0000,0.0000,0.0000,-,-,-,-,-,-,-,-,-,-,-,-,-,-
62170,9380506.97,15:36:45:072,Trial013,13 tete pointage chat droite.jpg,39,GreenYellow,100.0,Eye,3,3,,,739.3996743122175,374.3394026055853,738.7156444068592,350.5310265697124,-,-,0.0000,0.0000,0.0000,0.0000,0.0000,0.0000,-,-,-,-,-,-,-,-,-,-,-,-,-,-
62173,9380566.723,15:36:45:131,Trial013,13 tete pointage chat droite.jpg,39,GreenYellow,100.0,Eye,3,3,,,729.3449763425289,417.3905358543536,737.4784346924903,289.0366957246897,-,-,0.0000,0.0000,0.0000,0.0000,0.0000,0.0000,-,-,-,-,-,-,-,-,-,-,-,-,-,-
62176,9380626.345,15:36:45:191,Trial013,13 tete pointage chat droite.jpg,39,GreenYellow,100.0,Eye,3,3,,,718.6381988523945,334.8021896962211,730.4669070329556,391.0871084482309,-,-,0.0000,0.0000,0.0000,0.0000,0.0000,0.0000,-,-,-,-,-,-,-,-,-,-,-,-,-,-
62179,9380685.969,15:36:45:251,Trial013,13 tete pointage chat droite.jpg,39,GreenYellow,100.0,Eye,3,3,,,712.4608963213194,448.0664234880773,711.267450372808,397.9894139163422,-,-,0.0000,0.0000,0.0000,0.0000,0.0000,0.0000,-,-,-,-,-,-,-,-,-,-,-,-,-,-
62182,9380745.72,15:36:45:310,Trial013,13 tete pointage chat droite.jpg,39,GreenYellow,100.0,Eye,3,3,,,710.8342044406033,418.40740545656286,712.0429554047673,370.5116010145257,-,-,0.0000,0.0000,0.0000,0.0000,0.0000,0.0000,-,-,-,-,-,-,-,-,-,-,-,-,-,-
62185,9380805.345,15:36:45:370,Trial013,13 tete pointage chat droite.jpg,39,GreenYellow,100.0,Eye,3,3,,,714.1889090203837,365.1108991054061,711.8817355081702,376.86466219886415,-,-,0.0000,0.0000,0.0000,0.0000,0.0000,0.0000,-,-,-,-,-,-,-,-,-,-,-,-,-,-
62188,9380865.09,15:36:45:430,Trial013,13 tete pointage chat droite.jpg,39,GreenYellow,100.0,Eye,3,3,,,717.0997664285503,270.3306230003596,704.4082779133319,407.79139122930326,-,-,0.0000,0.0000,0.0000,0.0000,0.0000,0.0000,-,-,-,-,-,-,-,-,-,-,-,-,-,-
62191,9380924.71,15:36:45:489,Trial013,13 tete pointage chat droite.jpg,39,GreenYellow,100.0,Eye,3,3,,,708.6157462087124,320.2196499458729,704.2016182210068,404.4211571699217,-,-,0.0000,0.0000,0.0000,0.0000,0.0000,0.0000,-,-,-,-,-,-,-,-,-,-,-,-,-,-
62194,9380984.334,15:36:45:549,Trial013,13 tete pointage chat droite.jpg,39,GreenYellow,100.0,Eye,3,3,,,713.7129034133181,342.5974492241414,709.5862231798218,343.65717150249776,-,-,0.0000,0.0000,0.0000,0.0000,0.0000,0.0000,-,-,-,-,-,-,-,-,-,-,-,-,-,-
62197,9381044.084,15:36:45:609,Trial013,13 tete pointage chat droite.jpg,39,GreenYellow,100.0,Eye,3,3,,,715.619113255145,362.538395035181,703.9009690473537,443.9177500998571,-,-,0.0000,0.0000,0.0000,0.0000,0.0000,0.0000,-,-,-,-,-,-,-,-,-,-,-,-,-,-
62200,9381103.704,15:36:45:668,Trial013,13 tete pointage chat droite.jpg,39,GreenYellow,100.0,Eye,3,3,,,715.526259532514,380.06381585183436,710.360610573913,383.8220940609687,-,-,0.0000,0.0000,0.0000,0.0000,0.0000,0.0000,-,-,-,-,-,-,-,-,-,-,-,-,-,-
62203,9381163.465,15:36:45:728,Trial013,13 tete pointage chat droite.jpg,39,GreenYellow,100.0,Eye,4,4,,,714.7463464374391,240.8763098684965,708.875192009561,362.09314511274965,-,-,0.0000,0.0000,0.0000,0.0000,0.0000,0.0000,-,-,-,-,-,-,-,-,-,-,-,-,-,-
62206,9381223.088,15:36:45:788,Trial013,13 tete pointage chat droite.jpg,39,GreenYellow,100.0,Eye,4,4,,,720.2138811175622,398.3016564689615,701.6040189327197,288.83977144660605,-,-,0.0000,0.0000,0.0000,0.0000,0.0000,0.0000,-,-,-,-,-,-,-,-,-,-,-,-,-,-
62209,9381282.71,15:36:45:847,Trial013,13 tete pointage chat droite.jpg,39,GreenYellow,100.0,Eye,4,4,,,714.8896565567065,317.59461438798763,703.9941744793192,325.5956497297265,-,-,0.0000,0.0000,0.0000,0.0000,0.0000,0.0000,-,-,-,-,-,-,-,-,-,-,-,-,-,-
62212,9381342.452,15:36:45:907,Trial013,13 tete pointage chat droite.jpg,39,GreenYellow,100.0,Eye,4,4,,,719.6398277248297,403.8432028322052,698.8277357886652,332.3308424455755,-,-,0.0000,0.0000,0.0000,0.0000,0.0000,0.0000,-,-,-,-,-,-,-,-,-,-,-,-,-,-
62215,9381402.075,15:36:45:967,Trial013,13 tete pointage chat droite.jpg,39,GreenYellow,100.0,Eye,4,4,,,718.7330075643602,409.0969366513631,703.1485927750258,449.45727743160955,-,-,0.0000,0.0000,0.0000,0.0000,0.0000,0.0000,-,-,-,-,-,-,-,-,-,-,-,-,-,-
62218,9381461.697,15:36:46:026,Trial013,13 tete pointage chat droite.jpg,39,GreenYellow,100.0,Eye,4,4,,,711.4647447394245,286.12102913334087,702.4586013681804,384.84620755950453,-,-,0.0000,0.0000,0.0000,0.0000,0.0000,0.0000,-,-,-,-,-,-,-,-,-,-,-,-,-,-
62221,9381521.457,15:36:46:086,Trial013,13 tete pointage chat droite.jpg,39,GreenYellow,100.0,Eye,4,4,,,701.776057189099,379.4546278070859,704.175671963359,324.94839211799695,-,-,0.0000,0.0000,0.0000,0.0000,0.0000,0.0000,-,-,-,-,-,-,-,-,-,-,-,-,-,-
62224,9381581.073,15:36:46:146,Trial013,13 tete pointage chat droite.jpg,39,GreenYellow,100.0,Eye,4,4,,,706.5591583479028,393.0551673124551,705.4614062471304,331.340588977218,-,-,0.0000,0.0000,0.0000,0.0000,0.0000,0.0000,-,-,-,-,-,-,-,-,-,-,-,-,-,-
62227,9381640.825,15:36:46:206,Trial013,13 tete pointage chat droite.jpg,39,GreenYellow,100.0,Eye,4,4,,,712.4986395542845,411.5915007955816,709.3634317296223,316.189838688093,-,-,0.0000,0.0000,0.0000,0.0000,0.0000,0.0000,-,-,-,-,-,-,-,-,-,-,-,-,-,-
62230,9381700.455,15:36:46:265,Trial013,13 tete pointage chat droite.jpg,39,GreenYellow,100.0,Eye,4,4,,,721.0396774210981,399.3114611985698,712.5784236281951,354.33342725240453,-,-,0.0000,0.0000,0.0000,0.0000,0.0000,0.0000,-,-,-,-,-,-,-,-,-,-,-,-,-,-
62233,9381760.078,15:36:46:325,Trial013,13 tete pointage chat droite.jpg,39,GreenYellow,100.0,Eye,4,4,,,712.7842494324561,324.1782839626378,712.0339520398506,348.47371511481947,-,-,0.0000,0.0000,0.0000,0.0000,0.0000,0.0000,-,-,-,-,-,-,-,-,-,-,-,-,-,-
62236,9381819.828,15:36:46:385,Trial013,13 tete pointage chat droite.jpg,39,GreenYellow,100.0,Eye,4,4,,,707.4164993780109,376.0381103218647,716.2594126771527,388.0843218553294,-,-,0.0000,0.0000,0.0000,0.0000,0.0000,0.0000,-,-,-,-,-,-,-,-,-,-,-,-,-,-
62239,9381879.449,15:36:46:444,Trial013,13 tete pointage chat droite.jpg,39,GreenYellow,100.0,Eye,4,4,,,707.3917392500178,383.41252550903056,723.7586413977903,230.8857055429649,-,-,0.0000,0.0000,0.0000,0.0000,0.0000,0.0000,-,-,-,-,-,-,-,-,-,-,-,-,-,-
62242,9381939.193,15:36:46:504,Trial013,13 tete pointage chat droite.jpg,39,GreenYellow,100.0,Eye,5,5,,,693.6313975584154,375.8267065497622,707.3134672367564,373.4087827080104,-,-,0.0000,0.0000,0.0000,0.0000,0.0000,0.0000,-,-,-,-,-,-,-,-,-,-,-,-,-,-
62245,9381998.815,15:36:46:564,Trial013,13 tete pointage chat droite.jpg,39,GreenYellow,100.0,Eye,5,5,,,686.2295647328656,307.60874274210573,695.2666845613267,308.8727954239911,-,-,0.0000,0.0000,0.0000,0.0000,0.0000,0.0000,-,-,-,-,-,-,-,-,-,-,-,-,-,-
62248,9382058.441,15:36:46:623,Trial013,13 tete pointage chat droite.jpg,39,GreenYellow,100.0,Eye,5,5,,,687.344671171141,451.08879747887113,684.8821033372233,350.89408170974065,-,-,0.0000,0.0000,0.0000,0.0000,0.0000,0.0000,-,-,-,-,-,-,-,-,-,-,-,-,-,-
62251,9382118.186,15:36:46:683,Trial013,13 tete pointage chat droite.jpg,39,GreenYellow,100.0,Eye,5,5,,,679.9648315216712,370.3299566747853,667.8434950985003,416.9089790177378,-,-,0.0000,0.0000,0.0000,0.0000,0.0000,0.0000,-,-,-,-,-,-,-,-,-,-,-,-,-,-
62254,9382177.827,15:36:46:743,Trial013,13 tete pointage chat droite.jpg,39,GreenYellow,100.0,Eye,5,5,,,682.509890268759,353.13024848537543,668.4301266013543,384.54751243947385,-,-,0.0000,0.0000,0.0000,0.0000,0.0000,0.0000,-,-,-,-,-,-,-,-,-,-,-,-,-,-
62257,9382237.45,15:36:46:802,Trial013,13 tete pointage chat droite.jpg,39,GreenYellow,100.0,Eye,5,5,,,684.2957321396433,333.13584051347624,668.3750558014749,330.67902781975704,-,-,0.0000,0.0000,0.0000,0.0000,0.0000,0.0000,-,-,-,-,-,-,-,-,-,-,-,-,-,-
62260,9382297.192,15:36:46:862,Trial013,13 tete pointage chat droite.jpg,39,GreenYellow,100.0,Eye,5,5,,,671.8758205376356,303.94107208640855,663.4828836148132,377.75632282957105,-,-,0.0000,0.0000,0.0000,0.0000,0.0000,0.0000,-,-,-,-,-,-,-,-,-,-,-,-,-,-
62263,9382356.807,15:36:46:922,Trial013,13 tete pointage chat droite.jpg,39,GreenYellow,100.0,Eye,5,-,,,696.4102977937818,302.66204077906286,687.400733676177,312.8691313796317,-,-,0.0000,0.0000,0.0000,0.0000,0.0000,0.0000,-,-,-,-,-,-,-,-,-,-,-,-,-,-
62266,9382416.566,15:36:46:981,Trial013,13 tete pointage chat droite.jpg,39,GreenYellow,100.0,Eye,6,6,,,698.6265908059952,337.7515019725281,689.8699092267552,391.3363900221073,-,-,0.0000,0.0000,0.0000,0.0000,0.0000,0.0000,-,-,-,-,-,-,-,-,-,-,-,-,-,-
62269,9382476.176,15:36:47:041,Trial013,13 tete pointage chat droite.jpg,39,GreenYellow,100.0,Eye,6,6,,,712.3438296905354,379.061076587042,695.1542399620043,378.719639829982,-,-,0.0000,0.0000,0.0000,0.0000,0.0000,0.0000,-,-,-,-,-,-,-,-,-,-,-,-,-,-
62272,9382535.815,15:36:47:101,Trial013,13 tete pointage chat droite.jpg,39,GreenYellow,100.0,Eye,6,6,,,711.9306249530251,389.5862885745248,703.3265888310806,368.61086255123575,-,-,0.0000,0.0000,0.0000,0.0000,0.0000,0.0000,-,-,-,-,-,-,-,-,-,-,-,-,-,-
62275,9382595.562,15:36:47:160,Trial013,13 tete pointage chat droite.jpg,39,GreenYellow,100.0,Eye,6,6,,,715.4543479400606,315.53142087212944,708.7962831542063,332.6299201620104,-,-,0.0000,0.0000,0.0000,0.0000,0.0000,0.0000,-,-,-,-,-,-,-,-,-,-,-,-,-,-
62278,9382655.177,15:36:47:220,Trial013,13 tete pointage chat droite.jpg,39,GreenYellow,100.0,Eye,6,6,,,716.9524270115426,333.6185886475368,709.7569427068025,349.5900049531595,-,-,0.0000,0.0000,0.0000,0.0000,0.0000,0.0000,-,-,-,-,-,-,-,-,-,-,-,-,-,-
62281,9382714.802,15:36:47:280,Trial013,13 tete pointage chat droite.jpg,39,GreenYellow,100.0,Eye,6,6,,,716.4728244967647,359.20853952806607,710.5644979804628,394.02718612660044,-,-,0.0000,0.0000,0.0000,0.0000,0.0000,0.0000,-,-,-,-,-,-,-,-,-,-,-,-,-,-
62284,9382794.441,15:36:47:358,Trial014,14 devant point chat droite.jpg,39,GreenYellow,78.198,Eye,1,1,,,722.9047400390164,308.0291154388261,718.9296115606633,348.13248491934814,-,-,0.0000,0.0000,0.0000,0.0000,0.0000,0.0000,-,-,-,-,-,-,-,-,-,-,-,-,-,-
62287,9382854.075,15:36:47:418,Trial014,14 devant point chat droite.jpg,39,GreenYellow,78.198,Eye,1,1,,,723.2899506954042,303.5813231081879,726.4735419521562,380.82941598926146,-,-,0.0000,0.0000,0.0000,0.0000,0.0000,0.0000,-,-,-,-,-,-,-,-,-,-,-,-,-,-
62290,9382913.806,15:36:47:478,Trial014,14 devant point chat droite.jpg,39,GreenYellow,78.198,Eye,1,1,,,728.0096956309658,336.8177303055443,721.666508842692,425.56881800983194,-,-,0.0000,0.0000,0.0000,0.0000,0.0000,0.0000,-,-,-,-,-,-,-,-,-,-,-,-,-,-
62293,9382973.436,15:36:47:537,Trial014,14 devant point chat droite.jpg,39,GreenYellow,78.198,Eye,1,1,,,723.6675443833376,350.0839310237801,728.3598792409166,348.41379373391743,-,-,0.0000,0.0000,0.0000,0.0000,0.0000,0.0000,-,-,-,-,-,-,-,-,-,-,-,-,-,-
62296,9383033.215,15:36:47:597,Trial014,14 devant point chat droite.jpg,39,GreenYellow,78.198,Eye,1,1,,,720.6302572033724,320.418426484796,727.9490577206982,302.26071564890606,-,-,0.0000,0.0000,0.0000,0.0000,0.0000,0.0000,-,-,-,-,-,-,-,-,-,-,-,-,-,-
62299,9383092.804,15:36:47:657,Trial014,14 devant point chat droite.jpg,39,GreenYellow,78.198,Eye,1,1,,,704.1374500732817,343.6363719492138,716.1896818855208,360.7151871155194,-,-,0.0000,0.0000,0.0000,0.0000,0.0000,0.0000,-,-,-,-,-,-,-,-,-,-,-,-,-,-
62302,9383152.45,15:36:47:716,Trial014,14 devant point chat droite.jpg,39,GreenYellow,78.198,Eye,1,1,,,699.4399089776856,322.158691320219,698.3650086303776,379.77128710768324,-,-,0.0000,0.0000,0.0000,0.0000,0.0000,0.0000,-,-,-,-,-,-,-,-,-,-,-,-,-,-
62305,9383212.177,15:36:47:776,Trial014,14 devant point chat droite.jpg,39,GreenYellow,78.198,Eye,1,1,,,686.1461009891837,421.13839310159454,689.1888970689591,289.2983151395307,-,-,0.0000,0.0000,0.0000,0.0000,0.0000,0.0000,-,-,-,-,-,-,-,-,-,-,-,-,-,-
62308,9383271.802,15:36:47:836,Trial014,14 devant point chat droite.jpg,39,GreenYellow,78.198,Eye,1,1,,,676.2940995101502,346.3934582905199,681.8604728659744,405.4129227331228,-,-,0.0000,0.0000,0.0000,0.0000,0.0000,0.0000,-,-,-,-,-,-,-,-,-,-,-,-,-,-
62311,9383331.429,15:36:47:895,Trial014,14 devant point chat droite.jpg,39,GreenYellow,78.198,Eye,2,2,,,675.3868365200725,391.5015014004223,678.8967102232547,337.56023353333893,-,-,0.0000,0.0000,0.0000,0.0000,0.0000,0.0000,-,-,-,-,-,-,-,-,-,-,-,-,-,-
62314,9383391.167,15:36:47:955,Trial014,14 devant point chat droite.jpg,39,GreenYellow,78.198,Eye,2,2,,,658.0367271029825,365.8992448557849,666.8135185527512,340.57143959730126,-,-,0.0000,0.0000,0.0000,0.0000,0.0000,0.0000,-,-,-,-,-,-,-,-,-,-,-,-,-,-
62317,9383450.801,15:36:48:015,Trial014,14 devant point chat droite.jpg,39,GreenYellow,78.198,Eye,2,2,,,659.1426912357091,386.55803364194196,670.7849391147925,355.4015282226607,-,-,0.0000,0.0000,0.0000,0.0000,0.0000,0.0000,-,-,-,-,-,-,-,-,-,-,-,-,-,-
62320,9383510.552,15:36:48:074,Trial014,14 devant point chat droite.jpg,39,GreenYellow,78.198,Eye,2,2,,,664.5748187148503,380.46569618463434,663.5517206682947,364.6446993504136,-,-,0.0000,0.0000,0.0000,0.0000,0.0000,0.0000,-,-,-,-,-,-,-,-,-,-,-,-,-,-
62323,9383570.166,15:36:48:134,Trial014,14 devant point chat droite.jpg,39,GreenYellow,78.198,Eye,-,1,,,713.6774238482861,337.8490028614,712.907223059236,398.46284351198796,-,-,0.0000,0.0000,0.0000,0.0000,0.0000,0.0000,-,-,-,-,-,-,-,-,-,-,-,-,-,-
62326,9383629.791,15:36:48:194,Trial014,14 devant point chat droite.jpg,39,GreenYellow,78.198,Eye,1,1,,,599.1355695834152,421.91845939242745,598.5579189916277,422.71837378712996,-,-,0.0000,0.0000,0.0000,0.0000,0.0000,0.0000,-,-,-,-,-,-,-,-,-,-,-,-,-,-
62329,9383689.536,15:36:48:253,Trial014,14 devant point chat droite.jpg,39,GreenYellow,78.198,Eye,1,1,,,513.2282993093127,283.75475405667214,512.7950613654721,335.62456759472406,-,-,0.0000,0.0000,0.0000,0.0000,0.0000,0.0000,-,-,-,-,-,-,-,-,-,-,-,-,-,-
62332,9383894.495,15:36:48:458,Trial014,14 devant point chat droite.jpg,39,GreenYellow,78.198,Eye,1,1,,,448.829640253894,348.8901141277206,448.5047117960135,283.10528373750464,-,-,0.0000,0.0000,0.0000,0.0000,0.0000,0.0000,-,-,-,-,-,-,-,-,-,-,-,-,-,-
62335,9384090.901,15:36:48:655,Trial014,14 devant point chat droite.jpg,39,GreenYellow,78.198,Eye,3,3,,,508.81224355850804,323.14686122689255,502.56619522579007,278.84144997912324,-,-,0.0000,0.0000,0.0000,0.0000,0.0000,0.0000,-,-,-,-,-,-,-,-,-,-,-,-,-,-
62338,9384150.53,15:36:48:714,Trial014,14 devant point chat droite.jpg,39,GreenYellow,78.198,Eye,3,3,,,554.1556664612732,322.1754991964159,549.3554504598209,283.2413649714097,-,-,0.0000,0.0000,0.0000,0.0000,0.0000,0.0000,-,-,-,-,-,-,-,-,-,-,-,-,-,-
62341,9384210.284,15:36:48:774,Trial014,14 devant point chat droite.jpg,39,GreenYellow,78.198,Eye,2,4,,,585.0151388830241,335.8853421497619,585.2856215101324,324.8101094666072,-,-,0.0000,0.0000,0.0000,0.0000,0.0000,0.0000,-,-,-,-,-,-,-,-,-,-,-,-,-,-
62344,9384269.905,15:36:48:834,Trial014,14 devant point chat droite.jpg,39,GreenYellow,78.198,Eye,4,4,,,608.1807186694323,394.70245757754776,609.5774091849685,343.6134601751643,-,-,0.0000,0.0000,0.0000,0.0000,0.0000,0.0000,-,-,-,-,-,-,-,-,-,-,-,-,-,-
62347,9384329.534,15:36:48:893,Trial014,14 devant point chat droite.jpg,39,GreenYellow,78.198,Eye,4,4,,,628.2345510602287,386.6416129866378,628.6922274683036,308.31465193942483,-,-,0.0000,0.0000,0.0000,0.0000,0.0000,0.0000,-,-,-,-,-,-,-,-,-,-,-,-,-,-
62350,9384389.282,15:36:48:953,Trial014,14 devant point chat droite.jpg,39,GreenYellow,78.198,Eye,3,5,,,643.9837222670654,253.6421572216808,650.5682527000058,300.2334563088047,-,-,0.0000,0.0000,0.0000,0.0000,0.0000,0.0000,-,-,-,-,-,-,-,-,-,-,-,-,-,-
62353,9384448.9,15:36:49:013,Trial014,14 devant point chat droite.jpg,39,GreenYellow,78.198,Eye,5,5,,,651.92307454156,337.8159978653914,657.6887843859399,414.0058367918584,-,-,0.0000,0.0000,0.0000,0.0000,0.0000,0.0000,-,-,-,-,-,-,-,-,-,-,-,-,-,-
62356,9384508.655,15:36:49:073,Trial014,14 devant point chat droite.jpg,39,GreenYellow,78.198,Eye,5,5,,,662.8448081684863,320.71527699503514,668.9430808763408,335.90302487133755,-,-,0.0000,0.0000,0.0000,0.0000,0.0000,0.0000,-,-,-,-,-,-,-,-,-,-,-,-,-,-
62359,9384568.281,15:36:49:132,Trial014,14 devant point chat droite.jpg,39,GreenYellow,78.198,Eye,4,6,,,667.467696418654,338.8834076955113,676.180031071901,354.333244399039,-,-,0.0000,0.0000,0.0000,0.0000,0.0000,0.0000,-,-,-,-,-,-,-,-,-,-,-,-,-,-
62362,9384627.893,15:36:49:192,Trial014,14 devant point chat droite.jpg,39,GreenYellow,78.198,Eye,4,6,,,665.5326634345669,342.66766410859697,675.6337572516529,397.9215518911287,-,-,0.0000,0.0000,0.0000,0.0000,0.0000,0.0000,-,-,-,-,-,-,-,-,-,-,-,-,-,-
62365,9384687.646,15:36:49:252,Trial014,14 devant point chat droite.jpg,39,GreenYellow,78.198,Eye,6,6,,,677.4036445809554,353.1610304845162,682.8169775009782,298.3734375065007,-,-,0.0000,0.0000,0.0000,0.0000,0.0000,0.0000,-,-,-,-,-,-,-,-,-,-,-,-,-,-
62368,9384747.276,15:36:49:311,Trial014,14 devant point chat droite.jpg,39,GreenYellow,78.198,Eye,6,6,,,679.7517405130271,354.86673457085914,682.8594658009291,249.94611384159788,-,-,0.0000,0.0000,0.0000,0.0000,0.0000,0.0000,-,-,-,-,-,-,-,-,-,-,-,-,-,-
62371,9384807.026,15:36:49:371,Trial014,14 devant point chat droite.jpg,39,GreenYellow,78.198,Eye,5,7,,,674.6040137828813,421.810722294475,675.1735111909143,416.73976338024676,-,-,0.0000,0.0000,0.0000,0.0000,0.0000,0.0000,-,-,-,-,-,-,-,-,-,-,-,-,-,-
62374,9384866.65,15:36:49:431,Trial014,14 devant point chat droite.jpg,39,GreenYellow,78.198,Eye,5,7,,,674.8081124945475,481.03979230298904,676.8025510328613,363.4909847165391,-,-,0.0000,0.0000,0.0000,0.0000,0.0000,0.0000,-,-,-,-,-,-,-,-,-,-,-,-,-,-
62377,9384926.272,15:36:49:490,Trial014,14 devant point chat droite.jpg,39,GreenYellow,78.198,Eye,5,7,,,674.0738079665796,371.0384320015727,673.5842082343705,273.97299396089136,-,-,0.0000,0.0000,0.0000,0.0000,0.0000,0.0000,-,-,-,-,-,-,-,-,-,-,-,-,-,-
62380,9384986.018,15:36:49:550,Trial014,14 devant point chat droite.jpg,39,GreenYellow,78.198,Eye,5,7,,,676.9555272607172,501.1111306524716,674.4087012560449,453.4892929839654,-,-,0.0000,0.0000,0.0000,0.0000,0.0000,0.0000,-,-,-,-,-,-,-,-,-,-,-,-,-,-
62383,9385045.639,15:36:49:609,Trial014,14 devant point chat droite.jpg,39,GreenYellow,78.198,Eye,5,7,,,680.780745745173,360.6136741343397,676.0599634849252,310.5884794494361,-,-,0.0000,0.0000,0.0000,0.0000,0.0000,0.0000,-,-,-,-,-,-,-,-,-,-,-,-,-,-
62386,9385105.266,15:36:49:669,Trial014,14 devant point chat droite.jpg,39,GreenYellow,78.198,Eye,5,7,,,680.3402181495487,360.511472934029,677.1744159302866,330.7868230874993,-,-,0.0000,0.0000,0.0000,0.0000,0.0000,0.0000,-,-,-,-,-,-,-,-,-,-,-,-,-,-
62389,9385165.012,15:36:49:729,Trial014,14 devant point chat droite.jpg,39,GreenYellow,78.198,Eye,5,7,,,688.2149095362056,322.6889423727844,675.8037058025536,358.62831074390954,-,-,0.0000,0.0000,0.0000,0.0000,0.0000,0.0000,-,-,-,-,-,-,-,-,-,-,-,-,-,-
62392,9385224.637,15:36:49:788,Trial014,14 devant point chat droite.jpg,39,GreenYellow,78.198,Eye,5,7,,,678.3414736689791,374.5882963756306,683.6621449899342,360.21919502307367,-,-,0.0000,0.0000,0.0000,0.0000,0.0000,0.0000,-,-,-,-,-,-,-,-,-,-,-,-,-,-
62395,9385284.266,15:36:49:848,Trial014,14 devant point chat droite.jpg,39,GreenYellow,78.198,Eye,7,7,,,675.8353975853482,411.12833853617025,682.9979448375083,286.63306624936104,-,-,0.0000,0.0000,0.0000,0.0000,0.0000,0.0000,-,-,-,-,-,-,-,-,-,-,-,-,-,-
62398,9385344.008,15:36:49:908,Trial014,14 devant point chat droite.jpg,39,GreenYellow,78.198,Eye,7,7,,,677.0325388047795,356.34968100265223,682.169195887973,361.26849679817377,-,-,0.0000,0.0000,0.0000,0.0000,0.0000,0.0000,-,-,-,-,-,-,-,-,-,-,-,-,-,-
62401,9385403.641,15:36:49:967,Trial014,14 devant point chat droite.jpg,39,GreenYellow,78.198,Eye,7,7,,,677.6033958401276,334.55347984553333,688.877186972504,398.20176408185216,-,-,0.0000,0.0000,0.0000,0.0000,0.0000,0.0000,-,-,-,-,-,-,-,-,-,-,-,-,-,-
62404,9385463.389,15:36:50:027,Trial014,14 devant point chat droite.jpg,39,GreenYellow,78.198,Eye,-,-,,,720.579552335157,380.6241468925025,737.9185113460833,369.55791864467585,-,-,0.0000,0.0000,0.0000,0.0000,0.0000,0.0000,-,-,-,-,-,-,-,-,-,-,-,-,-,-
62407,9385523.007,15:36:50:087,Trial014,14 devant point chat droite.jpg,39,GreenYellow,78.198,Eye,-,-,,,604.2018197171761,308.9240587698869,617.2060389753709,321.510932416978,-,-,0.0000,0.0000,0.0000,0.0000,0.0000,0.0000,-,-,-,-,-,-,-,-,-,-,-,-,-,-
62410,9385582.627,15:36:50:146,Trial014,14 devant point chat droite.jpg,39,GreenYellow,78.198,Eye,-,-,,,516.9104606392494,353.1585829683632,526.6636250828955,316.2618906357741,-,-,0.0000,0.0000,0.0000,0.0000,0.0000,0.0000,-,-,-,-,-,-,-,-,-,-,-,-,-,-
62413,9385642.38,15:36:50:206,Trial014,14 devant point chat droite.jpg,39,GreenYellow,78.198,Eye,-,-,,,451.4780453186894,317.2012531916138,458.79291865142386,351.405306307398,-,-,0.0000,0.0000,0.0000,0.0000,0.0000,0.0000,-,-,-,-,-,-,-,-,-,-,-,-,-,-
62416,9385741.766,15:36:50:306,Trial015,15 devant.jpg,39,GreenYellow,92.3011,Eye,-,-,,,402.43741206096547,221.05891045437056,407.92356706051635,320.5105955900731,-,-,0.0000,0.0000,0.0000,0.0000,0.0000,0.0000,-,-,-,-,-,-,-,-,-,-,-,-,-,-
62419,9385801.514,15:36:50:365,Trial015,15 devant.jpg,39,GreenYellow,92.3011,Eye,-,-,,,365.7125912199942,340.02003051697994,369.8272074696573,305.2287478235241,-,-,0.0000,0.0000,0.0000,0.0000,0.0000,0.0000,-,-,-,-,-,-,-,-,-,-,-,-,-,-
62422,9385861.139,15:36:50:425,Trial015,15 devant.jpg,39,GreenYellow,92.3011,Eye,-,-,,,338.14615179729645,264.5782124860312,341.23211398454384,342.52072666500516,-,-,0.0000,0.0000,0.0000,0.0000,0.0000,0.0000,-,-,-,-,-,-,-,-,-,-,-,-,-,-
62425,9385920.769,15:36:50:485,Trial015,15 devant.jpg,39,GreenYellow,92.3011,Eye,-,-,,,317.4219221497817,324.31735523685893,319.7363937902173,328.3730701032726,-,-,0.0000,0.0000,0.0000,0.0000,0.0000,0.0000,-,-,-,-,-,-,-,-,-,-,-,-,-,-
62428,9385980.579,15:36:50:544,Trial015,15 devant.jpg,39,GreenYellow,92.3011,Eye,-,-,,,433.8214841341237,453.3691149780208,441.62776880871763,381.0335747854134,-,-,0.0000,0.0000,0.0000,0.0000,0.0000,0.0000,-,-,-,-,-,-,-,-,-,-,-,-,-,-
62431,9386040.139,15:36:50:604,Trial015,15 devant.jpg,39,GreenYellow,92.3011,Eye,1,1,,,483.0631023324975,285.82222673627496,495.0887968516207,401.94489659538993,-,-,0.0000,0.0000,0.0000,0.0000,0.0000,0.0000,-,-,-,-,-,-,-,-,-,-,-,-,-,-
62434,9386099.886,15:36:50:664,Trial015,15 devant.jpg,39,GreenYellow,92.3011,Eye,1,1,,,533.9614297496391,358.25658823891894,541.7308136808908,324.2041089647369,-,-,0.0000,0.0000,0.0000,0.0000,0.0000,0.0000,-,-,-,-,-,-,-,-,-,-,-,-,-,-
62437,9386159.502,15:36:50:723,Trial015,15 devant.jpg,39,GreenYellow,92.3011,Eye,1,1,,,573.1476913407497,403.1256121685032,572.0412727095679,334.7986130931098,-,-,0.0000,0.0000,0.0000,0.0000,0.0000,0.0000,-,-,-,-,-,-,-,-,-,-,-,-,-,-
62440,9386219.125,15:36:50:783,Trial015,15 devant.jpg,39,GreenYellow,92.3011,Eye,1,1,,,596.7416872343247,422.4414565912792,601.1086181274746,354.44628565045275,-,-,0.0000,0.0000,0.0000,0.0000,0.0000,0.0000,-,-,-,-,-,-,-,-,-,-,-,-,-,-
62443,9386278.874,15:36:50:843,Trial015,15 devant.jpg,39,GreenYellow,92.3011,Eye,1,1,,,620.8117419530847,310.6959042774746,624.7561299853826,403.3173768557201,-,-,0.0000,0.0000,0.0000,0.0000,0.0000,0.0000,-,-,-,-,-,-,-,-,-,-,-,-,-,-
62446,9386338.497,15:36:50:902,Trial015,15 devant.jpg,39,GreenYellow,92.3011,Eye,1,1,,,635.9725740820044,403.1549524217934,637.2065810613329,422.9719106346417,-,-,0.0000,0.0000,0.0000,0.0000,0.0000,0.0000,-,-,-,-,-,-,-,-,-,-,-,-,-,-
62449,9386398.245,15:36:50:962,Trial015,15 devant.jpg,39,GreenYellow,92.3011,Eye,2,2,,,642.5908817116203,458.16798211922975,645.6459941792984,293.9607534796038,-,-,0.0000,0.0000,0.0000,0.0000,0.0000,0.0000,-,-,-,-,-,-,-,-,-,-,-,-,-,-
62452,9386457.864,15:36:51:022,Trial015,15 devant.jpg,39,GreenYellow,92.3011,Eye,2,2,,,644.1155532586976,392.286714473496,651.3039602060824,306.2594675907658,-,-,0.0000,0.0000,0.0000,0.0000,0.0000,0.0000,-,-,-,-,-,-,-,-,-,-,-,-,-,-
62455,9386517.492,15:36:51:081,Trial015,15 devant.jpg,39,GreenYellow,92.3011,Eye,3,3,,,657.073302420547,379.3388912480429,658.5566657377613,294.023375335899,-,-,0.0000,0.0000,0.0000,0.0000,0.0000,0.0000,-,-,-,-,-,-,-,-,-,-,-,-,-,-
62458,9386577.234,15:36:51:141,Trial015,15 devant.jpg,39,GreenYellow,92.3011,Eye,3,3,,,656.6187692687085,396.67892881426303,656.902168697487,419.1084803174028,-,-,0.0000,0.0000,0.0000,0.0000,0.0000,0.0000,-,-,-,-,-,-,-,-,-,-,-,-,-,-
62461,9386636.855,15:36:51:201,Trial015,15 devant.jpg,39,GreenYellow,92.3011,Eye,3,3,,,656.1046528313468,330.9111110895098,660.8269531088783,412.3318193526342,-,-,0.0000,0.0000,0.0000,0.0000,0.0000,0.0000,-,-,-,-,-,-,-,-,-,-,-,-,-,-
62464,9386696.492,15:36:51:260,Trial015,15 devant.jpg,39,GreenYellow,92.3011,Eye,4,4,,,660.175413753615,263.3964597715965,666.449666876409,439.077736304351,-,-,0.0000,0.0000,0.0000,0.0000,0.0000,0.0000,-,-,-,-,-,-,-,-,-,-,-,-,-,-
62467,9386756.239,15:36:51:320,Trial015,15 devant.jpg,39,GreenYellow,92.3011,Eye,4,4,,,658.5365239841324,376.267312393891,667.8640497467188,279.64518588191527,-,-,0.0000,0.0000,0.0000,0.0000,0.0000,0.0000,-,-,-,-,-,-,-,-,-,-,-,-,-,-
62470,9386815.868,15:36:51:380,Trial015,15 devant.jpg,39,GreenYellow,92.3011,Eye,4,4,,,663.8500077929186,261.5887598896787,675.1983467915383,354.9634028160563,-,-,0.0000,0.0000,0.0000,0.0000,0.0000,0.0000,-,-,-,-,-,-,-,-,-,-,-,-,-,-
62473,9386875.606,15:36:51:440,Trial015,15 devant.jpg,39,GreenYellow,92.3011,Eye,5,5,,,662.1684122413867,358.9517747034671,680.1045484234372,354.41475930472615,-,-,0.0000,0.0000,0.0000,0.0000,0.0000,0.0000,-,-,-,-,-,-,-,-,-,-,-,-,-,-
62476,9386935.23,15:36:51:499,Trial015,15 devant.jpg,39,GreenYellow,92.3011,Eye,5,5,,,670.5101992613085,411.78148442699285,677.6058751773156,326.81118493381877,-,-,0.0000,0.0000,0.0000,0.0000,0.0000,0.0000,-,-,-,-,-,-,-,-,-,-,-,-,-,-
62479,9386994.863,15:36:51:559,Trial015,15 devant.jpg,39,GreenYellow,92.3011,Eye,5,5,,,668.1646553207797,270.1953365376489,667.177232756084,301.9465632429696,-,-,0.0000,0.0000,0.0000,0.0000,0.0000,0.0000,-,-,-,-,-,-,-,-,-,-,-,-,-,-
62482,9387054.612,15:36:51:619,Trial015,15 devant.jpg,39,GreenYellow,92.3011,Eye,5,5,,,673.7438882500395,363.24617037818666,669.9975080948229,343.5231675387014,-,-,0.0000,0.0000,0.0000,0.0000,0.0000,0.0000,-,-,-,-,-,-,-,-,-,-,-,-,-,-
62485,9387114.228,15:36:51:678,Trial015,15 devant.jpg,39,GreenYellow,92.3011,Eye,5,5,,,663.2437406972784,370.1291509661365,662.5096850922284,357.6358920421605,-,-,0.0000,0.0000,0.0000,0.0000,0.0000,0.0000,-,-,-,-,-,-,-,-,-,-,-,-,-,-
62488,9387173.969,15:36:51:738,Trial015,15 devant.jpg,39,GreenYellow,92.3011,Eye,5,5,,,663.8497501417398,334.90358408552106,657.4672400540552,364.49538582901226,-,-,0.0000,0.0000,0.0000,0.0000,0.0000,0.0000,-,-,-,-,-,-,-,-,-,-,-,-,-,-
62491,9387233.602,15:36:51:798,Trial015,15 devant.jpg,39,GreenYellow,92.3011,Eye,5,5,,,673.0812388622679,357.2034240250087,662.2851623004425,427.13501706728266,-,-,0.0000,0.0000,0.0000,0.0000,0.0000,0.0000,-,-,-,-,-,-,-,-,-,-,-,-,-,-
62494,9387293.235,15:36:51:857,Trial015,15 devant.jpg,39,GreenYellow,92.3011,Eye,5,5,,,671.9547514568549,358.16833492941345,665.9435743189157,378.20329276915083,-,-,0.0000,0.0000,0.0000,0.0000,0.0000,0.0000,-,-,-,-,-,-,-,-,-,-,-,-,-,-
62497,9387352.98,15:36:51:917,Trial015,15 devant.jpg,39,GreenYellow,92.3011,Eye,5,5,,,662.3978312724117,379.78983183258276,673.8039592832861,375.255779090137,-,-,0.0000,0.0000,0.0000,0.0000,0.0000,0.0000,-,-,-,-,-,-,-,-,-,-,-,-,-,-
62500,9387412.607,15:36:51:977,Trial015,15 devant.jpg,39,GreenYellow,92.3011,Eye,5,5,,,665.6501170994256,307.68593963209895,663.8912273274627,327.13541308504034,-,-,0.0000,0.0000,0.0000,0.0000,0.0000,0.0000,-,-,-,-,-,-,-,-,-,-,-,-,-,-
62503,9387472.231,15:36:52:036,Trial015,15 devant.jpg,39,GreenYellow,92.3011,Eye,5,5,,,661.2402271971098,356.4110321280726,665.855979791499,415.7619103661026,-,-,0.0000,0.0000,0.0000,0.0000,0.0000,0.0000,-,-,-,-,-,-,-,-,-,-,-,-,-,-
62506,9387531.969,15:36:52:096,Trial015,15 devant.jpg,39,GreenYellow,92.3011,Eye,5,5,,,665.0683356565642,345.9680209931736,669.3836628011818,362.4382932881725,-,-,0.0000,0.0000,0.0000,0.0000,0.0000,0.0000,-,-,-,-,-,-,-,-,-,-,-,-,-,-
62509,9387591.592,15:36:52:156,Trial015,15 devant.jpg,39,GreenYellow,92.3011,Eye,5,5,,,668.0652163837493,334.55387809130895,670.1861672758412,323.7018210344819,-,-,0.0000,0.0000,0.0000,0.0000,0.0000,0.0000,-,-,-,-,-,-,-,-,-,-,-,-,-,-
62512,9387651.218,15:36:52:215,Trial015,15 devant.jpg,39,GreenYellow,92.3011,Eye,5,5,,,665.820997902035,375.76246036239456,680.78630447992,367.64624518145536,-,-,0.0000,0.0000,0.0000,0.0000,0.0000,0.0000,-,-,-,-,-,-,-,-,-,-,-,-,-,-
62515,9387710.982,15:36:52:275,Trial015,15 devant.jpg,39,GreenYellow,92.3011,Eye,5,5,,,664.5491972265067,372.5689435959159,677.8867040992545,268.90012816224896,-,-,0.0000,0.0000,0.0000,0.0000,0.0000,0.0000,-,-,-,-,-,-,-,-,-,-,-,-,-,-
62518,9387770.6,15:36:52:335,Trial015,15 devant.jpg,39,GreenYellow,92.3011,Eye,6,6,,,683.0928287925921,321.3710217641945,681.1808424380743,392.0197039748327,-,-,0.0000,0.0000,0.0000,0.0000,0.0000,0.0000,-,-,-,-,-,-,-,-,-,-,-,-,-,-
62521,9387830.348,15:36:52:394,Trial015,15 devant.jpg,39,GreenYellow,92.3011,Eye,6,6,,,695.8498495044632,360.04391409046957,685.2400024487677,398.51242815133463,-,-,0.0000,0.0000,0.0000,0.0000,0.0000,0.0000,-,-,-,-,-,-,-,-,-,-,-,-,-,-
62524,9387889.975,15:36:52:454,Trial015,15 devant.jpg,39,GreenYellow,92.3011,Eye,6,6,,,706.4802021261546,354.41328746844874,684.6509905159145,336.09439665711426,-,-,0.0000,0.0000,0.0000,0.0000,0.0000,0.0000,-,-,-,-,-,-,-,-,-,-,-,-,-,-
62527,9387949.597,15:36:52:514,Trial015,15 devant.jpg,39,GreenYellow,92.3011,Eye,6,6,,,710.4413383176968,384.22305979902336,693.9074580368913,329.86604507449675,-,-,0.0000,0.0000,0.0000,0.0000,0.0000,0.0000,-,-,-,-,-,-,-,-,-,-,-,-,-,-
62530,9388009.344,15:36:52:573,Trial015,15 devant.jpg,39,GreenYellow,92.3011,Eye,6,6,,,712.8534880426557,431.5384135134326,701.7152306363068,347.5822628247934,-,-,0.0000,0.0000,0.0000,0.0000,0.0000,0.0000,-,-,-,-,-,-,-,-,-,-,-,-,-,-
62533,9388068.967,15:36:52:633,Trial015,15 devant.jpg,39,GreenYellow,92.3011,Eye,7,7,,,714.1208863365978,360.5545641295792,700.4933987703149,375.21844177328927,-,-,0.0000,0.0000,0.0000,0.0000,0.0000,0.0000,-,-,-,-,-,-,-,-,-,-,-,-,-,-
62536,9388128.592,15:36:52:693,Trial015,15 devant.jpg,39,GreenYellow,92.3011,Eye,7,7,,,711.7971254815213,324.346395228835,699.9156424719096,408.21579922566457,-,-,0.0000,0.0000,0.0000,0.0000,0.0000,0.0000,-,-,-,-,-,-,-,-,-,-,-,-,-,-
62539,9388188.33,15:36:52:752,Trial015,15 devant.jpg,39,GreenYellow,92.3011,Eye,8,8,,,704.7364986931995,412.6447660316658,700.1309901772253,367.417212274293,-,-,0.0000,0.0000,0.0000,0.0000,0.0000,0.0000,-,-,-,-,-,-,-,-,-,-,-,-,-,-
62542,9388247.959,15:36:52:812,Trial015,15 devant.jpg,39,GreenYellow,92.3011,Eye,8,8,,,694.938775749889,427.4876889470569,697.8258413511618,360.26687607014895,-,-,0.0000,0.0000,0.0000,0.0000,0.0000,0.0000,-,-,-,-,-,-,-,-,-,-,-,-,-,-
62545,9388307.705,15:36:52:872,Trial015,15 devant.jpg,39,GreenYellow,92.3011,Eye,8,8,,,699.446055196177,313.9123161739029,696.5996235726418,488.5484454250818,-,-,0.0000,0.0000,0.0000,0.0000,0.0000,0.0000,-,-,-,-,-,-,-,-,-,-,-,-,-,-
62548,9388367.326,15:36:52:931,Trial015,15 devant.jpg,39,GreenYellow,92.3011,Eye,8,8,,,691.0426133584808,267.22330211600126,693.3938806968318,408.17111497392455,-,-,0.0000,0.0000,0.0000,0.0000,0.0000,0.0000,-,-,-,-,-,-,-,-,-,-,-,-,-,-
62551,9388426.952,15:36:52:991,Trial015,15 devant.jpg,39,GreenYellow,92.3011,Eye,8,8,,,691.2626809564032,365.20709813747254,688.6818188770565,435.6908876953602,-,-,0.0000,0.0000,0.0000,0.0000,0.0000,0.0000,-,-,-,-,-,-,-,-,-,-,-,-,-,-
62554,9388486.711,15:36:53:051,Trial015,15 devant.jpg,39,GreenYellow,92.3011,Eye,8,8,,,689.774318781531,304.1377968251684,683.9809743418311,349.35820000254427,-,-,0.0000,0.0000,0.0000,0.0000,0.0000,0.0000,-,-,-,-,-,-,-,-,-,-,-,-,-,-
62557,9388546.338,15:36:53:110,Trial015,15 devant.jpg,39,GreenYellow,92.3011,Eye,8,8,,,681.2095600676417,360.01064208509575,673.38097016475,398.6582880699581,-,-,0.0000,0.0000,0.0000,0.0000,0.0000,0.0000,-,-,-,-,-,-,-,-,-,-,-,-,-,-
62560,9388605.96,15:36:53:170,Trial015,15 devant.jpg,39,GreenYellow,92.3011,Eye,8,8,,,676.1064096294431,470.9165767341074,675.2930733390401,357.9179025908142,-,-,0.0000,0.0000,0.0000,0.0000,0.0000,0.0000,-,-,-,-,-,-,-,-,-,-,-,-,-,-
62563,9388725.339,15:36:53:290,Trial016,16 voc droite chat.jpg,39,GreenYellow,100.0,Eye,1,1,,,678.3791079838858,316.13451579601787,669.5502379376622,345.3896196648016,-,-,0.0000,0.0000,0.0000,0.0000,0.0000,0.0000,-,-,-,-,-,-,-,-,-,-,-,-,-,-
62566,9388785.08,15:36:53:349,Trial016,16 voc droite chat.jpg,39,GreenYellow,100.0,Eye,1,1,,,677.0432117623005,367.5111979096177,664.5158439120005,345.9688521043794,-,-,0.0000,0.0000,0.0000,0.0000,0.0000,0.0000,-,-,-,-,-,-,-,-,-,-,-,-,-,-
62569,9388844.701,15:36:53:409,Trial016,16 voc droite chat.jpg,39,GreenYellow,100.0,Eye,1,1,,,671.168948205287,351.7257091148716,663.9600403349001,382.75785240565034,-,-,0.0000,0.0000,0.0000,0.0000,0.0000,0.0000,-,-,-,-,-,-,-,-,-,-,-,-,-,-
62572,9388904.328,15:36:53:469,Trial016,16 voc droite chat.jpg,39,GreenYellow,100.0,Eye,1,1,,,669.0047414796024,339.57731956383594,670.984815089812,361.27726202153815,-,-,0.0000,0.0000,0.0000,0.0000,0.0000,0.0000,-,-,-,-,-,-,-,-,-,-,-,-,-,-
62575,9388964.071,15:36:53:528,Trial016,16 voc droite chat.jpg,39,GreenYellow,100.0,Eye,1,1,,,673.6241094982842,447.7368488519173,674.2210571245123,352.2423824152758,-,-,0.0000,0.0000,0.0000,0.0000,0.0000,0.0000,-,-,-,-,-,-,-,-,-,-,-,-,-,-
62578,9389023.706,15:36:53:588,Trial016,16 voc droite chat.jpg,39,GreenYellow,100.0,Eye,1,1,,,674.7771593639245,351.80263932759027,675.9703559821858,421.606345805167,-,-,0.0000,0.0000,0.0000,0.0000,0.0000,0.0000,-,-,-,-,-,-,-,-,-,-,-,-,-,-
62581,9389083.454,15:36:53:648,Trial016,16 voc droite chat.jpg,39,GreenYellow,100.0,Eye,1,1,,,681.4983196211818,334.3522652523339,681.0404248836073,324.2931340356454,-,-,0.0000,0.0000,0.0000,0.0000,0.0000,0.0000,-,-,-,-,-,-,-,-,-,-,-,-,-,-
62584,9389143.071,15:36:53:707,Trial016,16 voc droite chat.jpg,39,GreenYellow,100.0,Eye,2,2,,,692.5163222163238,234.9472820502066,685.8024574558473,391.2351956966468,-,-,0.0000,0.0000,0.0000,0.0000,0.0000,0.0000,-,-,-,-,-,-,-,-,-,-,-,-,-,-
62587,9389202.701,15:36:53:767,Trial016,16 voc droite chat.jpg,39,GreenYellow,100.0,Eye,2,2,,,704.4012259479284,325.6448535921006,693.0136104272002,441.419228776159,-,-,0.0000,0.0000,0.0000,0.0000,0.0000,0.0000,-,-,-,-,-,-,-,-,-,-,-,-,-,-
62590,9389262.438,15:36:53:827,Trial016,16 voc droite chat.jpg,39,GreenYellow,100.0,Eye,2,2,,,709.9844098766607,432.896247201928,701.0212916679435,409.68254860613166,-,-,0.0000,0.0000,0.0000,0.0000,0.0000,0.0000,-,-,-,-,-,-,-,-,-,-,-,-,-,-
62593,9389322.071,15:36:53:886,Trial016,16 voc droite chat.jpg,39,GreenYellow,100.0,Eye,2,2,,,704.9806939540046,298.0716665508852,704.7926258055966,309.8658312928187,-,-,0.0000,0.0000,0.0000,0.0000,0.0000,0.0000,-,-,-,-,-,-,-,-,-,-,-,-,-,-
62596,9389381.69,15:36:53:946,Trial016,16 voc droite chat.jpg,39,GreenYellow,100.0,Eye,2,2,,,707.5982664775325,443.1141602645599,706.661934749499,342.61545685701327,-,-,0.0000,0.0000,0.0000,0.0000,0.0000,0.0000,-,-,-,-,-,-,-,-,-,-,-,-,-,-
62599,9389441.435,15:36:54:006,Trial016,16 voc droite chat.jpg,39,GreenYellow,100.0,Eye,2,2,,,705.9354252448652,389.8585925176521,709.8963133056681,430.48090351332,-,-,0.0000,0.0000,0.0000,0.0000,0.0000,0.0000,-,-,-,-,-,-,-,-,-,-,-,-,-,-
62602,9389501.068,15:36:54:065,Trial016,16 voc droite chat.jpg,39,GreenYellow,100.0,Eye,2,2,,,708.8472089066912,357.6346391814851,713.845484950536,369.4623324112665,-,-,0.0000,0.0000,0.0000,0.0000,0.0000,0.0000,-,-,-,-,-,-,-,-,-,-,-,-,-,-
62605,9389560.817,15:36:54:125,Trial016,16 voc droite chat.jpg,39,GreenYellow,100.0,Eye,2,2,,,710.9941763565793,391.9585828074134,717.4209962326904,422.46221029973947,-,-,0.0000,0.0000,0.0000,0.0000,0.0000,0.0000,-,-,-,-,-,-,-,-,-,-,-,-,-,-
62608,9389620.443,15:36:54:185,Trial016,16 voc droite chat.jpg,39,GreenYellow,100.0,Eye,3,3,,,715.3520448589238,375.8388864956485,717.2714092775084,382.96378610328856,-,-,0.0000,0.0000,0.0000,0.0000,0.0000,0.0000,-,-,-,-,-,-,-,-,-,-,-,-,-,-
62611,9389680.067,15:36:54:244,Trial016,16 voc droite chat.jpg,39,GreenYellow,100.0,Eye,3,3,,,723.5353226998865,266.260521242772,712.2995320272391,488.63389387698936,-,-,0.0000,0.0000,0.0000,0.0000,0.0000,0.0000,-,-,-,-,-,-,-,-,-,-,-,-,-,-
62614,9389739.816,15:36:54:304,Trial016,16 voc droite chat.jpg,39,GreenYellow,100.0,Eye,3,3,,,724.8939759891721,379.8627893929208,719.7837407388002,500.5414879647393,-,-,0.0000,0.0000,0.0000,0.0000,0.0000,0.0000,-,-,-,-,-,-,-,-,-,-,-,-,-,-
62617,9389799.431,15:36:54:364,Trial016,16 voc droite chat.jpg,39,GreenYellow,100.0,Eye,3,3,,,731.9164139825918,416.9147269780633,727.6039462194867,387.52045818042893,-,-,0.0000,0.0000,0.0000,0.0000,0.0000,0.0000,-,-,-,-,-,-,-,-,-,-,-,-,-,-
62620,9389859.188,15:36:54:424,Trial016,16 voc droite chat.jpg,39,GreenYellow,100.0,Eye,3,3,,,734.5481922665435,372.5089685444897,720.5537626124058,412.22484278434695,-,-,0.0000,0.0000,0.0000,0.0000,0.0000,0.0000,-,-,-,-,-,-,-,-,-,-,-,-,-,-
62623,9389918.804,15:36:54:483,Trial016,16 voc droite chat.jpg,39,GreenYellow,100.0,Eye,4,4,,,730.0281699047509,286.7109955700765,719.3832414912752,424.69937989774706,-,-,0.0000,0.0000,0.0000,0.0000,0.0000,0.0000,-,-,-,-,-,-,-,-,-,-,-,-,-,-
62626,9389978.438,15:36:54:543,Trial016,16 voc droite chat.jpg,39,GreenYellow,100.0,Eye,4,4,,,730.7600777557238,404.83353947073977,726.3938506427451,413.32140775709524,-,-,0.0000,0.0000,0.0000,0.0000,0.0000,0.0000,-,-,-,-,-,-,-,-,-,-,-,-,-,-
62629,9390038.176,15:36:54:603,Trial016,16 voc droite chat.jpg,39,GreenYellow,100.0,Eye,4,4,,,731.0532021194938,348.5091179881218,726.9353654107205,468.55663235499685,-,-,0.0000,0.0000,0.0000,0.0000,0.0000,0.0000,-,-,-,-,-,-,-,-,-,-,-,-,-,-
62632,9390097.797,15:36:54:662,Trial016,16 voc droite chat.jpg,39,GreenYellow,100.0,Eye,4,4,,,726.648992241361,375.6398928450708,722.4119909528698,370.59136577778634,-,-,0.0000,0.0000,0.0000,0.0000,0.0000,0.0000,-,-,-,-,-,-,-,-,-,-,-,-,-,-
62635,9390157.422,15:36:54:722,Trial016,16 voc droite chat.jpg,39,GreenYellow,100.0,Eye,4,4,,,725.3139123185699,351.4385473486344,722.8728028759327,363.7957609421136,-,-,0.0000,0.0000,0.0000,0.0000,0.0000,0.0000,-,-,-,-,-,-,-,-,-,-,-,-,-,-
62638,9390217.183,15:36:54:782,Trial016,16 voc droite chat.jpg,39,GreenYellow,100.0,Eye,4,4,,,728.6624292595857,318.4574049056434,721.4787118562398,372.6428473559113,-,-,0.0000,0.0000,0.0000,0.0000,0.0000,0.0000,-,-,-,-,-,-,-,-,-,-,-,-,-,-
62641,9390276.806,15:36:54:841,Trial016,16 voc droite chat.jpg,39,GreenYellow,100.0,Eye,4,4,,,728.0044237773336,438.09446176079217,720.4079920344111,451.0518961911198,-,-,0.0000,0.0000,0.0000,0.0000,0.0000,0.0000,-,-,-,-,-,-,-,-,-,-,-,-,-,-
62644,9390336.554,15:36:54:901,Trial016,16 voc droite chat.jpg,39,GreenYellow,100.0,Eye,4,4,,,729.2265499409274,439.60270549291886,718.9404107259544,373.64226339293464,-,-,0.0000,0.0000,0.0000,0.0000,0.0000,0.0000,-,-,-,-,-,-,-,-,-,-,-,-,-,-
62647,9390396.172,15:36:54:961,Trial016,16 voc droite chat.jpg,39,GreenYellow,100.0,Eye,4,4,,,734.7522945338187,333.4139132074805,723.345520711209,362.29456991894875,-,-,0.0000,0.0000,0.0000,0.0000,0.0000,0.0000,-,-,-,-,-,-,-,-,-,-,-,-,-,-
62650,9390455.796,15:36:55:020,Trial016,16 voc droite chat.jpg,39,GreenYellow,100.0,Eye,4,4,,,730.3574128478608,493.3651921621036,725.8029261553415,396.01948339652483,-,-,0.0000,0.0000,0.0000,0.0000,0.0000,0.0000,-,-,-,-,-,-,-,-,-,-,-,-,-,-
62653,9390515.553,15:36:55:080,Trial016,16 voc droite chat.jpg,39,GreenYellow,100.0,Eye,4,4,,,726.5984961736222,411.565189480586,730.4492551089354,393.3669328555673,-,-,0.0000,0.0000,0.0000,0.0000,0.0000,0.0000,-,-,-,-,-,-,-,-,-,-,-,-,-,-
62656,9390575.175,15:36:55:140,Trial016,16 voc droite chat.jpg,39,GreenYellow,100.0,Eye,4,4,,,709.5316536088186,329.07917501673427,722.2301591642987,351.41501255375135,-,-,0.0000,0.0000,0.0000,0.0000,0.0000,0.0000,-,-,-,-,-,-,-,-,-,-,-,-,-,-
62659,9390634.795,15:36:55:199,Trial016,16 voc droite chat.jpg,39,GreenYellow,100.0,Eye,5,5,,,704.5697300727727,362.86457023775085,717.163052576933,349.70312953848156,-,-,0.0000,0.0000,0.0000,0.0000,0.0000,0.0000,-,-,-,-,-,-,-,-,-,-,-,-,-,-
62662,9390694.532,15:36:55:259,Trial016,16 voc droite chat.jpg,39,GreenYellow,100.0,Eye,5,5,,,707.1953174792508,403.8697935449315,706.1614173115471,372.74876841925914,-,-,0.0000,0.0000,0.0000,0.0000,0.0000,0.0000,-,-,-,-,-,-,-,-,-,-,-,-,-,-
62665,9390754.172,15:36:55:319,Trial016,16 voc droite chat.jpg,39,GreenYellow,100.0,Eye,5,5,,,690.8050323431406,385.32057265312534,684.4429225521941,305.441646013119,-,-,0.0000,0.0000,0.0000,0.0000,0.0000,0.0000,-,-,-,-,-,-,-,-,-,-,-,-,-,-
62668,9390813.922,15:36:55:378,Trial016,16 voc droite chat.jpg,39,GreenYellow,100.0,Eye,6,6,,,680.4052805173428,397.11336818664364,674.254808889998,391.532545964741,-,-,0.0000,0.0000,0.0000,0.0000,0.0000,0.0000,-,-,-,-,-,-,-,-,-,-,-,-,-,-
62671,9390873.55,15:36:55:438,Trial016,16 voc droite chat.jpg,39,GreenYellow,100.0,Eye,6,6,,,680.8281844275787,439.73166709634324,671.4930435661745,297.276066332085,-,-,0.0000,0.0000,0.0000,0.0000,0.0000,0.0000,-,-,-,-,-,-,-,-,-,-,-,-,-,-
62674,9390933.166,15:36:55:498,Trial016,16 voc droite chat.jpg,39,GreenYellow,100.0,Eye,7,7,,,673.9886659759552,429.09238134928944,665.6283239187779,333.0701739873304,-,-,0.0000,0.0000,0.0000,0.0000,0.0000,0.0000,-,-,-,-,-,-,-,-,-,-,-,-,-,-
62677,9390992.917,15:36:55:557,Trial016,16 voc droite chat.jpg,39,GreenYellow,100.0,Eye,7,7,,,660.8003199191065,306.3862185332128,665.2325791104506,364.9790181033759,-,-,0.0000,0.0000,0.0000,0.0000,0.0000,0.0000,-,-,-,-,-,-,-,-,-,-,-,-,-,-
62680,9391052.531,15:36:55:617,Trial016,16 voc droite chat.jpg,39,GreenYellow,100.0,Eye,8,8,,,662.1454181877127,385.94756295383695,672.4638382704011,362.79906293477626,-,-,0.0000,0.0000,0.0000,0.0000,0.0000,0.0000,-,-,-,-,-,-,-,-,-,-,-,-,-,-
62683,9391112.157,15:36:55:677,Trial016,16 voc droite chat.jpg,39,GreenYellow,100.0,Eye,8,8,,,653.9816061695649,409.4347696508167,680.7100018507167,308.6890665296282,-,-,0.0000,0.0000,0.0000,0.0000,0.0000,0.0000,-,-,-,-,-,-,-,-,-,-,-,-,-,-
62686,9391171.905,15:36:55:736,Trial016,16 voc droite chat.jpg,39,GreenYellow,100.0,Eye,9,9,,,679.4229621236536,372.8058368744283,692.681918900833,395.76476386519613,-,-,0.0000,0.0000,0.0000,0.0000,0.0000,0.0000,-,-,-,-,-,-,-,-,-,-,-,-,-,-
62689,9391231.533,15:36:55:796,Trial016,16 voc droite chat.jpg,39,GreenYellow,100.0,Eye,9,9,,,689.0225684412744,397.66182252310097,693.7286021768565,319.8881034486743,-,-,0.0000,0.0000,0.0000,0.0000,0.0000,0.0000,-,-,-,-,-,-,-,-,-,-,-,-,-,-
62692,9391291.162,15:36:55:856,Trial016,16 voc droite chat.jpg,39,GreenYellow,100.0,Eye,9,9,,,694.6123552924603,384.2592635775162,699.1766950226036,356.13556272699026,-,-,0.0000,0.0000,0.0000,0.0000,0.0000,0.0000,-,-,-,-,-,-,-,-,-,-,-,-,-,-
62695,9391350.911,15:36:55:915,Trial016,16 voc droite chat.jpg,39,GreenYellow,100.0,Eye,9,9,,,710.6093589628756,345.0711681920432,703.1476278822928,370.47833232559753,-,-,0.0000,0.0000,0.0000,0.0000,0.0000,0.0000,-,-,-,-,-,-,-,-,-,-,-,-,-,-
62698,9391410.536,15:36:55:975,Trial016,16 voc droite chat.jpg,39,GreenYellow,100.0,Eye,9,9,,,711.9498508393625,364.76982664804467,705.1255096038191,426.88445427063454,-,-,0.0000,0.0000,0.0000,0.0000,0.0000,0.0000,-,-,-,-,-,-,-,-,-,-,-,-,-,-
62701,9391470.287,15:36:56:035,Trial016,16 voc droite chat.jpg,39,GreenYellow,100.0,Eye,10,10,,,714.4514303155707,315.0608005809592,711.5087693352413,391.2035059220187,-,-,0.0000,0.0000,0.0000,0.0000,0.0000,0.0000,-,-,-,-,-,-,-,-,-,-,-,-,-,-
62704,9391529.902,15:36:56:094,Trial016,16 voc droite chat.jpg,39,GreenYellow,100.0,Eye,10,10,,,712.0148102424081,398.9117159731815,723.0778298697703,379.88993621989187,-,-,0.0000,0.0000,0.0000,0.0000,0.0000,0.0000,-,-,-,-,-,-,-,-,-,-,-,-,-,-
62707,9391629.664,15:36:56:194,Trial017,17 voc devant D.jpg,39,GreenYellow,100.0,Information,1,1,,,710.1873451875362,480.07862174871775,731.7546252706671,404.49592779559,-,-,-,-,-,-,-,-,-,-,-,-,-,-,-,17 voc devant d.jpg,-,-,-,-,-,-
62710,9391689.037,15:36:56:253,Trial017,17 voc devant D.jpg,39,GreenYellow,100.0,Eye,1,1,,,711.534121214238,390.2306800549862,728.9999339955298,388.23714932495136,-,-,0.0000,0.0000,0.0000,0.0000,0.0000,0.0000,-,-,-,-,-,-,-,-,-,-,-,-,-,-
62713,9391748.655,15:36:56:313,Trial017,17 voc devant D.jpg,39,GreenYellow,100.0,Eye,1,1,,,711.5709321082165,438.2823447038361,728.0978370980155,348.7519762007743,-,-,0.0000,0.0000,0.0000,0.0000,0.0000,0.0000,-,-,-,-,-,-,-,-,-,-,-,-,-,-
62716,9391808.398,15:36:56:373,Trial017,17 voc devant D.jpg,39,GreenYellow,100.0,Eye,1,1,,,718.5242164043186,471.4253609587138,729.3761308789998,361.8377688399318,-,-,0.0000,0.0000,0.0000,0.0000,0.0000,0.0000,-,-,-,-,-,-,-,-,-,-,-,-,-,-
62719,9391868.029,15:36:56:432,Trial017,17 voc devant D.jpg,39,GreenYellow,100.0,Eye,1,1,,,715.0889184351721,393.14472921738087,726.466924436847,371.30526800254825,-,-,0.0000,0.0000,0.0000,0.0000,0.0000,0.0000,-,-,-,-,-,-,-,-,-,-,-,-,-,-
62722,9391927.78,15:36:56:492,Trial017,17 voc devant D.jpg,39,GreenYellow,100.0,Eye,2,2,,,710.3803097339855,443.4297328389298,728.9264945539531,450.24068048475027,-,-,0.0000,0.0000,0.0000,0.0000,0.0000,0.0000,-,-,-,-,-,-,-,-,-,-,-,-,-,-
62725,9391987.407,15:36:56:552,Trial017,17 voc devant D.jpg,39,GreenYellow,100.0,Eye,2,2,,,707.0687302468433,312.731705483607,715.6367072418666,420.1669183958147,-,-,0.0000,0.0000,0.0000,0.0000,0.0000,0.0000,-,-,-,-,-,-,-,-,-,-,-,-,-,-
62728,9392047.021,15:36:56:611,Trial017,17 voc devant D.jpg,39,GreenYellow,100.0,Eye,2,2,,,700.8703471018617,362.23520802479595,700.457889142385,374.23788677823813,-,-,0.0000,0.0000,0.0000,0.0000,0.0000,0.0000,-,-,-,-,-,-,-,-,-,-,-,-,-,-
62731,9392106.775,15:36:56:671,Trial017,17 voc devant D.jpg,39,GreenYellow,100.0,Eye,3,3,,,691.5091972064947,343.04786202108494,694.1706319997002,319.60733086016694,-,-,0.0000,0.0000,0.0000,0.0000,0.0000,0.0000,-,-,-,-,-,-,-,-,-,-,-,-,-,-
62734,9392166.4,15:36:56:731,Trial017,17 voc devant D.jpg,39,GreenYellow,100.0,Eye,3,3,,,688.6908812363503,375.98700432996145,688.0926936484537,431.23534274570727,-,-,0.0000,0.0000,0.0000,0.0000,0.0000,0.0000,-,-,-,-,-,-,-,-,-,-,-,-,-,-
62737,9392226.016,15:36:56:790,Trial017,17 voc devant D.jpg,39,GreenYellow,100.0,Eye,3,3,,,677.7402333299196,375.03462085803596,690.7347146770137,334.8803281422093,-,-,0.0000,0.0000,0.0000,0.0000,0.0000,0.0000,-,-,-,-,-,-,-,-,-,-,-,-,-,-
62740,9392285.771,15:36:56:850,Trial017,17 voc devant D.jpg,39,GreenYellow,100.0,Eye,3,3,,,681.2727545358242,411.01167449184317,687.7635396912649,349.24829664517966,-,-,0.0000,0.0000,0.0000,0.0000,0.0000,0.0000,-,-,-,-,-,-,-,-,-,-,-,-,-,-
62743,9392345.394,15:36:56:910,Trial017,17 voc devant D.jpg,39,GreenYellow,100.0,Eye,4,4,,,677.8704625303654,382.5416388386136,690.8047643608961,343.6539135221259,-,-,0.0000,0.0000,0.0000,0.0000,0.0000,0.0000,-,-,-,-,-,-,-,-,-,-,-,-,-,-
62746,9392405.135,15:36:56:969,Trial017,17 voc devant D.jpg,39,GreenYellow,100.0,Eye,4,4,,,681.146353442471,322.921591841175,687.5935626116774,339.65301152829136,-,-,0.0000,0.0000,0.0000,0.0000,0.0000,0.0000,-,-,-,-,-,-,-,-,-,-,-,-,-,-
62749,9392464.764,15:36:57:029,Trial017,17 voc devant D.jpg,39,GreenYellow,100.0,Eye,4,4,,,680.1413779687239,328.38613216409817,679.2631052036093,451.844891477768,-,-,0.0000,0.0000,0.0000,0.0000,0.0000,0.0000,-,-,-,-,-,-,-,-,-,-,-,-,-,-
62752,9392524.39,15:36:57:089,Trial017,17 voc devant D.jpg,39,GreenYellow,100.0,Eye,4,4,,,672.4880635256667,321.93670298267864,681.9046026956848,348.84764587688886,-,-,0.0000,0.0000,0.0000,0.0000,0.0000,0.0000,-,-,-,-,-,-,-,-,-,-,-,-,-,-
62755,9392584.132,15:36:57:148,Trial017,17 voc devant D.jpg,39,GreenYellow,100.0,Eye,4,4,,,670.0151778939919,385.06155999787575,677.9614729638819,408.97411479715305,-,-,0.0000,0.0000,0.0000,0.0000,0.0000,0.0000,-,-,-,-,-,-,-,-,-,-,-,-,-,-
62758,9392643.758,15:36:57:208,Trial017,17 voc devant D.jpg,39,GreenYellow,100.0,Eye,4,4,,,664.8881989163688,402.966637191441,672.5266191774026,354.1164369102403,-,-,0.0000,0.0000,0.0000,0.0000,0.0000,0.0000,-,-,-,-,-,-,-,-,-,-,-,-,-,-
62761,9392703.514,15:36:57:268,Trial017,17 voc devant D.jpg,39,GreenYellow,100.0,Eye,5,5,,,762.660345021312,363.2384769026349,774.8490520493635,391.70851640585965,-,-,0.0000,0.0000,0.0000,0.0000,0.0000,0.0000,-,-,-,-,-,-,-,-,-,-,-,-,-,-
62764,9392763.143,15:36:57:327,Trial017,17 voc devant D.jpg,39,GreenYellow,100.0,Eye,5,5,,,820.7750745949139,420.86174918658685,845.8294307982774,374.156324157939,-,-,0.0000,0.0000,0.0000,0.0000,0.0000,0.0000,-,-,-,-,-,-,-,-,-,-,-,-,-,-
62767,9392822.762,15:36:57:387,Trial017,17 voc devant D.jpg,39,GreenYellow,100.0,Eye,5,5,,,883.9496110227116,421.62028825136355,896.0924439615551,464.995833911093,-,-,0.0000,0.0000,0.0000,0.0000,0.0000,0.0000,-,-,-,-,-,-,-,-,-,-,-,-,-,-
62770,9392882.509,15:36:57:447,Trial017,17 voc devant D.jpg,39,GreenYellow,100.0,Eye,5,5,,,927.0551683334681,312.78630326922274,933.1346037736905,428.0522721308603,-,-,0.0000,0.0000,0.0000,0.0000,0.0000,0.0000,-,-,-,-,-,-,-,-,-,-,-,-,-,-
62773,9392942.126,15:36:57:506,Trial017,17 voc devant D.jpg,39,GreenYellow,100.0,Eye,6,6,,,872.7879904454878,361.49553806631985,864.7550281374757,347.87375759956274,-,-,0.0000,0.0000,0.0000,0.0000,0.0000,0.0000,-,-,-,-,-,-,-,-,-,-,-,-,-,-
62776,9393001.749,15:36:57:566,Trial017,17 voc devant D.jpg,39,GreenYellow,100.0,Eye,6,6,,,819.6015682760794,339.3220471150185,814.1244254686096,405.69625634962415,-,-,0.0000,0.0000,0.0000,0.0000,0.0000,0.0000,-,-,-,-,-,-,-,-,-,-,-,-,-,-
62779,9393061.513,15:36:57:626,Trial017,17 voc devant D.jpg,39,GreenYellow,100.0,Eye,6,6,,,773.5719840052761,367.49909414870547,776.3578586022115,372.7465659567318,-,-,0.0000,0.0000,0.0000,0.0000,0.0000,0.0000,-,-,-,-,-,-,-,-,-,-,-,-,-,-
62782,9393121.131,15:36:57:685,Trial017,17 voc devant D.jpg,39,GreenYellow,100.0,Eye,6,6,,,742.7129695034503,337.0835702984857,738.7637955009016,361.0769830806545,-,-,0.0000,0.0000,0.0000,0.0000,0.0000,0.0000,-,-,-,-,-,-,-,-,-,-,-,-,-,-
62785,9393180.871,15:36:57:745,Trial017,17 voc devant D.jpg,39,GreenYellow,100.0,Eye,7,7,,,723.1084824685831,318.77097664254416,722.2243589472307,397.9626801418631,-,-,0.0000,0.0000,0.0000,0.0000,0.0000,0.0000,-,-,-,-,-,-,-,-,-,-,-,-,-,-
62788,9393240.506,15:36:57:805,Trial017,17 voc devant D.jpg,39,GreenYellow,100.0,Eye,7,7,,,710.4639531679785,338.7846235418574,701.6699390276932,394.1020949947531,-,-,0.0000,0.0000,0.0000,0.0000,0.0000,0.0000,-,-,-,-,-,-,-,-,-,-,-,-,-,-
62791,9393300.13,15:36:57:864,Trial017,17 voc devant D.jpg,39,GreenYellow,100.0,Eye,7,7,,,697.1019467857843,428.93943325345094,689.0276642936508,433.3682964550816,-,-,0.0000,0.0000,0.0000,0.0000,0.0000,0.0000,-,-,-,-,-,-,-,-,-,-,-,-,-,-
62794,9393359.879,15:36:57:924,Trial017,17 voc devant D.jpg,39,GreenYellow,100.0,Eye,8,8,,,683.6993025071845,291.41901480808906,682.2412725524262,388.2351835714097,-,-,0.0000,0.0000,0.0000,0.0000,0.0000,0.0000,-,-,-,-,-,-,-,-,-,-,-,-,-,-
62797,9393419.504,15:36:57:984,Trial017,17 voc devant D.jpg,39,GreenYellow,100.0,Eye,8,8,,,687.4823983725944,294.3105476304423,679.0173658615829,293.7221771156446,-,-,0.0000,0.0000,0.0000,0.0000,0.0000,0.0000,-,-,-,-,-,-,-,-,-,-,-,-,-,-
62800,9393479.126,15:36:58:043,Trial017,17 voc devant D.jpg,39,GreenYellow,100.0,Eye,9,9,,,685.3031216926688,396.71302658178024,665.1940046801665,330.0444314193102,-,-,0.0000,0.0000,0.0000,0.0000,0.0000,0.0000,-,-,-,-,-,-,-,-,-,-,-,-,-,-
62803,9393538.876,15:36:58:103,Trial017,17 voc devant D.jpg,39,GreenYellow,100.0,Eye,9,9,,,682.0423299023815,370.11565516652183,669.7612076843524,295.44427632805684,-,-,0.0000,0.0000,0.0000,0.0000,0.0000,0.0000,-,-,-,-,-,-,-,-,-,-,-,-,-,-
62806,9393598.492,15:36:58:163,Trial017,17 voc devant D.jpg,39,GreenYellow,100.0,Eye,9,9,,,680.4937798974997,355.2087501881235,665.7698446304896,384.9321073659913,-,-,0.0000,0.0000,0.0000,0.0000,0.0000,0.0000,-,-,-,-,-,-,-,-,-,-,-,-,-,-
62809,9393658.239,15:36:58:223,Trial017,17 voc devant D.jpg,39,GreenYellow,100.0,Eye,10,10,,,688.0817317092602,379.05503372064317,667.3910141153327,336.4651176366305,-,-,0.0000,0.0000,0.0000,0.0000,0.0000,0.0000,-,-,-,-,-,-,-,-,-,-,-,-,-,-
62812,9393717.871,15:36:58:282,Trial017,17 voc devant D.jpg,39,GreenYellow,100.0,Eye,10,10,,,679.068374124938,357.6363889424726,660.1814834193854,370.58643663868656,-,-,0.0000,0.0000,0.0000,0.0000,0.0000,0.0000,-,-,-,-,-,-,-,-,-,-,-,-,-,-
62815,9393777.496,15:36:58:342,Trial017,17 voc devant D.jpg,39,GreenYellow,100.0,Eye,11,11,,,672.5915510352407,336.0718439437528,663.6808723869683,305.130029693057,-,-,0.0000,0.0000,0.0000,0.0000,0.0000,0.0000,-,-,-,-,-,-,-,-,-,-,-,-,-,-
62818,9393837.245,15:36:58:402,Trial017,17 voc devant D.jpg,39,GreenYellow,100.0,Eye,11,11,,,668.6281189510796,284.5328326389959,663.3718213259176,298.0790656337348,-,-,0.0000,0.0000,0.0000,0.0000,0.0000,0.0000,-,-,-,-,-,-,-,-,-,-,-,-,-,-
62821,9393896.869,15:36:58:461,Trial017,17 voc devant D.jpg,39,GreenYellow,100.0,Eye,11,11,,,668.2939130259662,366.38477740269525,664.5955298130871,436.9779270699066,-,-,0.0000,0.0000,0.0000,0.0000,0.0000,0.0000,-,-,-,-,-,-,-,-,-,-,-,-,-,-
62824,9393956.62,15:36:58:521,Trial017,17 voc devant D.jpg,39,GreenYellow,100.0,Eye,11,11,,,674.0314038487514,440.2818790695142,662.0244092738249,335.5461777325405,-,-,0.0000,0.0000,0.0000,0.0000,0.0000,0.0000,-,-,-,-,-,-,-,-,-,-,-,-,-,-
62827,9394016.244,15:36:58:581,Trial017,17 voc devant D.jpg,39,GreenYellow,100.0,Eye,12,12,,,666.9361099218594,344.1983347542575,658.6345421144741,339.88842300963023,-,-,0.0000,0.0000,0.0000,0.0000,0.0000,0.0000,-,-,-,-,-,-,-,-,-,-,-,-,-,-
62830,9394075.867,15:36:58:640,Trial017,17 voc devant D.jpg,39,GreenYellow,100.0,Eye,12,12,,,670.9638017917548,406.63905476087615,658.5016862997745,417.53880026733196,-,-,0.0000,0.0000,0.0000,0.0000,0.0000,0.0000,-,-,-,-,-,-,-,-,-,-,-,-,-,-
62833,9394135.617,15:36:58:700,Trial017,17 voc devant D.jpg,39,GreenYellow,100.0,Eye,12,12,,,664.5309898694518,391.113374563626,663.2869509041349,340.60887496695585,-,-,0.0000,0.0000,0.0000,0.0000,0.0000,0.0000,-,-,-,-,-,-,-,-,-,-,-,-,-,-
62836,9394195.231,15:36:58:760,Trial017,17 voc devant D.jpg,39,GreenYellow,100.0,Eye,12,12,,,662.0079292621043,419.0205816780956,668.0773330528873,365.25709936316724,-,-,0.0000,0.0000,0.0000,0.0000,0.0000,0.0000,-,-,-,-,-,-,-,-,-,-,-,-,-,-
62839,9394254.857,15:36:58:819,Trial017,17 voc devant D.jpg,39,GreenYellow,100.0,Eye,13,13,,,661.5299756999963,381.202747938981,668.2500823050798,357.7677569854037,-,-,0.0000,0.0000,0.0000,0.0000,0.0000,0.0000,-,-,-,-,-,-,-,-,-,-,-,-,-,-
62842,9394314.601,15:36:58:879,Trial017,17 voc devant D.jpg,39,GreenYellow,100.0,Eye,13,13,,,666.0766221104333,401.3707162145638,670.5470559700178,372.16982926575673,-,-,0.0000,0.0000,0.0000,0.0000,0.0000,0.0000,-,-,-,-,-,-,-,-,-,-,-,-,-,-
62845,9394374.234,15:36:58:939,Trial017,17 voc devant D.jpg,39,GreenYellow,100.0,Eye,13,13,,,665.353599655939,375.7974292988416,666.8802081208132,365.7047398536957,-,-,0.0000,0.0000,0.0000,0.0000,0.0000,0.0000,-,-,-,-,-,-,-,-,-,-,-,-,-,-
62848,9394433.985,15:36:58:998,Trial017,17 voc devant D.jpg,39,GreenYellow,100.0,Eye,13,13,,,665.4712319945196,301.6786887114994,667.3473644020709,275.54467688767465,-,-,0.0000,0.0000,0.0000,0.0000,0.0000,0.0000,-,-,-,-,-,-,-,-,-,-,-,-,-,-
62851,9394493.607,15:36:59:058,Trial017,17 voc devant D.jpg,39,GreenYellow,100.0,Eye,13,13,,,673.2787766176756,399.92246477077526,665.8714091454149,306.0882564559119,-,-,0.0000,0.0000,0.0000,0.0000,0.0000,0.0000,-,-,-,-,-,-,-,-,-,-,-,-,-,-
62854,9394573.114,15:36:59:138,Trial018,18 au revoir.jpg,39,GreenYellow,100.0,Eye,1,1,,,678.0697352060527,396.80499085271566,660.4299786285237,335.8705699180563,-,-,0.0000,0.0000,0.0000,0.0000,0.0000,0.0000,-,-,-,-,-,-,-,-,-,-,-,-,-,-
62857,9394632.863,15:36:59:198,Trial018,18 au revoir.jpg,39,GreenYellow,100.0,Eye,1,1,,,678.5050696810611,349.7116839783895,658.5441043801757,308.50225210040696,-,-,0.0000,0.0000,0.0000,0.0000,0.0000,0.0000,-,-,-,-,-,-,-,-,-,-,-,-,-,-
62860,9394692.479,15:36:59:257,Trial018,18 au revoir.jpg,39,GreenYellow,100.0,Eye,1,1,,,674.4376193719352,358.68831214427615,661.3577821107588,376.1618118428413,-,-,0.0000,0.0000,0.0000,0.0000,0.0000,0.0000,-,-,-,-,-,-,-,-,-,-,-,-,-,-
62863,9394752.225,15:36:59:317,Trial018,18 au revoir.jpg,39,GreenYellow,100.0,Eye,1,1,,,665.6541228566289,391.2565712641219,664.6975758814998,358.42792972410433,-,-,0.0000,0.0000,0.0000,0.0000,0.0000,0.0000,-,-,-,-,-,-,-,-,-,-,-,-,-,-
62866,9394811.853,15:36:59:377,Trial018,18 au revoir.jpg,39,GreenYellow,100.0,Eye,1,1,,,663.4973784661172,365.18811229113993,664.807911583244,280.90314386660873,-,-,0.0000,0.0000,0.0000,0.0000,0.0000,0.0000,-,-,-,-,-,-,-,-,-,-,-,-,-,-
62869,9394871.479,15:36:59:436,Trial018,18 au revoir.jpg,39,GreenYellow,100.0,Eye,1,1,,,672.7885755949558,357.8947397064888,664.2185907913663,298.383210346942,-,-,0.0000,0.0000,0.0000,0.0000,0.0000,0.0000,-,-,-,-,-,-,-,-,-,-,-,-,-,-
62872,9394931.224,15:36:59:496,Trial018,18 au revoir.jpg,39,GreenYellow,100.0,Eye,1,1,,,678.406625767538,405.9238127576687,667.8397688143151,284.6985548480109,-,-,0.0000,0.0000,0.0000,0.0000,0.0000,0.0000,-,-,-,-,-,-,-,-,-,-,-,-,-,-
62875,9394990.848,15:36:59:556,Trial018,18 au revoir.jpg,39,GreenYellow,100.0,Eye,1,1,,,676.6286182146486,347.0892784406125,670.8591390051156,304.9753836132683,-,-,0.0000,0.0000,0.0000,0.0000,0.0000,0.0000,-,-,-,-,-,-,-,-,-,-,-,-,-,-
62878,9395050.6,15:36:59:615,Trial018,18 au revoir.jpg,39,GreenYellow,100.0,Eye,1,1,,,670.866323849499,373.0930586473238,674.3169214960568,341.29297543202125,-,-,0.0000,0.0000,0.0000,0.0000,0.0000,0.0000,-,-,-,-,-,-,-,-,-,-,-,-,-,-
62881,9395110.214,15:36:59:675,Trial018,18 au revoir.jpg,39,GreenYellow,100.0,Eye,2,2,,,664.3028485770342,352.08394531362416,671.6509205186154,375.97012390740457,-,-,0.0000,0.0000,0.0000,0.0000,0.0000,0.0000,-,-,-,-,-,-,-,-,-,-,-,-,-,-
62884,9395169.841,15:36:59:735,Trial018,18 au revoir.jpg,39,GreenYellow,100.0,Eye,2,2,,,661.3658913804587,315.9663451444813,669.0713678422757,324.21711898668394,-,-,0.0000,0.0000,0.0000,0.0000,0.0000,0.0000,-,-,-,-,-,-,-,-,-,-,-,-,-,-
62887,9395229.587,15:36:59:794,Trial018,18 au revoir.jpg,39,GreenYellow,100.0,Eye,2,2,,,660.4059250169547,371.0090844410705,670.3449372098304,347.7699558062027,-,-,0.0000,0.0000,0.0000,0.0000,0.0000,0.0000,-,-,-,-,-,-,-,-,-,-,-,-,-,-
62890,9395289.213,15:36:59:854,Trial018,18 au revoir.jpg,39,GreenYellow,100.0,Eye,2,2,,,667.8203188472877,317.9395006315288,680.0402019997811,267.9372306284639,-,-,0.0000,0.0000,0.0000,0.0000,0.0000,0.0000,-,-,-,-,-,-,-,-,-,-,-,-,-,-
62893,9395348.846,15:36:59:914,Trial018,18 au revoir.jpg,39,GreenYellow,100.0,Eye,2,2,,,668.7680247470524,341.13370251067494,671.6286311780316,424.8221038335727,-,-,0.0000,0.0000,0.0000,0.0000,0.0000,0.0000,-,-,-,-,-,-,-,-,-,-,-,-,-,-
62896,9395408.593,15:36:59:973,Trial018,18 au revoir.jpg,39,GreenYellow,100.0,Eye,3,3,,,671.6565676032243,475.8779562478483,675.0970790983476,318.00704747455165,-,-,0.0000,0.0000,0.0000,0.0000,0.0000,0.0000,-,-,-,-,-,-,-,-,-,-,-,-,-,-
62899,9395468.216,15:37:00:033,Trial018,18 au revoir.jpg,39,GreenYellow,100.0,Eye,3,3,,,672.6913755582083,367.18439622284944,675.1473056339618,374.6825452527836,-,-,0.0000,0.0000,0.0000,0.0000,0.0000,0.0000,-,-,-,-,-,-,-,-,-,-,-,-,-,-
62902,9395527.958,15:37:00:093,Trial018,18 au revoir.jpg,39,GreenYellow,100.0,Eye,3,3,,,671.804664144001,340.8757762217482,672.6066968047153,413.78260950654806,-,-,0.0000,0.0000,0.0000,0.0000,0.0000,0.0000,-,-,-,-,-,-,-,-,-,-,-,-,-,-
62905,9395587.589,15:37:00:152,Trial018,18 au revoir.jpg,39,GreenYellow,100.0,Eye,3,3,,,676.7886995395355,304.82181936232774,676.2418333113633,375.07178657562895,-,-,0.0000,0.0000,0.0000,0.0000,0.0000,0.0000,-,-,-,-,-,-,-,-,-,-,-,-,-,-
62908,9395647.217,15:37:00:212,Trial018,18 au revoir.jpg,39,GreenYellow,100.0,Eye,4,4,,,671.2788753072925,409.56696990768415,670.0141877083154,332.2072054413398,-,-,0.0000,0.0000,0.0000,0.0000,0.0000,0.0000,-,-,-,-,-,-,-,-,-,-,-,-,-,-
62911,9395706.963,15:37:00:272,Trial018,18 au revoir.jpg,39,GreenYellow,100.0,Eye,4,4,,,673.3444647096997,377.9135611217294,671.876415063678,414.83964933194216,-,-,0.0000,0.0000,0.0000,0.0000,0.0000,0.0000,-,-,-,-,-,-,-,-,-,-,-,-,-,-
62914,9395766.585,15:37:00:331,Trial018,18 au revoir.jpg,39,GreenYellow,100.0,Eye,5,5,,,662.2406020041451,285.5386167461954,674.4463963175132,444.0085169445301,-,-,0.0000,0.0000,0.0000,0.0000,0.0000,0.0000,-,-,-,-,-,-,-,-,-,-,-,-,-,-
62917,9395826.328,15:37:00:391,Trial018,18 au revoir.jpg,39,GreenYellow,100.0,Eye,5,5,,,665.2377406003858,348.7257011249016,672.9367914762813,451.47712152332866,-,-,0.0000,0.0000,0.0000,0.0000,0.0000,0.0000,-,-,-,-,-,-,-,-,-,-,-,-,-,-
62920,9395885.946,15:37:00:451,Trial018,18 au revoir.jpg,39,GreenYellow,100.0,Eye,5,5,,,669.4210265941618,338.355422897325,674.9656085425859,431.69839822191165,-,-,0.0000,0.0000,0.0000,0.0000,0.0000,0.0000,-,-,-,-,-,-,-,-,-,-,-,-,-,-
62923,9395945.583,15:37:00:510,Trial018,18 au revoir.jpg,39,GreenYellow,100.0,Eye,5,5,,,666.4503983219104,430.15635038459266,674.8919794632128,375.6665825844831,-,-,0.0000,0.0000,0.0000,0.0000,0.0000,0.0000,-,-,-,-,-,-,-,-,-,-,-,-,-,-
62926,9396005.336,15:37:00:570,Trial018,18 au revoir.jpg,39,GreenYellow,100.0,Eye,6,6,,,672.3413189869617,360.1119434877321,678.2606489373222,367.90022117141626,-,-,0.0000,0.0000,0.0000,0.0000,0.0000,0.0000,-,-,-,-,-,-,-,-,-,-,-,-,-,-
62929,9396064.958,15:37:00:630,Trial018,18 au revoir.jpg,39,GreenYellow,100.0,Eye,6,6,,,671.4970490135546,464.0000882204708,671.6096827192059,326.6234306643615,-,-,0.0000,0.0000,0.0000,0.0000,0.0000,0.0000,-,-,-,-,-,-,-,-,-,-,-,-,-,-
62932,9396124.581,15:37:00:689,Trial018,18 au revoir.jpg,39,GreenYellow,100.0,Eye,6,6,,,675.3627983612971,366.85650675556974,663.3907851959071,348.92473095168,-,-,0.0000,0.0000,0.0000,0.0000,0.0000,0.0000,-,-,-,-,-,-,-,-,-,-,-,-,-,-
62935,9396184.321,15:37:00:749,Trial018,18 au revoir.jpg,39,GreenYellow,100.0,Eye,6,6,,,668.3065173971976,417.8321649937176,659.7403003193994,446.24923684248563,-,-,0.0000,0.0000,0.0000,0.0000,0.0000,0.0000,-,-,-,-,-,-,-,-,-,-,-,-,-,-
62938,9396243.955,15:37:00:809,Trial018,18 au revoir.jpg,39,GreenYellow,100.0,Eye,6,6,,,665.6697052667636,381.4275749121279,661.0349914498354,341.6580574861077,-,-,0.0000,0.0000,0.0000,0.0000,0.0000,0.0000,-,-,-,-,-,-,-,-,-,-,-,-,-,-
62941,9396303.701,15:37:00:869,Trial018,18 au revoir.jpg,39,GreenYellow,100.0,Eye,7,7,,,665.715509349978,373.8341645362792,656.6865944024952,383.5036515530352,-,-,0.0000,0.0000,0.0000,0.0000,0.0000,0.0000,-,-,-,-,-,-,-,-,-,-,-,-,-,-
62944,9396363.327,15:37:00:928,Trial018,18 au revoir.jpg,39,GreenYellow,100.0,Eye,7,7,,,663.4428914089428,416.8985793366845,655.5513826219341,379.9830495702028,-,-,0.0000,0.0000,0.0000,0.0000,0.0000,0.0000,-,-,-,-,-,-,-,-,-,-,-,-,-,-
62947,9396422.946,15:37:00:988,Trial018,18 au revoir.jpg,39,GreenYellow,100.0,Eye,7,7,,,663.1097841212813,378.88706113742364,656.4809980271486,392.88654787486723,-,-,0.0000,0.0000,0.0000,0.0000,0.0000,0.0000,-,-,-,-,-,-,-,-,-,-,-,-,-,-
62950,9396482.693,15:37:01:048,Trial018,18 au revoir.jpg,39,GreenYellow,100.0,Eye,7,7,,,664.4550049294064,430.9981119623702,657.0144454807916,308.83925137217784,-,-,0.0000,0.0000,0.0000,0.0000,0.0000,0.0000,-,-,-,-,-,-,-,-,-,-,-,-,-,-
62953,9396542.327,15:37:01:107,Trial018,18 au revoir.jpg,39,GreenYellow,100.0,Eye,7,7,,,672.3715347557148,337.778471939293,660.1848828636435,399.0576737274604,-,-,0.0000,0.0000,0.0000,0.0000,0.0000,0.0000,-,-,-,-,-,-,-,-,-,-,-,-,-,-
62956,9396601.946,15:37:01:167,Trial018,18 au revoir.jpg,39,GreenYellow,100.0,Eye,7,7,,,673.8840052942655,341.8802210133023,664.5268201063146,362.08675594465075,-,-,0.0000,0.0000,0.0000,0.0000,0.0000,0.0000,-,-,-,-,-,-,-,-,-,-,-,-,-,-
62959,9396661.698,15:37:01:227,Trial018,18 au revoir.jpg,39,GreenYellow,100.0,Eye,7,7,,,673.274345590571,415.3574296646895,667.2690054122239,332.51546425266423,-,-,0.0000,0.0000,0.0000,0.0000,0.0000,0.0000,-,-,-,-,-,-,-,-,-,-,-,-,-,-
62962,9396721.311,15:37:01:286,Trial018,18 au revoir.jpg,39,GreenYellow,100.0,Eye,7,7,,,668.911700446663,344.2744680150499,662.3902651153895,389.2660811619326,-,-,0.0000,0.0000,0.0000,0.0000,0.0000,0.0000,-,-,-,-,-,-,-,-,-,-,-,-,-,-
62965,9396781.062,15:37:01:346,Trial018,18 au revoir.jpg,39,GreenYellow,100.0,Eye,7,7,,,675.625512557303,334.1434546977937,660.0975990433337,322.71378666297255,-,-,0.0000,0.0000,0.0000,0.0000,0.0000,0.0000,-,-,-,-,-,-,-,-,-,-,-,-,-,-
62968,9396840.689,15:37:01:406,Trial018,18 au revoir.jpg,39,GreenYellow,100.0,Eye,7,7,,,669.3684495017177,376.47907494453983,663.2321670032985,369.81669218348674,-,-,0.0000,0.0000,0.0000,0.0000,0.0000,0.0000,-,-,-,-,-,-,-,-,-,-,-,-,-,-
62971,9396900.31,15:37:01:465,Trial018,18 au revoir.jpg,39,GreenYellow,0.0,Eye,7,7,,,664.6756522100287,311.5960453483172,665.5830929732722,345.41105095747184,-,-,0.0000,0.0000,0.0000,0.0000,0.0000,0.0000,-,-,-,-,-,-,-,-,-,-,-,-,-,-
62974,9396960.057,15:37:01:525,Trial018,18 au revoir.jpg,39,GreenYellow,0.0,Eye,7,7,,,661.156054241262,321.0506667298866,667.3462874507525,366.18347447052486,-,-,0.0000,0.0000,0.0000,0.0000,0.0000,0.0000,-,-,-,-,-,-,-,-,-,-,-,-,-,-
62977,9397019.687,15:37:01:585,Trial018,18 au revoir.jpg,39,GreenYellow,0.0,Eye,7,7,,,658.5163557646871,417.8526465332424,668.6686833088626,355.37110171073243,-,-,0.0000,0.0000,0.0000,0.0000,0.0000,0.0000,-,-,-,-,-,-,-,-,-,-,-,-,-,-
62980,9397079.441,15:37:01:644,Trial018,18 au revoir.jpg,39,GreenYellow,0.0,Eye,7,7,,,,,,,-,-,0.0000,0.0000,0.0000,0.0000,0.0000,0.0000,-,-,-,-,-,-,-,-,-,-,-,-,-,-
62983,9397139.066,15:37:01:704,Trial018,18 au revoir.jpg,39,GreenYellow,0.0,Eye,7,7,,,,,,,-,-,0.0000,0.0000,0.0000,0.0000,0.0000,0.0000,-,-,-,-,-,-,-,-,-,-,-,-,-,-
62986,9397198.681,15:37:01:763,Trial018,18 au revoir.jpg,39,GreenYellow,0.0,Eye,7,7,,,,,,,-,-,0.0000,0.0000,0.0000,0.0000,0.0000,0.0000,-,-,-,-,-,-,-,-,-,-,-,-,-,-
62989,9397258.435,15:37:01:823,Trial018,18 au revoir.jpg,39,GreenYellow,0.0,Eye,7,7,,,,,,,-,-,0.0000,0.0000,0.0000,0.0000,0.0000,0.0000,-,-,-,-,-,-,-,-,-,-,-,-,-,-
62992,9397318.051,15:37:01:883,Trial018,18 au revoir.jpg,39,GreenYellow,0.0,Eye,7,7,,,,,,,-,-,0.0000,0.0000,0.0000,0.0000,0.0000,0.0000,-,-,-,-,-,-,-,-,-,-,-,-,-,-
62995,9397377.687,15:37:01:943,Trial018,18 au revoir.jpg,39,GreenYellow,0.0,Eye,8,8,,,,,,,-,-,0.0000,0.0000,0.0000,0.0000,0.0000,0.0000,-,-,-,-,-,-,-,-,-,-,-,-,-,-
62998,9397437.433,15:37:02:002,Trial018,18 au revoir.jpg,39,GreenYellow,0.0,Eye,8,8,,,,,,,-,-,0.0000,0.0000,0.0000,0.0000,0.0000,0.0000,-,-,-,-,-,-,-,-,-,-,-,-,-,-
65174,9397954.563,15:37:02:519,Trial019,FEDE Drte.avi,39,GreenYellow,0.0,Eye,1,1,,,,,,,-,-,0.0000,0.0000,0.0000,0.0000,0.0000,0.0000,-,-,-,-,-,-,-,-,-,-,-,-,-,-
65177,9398014.335,15:37:02:579,Trial019,FEDE Drte.avi,39,GreenYellow,0.0,Eye,1,1,,,,,,,-,-,0.0000,0.0000,0.0000,0.0000,0.0000,0.0000,-,-,-,-,-,-,-,-,-,-,-,-,-,-
65180,9398073.943,15:37:02:639,Trial019,FEDE Drte.avi,39,GreenYellow,0.0,Eye,1,1,,,,,,,-,-,0.0000,0.0000,0.0000,0.0000,0.0000,0.0000,-,-,-,-,-,-,-,-,-,-,-,-,-,-
65183,9398133.607,15:37:02:698,Trial019,FEDE Drte.avi,39,GreenYellow,0.0,Eye,2,2,,,,,,,-,-,0.0000,0.0000,0.0000,0.0000,0.0000,0.0000,-,-,-,-,-,-,-,-,-,-,-,-,-,-
65186,9398193.307,15:37:02:758,Trial019,FEDE Drte.avi,39,GreenYellow,0.0,Eye,2,2,,,,,,,-,-,0.0000,0.0000,0.0000,0.0000,0.0000,0.0000,-,-,-,-,-,-,-,-,-,-,-,-,-,-
65189,9398252.991,15:37:02:818,Trial019,FEDE Drte.avi,39,GreenYellow,0.0,Eye,2,2,,,,,,,-,-,0.0000,0.0000,0.0000,0.0000,0.0000,0.0000,-,-,-,-,-,-,-,-,-,-,-,-,-,-
65192,9398312.562,15:37:02:877,Trial019,FEDE Drte.avi,39,GreenYellow,0.0,Eye,3,3,,,,,,,-,-,0.0000,0.0000,0.0000,0.0000,0.0000,0.0000,-,-,-,-,-,-,-,-,-,-,-,-,-,-
65195,9398372.323,15:37:02:937,Trial019,FEDE Drte.avi,39,GreenYellow,0.0,Eye,3,3,,,,,,,-,-,0.0000,0.0000,0.0000,0.0000,0.0000,0.0000,-,-,-,-,-,-,-,-,-,-,-,-,-,-
65198,9398431.932,15:37:02:997,Trial019,FEDE Drte.avi,39,GreenYellow,0.0,Eye,3,3,,,,,,,-,-,0.0000,0.0000,0.0000,0.0000,0.0000,0.0000,-,-,-,-,-,-,-,-,-,-,-,-,-,-
65201,9398491.732,15:37:03:056,Trial019,FEDE Drte.avi,39,GreenYellow,0.0,Eye,3,3,,,,,,,-,-,0.0000,0.0000,0.0000,0.0000,0.0000,0.0000,-,-,-,-,-,-,-,-,-,-,-,-,-,-
65204,9398551.304,15:37:03:116,Trial019,FEDE Drte.avi,39,GreenYellow,0.0,Eye,3,3,,,,,,,-,-,0.0000,0.0000,0.0000,0.0000,0.0000,0.0000,-,-,-,-,-,-,-,-,-,-,-,-,-,-
65207,9398610.963,15:37:03:176,Trial019,FEDE Drte.avi,39,GreenYellow,0.0,Eye,3,3,,,,,,,-,-,0.0000,0.0000,0.0000,0.0000,0.0000,0.0000,-,-,-,-,-,-,-,-,-,-,-,-,-,-
65210,9398670.679,15:37:03:235,Trial019,FEDE Drte.avi,39,GreenYellow,0.0,Eye,3,3,,,,,,,-,-,0.0000,0.0000,0.0000,0.0000,0.0000,0.0000,-,-,-,-,-,-,-,-,-,-,-,-,-,-
65213,9398730.304,15:37:03:295,Trial019,FEDE Drte.avi,39,GreenYellow,0.0,Eye,3,3,,,,,,,-,-,0.0000,0.0000,0.0000,0.0000,0.0000,0.0000,-,-,-,-,-,-,-,-,-,-,-,-,-,-
65216,9398789.917,15:37:03:355,Trial019,FEDE Drte.avi,39,GreenYellow,0.0,Eye,3,3,,,,,,,-,-,0.0000,0.0000,0.0000,0.0000,0.0000,0.0000,-,-,-,-,-,-,-,-,-,-,-,-,-,-
65219,9398849.677,15:37:03:414,Trial019,FEDE Drte.avi,39,GreenYellow,0.0,Eye,3,3,,,,,,,-,-,0.0000,0.0000,0.0000,0.0000,0.0000,0.0000,-,-,-,-,-,-,-,-,-,-,-,-,-,-
65222,9398909.294,15:37:03:474,Trial019,FEDE Drte.avi,39,GreenYellow,0.0,Eye,1,1,,,,,,,-,-,0.0000,0.0000,0.0000,0.0000,0.0000,0.0000,-,-,-,-,-,-,-,-,-,-,-,-,-,-
65225,9398969.053,15:37:03:534,Trial019,FEDE Drte.avi,39,GreenYellow,0.0,Eye,1,1,,,,,,,-,-,0.0000,0.0000,0.0000,0.0000,0.0000,0.0000,-,-,-,-,-,-,-,-,-,-,-,-,-,-
65228,9399028.685,15:37:03:593,Trial019,FEDE Drte.avi,39,GreenYellow,0.0,Eye,4,1,,,,,,,-,-,0.0000,0.0000,0.0000,0.0000,0.0000,0.0000,-,-,-,-,-,-,-,-,-,-,-,-,-,-
65231,9399088.305,15:37:03:653,Trial019,FEDE Drte.avi,39,GreenYellow,0.0,Eye,4,4,,,,,,,-,-,0.0000,0.0000,0.0000,0.0000,0.0000,0.0000,-,-,-,-,-,-,-,-,-,-,-,-,-,-
65234,9399148.082,15:37:03:713,Trial019,FEDE Drte.avi,39,GreenYellow,0.0,Eye,4,4,,,,,,,-,-,0.0000,0.0000,0.0000,0.0000,0.0000,0.0000,-,-,-,-,-,-,-,-,-,-,-,-,-,-
65237,9399207.679,15:37:03:772,Trial019,FEDE Drte.avi,39,GreenYellow,0.0,Eye,4,4,,,,,,,-,-,0.0000,0.0000,0.0000,0.0000,0.0000,0.0000,-,-,-,-,-,-,-,-,-,-,-,-,-,-
65240,9399267.439,15:37:03:832,Trial019,FEDE Drte.avi,39,GreenYellow,0.0,Eye,4,4,,,,,,,-,-,0.0000,0.0000,0.0000,0.0000,0.0000,0.0000,-,-,-,-,-,-,-,-,-,-,-,-,-,-
65243,9399327.031,15:37:03:892,Trial019,FEDE Drte.avi,39,GreenYellow,0.0,Eye,4,4,,,,,,,-,-,0.0000,0.0000,0.0000,0.0000,0.0000,0.0000,-,-,-,-,-,-,-,-,-,-,-,-,-,-
65246,9399386.683,15:37:03:951,Trial019,FEDE Drte.avi,39,GreenYellow,0.0,Eye,4,4,,,,,,,-,-,0.0000,0.0000,0.0000,0.0000,0.0000,0.0000,-,-,-,-,-,-,-,-,-,-,-,-,-,-
65249,9399446.42,15:37:04:011,Trial019,FEDE Drte.avi,39,GreenYellow,0.0,Eye,4,4,,,,,,,-,-,0.0000,0.0000,0.0000,0.0000,0.0000,0.0000,-,-,-,-,-,-,-,-,-,-,-,-,-,-
65252,9399506.027,15:37:04:071,Trial019,FEDE Drte.avi,39,GreenYellow,98.0051,Eye,4,4,,,957.7782420787219,433.52171494684364,936.1646513376536,516.8100957894745,-,-,0.0000,0.0000,0.0000,0.0000,0.0000,0.0000,-,-,-,-,-,-,-,-,-,-,-,-,-,-
65255,9399565.661,15:37:04:130,Trial019,FEDE Drte.avi,39,GreenYellow,98.0051,Eye,4,4,,,954.8030531736808,363.81806201070435,939.2195143094074,422.6307217161078,-,-,0.0000,0.0000,0.0000,0.0000,0.0000,0.0000,-,-,-,-,-,-,-,-,-,-,-,-,-,-
65258,9399625.441,15:37:04:190,Trial019,FEDE Drte.avi,39,GreenYellow,98.0051,Eye,5,5,,,953.8401565362983,465.5307204758812,938.1678494182297,472.9780098091712,-,-,0.0000,0.0000,0.0000,0.0000,0.0000,0.0000,-,-,-,-,-,-,-,-,-,-,-,-,-,-
65261,9399685.027,15:37:04:250,Trial019,FEDE Drte.avi,39,GreenYellow,98.0051,Eye,5,5,,,954.2054193177257,443.14798235044117,933.7798509279412,416.33252951537304,-,-,0.0000,0.0000,0.0000,0.0000,0.0000,0.0000,-,-,-,-,-,-,-,-,-,-,-,-,-,-
65264,9399744.801,15:37:04:309,Trial019,FEDE Drte.avi,39,GreenYellow,98.0051,Eye,6,6,,,947.008784560276,373.72760798112085,931.6204511833009,436.1347017032893,-,-,0.0000,0.0000,0.0000,0.0000,0.0000,0.0000,-,-,-,-,-,-,-,-,-,-,-,-,-,-
65267,9399804.403,15:37:04:369,Trial019,FEDE Drte.avi,39,GreenYellow,98.0051,Eye,6,6,,,869.2335334807293,289.1691043340601,853.1719768800434,438.3889741419859,-,-,0.0000,0.0000,0.0000,0.0000,0.0000,0.0000,-,-,-,-,-,-,-,-,-,-,-,-,-,-
65270,9399864.023,15:37:04:429,Trial019,FEDE Drte.avi,39,GreenYellow,98.0051,Eye,6,6,,,808.3134263736678,409.5058309880915,801.5802439675867,413.12224305927685,-,-,0.0000,0.0000,0.0000,0.0000,0.0000,0.0000,-,-,-,-,-,-,-,-,-,-,-,-,-,-
65273,9399923.773,15:37:04:488,Trial019,FEDE Drte.avi,39,GreenYellow,98.0051,Eye,6,6,,,774.8570417431562,378.22129113995726,760.8270538328375,369.1540299741698,-,-,0.0000,0.0000,0.0000,0.0000,0.0000,0.0000,-,-,-,-,-,-,-,-,-,-,-,-,-,-
65276,9399983.4,15:37:04:548,Trial019,FEDE Drte.avi,39,GreenYellow,98.0051,Eye,6,6,,,748.3979089314339,348.9401891842724,722.0375851086667,336.55625224639414,-,-,0.0000,0.0000,0.0000,0.0000,0.0000,0.0000,-,-,-,-,-,-,-,-,-,-,-,-,-,-
65279,9400043.158,15:37:04:608,Trial019,FEDE Drte.avi,39,GreenYellow,98.0051,Eye,6,6,,,723.4716265648799,389.4743919775536,709.0041845273985,407.5317937853722,-,-,0.0000,0.0000,0.0000,0.0000,0.0000,0.0000,-,-,-,-,-,-,-,-,-,-,-,-,-,-
65282,9400102.777,15:37:04:667,Trial019,FEDE Drte.avi,39,GreenYellow,98.0051,Eye,7,7,,,709.9427208750296,379.0873073367771,703.972103517431,359.2820377996479,-,-,0.0000,0.0000,0.0000,0.0000,0.0000,0.0000,-,-,-,-,-,-,-,-,-,-,-,-,-,-
65285,9400162.393,15:37:04:727,Trial019,FEDE Drte.avi,39,GreenYellow,98.0051,Eye,7,7,,,694.1866338856082,286.79331100539537,697.2857896588844,474.8945134849765,-,-,0.0000,0.0000,0.0000,0.0000,0.0000,0.0000,-,-,-,-,-,-,-,-,-,-,-,-,-,-
65288,9400222.149,15:37:04:787,Trial019,FEDE Drte.avi,39,GreenYellow,98.0051,Eye,8,8,,,675.7774585589532,380.0506466133723,685.9504954841852,368.348670343189,-,-,0.0000,0.0000,0.0000,0.0000,0.0000,0.0000,-,-,-,-,-,-,-,-,-,-,-,-,-,-
65291,9400281.765,15:37:04:846,Trial019,FEDE Drte.avi,39,GreenYellow,98.0051,Eye,8,8,,,669.7502552903835,335.9443029163023,674.5202224676817,351.1865745312268,-,-,0.0000,0.0000,0.0000,0.0000,0.0000,0.0000,-,-,-,-,-,-,-,-,-,-,-,-,-,-
65294,9400341.392,15:37:04:906,Trial019,FEDE Drte.avi,39,GreenYellow,98.0051,Eye,8,8,,,663.1023975391756,379.26252802047577,667.6327093835552,359.0998018780632,-,-,0.0000,0.0000,0.0000,0.0000,0.0000,0.0000,-,-,-,-,-,-,-,-,-,-,-,-,-,-
65297,9400401.141,15:37:04:966,Trial019,FEDE Drte.avi,39,GreenYellow,98.0051,Eye,8,8,,,658.7779967405002,446.9032614143832,651.7047057979719,424.3245637917166,-,-,0.0000,0.0000,0.0000,0.0000,0.0000,0.0000,-,-,-,-,-,-,-,-,-,-,-,-,-,-
65300,9400460.761,15:37:05:025,Trial019,FEDE Drte.avi,39,GreenYellow,98.0051,Eye,9,9,,,659.5731040565897,381.2870208291474,654.3129665675698,365.858951002255,-,-,0.0000,0.0000,0.0000,0.0000,0.0000,0.0000,-,-,-,-,-,-,-,-,-,-,-,-,-,-
65303,9400520.517,15:37:05:085,Trial019,FEDE Drte.avi,39,GreenYellow,98.0051,Eye,9,9,,,656.807493331869,363.02148693479,657.001520827466,511.2744448676504,-,-,0.0000,0.0000,0.0000,0.0000,0.0000,0.0000,-,-,-,-,-,-,-,-,-,-,-,-,-,-
65306,9400580.14,15:37:05:145,Trial019,FEDE Drte.avi,39,GreenYellow,98.0051,Eye,9,9,,,657.7055854567301,340.26259746013966,653.8665945702664,374.1492245402029,-,-,0.0000,0.0000,0.0000,0.0000,0.0000,0.0000,-,-,-,-,-,-,-,-,-,-,-,-,-,-
65309,9400639.761,15:37:05:204,Trial019,FEDE Drte.avi,39,GreenYellow,98.0051,Eye,9,9,,,661.0461199218026,398.0469203922293,655.3542788681846,309.845130515538,-,-,0.0000,0.0000,0.0000,0.0000,0.0000,0.0000,-,-,-,-,-,-,-,-,-,-,-,-,-,-
65312,9400699.511,15:37:05:264,Trial019,FEDE Drte.avi,39,GreenYellow,98.0051,Eye,9,9,,,651.4829197899566,336.5485223508285,648.9015541807609,376.4708314199782,-,-,0.0000,0.0000,0.0000,0.0000,0.0000,0.0000,-,-,-,-,-,-,-,-,-,-,-,-,-,-
65315,9400759.134,15:37:05:324,Trial019,FEDE Drte.avi,39,GreenYellow,98.0051,Eye,9,9,,,650.2449110841573,331.79485232175193,648.8354510783022,420.783378664981,-,-,0.0000,0.0000,0.0000,0.0000,0.0000,0.0000,-,-,-,-,-,-,-,-,-,-,-,-,-,-
65318,9400818.891,15:37:05:384,Trial019,FEDE Drte.avi,39,GreenYellow,98.0051,Eye,9,9,,,648.6580158884193,374.5412225819236,638.3060872905133,334.7332861142364,-,-,0.0000,0.0000,0.0000,0.0000,0.0000,0.0000,-,-,-,-,-,-,-,-,-,-,-,-,-,-
65321,9400878.507,15:37:05:443,Trial019,FEDE Drte.avi,39,GreenYellow,98.0051,Eye,10,10,,,642.1268759063455,366.72197936143897,647.0715711239377,327.8757416561449,-,-,0.0000,0.0000,0.0000,0.0000,0.0000,0.0000,-,-,-,-,-,-,-,-,-,-,-,-,-,-
65324,9400938.141,15:37:05:503,Trial019,FEDE Drte.avi,39,GreenYellow,98.0051,Eye,10,10,,,642.8038339571568,273.5518774077341,652.3784596309879,356.71310904628365,-,-,0.0000,0.0000,0.0000,0.0000,0.0000,0.0000,-,-,-,-,-,-,-,-,-,-,-,-,-,-
65327,9400997.872,15:37:05:562,Trial019,FEDE Drte.avi,39,GreenYellow,98.0051,Eye,10,10,,,647.4097976146103,357.5633727612611,653.4734603210618,440.9292171427381,-,-,0.0000,0.0000,0.0000,0.0000,0.0000,0.0000,-,-,-,-,-,-,-,-,-,-,-,-,-,-
65330,9401057.501,15:37:05:622,Trial019,FEDE Drte.avi,39,GreenYellow,98.0051,Eye,10,10,,,658.5081575678569,315.207748060449,652.9146967492509,445.5756999135441,-,-,0.0000,0.0000,0.0000,0.0000,0.0000,0.0000,-,-,-,-,-,-,-,-,-,-,-,-,-,-
65333,9401117.255,15:37:05:682,Trial019,FEDE Drte.avi,39,GreenYellow,98.0051,Eye,11,11,,,657.3981011974706,467.59727475293033,652.5341421337248,396.3525418379391,-,-,0.0000,0.0000,0.0000,0.0000,0.0000,0.0000,-,-,-,-,-,-,-,-,-,-,-,-,-,-
65336,9401176.874,15:37:05:742,Trial019,FEDE Drte.avi,39,GreenYellow,98.0051,Eye,11,11,,,655.2026503797831,332.02256508101175,651.5579155930662,393.49422609291923,-,-,0.0000,0.0000,0.0000,0.0000,0.0000,0.0000,-,-,-,-,-,-,-,-,-,-,-,-,-,-
65339,9401236.628,15:37:05:801,Trial019,FEDE Drte.avi,39,GreenYellow,98.0051,Eye,11,11,,,660.6112905841547,423.90390411642244,647.3531102234912,343.30335431300045,-,-,0.0000,0.0000,0.0000,0.0000,0.0000,0.0000,-,-,-,-,-,-,-,-,-,-,-,-,-,-
65342,9401296.328,15:37:05:861,Trial019,FEDE Drte.avi,39,GreenYellow,98.0051,Eye,11,11,,,660.5732077287784,361.8266256565973,643.0350241023633,441.2901648196789,-,-,0.0000,0.0000,0.0000,0.0000,0.0000,0.0000,-,-,-,-,-,-,-,-,-,-,-,-,-,-
65345,9401355.87,15:37:05:920,Trial019,FEDE Drte.avi,39,GreenYellow,98.0051,Eye,12,12,,,658.449091070321,369.34459972239756,648.0040115827173,362.83978931850675,-,-,0.0000,0.0000,0.0000,0.0000,0.0000,0.0000,-,-,-,-,-,-,-,-,-,-,-,-,-,-
65348,9401415.686,15:37:05:980,Trial019,FEDE Drte.avi,39,GreenYellow,98.0051,Eye,12,12,,,658.674152949669,368.1469098635554,660.8240934393175,317.34346943257293,-,-,0.0000,0.0000,0.0000,0.0000,0.0000,0.0000,-,-,-,-,-,-,-,-,-,-,-,-,-,-
65351,9401475.254,15:37:06:040,Trial019,FEDE Drte.avi,39,GreenYellow,98.0051,Eye,13,13,,,710.9147479422419,491.05389447665146,702.8992034782158,376.729091131484,-,-,0.0000,0.0000,0.0000,0.0000,0.0000,0.0000,-,-,-,-,-,-,-,-,-,-,-,-,-,-
65354,9401535.048,15:37:06:100,Trial019,FEDE Drte.avi,39,GreenYellow,98.0051,Eye,13,13,,,762.8114017458817,348.9958579568923,756.5281875372202,458.94243503134567,-,-,0.0000,0.0000,0.0000,0.0000,0.0000,0.0000,-,-,-,-,-,-,-,-,-,-,-,-,-,-
65357,9401594.634,15:37:06:159,Trial019,FEDE Drte.avi,39,GreenYellow,98.0051,Eye,13,13,,,807.8308733550228,363.0434519521668,793.6250527039625,440.1692295208737,-,-,0.0000,0.0000,0.0000,0.0000,0.0000,0.0000,-,-,-,-,-,-,-,-,-,-,-,-,-,-
65360,9401654.413,15:37:06:219,Trial019,FEDE Drte.avi,39,GreenYellow,98.0051,Eye,13,13,,,843.5229614982833,450.08751337103223,828.9735513444075,436.3843377682971,-,-,0.0000,0.0000,0.0000,0.0000,0.0000,0.0000,-,-,-,-,-,-,-,-,-,-,-,-,-,-
65363,9401714.001,15:37:06:279,Trial019,FEDE Drte.avi,39,GreenYellow,98.0051,Eye,14,14,,,868.2063372393212,431.41784211664435,853.2063324922942,452.261268054382,-,-,0.0000,0.0000,0.0000,0.0000,0.0000,0.0000,-,-,-,-,-,-,-,-,-,-,-,-,-,-
65366,9401773.696,15:37:06:338,Trial019,FEDE Drte.avi,39,GreenYellow,98.0051,Eye,14,14,,,887.1134918202798,353.4349498960461,875.2271455914218,376.30613401046116,-,-,0.0000,0.0000,0.0000,0.0000,0.0000,0.0000,-,-,-,-,-,-,-,-,-,-,-,-,-,-
65369,9401833.249,15:37:06:398,Trial019,FEDE Drte.avi,39,GreenYellow,98.0051,Eye,14,14,,,895.9847132448206,320.1802675420957,887.1977888705558,389.0640558317017,-,-,0.0000,0.0000,0.0000,0.0000,0.0000,0.0000,-,-,-,-,-,-,-,-,-,-,-,-,-,-
65372,9401892.992,15:37:06:458,Trial019,FEDE Drte.avi,39,GreenYellow,98.0051,Eye,15,15,,,910.1489371376176,434.8886302487041,894.5228583081057,358.5800964576961,-,-,0.0000,0.0000,0.0000,0.0000,0.0000,0.0000,-,-,-,-,-,-,-,-,-,-,-,-,-,-
65375,9401952.616,15:37:06:517,Trial019,FEDE Drte.avi,39,GreenYellow,98.0051,Eye,15,15,,,871.0548602782236,476.1423849931915,858.2021249716023,348.6434617291983,-,-,0.0000,0.0000,0.0000,0.0000,0.0000,0.0000,-,-,-,-,-,-,-,-,-,-,-,-,-,-
65378,9402012.257,15:37:06:577,Trial019,FEDE Drte.avi,39,GreenYellow,98.0051,Eye,15,15,,,841.4563552140581,408.43141655882135,831.318180334475,339.53090406668576,-,-,0.0000,0.0000,0.0000,0.0000,0.0000,0.0000,-,-,-,-,-,-,-,-,-,-,-,-,-,-
65381,9402071.993,15:37:06:637,Trial019,FEDE Drte.avi,39,GreenYellow,98.0051,Eye,15,15,,,823.3082660509822,351.1335541348119,814.475945849249,415.1759444847911,-,-,0.0000,0.0000,0.0000,0.0000,0.0000,0.0000,-,-,-,-,-,-,-,-,-,-,-,-,-,-
65384,9402131.631,15:37:06:696,Trial019,FEDE Drte.avi,39,GreenYellow,98.0051,Eye,16,16,,,809.9384970884665,364.64317503465537,792.1166947926106,275.0338932938055,-,-,0.0000,0.0000,0.0000,0.0000,0.0000,0.0000,-,-,-,-,-,-,-,-,-,-,-,-,-,-
65387,9402191.364,15:37:06:756,Trial019,FEDE Drte.avi,39,GreenYellow,98.0051,Eye,16,16,,,792.7486870655534,413.07915161079285,773.168670385509,422.15405345473897,-,-,0.0000,0.0000,0.0000,0.0000,0.0000,0.0000,-,-,-,-,-,-,-,-,-,-,-,-,-,-
65390,9402251.001,15:37:06:816,Trial019,FEDE Drte.avi,39,GreenYellow,98.0051,Eye,16,16,,,785.1714681976626,406.89012915684856,770.7865067285095,424.6865399995957,-,-,0.0000,0.0000,0.0000,0.0000,0.0000,0.0000,-,-,-,-,-,-,-,-,-,-,-,-,-,-
65393,9402310.65,15:37:06:875,Trial019,FEDE Drte.avi,39,GreenYellow,98.0051,Eye,17,17,,,754.7468212463142,392.01696920127387,734.4144693542052,470.3776047369077,-,-,0.0000,0.0000,0.0000,0.0000,0.0000,0.0000,-,-,-,-,-,-,-,-,-,-,-,-,-,-
65396,9402370.378,15:37:06:935,Trial019,FEDE Drte.avi,39,GreenYellow,98.0051,Eye,17,17,,,726.3574168236281,412.6702363061286,720.7622427957792,341.13012527897945,-,-,0.0000,0.0000,0.0000,0.0000,0.0000,0.0000,-,-,-,-,-,-,-,-,-,-,-,-,-,-
65399,9402429.988,15:37:06:995,Trial019,FEDE Drte.avi,39,GreenYellow,98.0051,Eye,17,17,,,709.132250881042,380.14656679351316,708.2206146434434,456.79185316123716,-,-,0.0000,0.0000,0.0000,0.0000,0.0000,0.0000,-,-,-,-,-,-,-,-,-,-,-,-,-,-
65402,9402489.746,15:37:07:054,Trial019,FEDE Drte.avi,39,GreenYellow,98.0051,Eye,17,17,,,689.6858941742373,295.2792575045307,697.1046570425391,419.5752502591324,-,-,0.0000,0.0000,0.0000,0.0000,0.0000,0.0000,-,-,-,-,-,-,-,-,-,-,-,-,-,-
65405,9402549.364,15:37:07:114,Trial019,FEDE Drte.avi,39,GreenYellow,98.0051,Eye,17,17,,,678.9574310602314,364.2090271620973,684.8328941171815,392.01119702058827,-,-,0.0000,0.0000,0.0000,0.0000,0.0000,0.0000,-,-,-,-,-,-,-,-,-,-,-,-,-,-
65408,9402608.998,15:37:07:174,Trial019,FEDE Drte.avi,39,GreenYellow,98.0051,Eye,18,18,,,682.7982645751316,322.1570416459699,670.4160417889177,361.79021118072166,-,-,0.0000,0.0000,0.0000,0.0000,0.0000,0.0000,-,-,-,-,-,-,-,-,-,-,-,-,-,-
65411,9402668.73,15:37:07:233,Trial019,FEDE Drte.avi,39,GreenYellow,98.0051,Eye,18,18,,,666.5437198819313,382.74056822616274,663.5772502693053,339.018185740088,-,-,0.0000,0.0000,0.0000,0.0000,0.0000,0.0000,-,-,-,-,-,-,-,-,-,-,-,-,-,-
65414,9402728.367,15:37:07:293,Trial019,FEDE Drte.avi,39,GreenYellow,98.0051,Eye,18,18,,,656.8163654451967,319.59095068983584,660.2085809773416,342.39087898790814,-,-,0.0000,0.0000,0.0000,0.0000,0.0000,0.0000,-,-,-,-,-,-,-,-,-,-,-,-,-,-
65417,9402787.998,15:37:07:353,Trial019,FEDE Drte.avi,39,GreenYellow,98.0051,Eye,18,18,,,653.6246797990879,309.0772062422392,652.6522731024274,400.9325834313123,-,-,0.0000,0.0000,0.0000,0.0000,0.0000,0.0000,-,-,-,-,-,-,-,-,-,-,-,-,-,-
65420,9402847.735,15:37:07:412,Trial019,FEDE Drte.avi,39,GreenYellow,98.0051,Eye,18,18,,,655.0702371527352,446.4218152082303,650.2306967186857,386.4327074492938,-,-,0.0000,0.0000,0.0000,0.0000,0.0000,0.0000,-,-,-,-,-,-,-,-,-,-,-,-,-,-
65423,9402907.373,15:37:07:472,Trial019,FEDE Drte.avi,39,GreenYellow,98.0051,Eye,18,18,,,662.8502691118775,479.32254550787513,648.2721211494311,319.7257068789633,-,-,0.0000,0.0000,0.0000,0.0000,0.0000,0.0000,-,-,-,-,-,-,-,-,-,-,-,-,-,-
65426,9402966.985,15:37:07:532,Trial019,FEDE Drte.avi,39,GreenYellow,98.0051,Eye,18,18,,,656.7624969791171,356.33153730054255,644.4189195817964,369.88538265579405,-,-,0.0000,0.0000,0.0000,0.0000,0.0000,0.0000,-,-,-,-,-,-,-,-,-,-,-,-,-,-
65429,9403026.764,15:37:07:591,Trial019,FEDE Drte.avi,39,GreenYellow,98.0051,Eye,18,18,,,649.3094439816334,424.3974187666644,652.8783766414668,378.6453687530791,-,-,0.0000,0.0000,0.0000,0.0000,0.0000,0.0000,-,-,-,-,-,-,-,-,-,-,-,-,-,-
65432,9403086.361,15:37:07:651,Trial019,FEDE Drte.avi,39,GreenYellow,98.0051,Eye,18,18,,,646.6353235911461,348.5123710440108,650.491088371026,489.0175944872202,-,-,0.0000,0.0000,0.0000,0.0000,0.0000,0.0000,-,-,-,-,-,-,-,-,-,-,-,-,-,-
65435,9403146.09,15:37:07:711,Trial019,FEDE Drte.avi,39,GreenYellow,98.0051,Eye,18,18,,,650.0760399779439,399.3471279810675,648.4353599648855,310.568630927648,-,-,0.0000,0.0000,0.0000,0.0000,0.0000,0.0000,-,-,-,-,-,-,-,-,-,-,-,-,-,-
65438,9403205.714,15:37:07:770,Trial019,FEDE Drte.avi,39,GreenYellow,98.0051,Eye,18,18,,,640.5261107174224,349.3906156825534,643.8312675714935,386.9207989903454,-,-,0.0000,0.0000,0.0000,0.0000,0.0000,0.0000,-,-,-,-,-,-,-,-,-,-,-,-,-,-
65441,9403265.496,15:37:07:830,Trial019,FEDE Drte.avi,39,GreenYellow,98.0051,Eye,19,19,,,649.9262414300993,381.0203703280196,642.6671253038503,413.39335691336487,-,-,0.0000,0.0000,0.0000,0.0000,0.0000,0.0000,-,-,-,-,-,-,-,-,-,-,-,-,-,-
65444,9403325.088,15:37:07:890,Trial019,FEDE Drte.avi,39,GreenYellow,98.0051,Eye,19,19,,,652.3400723594127,337.84112844107966,660.8874548743158,391.9985963221083,-,-,0.0000,0.0000,0.0000,0.0000,0.0000,0.0000,-,-,-,-,-,-,-,-,-,-,-,-,-,-
65447,9403384.719,15:37:07:949,Trial019,FEDE Drte.avi,39,GreenYellow,98.0051,Eye,19,19,,,649.3286319361923,364.68050874447715,654.6110195254311,377.5060136389183,-,-,0.0000,0.0000,0.0000,0.0000,0.0000,0.0000,-,-,-,-,-,-,-,-,-,-,-,-,-,-
65450,9403444.466,15:37:08:009,Trial019,FEDE Drte.avi,39,GreenYellow,98.0051,Eye,19,19,,,653.145246359392,367.08203686350424,650.7029872104152,354.3077625620665,-,-,0.0000,0.0000,0.0000,0.0000,0.0000,0.0000,-,-,-,-,-,-,-,-,-,-,-,-,-,-
65453,9403504.091,15:37:08:069,Trial019,FEDE Drte.avi,39,GreenYellow,98.0051,Eye,19,19,,,665.7513564377883,392.38748501494615,654.4591538343066,413.2978871509093,-,-,0.0000,0.0000,0.0000,0.0000,0.0000,0.0000,-,-,-,-,-,-,-,-,-,-,-,-,-,-
65456,9403563.713,15:37:08:128,Trial019,FEDE Drte.avi,39,GreenYellow,98.0051,Eye,19,19,,,662.4880731068969,343.00580199129286,655.6679674749331,361.1720084545934,-,-,0.0000,0.0000,0.0000,0.0000,0.0000,0.0000,-,-,-,-,-,-,-,-,-,-,-,-,-,-
65459,9403623.465,15:37:08:188,Trial019,FEDE Drte.avi,39,GreenYellow,98.0051,Eye,19,19,,,655.6148093427466,402.19149766873255,641.317872793929,410.0609678259828,-,-,0.0000,0.0000,0.0000,0.0000,0.0000,0.0000,-,-,-,-,-,-,-,-,-,-,-,-,-,-
65462,9403683.082,15:37:08:248,Trial019,FEDE Drte.avi,39,GreenYellow,98.0051,Eye,19,19,,,647.6783423276456,329.11588441173546,644.5885691177085,388.594959580866,-,-,0.0000,0.0000,0.0000,0.0000,0.0000,0.0000,-,-,-,-,-,-,-,-,-,-,-,-,-,-
65465,9403742.828,15:37:08:307,Trial019,FEDE Drte.avi,39,GreenYellow,98.0051,Eye,20,20,,,646.4315251175113,322.8878999421126,644.178461863437,467.2887760876312,-,-,0.0000,0.0000,0.0000,0.0000,0.0000,0.0000,-,-,-,-,-,-,-,-,-,-,-,-,-,-
65468,9403802.457,15:37:08:367,Trial019,FEDE Drte.avi,39,GreenYellow,98.0051,Eye,20,20,,,644.8542202619213,355.53090834415747,645.6201644818786,380.204254793645,-,-,0.0000,0.0000,0.0000,0.0000,0.0000,0.0000,-,-,-,-,-,-,-,-,-,-,-,-,-,-
65471,9403862.076,15:37:08:427,Trial019,FEDE Drte.avi,39,GreenYellow,98.0051,Eye,20,20,,,629.5627423112487,316.5659245144542,643.0719305377203,363.79267633382506,-,-,0.0000,0.0000,0.0000,0.0000,0.0000,0.0000,-,-,-,-,-,-,-,-,-,-,-,-,-,-
65474,9403921.83,15:37:08:486,Trial019,FEDE Drte.avi,39,GreenYellow,98.0051,Eye,21,21,,,630.4292636637236,307.83437582928747,645.2214499312322,310.31096397103266,-,-,0.0000,0.0000,0.0000,0.0000,0.0000,0.0000,-,-,-,-,-,-,-,-,-,-,-,-,-,-
65477,9403981.465,15:37:08:546,Trial019,FEDE Drte.avi,39,GreenYellow,98.0051,Eye,21,21,,,629.8572930583765,404.7415044715213,641.6520600821202,362.37026377733105,-,-,0.0000,0.0000,0.0000,0.0000,0.0000,0.0000,-,-,-,-,-,-,-,-,-,-,-,-,-,-
65480,9404041.08,15:37:08:606,Trial019,FEDE Drte.avi,39,GreenYellow,98.0051,Eye,21,21,,,633.8867265617044,380.6343958851896,643.8025787181515,415.8202143719283,-,-,0.0000,0.0000,0.0000,0.0000,0.0000,0.0000,-,-,-,-,-,-,-,-,-,-,-,-,-,-
65483,9404100.833,15:37:08:665,Trial019,FEDE Drte.avi,39,GreenYellow,98.0051,Eye,21,21,,,631.835698931011,391.7836806042222,638.4797453572614,342.15417051610973,-,-,0.0000,0.0000,0.0000,0.0000,0.0000,0.0000,-,-,-,-,-,-,-,-,-,-,-,-,-,-
65486,9404160.454,15:37:08:725,Trial019,FEDE Drte.avi,39,GreenYellow,98.0051,Eye,21,21,,,636.9328777163767,362.10028087880903,635.0011618843482,325.897515666265,-,-,0.0000,0.0000,0.0000,0.0000,0.0000,0.0000,-,-,-,-,-,-,-,-,-,-,-,-,-,-
65489,9404220.196,15:37:08:785,Trial019,FEDE Drte.avi,39,GreenYellow,98.0051,Eye,22,22,,,636.4945980307427,398.21957064860226,646.6620396404654,404.94225103529044,-,-,0.0000,0.0000,0.0000,0.0000,0.0000,0.0000,-,-,-,-,-,-,-,-,-,-,-,-,-,-
65492,9404279.824,15:37:08:844,Trial019,FEDE Drte.avi,39,GreenYellow,98.0051,Eye,22,22,,,638.754687014853,384.23311222637466,640.869289990034,418.2256789940489,-,-,0.0000,0.0000,0.0000,0.0000,0.0000,0.0000,-,-,-,-,-,-,-,-,-,-,-,-,-,-
65495,9404339.457,15:37:08:904,Trial019,FEDE Drte.avi,39,GreenYellow,98.0051,Eye,22,22,,,639.4848949034744,340.47718610342093,644.1335104798707,418.11812313959604,-,-,0.0000,0.0000,0.0000,0.0000,0.0000,0.0000,-,-,-,-,-,-,-,-,-,-,-,-,-,-
65498,9404399.198,15:37:08:964,Trial019,FEDE Drte.avi,39,GreenYellow,98.0051,Eye,22,22,,,649.3024722744798,433.3288217166496,640.6312857240456,370.80628302580726,-,-,0.0000,0.0000,0.0000,0.0000,0.0000,0.0000,-,-,-,-,-,-,-,-,-,-,-,-,-,-
65501,9404458.817,15:37:09:023,Trial019,FEDE Drte.avi,39,GreenYellow,98.0051,Eye,22,22,,,646.1494789247441,347.80749587059546,641.4734096908389,338.7643835660691,-,-,0.0000,0.0000,0.0000,0.0000,0.0000,0.0000,-,-,-,-,-,-,-,-,-,-,-,-,-,-
65504,9404518.607,15:37:09:083,Trial019,FEDE Drte.avi,39,GreenYellow,98.0051,Eye,23,23,,,655.0852282609007,439.4068810124641,657.5783045270832,394.422680912118,-,-,0.0000,0.0000,0.0000,0.0000,0.0000,0.0000,-,-,-,-,-,-,-,-,-,-,-,-,-,-
65507,9404578.2,15:37:09:143,Trial019,FEDE Drte.avi,39,GreenYellow,98.0051,Eye,23,23,,,672.398276359692,374.4416907537572,664.9048806154995,448.37374347305524,-,-,0.0000,0.0000,0.0000,0.0000,0.0000,0.0000,-,-,-,-,-,-,-,-,-,-,-,-,-,-
65510,9404637.819,15:37:09:202,Trial019,FEDE Drte.avi,39,GreenYellow,98.0051,Eye,23,23,,,678.0525484734193,407.8073286327541,667.017527824285,328.9570621138647,-,-,0.0000,0.0000,0.0000,0.0000,0.0000,0.0000,-,-,-,-,-,-,-,-,-,-,-,-,-,-
65513,9404697.578,15:37:09:262,Trial019,FEDE Drte.avi,39,GreenYellow,98.0051,Eye,23,23,,,684.7904693567798,361.7940780609669,677.0833914317392,328.2983724522778,-,-,0.0000,0.0000,0.0000,0.0000,0.0000,0.0000,-,-,-,-,-,-,-,-,-,-,-,-,-,-
65516,9404757.194,15:37:09:322,Trial019,FEDE Drte.avi,39,GreenYellow,98.0051,Eye,24,24,,,693.13345895343,424.4329332839767,682.4948705758773,378.18973490052724,-,-,0.0000,0.0000,0.0000,0.0000,0.0000,0.0000,-,-,-,-,-,-,-,-,-,-,-,-,-,-
65519,9404816.82,15:37:09:381,Trial019,FEDE Drte.avi,39,GreenYellow,98.0051,Eye,24,24,,,685.8441215040638,278.62249216592295,683.8994377749575,318.81994020189205,-,-,0.0000,0.0000,0.0000,0.0000,0.0000,0.0000,-,-,-,-,-,-,-,-,-,-,-,-,-,-
65522,9404876.557,15:37:09:441,Trial019,FEDE Drte.avi,39,GreenYellow,98.0051,Eye,24,24,,,747.7803447086719,377.72982734817117,744.9773396657317,375.9815216139989,-,-,0.0000,0.0000,0.0000,0.0000,0.0000,0.0000,-,-,-,-,-,-,-,-,-,-,-,-,-,-
65525,9404936.187,15:37:09:501,Trial019,FEDE Drte.avi,39,GreenYellow,98.0051,Eye,24,24,,,792.0786508126492,349.81660394714254,788.4787270093618,311.52346662565435,-,-,0.0000,0.0000,0.0000,0.0000,0.0000,0.0000,-,-,-,-,-,-,-,-,-,-,-,-,-,-
65528,9404995.937,15:37:09:561,Trial019,FEDE Drte.avi,39,GreenYellow,98.0051,Eye,24,24,,,834.993823987965,332.9391456988658,826.3371008958438,404.4861662591351,-,-,0.0000,0.0000,0.0000,0.0000,0.0000,0.0000,-,-,-,-,-,-,-,-,-,-,-,-,-,-
65531,9405055.582,15:37:09:620,Trial019,FEDE Drte.avi,39,GreenYellow,98.0051,Eye,24,24,,,860.2786817913313,377.94161112228215,860.5248190420441,343.3544976079413,-,-,0.0000,0.0000,0.0000,0.0000,0.0000,0.0000,-,-,-,-,-,-,-,-,-,-,-,-,-,-
65534,9405115.193,15:37:09:680,Trial019,FEDE Drte.avi,39,GreenYellow,98.0051,Eye,24,24,,,877.7852895760368,463.58340935373866,884.0646279641018,401.2666422114856,-,-,0.0000,0.0000,0.0000,0.0000,0.0000,0.0000,-,-,-,-,-,-,-,-,-,-,-,-,-,-
65537,9405175.008,15:37:09:740,Trial019,FEDE Drte.avi,39,GreenYellow,98.0051,Eye,24,24,,,892.4296012362008,409.3395599801567,898.8442404928046,416.5007015281343,-,-,0.0000,0.0000,0.0000,0.0000,0.0000,0.0000,-,-,-,-,-,-,-,-,-,-,-,-,-,-
65540,9405234.594,15:37:09:799,Trial019,FEDE Drte.avi,39,GreenYellow,98.0051,Eye,25,25,,,905.4100416601739,370.9304232354608,909.9007738305684,351.7917733957011,-,-,0.0000,0.0000,0.0000,0.0000,0.0000,0.0000,-,-,-,-,-,-,-,-,-,-,-,-,-,-
65543,9405294.327,15:37:09:859,Trial019,FEDE Drte.avi,39,GreenYellow,98.0051,Eye,25,25,,,913.6680036729698,347.93614274996395,913.277822350431,475.9756348733341,-,-,0.0000,0.0000,0.0000,0.0000,0.0000,0.0000,-,-,-,-,-,-,-,-,-,-,-,-,-,-
65546,9405353.933,15:37:09:919,Trial019,FEDE Drte.avi,39,GreenYellow,98.0051,Eye,25,25,,,877.82132715372,478.38274411822323,872.7153390612976,398.7862129000899,-,-,0.0000,0.0000,0.0000,0.0000,0.0000,0.0000,-,-,-,-,-,-,-,-,-,-,-,-,-,-
65549,9405413.604,15:37:09:978,Trial019,FEDE Drte.avi,39,GreenYellow,98.0051,Eye,25,25,,,847.4009021298257,377.86174397849123,842.9711288246723,424.50660948069896,-,-,0.0000,0.0000,0.0000,0.0000,0.0000,0.0000,-,-,-,-,-,-,-,-,-,-,-,-,-,-
65552,9405473.311,15:37:10:038,Trial019,FEDE Drte.avi,39,GreenYellow,98.0051,Eye,25,25,,,829.1576929378862,398.01542121953116,819.7503110074705,448.60991027618536,-,-,0.0000,0.0000,0.0000,0.0000,0.0000,0.0000,-,-,-,-,-,-,-,-,-,-,-,-,-,-
65555,9405532.973,15:37:10:098,Trial019,FEDE Drte.avi,39,GreenYellow,98.0051,Eye,26,26,,,805.3174327281727,409.50252484956223,802.0753340150751,280.6522981472028,-,-,0.0000,0.0000,0.0000,0.0000,0.0000,0.0000,-,-,-,-,-,-,-,-,-,-,-,-,-,-
65558,9405592.559,15:37:10:157,Trial019,FEDE Drte.avi,39,GreenYellow,98.0051,Eye,26,26,,,781.01591002347,360.65339325266785,778.6986783715499,394.26410639991735,-,-,0.0000,0.0000,0.0000,0.0000,0.0000,0.0000,-,-,-,-,-,-,-,-,-,-,-,-,-,-
65561,9405652.326,15:37:10:217,Trial019,FEDE Drte.avi,39,GreenYellow,98.0051,Eye,26,26,,,759.4789297702732,407.81591719332687,762.0966657671588,350.4188103411019,-,-,0.0000,0.0000,0.0000,0.0000,0.0000,0.0000,-,-,-,-,-,-,-,-,-,-,-,-,-,-
65564,9405711.937,15:37:10:277,Trial019,FEDE Drte.avi,39,GreenYellow,98.0051,Eye,26,26,,,738.216245471585,331.5447532499693,749.7288535832517,350.61196044805155,-,-,0.0000,0.0000,0.0000,0.0000,0.0000,0.0000,-,-,-,-,-,-,-,-,-,-,-,-,-,-
65567,9405771.564,15:37:10:336,Trial019,FEDE Drte.avi,39,GreenYellow,98.0051,Eye,27,27,,,729.6711694802827,325.68878925864504,740.2662866358385,308.2213987385013,-,-,0.0000,0.0000,0.0000,0.0000,0.0000,0.0000,-,-,-,-,-,-,-,-,-,-,-,-,-,-
65570,9405831.307,15:37:10:396,Trial019,FEDE Drte.avi,39,GreenYellow,98.0051,Eye,27,27,,,724.961084917948,363.55007581879966,736.5998476281314,381.497267583369,-,-,0.0000,0.0000,0.0000,0.0000,0.0000,0.0000,-,-,-,-,-,-,-,-,-,-,-,-,-,-
65573,9405890.936,15:37:10:456,Trial019,FEDE Drte.avi,39,GreenYellow,98.0051,Eye,28,28,,,753.068822203658,382.54868611925457,767.3038750581901,349.7001177874955,-,-,0.0000,0.0000,0.0000,0.0000,0.0000,0.0000,-,-,-,-,-,-,-,-,-,-,-,-,-,-
65576,9405950.698,15:37:10:515,Trial019,FEDE Drte.avi,39,GreenYellow,98.0051,Eye,28,28,,,794.8448611500464,352.25429127872536,806.5286535665992,332.9685071362908,-,-,0.0000,0.0000,0.0000,0.0000,0.0000,0.0000,-,-,-,-,-,-,-,-,-,-,-,-,-,-
65579,9406010.302,15:37:10:575,Trial019,FEDE Drte.avi,39,GreenYellow,98.0051,Eye,28,28,,,826.3907802990383,361.5699927031334,833.7999067640012,395.6460537549661,-,-,0.0000,0.0000,0.0000,0.0000,0.0000,0.0000,-,-,-,-,-,-,-,-,-,-,-,-,-,-
65582,9406070.005,15:37:10:635,Trial019,FEDE Drte.avi,39,GreenYellow,98.0051,Eye,28,28,,,850.8129481718263,453.80109201253487,857.0024640805958,356.7584230054921,-,-,0.0000,0.0000,0.0000,0.0000,0.0000,0.0000,-,-,-,-,-,-,-,-,-,-,-,-,-,-
65585,9406129.689,15:37:10:694,Trial019,FEDE Drte.avi,39,GreenYellow,98.0051,Eye,28,28,,,878.4164427586444,366.38765812676195,878.6273636388615,322.8606337003729,-,-,0.0000,0.0000,0.0000,0.0000,0.0000,0.0000,-,-,-,-,-,-,-,-,-,-,-,-,-,-
65588,9406189.3,15:37:10:754,Trial019,FEDE Drte.avi,39,GreenYellow,98.0051,Eye,28,28,,,892.6488692280718,433.03253131441886,897.2818518500949,333.8176715752241,-,-,0.0000,0.0000,0.0000,0.0000,0.0000,0.0000,-,-,-,-,-,-,-,-,-,-,-,-,-,-
65591,9406248.923,15:37:10:814,Trial019,FEDE Drte.avi,39,GreenYellow,98.0051,Eye,29,29,,,898.8705583490689,434.44075086157966,906.8493747089753,362.51348781601655,-,-,0.0000,0.0000,0.0000,0.0000,0.0000,0.0000,-,-,-,-,-,-,-,-,-,-,-,-,-,-
65594,9406308.688,15:37:10:873,Trial019,FEDE Drte.avi,39,GreenYellow,98.0051,Eye,29,29,,,834.811631596605,381.07278641007383,844.311484193062,377.75526231949397,-,-,0.0000,0.0000,0.0000,0.0000,0.0000,0.0000,-,-,-,-,-,-,-,-,-,-,-,-,-,-
65597,9406368.306,15:37:10:933,Trial019,FEDE Drte.avi,39,GreenYellow,98.0051,Eye,29,29,,,794.583627217973,345.42361540339624,801.571129151063,409.0331007209397,-,-,0.0000,0.0000,0.0000,0.0000,0.0000,0.0000,-,-,-,-,-,-,-,-,-,-,-,-,-,-
65600,9406428.067,15:37:10:993,Trial019,FEDE Drte.avi,39,GreenYellow,98.0051,Eye,30,30,,,764.5613137461231,416.92069312868,772.3296315418949,437.8915761322062,-,-,0.0000,0.0000,0.0000,0.0000,0.0000,0.0000,-,-,-,-,-,-,-,-,-,-,-,-,-,-
65603,9406487.67,15:37:11:052,Trial019,FEDE Drte.avi,39,GreenYellow,98.0051,Eye,30,30,,,734.3055309132808,297.24841252065914,751.8881637947128,412.69207166279716,-,-,0.0000,0.0000,0.0000,0.0000,0.0000,0.0000,-,-,-,-,-,-,-,-,-,-,-,-,-,-
65606,9406547.297,15:37:11:112,Trial019,FEDE Drte.avi,39,GreenYellow,98.0051,Eye,30,30,,,650.3657474177936,397.31267433821216,663.1440155094693,384.6879602932903,-,-,0.0000,0.0000,0.0000,0.0000,0.0000,0.0000,-,-,-,-,-,-,-,-,-,-,-,-,-,-
65609,9406607.046,15:37:11:172,Trial019,FEDE Drte.avi,39,GreenYellow,98.0051,Eye,30,30,,,577.5462812784585,484.22737203624155,591.4703322182341,449.11042459154385,-,-,0.0000,0.0000,0.0000,0.0000,0.0000,0.0000,-,-,-,-,-,-,-,-,-,-,-,-,-,-
65612,9406666.674,15:37:11:231,Trial019,FEDE Drte.avi,39,GreenYellow,98.0051,Eye,30,30,,,534.09093135408,374.24140276989857,543.7631114675235,350.9053106912063,-,-,0.0000,0.0000,0.0000,0.0000,0.0000,0.0000,-,-,-,-,-,-,-,-,-,-,-,-,-,-
65615,9406726.296,15:37:11:291,Trial019,FEDE Drte.avi,39,GreenYellow,98.0051,Eye,30,30,,,492.0649997378272,427.3720264990985,510.19019368611816,471.59950981501595,-,-,0.0000,0.0000,0.0000,0.0000,0.0000,0.0000,-,-,-,-,-,-,-,-,-,-,-,-,-,-
65618,9406786.059,15:37:11:351,Trial019,FEDE Drte.avi,39,GreenYellow,98.0051,Eye,31,31,,,477.6606203452841,321.90795953734346,488.7286839722476,352.1004898103973,-,-,0.0000,0.0000,0.0000,0.0000,0.0000,0.0000,-,-,-,-,-,-,-,-,-,-,-,-,-,-
65621,9406845.666,15:37:11:410,Trial019,FEDE Drte.avi,39,GreenYellow,98.0051,Eye,31,31,,,518.3004602439423,423.981636674779,529.2547643637396,449.0481256526888,-,-,0.0000,0.0000,0.0000,0.0000,0.0000,0.0000,-,-,-,-,-,-,-,-,-,-,-,-,-,-
65624,9406905.417,15:37:11:470,Trial019,FEDE Drte.avi,39,GreenYellow,98.0051,Eye,31,31,,,553.4061408079726,390.86685709092956,553.2953127972604,407.6372911385548,-,-,0.0000,0.0000,0.0000,0.0000,0.0000,0.0000,-,-,-,-,-,-,-,-,-,-,-,-,-,-
65627,9406965.027,15:37:11:530,Trial019,FEDE Drte.avi,39,GreenYellow,98.0051,Eye,31,31,,,577.0915415333391,392.2636506938691,580.0121548987478,393.58173352005423,-,-,0.0000,0.0000,0.0000,0.0000,0.0000,0.0000,-,-,-,-,-,-,-,-,-,-,-,-,-,-
65630,9407024.663,15:37:11:589,Trial019,FEDE Drte.avi,39,GreenYellow,0.0,Eye,31,31,,,594.855592077364,400.52780554934924,600.0497864748633,379.02939003716773,-,-,0.0000,0.0000,0.0000,0.0000,0.0000,0.0000,-,-,-,-,-,-,-,-,-,-,-,-,-,-
65633,9407084.401,15:37:11:649,Trial019,FEDE Drte.avi,39,GreenYellow,0.0,Eye,32,32,,,608.1786299853826,333.79437076318794,615.0780101569499,486.1263294939588,-,-,0.0000,0.0000,0.0000,0.0000,0.0000,0.0000,-,-,-,-,-,-,-,-,-,-,-,-,-,-
65636,9407144.032,15:37:11:709,Trial019,FEDE Drte.avi,39,GreenYellow,0.0,Eye,32,32,,,618.1709084163966,455.4986543651992,626.3491779185149,419.3646783451373,-,-,0.0000,0.0000,0.0000,0.0000,0.0000,0.0000,-,-,-,-,-,-,-,-,-,-,-,-,-,-
65639,9407203.776,15:37:11:768,Trial019,FEDE Drte.avi,39,GreenYellow,0.0,Eye,32,32,,,,,,,-,-,0.0000,0.0000,0.0000,0.0000,0.0000,0.0000,-,-,-,-,-,-,-,-,-,-,-,-,-,-
65642,9407263.399,15:37:11:828,Trial019,FEDE Drte.avi,39,GreenYellow,0.0,Eye,32,32,,,,,,,-,-,0.0000,0.0000,0.0000,0.0000,0.0000,0.0000,-,-,-,-,-,-,-,-,-,-,-,-,-,-
65645,9407323.012,15:37:11:888,Trial019,FEDE Drte.avi,39,GreenYellow,0.0,Eye,33,33,,,,,,,-,-,0.0000,0.0000,0.0000,0.0000,0.0000,0.0000,-,-,-,-,-,-,-,-,-,-,-,-,-,-
65648,9407382.766,15:37:11:947,Trial019,FEDE Drte.avi,39,GreenYellow,0.0,Eye,33,33,,,,,,,-,-,0.0000,0.0000,0.0000,0.0000,0.0000,0.0000,-,-,-,-,-,-,-,-,-,-,-,-,-,-
65651,9407442.384,15:37:12:007,Trial019,FEDE Drte.avi,39,GreenYellow,0.0,Eye,33,33,,,,,,,-,-,0.0000,0.0000,0.0000,0.0000,0.0000,0.0000,-,-,-,-,-,-,-,-,-,-,-,-,-,-
65654,9407502.028,15:37:12:067,Trial019,FEDE Drte.avi,39,GreenYellow,0.0,Eye,33,33,,,,,,,-,-,0.0000,0.0000,0.0000,0.0000,0.0000,0.0000,-,-,-,-,-,-,-,-,-,-,-,-,-,-
65657,9407561.76,15:37:12:126,Trial019,FEDE Drte.avi,39,GreenYellow,0.0,Eye,34,34,,,,,,,-,-,0.0000,0.0000,0.0000,0.0000,0.0000,0.0000,-,-,-,-,-,-,-,-,-,-,-,-,-,-
65660,9407621.4,15:37:12:186,Trial019,FEDE Drte.avi,39,GreenYellow,98.0051,Eye,34,34,,,824.1154955705028,475.2265210988635,831.877718723791,386.4127879327071,-,-,0.0000,0.0000,0.0000,0.0000,0.0000,0.0000,-,-,-,-,-,-,-,-,-,-,-,-,-,-
65663,9407681.14,15:37:12:246,Trial019,FEDE Drte.avi,39,GreenYellow,98.0051,Eye,34,34,,,850.1540364506247,380.9409645043418,859.1173996114588,346.0588758350766,-,-,0.0000,0.0000,0.0000,0.0000,0.0000,0.0000,-,-,-,-,-,-,-,-,-,-,-,-,-,-
65666,9407740.77,15:37:12:305,Trial019,FEDE Drte.avi,39,GreenYellow,98.0051,Eye,35,35,,,864.6128655434528,403.6867283779834,874.8602161963743,354.4982580088747,-,-,0.0000,0.0000,0.0000,0.0000,0.0000,0.0000,-,-,-,-,-,-,-,-,-,-,-,-,-,-
65669,9407800.515,15:37:12:365,Trial019,FEDE Drte.avi,39,GreenYellow,98.0051,Eye,35,35,,,889.531365017554,438.6020315496229,892.2804414675661,338.7454246868744,-,-,0.0000,0.0000,0.0000,0.0000,0.0000,0.0000,-,-,-,-,-,-,-,-,-,-,-,-,-,-
65672,9407860.145,15:37:12:425,Trial019,FEDE Drte.avi,39,GreenYellow,98.0051,Eye,35,35,,,897.9809256685792,329.1940150115746,907.1884566973711,378.2477647039954,-,-,0.0000,0.0000,0.0000,0.0000,0.0000,0.0000,-,-,-,-,-,-,-,-,-,-,-,-,-,-
65675,9407919.762,15:37:12:484,Trial019,FEDE Drte.avi,39,GreenYellow,98.0051,Eye,35,35,,,916.9964696863656,364.1108552412069,914.7262202768813,392.01567532349065,-,-,0.0000,0.0000,0.0000,0.0000,0.0000,0.0000,-,-,-,-,-,-,-,-,-,-,-,-,-,-
65678,9407979.523,15:37:12:544,Trial019,FEDE Drte.avi,39,GreenYellow,98.0051,Eye,35,35,,,926.608287787479,443.9152085708554,930.6182792334946,450.1202352707821,-,-,0.0000,0.0000,0.0000,0.0000,0.0000,0.0000,-,-,-,-,-,-,-,-,-,-,-,-,-,-
65681,9408039.131,15:37:12:604,Trial019,FEDE Drte.avi,39,GreenYellow,98.0051,Eye,35,35,,,937.5010445365166,418.741013377703,939.1244217019902,302.90369291310884,-,-,0.0000,0.0000,0.0000,0.0000,0.0000,0.0000,-,-,-,-,-,-,-,-,-,-,-,-,-,-
65684,9408098.755,15:37:12:663,Trial019,FEDE Drte.avi,39,GreenYellow,98.0051,Eye,35,35,,,939.2732340328653,504.4120071276687,942.9826468807237,343.80723627267525,-,-,0.0000,0.0000,0.0000,0.0000,0.0000,0.0000,-,-,-,-,-,-,-,-,-,-,-,-,-,-
65687,9408158.537,15:37:12:723,Trial019,FEDE Drte.avi,39,GreenYellow,98.0051,Eye,35,35,,,934.7561785050812,368.07973068558476,943.1117537234995,435.5342746269274,-,-,0.0000,0.0000,0.0000,0.0000,0.0000,0.0000,-,-,-,-,-,-,-,-,-,-,-,-,-,-
65690,9408218.134,15:37:12:783,Trial019,FEDE Drte.avi,39,GreenYellow,98.0051,Eye,36,36,,,936.6083705406585,388.3685726658246,941.43895464095,354.7658027886076,-,-,0.0000,0.0000,0.0000,0.0000,0.0000,0.0000,-,-,-,-,-,-,-,-,-,-,-,-,-,-
65693,9408277.872,15:37:12:842,Trial019,FEDE Drte.avi,39,GreenYellow,98.0051,Eye,36,36,,,900.7318557183698,462.10510730948846,893.0329967135388,387.9624105912525,-,-,0.0000,0.0000,0.0000,0.0000,0.0000,0.0000,-,-,-,-,-,-,-,-,-,-,-,-,-,-
65696,9408337.511,15:37:12:902,Trial019,FEDE Drte.avi,39,GreenYellow,98.0051,Eye,36,36,,,861.9370618062159,362.9151094671606,850.3624043971419,443.4292543301948,-,-,0.0000,0.0000,0.0000,0.0000,0.0000,0.0000,-,-,-,-,-,-,-,-,-,-,-,-,-,-
65699,9408397.129,15:37:12:962,Trial019,FEDE Drte.avi,39,GreenYellow,98.0051,Eye,36,36,,,822.0800873149836,335.7793133068688,816.7657936346257,363.54182133018844,-,-,0.0000,0.0000,0.0000,0.0000,0.0000,0.0000,-,-,-,-,-,-,-,-,-,-,-,-,-,-
65702,9408456.92,15:37:13:022,Trial019,FEDE Drte.avi,39,GreenYellow,98.0051,Eye,36,36,,,804.3934170277375,394.163720335192,800.5550967806314,469.83736491813755,-,-,0.0000,0.0000,0.0000,0.0000,0.0000,0.0000,-,-,-,-,-,-,-,-,-,-,-,-,-,-
65705,9408516.501,15:37:13:081,Trial019,FEDE Drte.avi,39,GreenYellow,98.0051,Eye,36,36,,,798.1990932821457,425.21524875901156,784.8537983711826,350.00212476199727,-,-,0.0000,0.0000,0.0000,0.0000,0.0000,0.0000,-,-,-,-,-,-,-,-,-,-,-,-,-,-
65708,9408576.278,15:37:13:141,Trial019,FEDE Drte.avi,39,GreenYellow,98.0051,Eye,2,2,,,662.5123878154947,400.0716328103999,652.5034166322722,295.00294688732856,-,-,0.0000,0.0000,0.0000,0.0000,0.0000,0.0000,-,-,-,-,-,-,-,-,-,-,-,-,-,-
65711,9408635.877,15:37:13:201,Trial019,FEDE Drte.avi,39,GreenYellow,98.0051,Eye,2,2,,,560.7833997264182,318.84794605213546,553.2766713390014,352.9454546572153,-,-,0.0000,0.0000,0.0000,0.0000,0.0000,0.0000,-,-,-,-,-,-,-,-,-,-,-,-,-,-
65714,9408695.549,15:37:13:260,Trial019,FEDE Drte.avi,39,GreenYellow,98.0051,Eye,2,2,,,484.4421734435741,324.49654921080247,478.8121271530115,333.14155720789665,-,-,0.0000,0.0000,0.0000,0.0000,0.0000,0.0000,-,-,-,-,-,-,-,-,-,-,-,-,-,-
65717,9409042.502,15:37:13:607,Trial019,FEDE Drte.avi,39,GreenYellow,98.0051,Eye,2,37,,,599.4470551379449,415.7575052545044,586.0295098914245,271.33064901927565,-,-,0.0000,0.0000,0.0000,0.0000,0.0000,0.0000,-,-,-,-,-,-,-,-,-,-,-,-,-,-
65720,9409102.125,15:37:13:667,Trial019,FEDE Drte.avi,39,GreenYellow,98.0051,Eye,37,37,,,693.1092626816198,383.8986578867188,684.1979880556722,332.92347988834507,-,-,0.0000,0.0000,0.0000,0.0000,0.0000,0.0000,-,-,-,-,-,-,-,-,-,-,-,-,-,-
65723,9409161.86,15:37:13:726,Trial019,FEDE Drte.avi,39,GreenYellow,98.0051,Eye,37,37,,,758.7388184799835,356.74814770847803,753.7537093805374,334.44636639607984,-,-,0.0000,0.0000,0.0000,0.0000,0.0000,0.0000,-,-,-,-,-,-,-,-,-,-,-,-,-,-
65726,9409221.486,15:37:13:786,Trial019,FEDE Drte.avi,39,GreenYellow,98.0051,Eye,37,38,,,812.7039796076206,430.1022015898577,805.8308516602564,413.84938706929205,-,-,0.0000,0.0000,0.0000,0.0000,0.0000,0.0000,-,-,-,-,-,-,-,-,-,-,-,-,-,-
65729,9409281.102,15:37:13:846,Trial019,FEDE Drte.avi,39,GreenYellow,98.0051,Eye,37,38,,,850.9720639604207,347.815586836616,850.9214405551123,335.53296713157073,-,-,0.0000,0.0000,0.0000,0.0000,0.0000,0.0000,-,-,-,-,-,-,-,-,-,-,-,-,-,-
65732,9409340.865,15:37:13:905,Trial019,FEDE Drte.avi,39,GreenYellow,98.0051,Eye,37,38,,,873.6980891311391,404.62051340127516,879.852926746509,430.6818662634436,-,-,0.0000,0.0000,0.0000,0.0000,0.0000,0.0000,-,-,-,-,-,-,-,-,-,-,-,-,-,-
65735,9409400.487,15:37:13:965,Trial019,FEDE Drte.avi,39,GreenYellow,98.0051,Eye,38,38,,,893.6033144447595,382.60680517448327,900.9439456582455,459.3470952634,-,-,0.0000,0.0000,0.0000,0.0000,0.0000,0.0000,-,-,-,-,-,-,-,-,-,-,-,-,-,-
65738,9409460.244,15:37:14:025,Trial019,FEDE Drte.avi,39,GreenYellow,98.0051,Eye,38,38,,,914.3897429883434,375.0156920366966,914.1332724134222,372.20511196103774,-,-,0.0000,0.0000,0.0000,0.0000,0.0000,0.0000,-,-,-,-,-,-,-,-,-,-,-,-,-,-
65741,9409519.85,15:37:14:084,Trial019,FEDE Drte.avi,39,GreenYellow,98.0051,Eye,38,39,,,922.759074097741,437.5783603062868,925.0822813443505,447.5847519059395,-,-,0.0000,0.0000,0.0000,0.0000,0.0000,0.0000,-,-,-,-,-,-,-,-,-,-,-,-,-,-
65744,9409579.478,15:37:14:144,Trial019,FEDE Drte.avi,39,GreenYellow,98.0051,Eye,38,3,,,926.783311580971,463.41163054678304,928.2405841037032,344.7384524837114,-,-,0.0000,0.0000,0.0000,0.0000,0.0000,0.0000,-,-,-,-,-,-,-,-,-,-,-,-,-,-
65747,9409639.221,15:37:14:204,Trial019,FEDE Drte.avi,39,GreenYellow,98.0051,Eye,38,3,,,933.9386553095503,412.4064798489768,934.0886651608198,406.04586385848046,-,-,0.0000,0.0000,0.0000,0.0000,0.0000,0.0000,-,-,-,-,-,-,-,-,-,-,-,-,-,-
65750,9409698.857,15:37:14:263,Trial019,FEDE Drte.avi,39,GreenYellow,98.0051,Eye,-,3,,,764.3292213314903,398.4827055906168,764.4417287199425,345.04919551946267,-,-,0.0000,0.0000,0.0000,0.0000,0.0000,0.0000,-,-,-,-,-,-,-,-,-,-,-,-,-,-
65753,9409758.598,15:37:14:323,Trial019,FEDE Drte.avi,39,GreenYellow,98.0051,Eye,39,39,,,818.4285311868819,397.0463362584074,820.0696847859809,405.7636656243097,-,-,0.0000,0.0000,0.0000,0.0000,0.0000,0.0000,-,-,-,-,-,-,-,-,-,-,-,-,-,-
65756,9409818.228,15:37:14:383,Trial019,FEDE Drte.avi,39,GreenYellow,98.0051,Eye,39,39,,,862.3667429374433,298.6403690742554,858.313394130206,418.0589115897005,-,-,0.0000,0.0000,0.0000,0.0000,0.0000,0.0000,-,-,-,-,-,-,-,-,-,-,-,-,-,-
65759,9409877.976,15:37:14:443,Trial019,FEDE Drte.avi,39,GreenYellow,98.0051,Eye,39,39,,,890.5853154755109,450.6275109667536,878.9853653517748,390.66029867402875,-,-,0.0000,0.0000,0.0000,0.0000,0.0000,0.0000,-,-,-,-,-,-,-,-,-,-,-,-,-,-
65762,9409937.6,15:37:14:502,Trial019,FEDE Drte.avi,39,GreenYellow,98.0051,Eye,39,39,,,918.6880752438127,408.62206584085163,903.9721119601093,417.7201281427957,-,-,0.0000,0.0000,0.0000,0.0000,0.0000,0.0000,-,-,-,-,-,-,-,-,-,-,-,-,-,-
65765,9409997.224,15:37:14:562,Trial019,FEDE Drte.avi,39,GreenYellow,98.0051,Eye,39,39,,,927.1983337373235,436.67534640930484,919.7693106125881,323.26136311786604,-,-,0.0000,0.0000,0.0000,0.0000,0.0000,0.0000,-,-,-,-,-,-,-,-,-,-,-,-,-,-
65768,9410056.979,15:37:14:622,Trial019,FEDE Drte.avi,39,GreenYellow,98.0051,Eye,39,39,,,942.4991979235547,259.3411767981579,938.2922022766782,369.6118781052398,-,-,0.0000,0.0000,0.0000,0.0000,0.0000,0.0000,-,-,-,-,-,-,-,-,-,-,-,-,-,-
65771,9410116.6,15:37:14:681,Trial019,FEDE Drte.avi,39,GreenYellow,98.0051,Eye,39,39,,,947.2497453877162,449.8657979347455,944.2908709282251,320.15956205665157,-,-,0.0000,0.0000,0.0000,0.0000,0.0000,0.0000,-,-,-,-,-,-,-,-,-,-,-,-,-,-
65774,9410176.316,15:37:14:741,Trial019,FEDE Drte.avi,39,GreenYellow,98.0051,Eye,39,40,,,944.0553244055704,386.48329860929823,954.830666572052,404.76265008557635,-,-,0.0000,0.0000,0.0000,0.0000,0.0000,0.0000,-,-,-,-,-,-,-,-,-,-,-,-,-,-
65777,9410235.976,15:37:14:801,Trial019,FEDE Drte.avi,39,GreenYellow,98.0051,Eye,39,40,,,947.170456472084,403.57779179835194,948.8860028999077,385.7147001047454,-,-,0.0000,0.0000,0.0000,0.0000,0.0000,0.0000,-,-,-,-,-,-,-,-,-,-,-,-,-,-
65780,9410295.607,15:37:14:860,Trial019,FEDE Drte.avi,39,GreenYellow,98.0051,Eye,39,40,,,898.0522002000425,474.7981968440517,910.8386849499162,383.4460077798064,-,-,0.0000,0.0000,0.0000,0.0000,0.0000,0.0000,-,-,-,-,-,-,-,-,-,-,-,-,-,-
65783,9410355.346,15:37:14:920,Trial019,FEDE Drte.avi,39,GreenYellow,98.0051,Eye,39,40,,,854.6342606141898,438.2263322094779,857.5817407637708,370.55356476379757,-,-,0.0000,0.0000,0.0000,0.0000,0.0000,0.0000,-,-,-,-,-,-,-,-,-,-,-,-,-,-
65786,9410415.001,15:37:14:980,Trial019,FEDE Drte.avi,39,GreenYellow,98.0051,Eye,39,40,,,815.9752567511584,325.0020174152743,818.5825094600733,346.31270200015786,-,-,0.0000,0.0000,0.0000,0.0000,0.0000,0.0000,-,-,-,-,-,-,-,-,-,-,-,-,-,-
65789,9410474.617,15:37:15:039,Trial019,FEDE Drte.avi,39,GreenYellow,98.0051,Eye,39,40,,,791.3592846096427,423.79022886695196,795.2913709377615,349.7992729869418,-,-,0.0000,0.0000,0.0000,0.0000,0.0000,0.0000,-,-,-,-,-,-,-,-,-,-,-,-,-,-
65792,9410534.43,15:37:15:099,Trial019,FEDE Drte.avi,39,GreenYellow,98.0051,Eye,40,40,,,764.3089237013526,363.23935020017734,775.8603868191994,395.87504873310166,-,-,0.0000,0.0000,0.0000,0.0000,0.0000,0.0000,-,-,-,-,-,-,-,-,-,-,-,-,-,-
65795,9410593.973,15:37:15:159,Trial019,FEDE Drte.avi,39,GreenYellow,98.0051,Eye,40,40,,,749.523721728654,405.29162325889155,751.3426092133999,416.71434549644545,-,-,0.0000,0.0000,0.0000,0.0000,0.0000,0.0000,-,-,-,-,-,-,-,-,-,-,-,-,-,-
65798,9410653.767,15:37:15:218,Trial019,FEDE Drte.avi,39,GreenYellow,98.0051,Eye,40,40,,,740.3727085286748,321.86339564846855,737.5080857522297,268.83011009315237,-,-,0.0000,0.0000,0.0000,0.0000,0.0000,0.0000,-,-,-,-,-,-,-,-,-,-,-,-,-,-
65801,9410713.366,15:37:15:278,Trial019,FEDE Drte.avi,39,GreenYellow,98.0051,Eye,40,40,,,737.8732203558799,433.9673704618692,729.3952293522943,396.22981952043796,-,-,0.0000,0.0000,0.0000,0.0000,0.0000,0.0000,-,-,-,-,-,-,-,-,-,-,-,-,-,-
65804,9410772.986,15:37:15:338,Trial019,FEDE Drte.avi,39,GreenYellow,98.0051,Eye,40,40,,,734.4904237205651,388.62433348560717,729.5521715596574,354.21653464344286,-,-,0.0000,0.0000,0.0000,0.0000,0.0000,0.0000,-,-,-,-,-,-,-,-,-,-,-,-,-,-
65807,9410832.721,15:37:15:397,Trial019,FEDE Drte.avi,39,GreenYellow,98.0051,Eye,40,41,,,728.9029851928128,360.54437012939303,723.4765675816051,383.6784493780442,-,-,0.0000,0.0000,0.0000,0.0000,0.0000,0.0000,-,-,-,-,-,-,-,-,-,-,-,-,-,-
65810,9410892.353,15:37:15:457,Trial019,FEDE Drte.avi,39,GreenYellow,98.0051,Eye,41,41,,,727.3312022862789,387.3030527239754,719.1894402605406,406.3942603880541,-,-,0.0000,0.0000,0.0000,0.0000,0.0000,0.0000,-,-,-,-,-,-,-,-,-,-,-,-,-,-
65813,9410951.966,15:37:15:517,Trial019,FEDE Drte.avi,39,GreenYellow,98.0051,Eye,41,41,,,719.289811904986,374.5856770632209,721.774422734829,337.3073989958611,-,-,0.0000,0.0000,0.0000,0.0000,0.0000,0.0000,-,-,-,-,-,-,-,-,-,-,-,-,-,-
65816,9411011.742,15:37:15:576,Trial019,FEDE Drte.avi,39,GreenYellow,98.0051,Eye,41,41,,,706.9756975092192,332.9008058332593,717.6899711735056,347.9644395860296,-,-,0.0000,0.0000,0.0000,0.0000,0.0000,0.0000,-,-,-,-,-,-,-,-,-,-,-,-,-,-
65819,9411071.333,15:37:15:636,Trial019,FEDE Drte.avi,39,GreenYellow,98.0051,Eye,41,41,,,711.2813255670501,397.20280319428934,710.0193620068717,353.11290323946764,-,-,0.0000,0.0000,0.0000,0.0000,0.0000,0.0000,-,-,-,-,-,-,-,-,-,-,-,-,-,-
65822,9411131.105,15:37:15:696,Trial019,FEDE Drte.avi,39,GreenYellow,98.0051,Eye,41,41,,,709.6079802204794,366.5677804638095,709.9915750968482,321.8515665868788,-,-,0.0000,0.0000,0.0000,0.0000,0.0000,0.0000,-,-,-,-,-,-,-,-,-,-,-,-,-,-
65825,9411190.726,15:37:15:755,Trial019,FEDE Drte.avi,39,GreenYellow,98.0051,Eye,42,42,,,758.527202105535,384.99173354508054,762.6363841215976,398.7919302419331,-,-,0.0000,0.0000,0.0000,0.0000,0.0000,0.0000,-,-,-,-,-,-,-,-,-,-,-,-,-,-
65828,9411250.349,15:37:15:815,Trial019,FEDE Drte.avi,39,GreenYellow,98.0051,Eye,42,42,,,802.3787371521911,334.9496625451692,805.6331600354115,358.83520655244325,-,-,0.0000,0.0000,0.0000,0.0000,0.0000,0.0000,-,-,-,-,-,-,-,-,-,-,-,-,-,-
65831,9411310.083,15:37:15:875,Trial019,FEDE Drte.avi,39,GreenYellow,98.0051,Eye,42,42,,,832.7275562091542,354.9628576896026,836.8996884273517,445.9835581326666,-,-,0.0000,0.0000,0.0000,0.0000,0.0000,0.0000,-,-,-,-,-,-,-,-,-,-,-,-,-,-
65834,9411369.717,15:37:15:934,Trial019,FEDE Drte.avi,39,GreenYellow,98.0051,Eye,42,42,,,858.4307789839456,450.52533335658626,862.663703675499,394.7059740749721,-,-,0.0000,0.0000,0.0000,0.0000,0.0000,0.0000,-,-,-,-,-,-,-,-,-,-,-,-,-,-
65837,9411429.46,15:37:15:994,Trial019,FEDE Drte.avi,39,GreenYellow,98.0051,Eye,42,42,,,871.8675350505814,384.5672208224681,885.4533663092298,378.1081647513461,-,-,0.0000,0.0000,0.0000,0.0000,0.0000,0.0000,-,-,-,-,-,-,-,-,-,-,-,-,-,-
65840,9411489.086,15:37:16:054,Trial019,FEDE Drte.avi,39,GreenYellow,98.0051,Eye,42,42,,,890.0937130655656,404.9842171349191,897.3211771890326,429.4591635906317,-,-,0.0000,0.0000,0.0000,0.0000,0.0000,0.0000,-,-,-,-,-,-,-,-,-,-,-,-,-,-
65843,9411548.734,15:37:16:113,Trial019,FEDE Drte.avi,39,GreenYellow,98.0051,Eye,42,42,,,905.6725749495765,465.9063634753291,896.9595583848569,326.16895350319817,-,-,0.0000,0.0000,0.0000,0.0000,0.0000,0.0000,-,-,-,-,-,-,-,-,-,-,-,-,-,-
65846,9411608.461,15:37:16:173,Trial019,FEDE Drte.avi,39,GreenYellow,98.0051,Eye,42,43,,,913.3074607285879,438.2396161452179,893.3595867346221,393.0297903902341,-,-,0.0000,0.0000,0.0000,0.0000,0.0000,0.0000,-,-,-,-,-,-,-,-,-,-,-,-,-,-
65849,9411668.075,15:37:16:233,Trial019,FEDE Drte.avi,39,GreenYellow,98.0051,Eye,43,43,,,859.8965834375763,399.68540926315944,847.5374783212144,343.37802735804473,-,-,0.0000,0.0000,0.0000,0.0000,0.0000,0.0000,-,-,-,-,-,-,-,-,-,-,-,-,-,-
65852,9411727.715,15:37:16:292,Trial019,FEDE Drte.avi,39,GreenYellow,98.0051,Eye,43,43,,,818.5872691569521,350.98391008198024,810.5503176705538,464.8321839089429,-,-,0.0000,0.0000,0.0000,0.0000,0.0000,0.0000,-,-,-,-,-,-,-,-,-,-,-,-,-,-
65855,9411787.493,15:37:16:352,Trial019,FEDE Drte.avi,39,GreenYellow,98.0051,Eye,43,43,,,807.1989262163838,476.4515755628991,781.5069451381199,320.5854998394298,-,-,0.0000,0.0000,0.0000,0.0000,0.0000,0.0000,-,-,-,-,-,-,-,-,-,-,-,-,-,-
65858,9411847.083,15:37:16:412,Trial019,FEDE Drte.avi,39,GreenYellow,98.0051,Eye,43,43,,,788.5345185835381,409.3046456477709,770.3987321781055,383.13446036593086,-,-,0.0000,0.0000,0.0000,0.0000,0.0000,0.0000,-,-,-,-,-,-,-,-,-,-,-,-,-,-
65861,9411906.841,15:37:16:471,Trial019,FEDE Drte.avi,39,GreenYellow,98.0051,Eye,43,44,,,783.0949635420341,450.4450185235069,759.3693212544952,347.9851729781261,-,-,0.0000,0.0000,0.0000,0.0000,0.0000,0.0000,-,-,-,-,-,-,-,-,-,-,-,-,-,-
65864,9411966.495,15:37:16:531,Trial019,FEDE Drte.avi,39,GreenYellow,98.0051,Eye,44,44,,,759.0191162025558,326.80658854326316,745.7123061524115,419.9669978596717,-,-,0.0000,0.0000,0.0000,0.0000,0.0000,0.0000,-,-,-,-,-,-,-,-,-,-,-,-,-,-
65867,9412026.098,15:37:16:591,Trial019,FEDE Drte.avi,39,GreenYellow,98.0051,Eye,44,44,,,745.6680876812356,429.87339637794076,731.643640394507,312.10938928276903,-,-,0.0000,0.0000,0.0000,0.0000,0.0000,0.0000,-,-,-,-,-,-,-,-,-,-,-,-,-,-
65870,9412085.811,15:37:16:650,Trial019,FEDE Drte.avi,39,GreenYellow,98.0051,Eye,44,44,,,736.0625754820976,450.4521104501284,723.257386690287,318.4548490469131,-,-,0.0000,0.0000,0.0000,0.0000,0.0000,0.0000,-,-,-,-,-,-,-,-,-,-,-,-,-,-
65873,9412145.448,15:37:16:710,Trial019,FEDE Drte.avi,39,GreenYellow,98.0051,Eye,44,44,,,727.0623158171161,408.6275044990586,719.8956210461353,403.85915158286554,-,-,0.0000,0.0000,0.0000,0.0000,0.0000,0.0000,-,-,-,-,-,-,-,-,-,-,-,-,-,-
65876,9412205.067,15:37:16:770,Trial019,FEDE Drte.avi,39,GreenYellow,98.0051,Eye,45,45,,,722.5941551928222,370.063252503205,719.6480784953841,365.54759980283694,-,-,0.0000,0.0000,0.0000,0.0000,0.0000,0.0000,-,-,-,-,-,-,-,-,-,-,-,-,-,-
65879,9412264.812,15:37:16:829,Trial019,FEDE Drte.avi,39,GreenYellow,98.0051,Eye,45,45,,,712.7153868322149,421.8074697409091,717.4939283383013,349.2986896785809,-,-,0.0000,0.0000,0.0000,0.0000,0.0000,0.0000,-,-,-,-,-,-,-,-,-,-,-,-,-,-
65882,9412324.426,15:37:16:889,Trial019,FEDE Drte.avi,39,GreenYellow,98.0051,Eye,45,46,,,710.5091186079235,431.5187830969533,718.0897955444028,368.0611008779292,-,-,0.0000,0.0000,0.0000,0.0000,0.0000,0.0000,-,-,-,-,-,-,-,-,-,-,-,-,-,-
65885,9412384.192,15:37:16:949,Trial019,FEDE Drte.avi,39,GreenYellow,98.0051,Eye,45,46,,,713.0270463373673,312.82503400651785,713.5446646567863,439.05951881976716,-,-,0.0000,0.0000,0.0000,0.0000,0.0000,0.0000,-,-,-,-,-,-,-,-,-,-,-,-,-,-
65888,9412443.808,15:37:17:008,Trial019,FEDE Drte.avi,39,GreenYellow,98.0051,Eye,45,46,,,702.0834569169847,340.21218741557607,718.3378664564865,472.62481012812424,-,-,0.0000,0.0000,0.0000,0.0000,0.0000,0.0000,-,-,-,-,-,-,-,-,-,-,-,-,-,-
65891,9412503.442,15:37:17:068,Trial019,FEDE Drte.avi,39,GreenYellow,98.0051,Eye,45,46,,,707.1359202761239,402.15624196269965,717.1932357074971,376.6432257815029,-,-,0.0000,0.0000,0.0000,0.0000,0.0000,0.0000,-,-,-,-,-,-,-,-,-,-,-,-,-,-
65894,9412563.182,15:37:17:128,Trial019,FEDE Drte.avi,39,GreenYellow,98.0051,Eye,46,46,,,705.839693075094,398.96454198447253,713.0547787458098,415.6064580962373,-,-,0.0000,0.0000,0.0000,0.0000,0.0000,0.0000,-,-,-,-,-,-,-,-,-,-,-,-,-,-
65897,9412622.802,15:37:17:187,Trial019,FEDE Drte.avi,39,GreenYellow,98.0051,Eye,46,46,,,690.4183622723126,349.94932903908824,703.2956464152762,358.4048391490207,-,-,0.0000,0.0000,0.0000,0.0000,0.0000,0.0000,-,-,-,-,-,-,-,-,-,-,-,-,-,-
65900,9412682.552,15:37:17:247,Trial019,FEDE Drte.avi,39,GreenYellow,98.0051,Eye,46,46,,,687.639617723179,331.3498086107716,696.5726567242509,384.5967063032659,-,-,0.0000,0.0000,0.0000,0.0000,0.0000,0.0000,-,-,-,-,-,-,-,-,-,-,-,-,-,-
65903,9412742.175,15:37:17:307,Trial019,FEDE Drte.avi,39,GreenYellow,98.0051,Eye,47,47,,,680.91782324153,429.6561040894548,688.293286188302,374.73845837307226,-,-,0.0000,0.0000,0.0000,0.0000,0.0000,0.0000,-,-,-,-,-,-,-,-,-,-,-,-,-,-
65906,9412801.807,15:37:17:366,Trial019,FEDE Drte.avi,39,GreenYellow,98.0051,Eye,47,47,,,673.5140876195044,383.6102379567559,675.4267046937883,358.7911484940795,-,-,0.0000,0.0000,0.0000,0.0000,0.0000,0.0000,-,-,-,-,-,-,-,-,-,-,-,-,-,-
65909,9412861.556,15:37:17:426,Trial019,FEDE Drte.avi,39,GreenYellow,98.0051,Eye,47,48,,,662.3491815010525,422.4027091546955,666.5797676710811,335.03480373643845,-,-,0.0000,0.0000,0.0000,0.0000,0.0000,0.0000,-,-,-,-,-,-,-,-,-,-,-,-,-,-
65912,9412921.171,15:37:17:486,Trial019,FEDE Drte.avi,39,GreenYellow,98.0051,Eye,48,48,,,660.779788904789,336.8662074185578,659.3708172015309,349.58359517902306,-,-,0.0000,0.0000,0.0000,0.0000,0.0000,0.0000,-,-,-,-,-,-,-,-,-,-,-,-,-,-
65915,9412980.798,15:37:17:545,Trial019,FEDE Drte.avi,39,GreenYellow,98.0051,Eye,48,48,,,656.2185358630933,318.4212270896155,649.036758399473,410.95477526952135,-,-,0.0000,0.0000,0.0000,0.0000,0.0000,0.0000,-,-,-,-,-,-,-,-,-,-,-,-,-,-
65918,9413040.548,15:37:17:605,Trial019,FEDE Drte.avi,39,GreenYellow,98.0051,Eye,48,48,,,649.8266360958961,422.8390190005035,652.8456490762057,356.131788254705,-,-,0.0000,0.0000,0.0000,0.0000,0.0000,0.0000,-,-,-,-,-,-,-,-,-,-,-,-,-,-
65921,9413100.188,15:37:17:665,Trial019,FEDE Drte.avi,39,GreenYellow,98.0051,Eye,48,48,,,654.0281578583249,336.4213449437634,650.1482727815021,331.56137788708094,-,-,0.0000,0.0000,0.0000,0.0000,0.0000,0.0000,-,-,-,-,-,-,-,-,-,-,-,-,-,-
65924,9413159.923,15:37:17:725,Trial019,FEDE Drte.avi,39,GreenYellow,98.0051,Eye,48,49,,,649.2217330548817,318.09092865282895,650.5630101850932,314.3034099380937,-,-,0.0000,0.0000,0.0000,0.0000,0.0000,0.0000,-,-,-,-,-,-,-,-,-,-,-,-,-,-
65927,9413219.552,15:37:17:784,Trial019,FEDE Drte.avi,39,GreenYellow,98.0051,Eye,48,49,,,648.9174575886032,417.1076697781957,652.9989744210786,342.6281580329945,-,-,0.0000,0.0000,0.0000,0.0000,0.0000,0.0000,-,-,-,-,-,-,-,-,-,-,-,-,-,-
65930,9413279.169,15:37:17:844,Trial019,FEDE Drte.avi,39,GreenYellow,98.0051,Eye,49,49,,,639.800603439623,348.557219476304,654.5456811020695,293.98036075743323,-,-,0.0000,0.0000,0.0000,0.0000,0.0000,0.0000,-,-,-,-,-,-,-,-,-,-,-,-,-,-
65933,9413338.926,15:37:17:904,Trial019,FEDE Drte.avi,39,GreenYellow,98.0051,Eye,49,49,,,635.5276633744991,319.58791939143805,657.7259467986121,325.79289374566,-,-,0.0000,0.0000,0.0000,0.0000,0.0000,0.0000,-,-,-,-,-,-,-,-,-,-,-,-,-,-
65936,9413398.542,15:37:17:963,Trial019,FEDE Drte.avi,39,GreenYellow,98.0051,Eye,49,49,,,635.6018749150996,347.55543971152474,648.6376014578783,347.34201597501146,-,-,0.0000,0.0000,0.0000,0.0000,0.0000,0.0000,-,-,-,-,-,-,-,-,-,-,-,-,-,-
65939,9413458.297,15:37:18:023,Trial019,FEDE Drte.avi,39,GreenYellow,98.0051,Eye,49,49,,,634.3918212219653,399.5440684288501,654.5388542065122,385.0409925139246,-,-,0.0000,0.0000,0.0000,0.0000,0.0000,0.0000,-,-,-,-,-,-,-,-,-,-,-,-,-,-
65942,9413517.934,15:37:18:083,Trial019,FEDE Drte.avi,39,GreenYellow,98.0051,Eye,50,50,,,634.7655431405542,428.6229367174981,651.1661615619656,323.20481230075063,-,-,0.0000,0.0000,0.0000,0.0000,0.0000,0.0000,-,-,-,-,-,-,-,-,-,-,-,-,-,-
65945,9413577.556,15:37:18:142,Trial019,FEDE Drte.avi,39,GreenYellow,98.0051,Eye,50,50,,,641.6867364702111,445.12634290757944,658.8246886077566,315.4638562887893,-,-,0.0000,0.0000,0.0000,0.0000,0.0000,0.0000,-,-,-,-,-,-,-,-,-,-,-,-,-,-
65948,9413637.289,15:37:18:202,Trial019,FEDE Drte.avi,39,GreenYellow,98.0051,Eye,50,50,,,646.66131316743,403.3474848221359,654.6657884013788,393.94071430815194,-,-,0.0000,0.0000,0.0000,0.0000,0.0000,0.0000,-,-,-,-,-,-,-,-,-,-,-,-,-,-
65951,9413696.909,15:37:18:262,Trial019,FEDE Drte.avi,39,GreenYellow,98.0051,Eye,50,50,,,654.3201454722488,395.97937734275723,655.7968785984502,419.98351173553556,-,-,0.0000,0.0000,0.0000,0.0000,0.0000,0.0000,-,-,-,-,-,-,-,-,-,-,-,-,-,-
65954,9413756.542,15:37:18:321,Trial019,FEDE Drte.avi,39,GreenYellow,98.0051,Eye,50,50,,,657.1004868205,476.1038933973384,649.376437982852,405.2323891146587,-,-,0.0000,0.0000,0.0000,0.0000,0.0000,0.0000,-,-,-,-,-,-,-,-,-,-,-,-,-,-
65957,9413816.296,15:37:18:381,Trial019,FEDE Drte.avi,39,GreenYellow,98.0051,Eye,51,51,,,655.231046803464,421.44041163136893,652.785448166732,519.303470059149,-,-,0.0000,0.0000,0.0000,0.0000,0.0000,0.0000,-,-,-,-,-,-,-,-,-,-,-,-,-,-
65960,9413875.901,15:37:18:441,Trial019,FEDE Drte.avi,39,GreenYellow,98.0051,Eye,51,51,,,664.4421521778124,438.3679051167938,653.4236478393472,362.4597568818057,-,-,0.0000,0.0000,0.0000,0.0000,0.0000,0.0000,-,-,-,-,-,-,-,-,-,-,-,-,-,-
65963,9413935.741,15:37:18:500,Trial019,FEDE Drte.avi,39,GreenYellow,98.0051,Eye,51,51,,,660.8315109868045,433.45466468825697,654.3400289312865,369.80420231620826,-,-,0.0000,0.0000,0.0000,0.0000,0.0000,0.0000,-,-,-,-,-,-,-,-,-,-,-,-,-,-
65966,9413995.286,15:37:18:560,Trial019,FEDE Drte.avi,39,GreenYellow,98.0051,Eye,51,52,,,650.221872471919,364.3671773148832,655.6795447870481,310.0318019357689,-,-,0.0000,0.0000,0.0000,0.0000,0.0000,0.0000,-,-,-,-,-,-,-,-,-,-,-,-,-,-
65969,9414054.94,15:37:18:620,Trial019,FEDE Drte.avi,39,GreenYellow,98.0051,Eye,52,52,,,650.8038880573339,318.2169063709468,654.2184561583688,290.35816870881195,-,-,0.0000,0.0000,0.0000,0.0000,0.0000,0.0000,-,-,-,-,-,-,-,-,-,-,-,-,-,-
65972,9414114.661,15:37:18:679,Trial019,FEDE Drte.avi,39,GreenYellow,98.0051,Eye,52,52,,,652.8664935370533,383.2522090871632,653.9967790440585,404.8671463095726,-,-,0.0000,0.0000,0.0000,0.0000,0.0000,0.0000,-,-,-,-,-,-,-,-,-,-,-,-,-,-
65975,9414174.375,15:37:18:739,Trial019,FEDE Drte.avi,39,GreenYellow,98.0051,Eye,52,52,,,657.5218096194671,335.9259286635702,662.6640558005075,411.1070212167472,-,-,0.0000,0.0000,0.0000,0.0000,0.0000,0.0000,-,-,-,-,-,-,-,-,-,-,-,-,-,-
65978,9414233.903,15:37:18:799,Trial019,FEDE Drte.avi,39,GreenYellow,98.0051,Eye,52,52,,,659.3265888595301,344.37084570485274,655.9725042424794,359.7410645590667,-,-,0.0000,0.0000,0.0000,0.0000,0.0000,0.0000,-,-,-,-,-,-,-,-,-,-,-,-,-,-
65981,9414293.695,15:37:18:858,Trial019,FEDE Drte.avi,39,GreenYellow,98.0051,Eye,52,52,,,654.6866338248395,405.62263387066713,645.007158048681,373.93330355083714,-,-,0.0000,0.0000,0.0000,0.0000,0.0000,0.0000,-,-,-,-,-,-,-,-,-,-,-,-,-,-
65984,9414353.283,15:37:18:918,Trial019,FEDE Drte.avi,39,GreenYellow,98.0051,Eye,52,52,,,649.7597255537825,395.45208201320634,650.5245630364093,373.93385494068525,-,-,0.0000,0.0000,0.0000,0.0000,0.0000,0.0000,-,-,-,-,-,-,-,-,-,-,-,-,-,-
65987,9414413.092,15:37:18:978,Trial019,FEDE Drte.avi,39,GreenYellow,98.0051,Eye,52,53,,,649.2003568066015,391.56852878845433,659.2515672259121,350.9429463808648,-,-,0.0000,0.0000,0.0000,0.0000,0.0000,0.0000,-,-,-,-,-,-,-,-,-,-,-,-,-,-
65990,9414472.658,15:37:19:037,Trial019,FEDE Drte.avi,39,GreenYellow,98.0051,Eye,53,53,,,659.960677802978,239.3292556254662,665.8492504717282,365.94062395794066,-,-,0.0000,0.0000,0.0000,0.0000,0.0000,0.0000,-,-,-,-,-,-,-,-,-,-,-,-,-,-
65993,9414532.285,15:37:19:097,Trial019,FEDE Drte.avi,39,GreenYellow,98.0051,Eye,53,53,,,660.7352166992774,323.0732193362202,666.843767710333,379.51464422419053,-,-,0.0000,0.0000,0.0000,0.0000,0.0000,0.0000,-,-,-,-,-,-,-,-,-,-,-,-,-,-
65996,9414592.032,15:37:19:157,Trial019,FEDE Drte.avi,39,GreenYellow,98.0051,Eye,54,54,,,659.8737534798316,336.25111447151255,660.8195116334255,424.4737554684559,-,-,0.0000,0.0000,0.0000,0.0000,0.0000,0.0000,-,-,-,-,-,-,-,-,-,-,-,-,-,-
65999,9414651.673,15:37:19:216,Trial019,FEDE Drte.avi,39,GreenYellow,98.0051,Eye,54,54,,,652.0504814189907,426.5837571010647,660.5125177649728,352.33666179712964,-,-,0.0000,0.0000,0.0000,0.0000,0.0000,0.0000,-,-,-,-,-,-,-,-,-,-,-,-,-,-
66002,9414711.443,15:37:19:276,Trial019,FEDE Drte.avi,39,GreenYellow,98.0051,Eye,54,54,,,647.4032027280861,318.7615346677424,656.5974960448411,344.25117381121555,-,-,0.0000,0.0000,0.0000,0.0000,0.0000,0.0000,-,-,-,-,-,-,-,-,-,-,-,-,-,-
66005,9414771.033,15:37:19:336,Trial019,FEDE Drte.avi,39,GreenYellow,98.0051,Eye,54,55,,,650.90905185328,362.6213656982095,654.4981422180098,370.78867456928583,-,-,0.0000,0.0000,0.0000,0.0000,0.0000,0.0000,-,-,-,-,-,-,-,-,-,-,-,-,-,-
66008,9414830.68,15:37:19:395,Trial019,FEDE Drte.avi,39,GreenYellow,98.0051,Eye,55,55,,,646.3148712441198,466.80000484218243,653.9119559869292,428.18906631496196,-,-,0.0000,0.0000,0.0000,0.0000,0.0000,0.0000,-,-,-,-,-,-,-,-,-,-,-,-,-,-
66011,9414890.39,15:37:19:455,Trial019,FEDE Drte.avi,39,GreenYellow,98.0051,Eye,55,55,,,649.8732229199385,319.6365964415609,652.0403956728105,281.51702128375115,-,-,0.0000,0.0000,0.0000,0.0000,0.0000,0.0000,-,-,-,-,-,-,-,-,-,-,-,-,-,-
66014,9414950.013,15:37:19:515,Trial019,FEDE Drte.avi,39,GreenYellow,98.0051,Eye,56,56,,,656.8380580710633,351.756442496444,645.8952181376983,330.9983935168307,-,-,0.0000,0.0000,0.0000,0.0000,0.0000,0.0000,-,-,-,-,-,-,-,-,-,-,-,-,-,-
66017,9415009.649,15:37:19:574,Trial019,FEDE Drte.avi,39,GreenYellow,98.0051,Eye,56,56,,,660.5493365423448,328.61206449768133,640.6132627346465,384.3449376033868,-,-,0.0000,0.0000,0.0000,0.0000,0.0000,0.0000,-,-,-,-,-,-,-,-,-,-,-,-,-,-
66020,9415069.402,15:37:19:634,Trial019,FEDE Drte.avi,39,GreenYellow,98.0051,Eye,56,56,,,659.2139136713956,421.84001676360305,643.1365800922482,387.9850704812526,-,-,0.0000,0.0000,0.0000,0.0000,0.0000,0.0000,-,-,-,-,-,-,-,-,-,-,-,-,-,-
66023,9415129.035,15:37:19:694,Trial019,FEDE Drte.avi,39,GreenYellow,98.0051,Eye,56,56,,,657.1471279107199,387.44764701574036,644.0395236961117,434.2817937486851,-,-,0.0000,0.0000,0.0000,0.0000,0.0000,0.0000,-,-,-,-,-,-,-,-,-,-,-,-,-,-
66026,9415188.786,15:37:19:753,Trial019,FEDE Drte.avi,39,GreenYellow,98.0051,Eye,56,56,,,657.1897066801881,319.5229430586163,647.3240807643872,440.2644057744465,-,-,0.0000,0.0000,0.0000,0.0000,0.0000,0.0000,-,-,-,-,-,-,-,-,-,-,-,-,-,-
66029,9415248.396,15:37:19:813,Trial019,FEDE Drte.avi,39,GreenYellow,98.0051,Eye,56,57,,,655.8684408035151,365.53008485168465,646.5291039812132,374.1291657605404,-,-,0.0000,0.0000,0.0000,0.0000,0.0000,0.0000,-,-,-,-,-,-,-,-,-,-,-,-,-,-
66032,9415308.055,15:37:19:873,Trial019,FEDE Drte.avi,39,GreenYellow,98.0051,Eye,57,57,,,650.9367898641808,460.33060230941265,649.0012609200251,348.8838146916535,-,-,0.0000,0.0000,0.0000,0.0000,0.0000,0.0000,-,-,-,-,-,-,-,-,-,-,-,-,-,-
66035,9415367.776,15:37:19:932,Trial019,FEDE Drte.avi,39,GreenYellow,98.0051,Eye,57,57,,,641.9026146958464,271.5622429690086,645.0188441598832,326.2681250562847,-,-,0.0000,0.0000,0.0000,0.0000,0.0000,0.0000,-,-,-,-,-,-,-,-,-,-,-,-,-,-
66038,9415427.419,15:37:19:992,Trial019,FEDE Drte.avi,39,GreenYellow,98.0051,Eye,58,58,,,634.5543803574426,351.46510177232415,639.9513970406259,365.62763318010724,-,-,0.0000,0.0000,0.0000,0.0000,0.0000,0.0000,-,-,-,-,-,-,-,-,-,-,-,-,-,-
66041,9415487.127,15:37:20:052,Trial019,FEDE Drte.avi,39,GreenYellow,98.0051,Eye,58,58,,,641.4895327308343,427.6470733072623,641.8206518809484,382.9555930748976,-,-,0.0000,0.0000,0.0000,0.0000,0.0000,0.0000,-,-,-,-,-,-,-,-,-,-,-,-,-,-
66044,9415546.805,15:37:20:111,Trial019,FEDE Drte.avi,39,GreenYellow,98.0051,Eye,58,58,,,647.8034784363962,435.7792091196468,639.5277127670842,288.62657260821663,-,-,0.0000,0.0000,0.0000,0.0000,0.0000,0.0000,-,-,-,-,-,-,-,-,-,-,-,-,-,-
66047,9415606.441,15:37:20:171,Trial019,FEDE Drte.avi,39,GreenYellow,98.0051,Eye,58,58,,,643.7578907554623,403.2465922284181,635.6617146479978,419.22878296883516,-,-,0.0000,0.0000,0.0000,0.0000,0.0000,0.0000,-,-,-,-,-,-,-,-,-,-,-,-,-,-
66050,9415666.138,15:37:20:231,Trial019,FEDE Drte.avi,39,GreenYellow,98.0051,Eye,58,59,,,640.869389544917,414.7634024570978,642.1977027909516,401.6053819213523,-,-,0.0000,0.0000,0.0000,0.0000,0.0000,0.0000,-,-,-,-,-,-,-,-,-,-,-,-,-,-
66053,9415725.759,15:37:20:290,Trial019,FEDE Drte.avi,39,GreenYellow,98.0051,Eye,59,59,,,645.6931007028677,411.51833027006666,643.7128381194884,372.91377266206473,-,-,0.0000,0.0000,0.0000,0.0000,0.0000,0.0000,-,-,-,-,-,-,-,-,-,-,-,-,-,-
66056,9415785.382,15:37:20:350,Trial019,FEDE Drte.avi,39,GreenYellow,98.0051,Eye,59,59,,,654.1161104963716,322.7294407624697,647.4693908115947,400.95870784022173,-,-,0.0000,0.0000,0.0000,0.0000,0.0000,0.0000,-,-,-,-,-,-,-,-,-,-,-,-,-,-
66059,9415845.129,15:37:20:410,Trial019,FEDE Drte.avi,39,GreenYellow,98.0051,Eye,59,59,,,645.1236527932193,316.5011986999354,638.5121566713976,398.5999465112073,-,-,0.0000,0.0000,0.0000,0.0000,0.0000,0.0000,-,-,-,-,-,-,-,-,-,-,-,-,-,-
66062,9415904.757,15:37:20:469,Trial019,FEDE Drte.avi,39,GreenYellow,98.0051,Eye,59,59,,,643.6515385884734,325.31495186815533,634.9244624524085,453.05362644586444,-,-,0.0000,0.0000,0.0000,0.0000,0.0000,0.0000,-,-,-,-,-,-,-,-,-,-,-,-,-,-
66065,9415964.497,15:37:20:529,Trial019,FEDE Drte.avi,39,GreenYellow,98.0051,Eye,60,60,,,640.0525237025382,368.12557956009755,637.0696333507946,389.5045126761095,-,-,0.0000,0.0000,0.0000,0.0000,0.0000,0.0000,-,-,-,-,-,-,-,-,-,-,-,-,-,-
66068,9416024.123,15:37:20:589,Trial019,FEDE Drte.avi,39,GreenYellow,98.0051,Eye,60,60,,,642.9385203923791,300.84097955058826,636.4526353044063,284.3856675425111,-,-,0.0000,0.0000,0.0000,0.0000,0.0000,0.0000,-,-,-,-,-,-,-,-,-,-,-,-,-,-
66071,9416083.749,15:37:20:648,Trial019,FEDE Drte.avi,39,GreenYellow,98.0051,Eye,60,60,,,640.2718265105041,383.72716278772634,642.7534187908539,458.49824908073253,-,-,0.0000,0.0000,0.0000,0.0000,0.0000,0.0000,-,-,-,-,-,-,-,-,-,-,-,-,-,-
66074,9416143.498,15:37:20:708,Trial019,FEDE Drte.avi,39,GreenYellow,98.0051,Eye,60,60,,,642.989808045489,360.3553586215952,643.8390716222754,421.1250151290824,-,-,0.0000,0.0000,0.0000,0.0000,0.0000,0.0000,-,-,-,-,-,-,-,-,-,-,-,-,-,-
66077,9416203.118,15:37:20:768,Trial019,FEDE Drte.avi,39,GreenYellow,98.0051,Eye,60,60,,,638.9269888515244,404.55435242855,643.4794901598117,321.3714860515587,-,-,0.0000,0.0000,0.0000,0.0000,0.0000,0.0000,-,-,-,-,-,-,-,-,-,-,-,-,-,-
66080,9416262.747,15:37:20:827,Trial019,FEDE Drte.avi,39,GreenYellow,98.0051,Eye,60,61,,,641.8192907032017,456.4988055030636,648.0611217296863,350.39222812287045,-,-,0.0000,0.0000,0.0000,0.0000,0.0000,0.0000,-,-,-,-,-,-,-,-,-,-,-,-,-,-
66083,9416322.497,15:37:20:887,Trial019,FEDE Drte.avi,39,GreenYellow,98.0051,Eye,60,61,,,634.2194778958224,288.2611794929257,649.5713542710239,421.1934270231233,-,-,0.0000,0.0000,0.0000,0.0000,0.0000,0.0000,-,-,-,-,-,-,-,-,-,-,-,-,-,-
66086,9416382.12,15:37:20:947,Trial019,FEDE Drte.avi,39,GreenYellow,98.0051,Eye,61,61,,,647.0049366466093,429.26198305879626,662.7724785961527,444.5398883926924,-,-,0.0000,0.0000,0.0000,0.0000,0.0000,0.0000,-,-,-,-,-,-,-,-,-,-,-,-,-,-
66089,9416441.864,15:37:21:006,Trial019,FEDE Drte.avi,39,GreenYellow,98.0051,Eye,61,61,,,655.5664343012902,323.7354049779659,675.5209417125386,375.0676106432762,-,-,0.0000,0.0000,0.0000,0.0000,0.0000,0.0000,-,-,-,-,-,-,-,-,-,-,-,-,-,-
66092,9416501.495,15:37:21:066,Trial019,FEDE Drte.avi,39,GreenYellow,98.0051,Eye,-,4,,,711.547738171014,398.2501264072806,712.91713057302,309.9419881589231,-,-,0.0000,0.0000,0.0000,0.0000,0.0000,0.0000,-,-,-,-,-,-,-,-,-,-,-,-,-,-
66095,9416561.116,15:37:21:126,Trial019,FEDE Drte.avi,39,GreenYellow,98.0051,Eye,3,4,,,597.4280292989404,348.77542321912284,598.4550736004448,345.8868504459977,-,-,0.0000,0.0000,0.0000,0.0000,0.0000,0.0000,-,-,-,-,-,-,-,-,-,-,-,-,-,-
66098,9416620.871,15:37:21:185,Trial019,FEDE Drte.avi,39,GreenYellow,98.0051,Eye,3,4,,,511.82083588998483,241.42487564481397,512.5911191161133,392.94189121468685,-,-,0.0000,0.0000,0.0000,0.0000,0.0000,0.0000,-,-,-,-,-,-,-,-,-,-,-,-,-,-
66101,9416680.475,15:37:21:245,Trial019,FEDE Drte.avi,39,GreenYellow,98.0051,Eye,3,62,,,567.8150084802384,351.18752456321204,570.0931899123117,389.47373675174816,-,-,0.0000,0.0000,0.0000,0.0000,0.0000,0.0000,-,-,-,-,-,-,-,-,-,-,-,-,-,-
66104,9416740.115,15:37:21:305,Trial019,FEDE Drte.avi,39,GreenYellow,98.0051,Eye,3,62,,,599.3463624258911,349.3586687652856,608.1839962158409,367.0696311890535,-,-,0.0000,0.0000,0.0000,0.0000,0.0000,0.0000,-,-,-,-,-,-,-,-,-,-,-,-,-,-
66107,9416799.849,15:37:21:364,Trial019,FEDE Drte.avi,39,GreenYellow,98.0051,Eye,61,64,,,605.8994750174122,349.8108589311418,613.6368539560369,355.510564861143,-,-,0.0000,0.0000,0.0000,0.0000,0.0000,0.0000,-,-,-,-,-,-,-,-,-,-,-,-,-,-
66110,9416859.491,15:37:21:424,Trial019,FEDE Drte.avi,39,GreenYellow,98.0051,Eye,61,64,,,612.9923180264389,436.6735595354449,623.7523975676107,337.2026852084167,-,-,0.0000,0.0000,0.0000,0.0000,0.0000,0.0000,-,-,-,-,-,-,-,-,-,-,-,-,-,-
66113,9416919.108,15:37:21:484,Trial019,FEDE Drte.avi,39,GreenYellow,98.0051,Eye,61,64,,,620.242151936455,416.4490685463135,633.4395465886203,469.92940491319763,-,-,0.0000,0.0000,0.0000,0.0000,0.0000,0.0000,-,-,-,-,-,-,-,-,-,-,-,-,-,-
66116,9416978.867,15:37:21:543,Trial019,FEDE Drte.avi,39,GreenYellow,98.0051,Eye,61,64,,,686.5853010765749,436.3102164936223,708.3842132883952,454.47883466430136,-,-,0.0000,0.0000,0.0000,0.0000,0.0000,0.0000,-,-,-,-,-,-,-,-,-,-,-,-,-,-
66119,9417038.484,15:37:21:603,Trial019,FEDE Drte.avi,39,GreenYellow,98.0051,Eye,62,63,,,749.8685021746686,463.29431776491447,769.364422106458,442.4138731839605,-,-,0.0000,0.0000,0.0000,0.0000,0.0000,0.0000,-,-,-,-,-,-,-,-,-,-,-,-,-,-
66122,9417098.324,15:37:21:663,Trial019,FEDE Drte.avi,39,GreenYellow,98.0051,Eye,62,63,,,793.852581450973,399.81481217944344,812.0700284295402,421.09594049298545,-,-,0.0000,0.0000,0.0000,0.0000,0.0000,0.0000,-,-,-,-,-,-,-,-,-,-,-,-,-,-
66125,9417157.85,15:37:21:722,Trial019,FEDE Drte.avi,39,GreenYellow,98.0051,Eye,63,64,,,830.9929277370466,395.3464893723822,853.1894938166134,356.434119652813,-,-,0.0000,0.0000,0.0000,0.0000,0.0000,0.0000,-,-,-,-,-,-,-,-,-,-,-,-,-,-
66128,9417217.477,15:37:21:782,Trial019,FEDE Drte.avi,39,GreenYellow,98.0051,Eye,63,64,,,862.8631299937208,421.6840511704302,881.5261535490761,495.35572599283825,-,-,0.0000,0.0000,0.0000,0.0000,0.0000,0.0000,-,-,-,-,-,-,-,-,-,-,-,-,-,-
66131,9417277.222,15:37:21:842,Trial019,FEDE Drte.avi,39,GreenYellow,98.0051,Eye,63,64,,,889.4602796234321,447.59470843189746,901.1983161971975,455.04990129552993,-,-,0.0000,0.0000,0.0000,0.0000,0.0000,0.0000,-,-,-,-,-,-,-,-,-,-,-,-,-,-
66134,9417336.863,15:37:21:901,Trial019,FEDE Drte.avi,39,GreenYellow,98.0051,Eye,63,64,,,913.4370416187048,382.28470408868105,913.8335128108638,425.204979619453,-,-,0.0000,0.0000,0.0000,0.0000,0.0000,0.0000,-,-,-,-,-,-,-,-,-,-,-,-,-,-
66137,9417396.596,15:37:21:961,Trial019,FEDE Drte.avi,39,GreenYellow,98.0051,Eye,63,64,,,929.1013416647305,396.01109075769455,928.2226431689567,429.7781828722834,-,-,0.0000,0.0000,0.0000,0.0000,0.0000,0.0000,-,-,-,-,-,-,-,-,-,-,-,-,-,-
66140,9417456.273,15:37:22:021,Trial019,FEDE Drte.avi,39,GreenYellow,98.0051,Eye,63,66,,,939.4240644830132,412.3743555588802,947.3535627597956,335.12275861560994,-,-,0.0000,0.0000,0.0000,0.0000,0.0000,0.0000,-,-,-,-,-,-,-,-,-,-,-,-,-,-
66143,9417515.854,15:37:22:080,Trial019,FEDE Drte.avi,39,GreenYellow,98.0051,Eye,63,66,,,940.8216531151836,434.52913420593933,950.3899391051584,392.1675791060305,-,-,0.0000,0.0000,0.0000,0.0000,0.0000,0.0000,-,-,-,-,-,-,-,-,-,-,-,-,-,-
66146,9417575.672,15:37:22:140,Trial019,FEDE Drte.avi,39,GreenYellow,98.0051,Eye,63,66,,,883.9556596037413,448.8218439464845,880.9055898056447,474.8835114363541,-,-,0.0000,0.0000,0.0000,0.0000,0.0000,0.0000,-,-,-,-,-,-,-,-,-,-,-,-,-,-
66149,9417635.224,15:37:22:200,Trial019,FEDE Drte.avi,39,GreenYellow,98.0051,Eye,63,66,,,837.8971955853066,366.76783131640593,843.4836862365643,354.4995045677783,-,-,0.0000,0.0000,0.0000,0.0000,0.0000,0.0000,-,-,-,-,-,-,-,-,-,-,-,-,-,-
66152,9417694.912,15:37:22:260,Trial019,FEDE Drte.avi,39,GreenYellow,98.0051,Eye,63,66,,,807.6117501672388,287.0496141849238,816.6062486230462,352.9282760403922,-,-,0.0000,0.0000,0.0000,0.0000,0.0000,0.0000,-,-,-,-,-,-,-,-,-,-,-,-,-,-
66155,9417754.589,15:37:22:319,Trial019,FEDE Drte.avi,39,GreenYellow,98.0051,Eye,63,66,,,788.4724524660322,418.1681288203861,796.2885487252483,382.0881053477424,-,-,0.0000,0.0000,0.0000,0.0000,0.0000,0.0000,-,-,-,-,-,-,-,-,-,-,-,-,-,-
66158,9417814.236,15:37:22:379,Trial019,FEDE Drte.avi,39,GreenYellow,98.0051,Eye,63,66,,,769.1940953094063,411.02892230683767,779.6070700516451,346.3389524976404,-,-,0.0000,0.0000,0.0000,0.0000,0.0000,0.0000,-,-,-,-,-,-,-,-,-,-,-,-,-,-
66161,9417873.972,15:37:22:439,Trial019,FEDE Drte.avi,39,GreenYellow,98.0051,Eye,64,65,,,816.1351256911765,396.26601962124215,818.0668551969269,343.15748520600334,-,-,0.0000,0.0000,0.0000,0.0000,0.0000,0.0000,-,-,-,-,-,-,-,-,-,-,-,-,-,-
66164,9417933.666,15:37:22:498,Trial019,FEDE Drte.avi,39,GreenYellow,98.0051,Eye,64,65,,,847.6979444463166,360.59057795632543,850.753787006413,294.2828455461323,-,-,0.0000,0.0000,0.0000,0.0000,0.0000,0.0000,-,-,-,-,-,-,-,-,-,-,-,-,-,-
66167,9417993.222,15:37:22:558,Trial019,FEDE Drte.avi,39,GreenYellow,98.0051,Eye,64,65,,,875.9264339354102,343.56874880566227,881.461234475593,392.7886207556478,-,-,0.0000,0.0000,0.0000,0.0000,0.0000,0.0000,-,-,-,-,-,-,-,-,-,-,-,-,-,-
66170,9418053.005,15:37:22:618,Trial019,FEDE Drte.avi,39,GreenYellow,98.0051,Eye,64,65,,,899.1714981773256,363.8193303048891,905.0003479631515,404.79204156443984,-,-,0.0000,0.0000,0.0000,0.0000,0.0000,0.0000,-,-,-,-,-,-,-,-,-,-,-,-,-,-
66173,9418112.59,15:37:22:677,Trial019,FEDE Drte.avi,39,GreenYellow,98.0051,Eye,64,65,,,910.224879500922,378.7383935225624,914.9854301801345,308.35738725361676,-,-,0.0000,0.0000,0.0000,0.0000,0.0000,0.0000,-,-,-,-,-,-,-,-,-,-,-,-,-,-
66176,9418172.342,15:37:22:737,Trial019,FEDE Drte.avi,39,GreenYellow,98.0051,Eye,64,65,,,917.8236463441476,424.3392878296022,927.4599430779006,423.4280760098281,-,-,0.0000,0.0000,0.0000,0.0000,0.0000,0.0000,-,-,-,-,-,-,-,-,-,-,-,-,-,-
66179,9418231.969,15:37:22:797,Trial019,FEDE Drte.avi,39,GreenYellow,98.0051,Eye,64,65,,,920.3513343519273,332.6513777444256,926.4813212795651,354.80383167459536,-,-,0.0000,0.0000,0.0000,0.0000,0.0000,0.0000,-,-,-,-,-,-,-,-,-,-,-,-,-,-
66182,9418291.638,15:37:22:856,Trial019,FEDE Drte.avi,39,GreenYellow,98.0051,Eye,64,67,,,940.8128892458766,351.5738893242519,934.5115254790395,399.89877380105725,-,-,0.0000,0.0000,0.0000,0.0000,0.0000,0.0000,-,-,-,-,-,-,-,-,-,-,-,-,-,-
66185,9418351.339,15:37:22:916,Trial019,FEDE Drte.avi,39,GreenYellow,98.0051,Eye,65,66,,,951.6317399541656,392.29691596273403,945.378151954133,427.74334273168444,-,-,0.0000,0.0000,0.0000,0.0000,0.0000,0.0000,-,-,-,-,-,-,-,-,-,-,-,-,-,-
66188,9418410.98,15:37:22:976,Trial019,FEDE Drte.avi,39,GreenYellow,98.0051,Eye,65,66,,,958.7383705311852,350.6091323332745,950.9786335090087,404.8346612346118,-,-,0.0000,0.0000,0.0000,0.0000,0.0000,0.0000,-,-,-,-,-,-,-,-,-,-,-,-,-,-
66191,9418470.586,15:37:23:035,Trial019,FEDE Drte.avi,39,GreenYellow,98.0051,Eye,65,66,,,959.6337531228698,373.7061660703988,958.3425615520937,419.3289357370934,-,-,0.0000,0.0000,0.0000,0.0000,0.0000,0.0000,-,-,-,-,-,-,-,-,-,-,-,-,-,-
66194,9418530.354,15:37:23:095,Trial019,FEDE Drte.avi,39,GreenYellow,98.0051,Eye,65,66,,,958.6886486347162,455.7473080035999,956.3936875983682,331.7981996240767,-,-,0.0000,0.0000,0.0000,0.0000,0.0000,0.0000,-,-,-,-,-,-,-,-,-,-,-,-,-,-
66197,9418589.964,15:37:23:155,Trial019,FEDE Drte.avi,39,GreenYellow,98.0051,Eye,65,66,,,963.2976686860925,374.1369580199788,957.0641004198334,423.57357545335196,-,-,0.0000,0.0000,0.0000,0.0000,0.0000,0.0000,-,-,-,-,-,-,-,-,-,-,-,-,-,-
66200,9418649.724,15:37:23:214,Trial019,FEDE Drte.avi,39,GreenYellow,98.0051,Eye,65,66,,,961.566057691472,356.15153782561526,956.2389797505364,402.0182657014475,-,-,0.0000,0.0000,0.0000,0.0000,0.0000,0.0000,-,-,-,-,-,-,-,-,-,-,-,-,-,-
66203,9418709.327,15:37:23:274,Trial019,FEDE Drte.avi,39,GreenYellow,98.0051,Eye,65,66,,,970.3876911805837,313.3907984852811,955.1912321870961,470.0223425439156,-,-,0.0000,0.0000,0.0000,0.0000,0.0000,0.0000,-,-,-,-,-,-,-,-,-,-,-,-,-,-
66206,9418768.97,15:37:23:334,Trial019,FEDE Drte.avi,39,GreenYellow,98.0051,Eye,65,68,,,960.7269661743514,399.18172564571927,956.0435482462799,370.788617868815,-,-,0.0000,0.0000,0.0000,0.0000,0.0000,0.0000,-,-,-,-,-,-,-,-,-,-,-,-,-,-
66209,9418828.729,15:37:23:393,Trial019,FEDE Drte.avi,39,GreenYellow,98.0051,Eye,65,68,,,950.218989108366,367.81971485200626,957.6778242124824,535.8035564168534,-,-,0.0000,0.0000,0.0000,0.0000,0.0000,0.0000,-,-,-,-,-,-,-,-,-,-,-,-,-,-
66212,9418888.33,15:37:23:453,Trial019,FEDE Drte.avi,39,GreenYellow,98.0051,Eye,65,68,,,921.1811578902938,352.33350226996396,923.6541553662869,343.64889717927014,-,-,0.0000,0.0000,0.0000,0.0000,0.0000,0.0000,-,-,-,-,-,-,-,-,-,-,-,-,-,-
66215,9418947.949,15:37:23:513,Trial019,FEDE Drte.avi,39,GreenYellow,98.0051,Eye,65,68,,,866.5982616244163,327.74263577199434,871.1842173694031,331.86102851815735,-,-,0.0000,0.0000,0.0000,0.0000,0.0000,0.0000,-,-,-,-,-,-,-,-,-,-,-,-,-,-
66218,9419007.718,15:37:23:572,Trial019,FEDE Drte.avi,39,GreenYellow,98.0051,Eye,-,68,,,820.1044684151403,424.71125222809064,828.7677782279152,316.42707735360943,-,-,0.0000,0.0000,0.0000,0.0000,0.0000,0.0000,-,-,-,-,-,-,-,-,-,-,-,-,-,-
66221,9419067.353,15:37:23:632,Trial019,FEDE Drte.avi,39,GreenYellow,98.0051,Eye,66,68,,,780.5206759423061,384.5908075168471,789.187134480643,427.7343833205713,-,-,0.0000,0.0000,0.0000,0.0000,0.0000,0.0000,-,-,-,-,-,-,-,-,-,-,-,-,-,-
66224,9419127.088,15:37:23:692,Trial019,FEDE Drte.avi,39,GreenYellow,98.0051,Eye,66,68,,,755.7772909760745,409.58893973927417,761.9114775222672,438.0567427520619,-,-,0.0000,0.0000,0.0000,0.0000,0.0000,0.0000,-,-,-,-,-,-,-,-,-,-,-,-,-,-
66227,9419186.705,15:37:23:751,Trial019,FEDE Drte.avi,39,GreenYellow,98.0051,Eye,66,67,,,732.4244255797897,396.04914950532293,741.3947494410256,442.9530899388954,-,-,0.0000,0.0000,0.0000,0.0000,0.0000,0.0000,-,-,-,-,-,-,-,-,-,-,-,-,-,-
66230,9419246.335,15:37:23:811,Trial019,FEDE Drte.avi,39,GreenYellow,98.0051,Eye,66,67,,,719.9989473530734,356.2850403951601,719.9859433961466,355.68024583826366,-,-,0.0000,0.0000,0.0000,0.0000,0.0000,0.0000,-,-,-,-,-,-,-,-,-,-,-,-,-,-
66233,9419306.074,15:37:23:871,Trial019,FEDE Drte.avi,39,GreenYellow,98.0051,Eye,67,68,,,707.7952085032625,297.3407214493153,709.0875247103277,439.9358367934591,-,-,0.0000,0.0000,0.0000,0.0000,0.0000,0.0000,-,-,-,-,-,-,-,-,-,-,-,-,-,-
66236,9419365.699,15:37:23:930,Trial019,FEDE Drte.avi,39,GreenYellow,98.0051,Eye,67,68,,,691.267475381239,417.58501427285495,692.9967513711249,369.7592761180352,-,-,0.0000,0.0000,0.0000,0.0000,0.0000,0.0000,-,-,-,-,-,-,-,-,-,-,-,-,-,-
66239,9419425.483,15:37:23:990,Trial019,FEDE Drte.avi,39,GreenYellow,98.0051,Eye,67,68,,,682.6671492723265,392.7608806021228,678.5229672083091,360.6808140158793,-,-,0.0000,0.0000,0.0000,0.0000,0.0000,0.0000,-,-,-,-,-,-,-,-,-,-,-,-,-,-
66242,9419485.06,15:37:24:050,Trial019,FEDE Drte.avi,39,GreenYellow,98.0051,Eye,68,69,,,675.5095394871399,354.81282244263963,672.6542898118869,335.5287443657147,-,-,0.0000,0.0000,0.0000,0.0000,0.0000,0.0000,-,-,-,-,-,-,-,-,-,-,-,-,-,-
66245,9419544.671,15:37:24:109,Trial019,FEDE Drte.avi,39,GreenYellow,98.0051,Eye,68,69,,,673.1413363130108,360.2154454403088,656.1053795177171,390.90602388480704,-,-,0.0000,0.0000,0.0000,0.0000,0.0000,0.0000,-,-,-,-,-,-,-,-,-,-,-,-,-,-
66248,9419604.44,15:37:24:169,Trial019,FEDE Drte.avi,39,GreenYellow,98.0051,Eye,68,69,,,666.7601967079427,425.57845555014416,660.181885461943,348.4714399391461,-,-,0.0000,0.0000,0.0000,0.0000,0.0000,0.0000,-,-,-,-,-,-,-,-,-,-,-,-,-,-
66251,9419664.055,15:37:24:229,Trial019,FEDE Drte.avi,39,GreenYellow,98.0051,Eye,69,70,,,670.3805287432176,350.33489848263434,656.835622596786,406.73970365634284,-,-,0.0000,0.0000,0.0000,0.0000,0.0000,0.0000,-,-,-,-,-,-,-,-,-,-,-,-,-,-
66254,9419723.683,15:37:24:288,Trial019,FEDE Drte.avi,39,GreenYellow,98.0051,Eye,69,70,,,673.5143086241953,358.4245747449998,655.4926961614963,351.97509690492785,-,-,0.0000,0.0000,0.0000,0.0000,0.0000,0.0000,-,-,-,-,-,-,-,-,-,-,-,-,-,-
66257,9419783.444,15:37:24:348,Trial019,FEDE Drte.avi,39,GreenYellow,98.0051,Eye,70,72,,,665.0392571426206,344.5944964712884,651.2480135841106,328.48062152729125,-,-,0.0000,0.0000,0.0000,0.0000,0.0000,0.0000,-,-,-,-,-,-,-,-,-,-,-,-,-,-
66260,9419843.055,15:37:24:408,Trial019,FEDE Drte.avi,39,GreenYellow,98.0051,Eye,70,71,,,657.483225768899,456.3142392788816,650.7933320906792,318.7998532477454,-,-,0.0000,0.0000,0.0000,0.0000,0.0000,0.0000,-,-,-,-,-,-,-,-,-,-,-,-,-,-
66263,9419902.687,15:37:24:467,Trial019,FEDE Drte.avi,39,GreenYellow,98.0051,Eye,70,71,,,657.1068882183486,422.8141422697152,649.987818797798,335.6428035105693,-,-,0.0000,0.0000,0.0000,0.0000,0.0000,0.0000,-,-,-,-,-,-,-,-,-,-,-,-,-,-
66266,9419962.42,15:37:24:527,Trial019,FEDE Drte.avi,39,GreenYellow,98.0051,Eye,71,72,,,650.4434709884407,404.95204052312846,650.0531890441638,421.7174287445926,-,-,0.0000,0.0000,0.0000,0.0000,0.0000,0.0000,-,-,-,-,-,-,-,-,-,-,-,-,-,-
66269,9420022.052,15:37:24:587,Trial019,FEDE Drte.avi,39,GreenYellow,98.0051,Eye,71,72,,,648.2284191308709,310.24063816112994,649.8638258020204,381.6271750692122,-,-,0.0000,0.0000,0.0000,0.0000,0.0000,0.0000,-,-,-,-,-,-,-,-,-,-,-,-,-,-
66272,9420081.803,15:37:24:646,Trial019,FEDE Drte.avi,39,GreenYellow,98.0051,Eye,71,72,,,650.948969498825,337.56753890390655,644.901666093715,407.9172442012226,-,-,0.0000,0.0000,0.0000,0.0000,0.0000,0.0000,-,-,-,-,-,-,-,-,-,-,-,-,-,-
66275,9420141.424,15:37:24:706,Trial019,FEDE Drte.avi,39,GreenYellow,98.0051,Eye,71,72,,,650.1437680722665,399.9000199358942,639.8452410880516,439.92331736941094,-,-,0.0000,0.0000,0.0000,0.0000,0.0000,0.0000,-,-,-,-,-,-,-,-,-,-,-,-,-,-
66278,9420201.043,15:37:24:766,Trial019,FEDE Drte.avi,39,GreenYellow,98.0051,Eye,72,73,,,651.807701729268,415.88083494104757,645.7751531943865,392.27508783911424,-,-,0.0000,0.0000,0.0000,0.0000,0.0000,0.0000,-,-,-,-,-,-,-,-,-,-,-,-,-,-
66281,9420260.806,15:37:24:825,Trial019,FEDE Drte.avi,39,GreenYellow,98.0051,Eye,72,73,,,638.8614094061861,277.41207117716783,644.3921401066768,273.3641763351802,-,-,0.0000,0.0000,0.0000,0.0000,0.0000,0.0000,-,-,-,-,-,-,-,-,-,-,-,-,-,-
66284,9420320.46,15:37:24:885,Trial019,FEDE Drte.avi,39,GreenYellow,98.0051,Eye,72,73,,,639.6688845416836,288.6039118151498,646.6342393402475,404.84437546241537,-,-,0.0000,0.0000,0.0000,0.0000,0.0000,0.0000,-,-,-,-,-,-,-,-,-,-,-,-,-,-
66287,9420380.045,15:37:24:945,Trial019,FEDE Drte.avi,39,GreenYellow,98.0051,Eye,72,73,,,639.6323115197629,451.1024827974885,647.2114953691718,353.7055234379186,-,-,0.0000,0.0000,0.0000,0.0000,0.0000,0.0000,-,-,-,-,-,-,-,-,-,-,-,-,-,-
66290,9420439.796,15:37:25:004,Trial019,FEDE Drte.avi,39,GreenYellow,98.0051,Eye,72,73,,,647.9124904662401,450.4405411351808,643.6537038506445,412.74535002764355,-,-,0.0000,0.0000,0.0000,0.0000,0.0000,0.0000,-,-,-,-,-,-,-,-,-,-,-,-,-,-
66293,9420499.428,15:37:25:064,Trial019,FEDE Drte.avi,39,GreenYellow,98.0051,Eye,73,75,,,648.5864654694753,358.8334683086069,639.9377623194292,409.59276252603206,-,-,0.0000,0.0000,0.0000,0.0000,0.0000,0.0000,-,-,-,-,-,-,-,-,-,-,-,-,-,-
66296,9420559.175,15:37:25:124,Trial019,FEDE Drte.avi,39,GreenYellow,98.0051,Eye,73,75,,,642.6840492670267,360.49013239020945,630.4356667559812,424.4755246629167,-,-,0.0000,0.0000,0.0000,0.0000,0.0000,0.0000,-,-,-,-,-,-,-,-,-,-,-,-,-,-
66299,9420618.8,15:37:25:183,Trial019,FEDE Drte.avi,39,GreenYellow,98.0051,Eye,73,74,,,640.7641747834504,411.2089156559853,633.8646684842282,383.1599065914185,-,-,0.0000,0.0000,0.0000,0.0000,0.0000,0.0000,-,-,-,-,-,-,-,-,-,-,-,-,-,-
66302,9420678.417,15:37:25:243,Trial019,FEDE Drte.avi,39,GreenYellow,98.0051,Eye,73,74,,,642.5691296736139,422.28514152657016,636.521244022683,466.90031913232406,-,-,0.0000,0.0000,0.0000,0.0000,0.0000,0.0000,-,-,-,-,-,-,-,-,-,-,-,-,-,-
66305,9420738.164,15:37:25:303,Trial019,FEDE Drte.avi,39,GreenYellow,98.0051,Eye,73,74,,,650.5512390761455,350.76093323972714,629.7676099132879,450.8214935364125,-,-,0.0000,0.0000,0.0000,0.0000,0.0000,0.0000,-,-,-,-,-,-,-,-,-,-,-,-,-,-
66308,9420797.791,15:37:25:362,Trial019,FEDE Drte.avi,39,GreenYellow,98.0051,Eye,73,74,,,649.6879066101412,483.16037298081017,625.713717697863,384.84529763073135,-,-,0.0000,0.0000,0.0000,0.0000,0.0000,0.0000,-,-,-,-,-,-,-,-,-,-,-,-,-,-
66311,9420857.542,15:37:25:422,Trial019,FEDE Drte.avi,39,GreenYellow,98.0051,Eye,73,74,,,645.3406949975273,425.60718263678046,630.4909764849109,350.65719149317283,-,-,0.0000,0.0000,0.0000,0.0000,0.0000,0.0000,-,-,-,-,-,-,-,-,-,-,-,-,-,-
66314,9420917.17,15:37:25:482,Trial019,FEDE Drte.avi,39,GreenYellow,98.0051,Eye,74,75,,,648.245985724041,361.3811315077546,631.869567571109,423.276800938324,-,-,0.0000,0.0000,0.0000,0.0000,0.0000,0.0000,-,-,-,-,-,-,-,-,-,-,-,-,-,-
66317,9420976.8,15:37:25:541,Trial019,FEDE Drte.avi,39,GreenYellow,98.0051,Eye,74,75,,,651.5005212438953,402.729675362855,633.8548992274139,423.9770340936106,-,-,0.0000,0.0000,0.0000,0.0000,0.0000,0.0000,-,-,-,-,-,-,-,-,-,-,-,-,-,-
66320,9421036.542,15:37:25:601,Trial019,FEDE Drte.avi,39,GreenYellow,98.0051,Eye,74,75,,,652.513387061085,362.2272702043742,633.7148184906866,320.51114977678014,-,-,0.0000,0.0000,0.0000,0.0000,0.0000,0.0000,-,-,-,-,-,-,-,-,-,-,-,-,-,-
66323,9421096.208,15:37:25:661,Trial019,FEDE Drte.avi,39,GreenYellow,98.0051,Eye,74,75,,,648.3652741245552,411.350310234321,637.9206689457434,348.22959725527903,-,-,0.0000,0.0000,0.0000,0.0000,0.0000,0.0000,-,-,-,-,-,-,-,-,-,-,-,-,-,-
66326,9421155.789,15:37:25:720,Trial019,FEDE Drte.avi,39,GreenYellow,98.0051,Eye,75,76,,,645.5608406463621,386.0636363760315,638.8142777176612,386.64167756931835,-,-,0.0000,0.0000,0.0000,0.0000,0.0000,0.0000,-,-,-,-,-,-,-,-,-,-,-,-,-,-
66329,9421215.534,15:37:25:780,Trial019,FEDE Drte.avi,39,GreenYellow,98.0051,Eye,75,76,,,650.4429760664406,295.77256520187973,643.2896904128057,379.62223705549985,-,-,0.0000,0.0000,0.0000,0.0000,0.0000,0.0000,-,-,-,-,-,-,-,-,-,-,-,-,-,-
66332,9421275.16,15:37:25:840,Trial019,FEDE Drte.avi,39,GreenYellow,98.0051,Eye,75,76,,,658.2631579843159,381.2663159692891,650.9467027952504,393.6528552511555,-,-,0.0000,0.0000,0.0000,0.0000,0.0000,0.0000,-,-,-,-,-,-,-,-,-,-,-,-,-,-
66335,9421334.98,15:37:25:900,Trial019,FEDE Drte.avi,39,GreenYellow,98.0051,Eye,75,76,,,655.143547598193,424.2884686020061,643.6345368703546,412.22509671238004,-,-,0.0000,0.0000,0.0000,0.0000,0.0000,0.0000,-,-,-,-,-,-,-,-,-,-,-,-,-,-
66338,9421394.525,15:37:25:959,Trial019,FEDE Drte.avi,39,GreenYellow,98.0051,Eye,75,76,,,647.0053402018613,340.98203596353426,639.7214696368214,380.43956434152716,-,-,0.0000,0.0000,0.0000,0.0000,0.0000,0.0000,-,-,-,-,-,-,-,-,-,-,-,-,-,-
66341,9421454.218,15:37:26:019,Trial019,FEDE Drte.avi,39,GreenYellow,98.0051,Eye,76,77,,,642.561310621754,322.41924302330926,647.5953743875122,351.5481958566407,-,-,0.0000,0.0000,0.0000,0.0000,0.0000,0.0000,-,-,-,-,-,-,-,-,-,-,-,-,-,-
66344,9421513.906,15:37:26:079,Trial019,FEDE Drte.avi,39,GreenYellow,98.0051,Eye,76,77,,,641.51060341677,273.27001611367643,644.3531017358314,428.6154760333782,-,-,0.0000,0.0000,0.0000,0.0000,0.0000,0.0000,-,-,-,-,-,-,-,-,-,-,-,-,-,-
66347,9421573.563,15:37:26:138,Trial019,FEDE Drte.avi,39,GreenYellow,98.0051,Eye,76,77,,,637.7559979235513,388.9319424714914,642.6561439867045,494.6274054760552,-,-,0.0000,0.0000,0.0000,0.0000,0.0000,0.0000,-,-,-,-,-,-,-,-,-,-,-,-,-,-
66350,9421633.162,15:37:26:198,Trial019,FEDE Drte.avi,39,GreenYellow,98.0051,Eye,77,78,,,636.7026127140518,427.2023702185545,644.6186674068463,356.89777590342567,-,-,0.0000,0.0000,0.0000,0.0000,0.0000,0.0000,-,-,-,-,-,-,-,-,-,-,-,-,-,-
66353,9421692.962,15:37:26:258,Trial019,FEDE Drte.avi,39,GreenYellow,98.0051,Eye,77,78,,,634.9159657183329,362.83872332316514,633.6444997664111,347.79637515510274,-,-,0.0000,0.0000,0.0000,0.0000,0.0000,0.0000,-,-,-,-,-,-,-,-,-,-,-,-,-,-
66356,9421752.527,15:37:26:317,Trial019,FEDE Drte.avi,39,GreenYellow,98.0051,Eye,78,80,,,637.0938723128812,381.32514886259594,638.4518289332834,357.3700895097089,-,-,0.0000,0.0000,0.0000,0.0000,0.0000,0.0000,-,-,-,-,-,-,-,-,-,-,-,-,-,-
66359,9421812.165,15:37:26:377,Trial019,FEDE Drte.avi,39,GreenYellow,98.0051,Eye,78,79,,,638.8198684971402,317.4024228924123,643.8927485876227,325.1013515145298,-,-,0.0000,0.0000,0.0000,0.0000,0.0000,0.0000,-,-,-,-,-,-,-,-,-,-,-,-,-,-
66362,9421871.905,15:37:26:437,Trial019,FEDE Drte.avi,39,GreenYellow,98.0051,Eye,78,79,,,640.9919214558678,422.43487748078576,646.8482194418733,386.6459540944334,-,-,0.0000,0.0000,0.0000,0.0000,0.0000,0.0000,-,-,-,-,-,-,-,-,-,-,-,-,-,-
66365,9421931.526,15:37:26:496,Trial019,FEDE Drte.avi,39,GreenYellow,98.0051,Eye,78,79,,,638.3554596650499,321.51622128771606,648.715980511688,286.5478777538449,-,-,0.0000,0.0000,0.0000,0.0000,0.0000,0.0000,-,-,-,-,-,-,-,-,-,-,-,-,-,-
66368,9421991.279,15:37:26:556,Trial019,FEDE Drte.avi,39,GreenYellow,98.0051,Eye,79,80,,,636.4303000964364,415.04271055485765,644.3227827402962,399.06768801061446,-,-,0.0000,0.0000,0.0000,0.0000,0.0000,0.0000,-,-,-,-,-,-,-,-,-,-,-,-,-,-
66371,9422050.921,15:37:26:616,Trial019,FEDE Drte.avi,39,GreenYellow,98.0051,Eye,79,80,,,640.316036388893,353.7117514781977,639.9078628746819,422.8207376663065,-,-,0.0000,0.0000,0.0000,0.0000,0.0000,0.0000,-,-,-,-,-,-,-,-,-,-,-,-,-,-
66374,9422110.522,15:37:26:675,Trial019,FEDE Drte.avi,39,GreenYellow,98.0051,Eye,79,80,,,639.5534083628016,310.5448504213337,630.8280545029024,329.34470707764217,-,-,0.0000,0.0000,0.0000,0.0000,0.0000,0.0000,-,-,-,-,-,-,-,-,-,-,-,-,-,-
66377,9422170.276,15:37:26:735,Trial019,FEDE Drte.avi,39,GreenYellow,98.0051,Eye,79,80,,,643.980770633093,344.17823486298016,623.6794677511546,382.445588603529,-,-,0.0000,0.0000,0.0000,0.0000,0.0000,0.0000,-,-,-,-,-,-,-,-,-,-,-,-,-,-
66380,9422229.895,15:37:26:795,Trial019,FEDE Drte.avi,39,GreenYellow,98.0051,Eye,80,81,,,644.1747657133704,367.5368942640811,636.3643573394596,373.68857502538253,-,-,0.0000,0.0000,0.0000,0.0000,0.0000,0.0000,-,-,-,-,-,-,-,-,-,-,-,-,-,-
66383,9422289.533,15:37:26:854,Trial019,FEDE Drte.avi,39,GreenYellow,98.0051,Eye,80,81,,,635.3090205125903,386.08630137125374,631.6811657764658,322.6998341505627,-,-,0.0000,0.0000,0.0000,0.0000,0.0000,0.0000,-,-,-,-,-,-,-,-,-,-,-,-,-,-
66386,9422349.297,15:37:26:914,Trial019,FEDE Drte.avi,39,GreenYellow,98.0051,Eye,80,81,,,632.1617574171496,406.90764752534005,641.4474180510782,280.78809451786833,-,-,0.0000,0.0000,0.0000,0.0000,0.0000,0.0000,-,-,-,-,-,-,-,-,-,-,-,-,-,-
66389,9422408.906,15:37:26:974,Trial019,FEDE Drte.avi,39,GreenYellow,98.0051,Eye,80,81,,,633.3311777234227,376.72102137135835,637.2839301179895,413.8732240186681,-,-,0.0000,0.0000,0.0000,0.0000,0.0000,0.0000,-,-,-,-,-,-,-,-,-,-,-,-,-,-
66392,9422468.666,15:37:27:033,Trial019,FEDE Drte.avi,39,GreenYellow,98.0051,Eye,80,81,,,634.6066871169372,364.05670032978895,635.935241751474,348.4795120475338,-,-,0.0000,0.0000,0.0000,0.0000,0.0000,0.0000,-,-,-,-,-,-,-,-,-,-,-,-,-,-
66395,9422528.284,15:37:27:093,Trial019,FEDE Drte.avi,39,GreenYellow,98.0051,Eye,80,81,,,629.3134430960387,309.6275916883412,636.7179439709254,354.0566209606974,-,-,0.0000,0.0000,0.0000,0.0000,0.0000,0.0000,-,-,-,-,-,-,-,-,-,-,-,-,-,-
66398,9422587.905,15:37:27:153,Trial019,FEDE Drte.avi,39,GreenYellow,98.0051,Eye,80,81,,,627.590511959395,369.73544809178,639.6048490521408,468.71181550182854,-,-,0.0000,0.0000,0.0000,0.0000,0.0000,0.0000,-,-,-,-,-,-,-,-,-,-,-,-,-,-
66401,9422647.653,15:37:27:212,Trial019,FEDE Drte.avi,39,GreenYellow,98.0051,Eye,80,81,,,640.5790880213248,422.91566335937523,644.2413025789049,442.5341568745975,-,-,0.0000,0.0000,0.0000,0.0000,0.0000,0.0000,-,-,-,-,-,-,-,-,-,-,-,-,-,-
66404,9422707.255,15:37:27:272,Trial019,FEDE Drte.avi,39,GreenYellow,98.0051,Eye,81,82,,,645.1325636087872,429.65996099077006,644.4739573053157,339.7494000869853,-,-,0.0000,0.0000,0.0000,0.0000,0.0000,0.0000,-,-,-,-,-,-,-,-,-,-,-,-,-,-
66407,9422767.024,15:37:27:332,Trial019,FEDE Drte.avi,39,GreenYellow,98.0051,Eye,81,82,,,645.9932983712758,450.95158835073414,643.3329934383244,419.5627476494687,-,-,0.0000,0.0000,0.0000,0.0000,0.0000,0.0000,-,-,-,-,-,-,-,-,-,-,-,-,-,-
66410,9422826.664,15:37:27:391,Trial019,FEDE Drte.avi,39,GreenYellow,98.0051,Eye,81,82,,,644.4462619025645,418.4827120431162,640.6274672610858,407.1892751541614,-,-,0.0000,0.0000,0.0000,0.0000,0.0000,0.0000,-,-,-,-,-,-,-,-,-,-,-,-,-,-
66413,9422886.268,15:37:27:451,Trial019,FEDE Drte.avi,39,GreenYellow,98.0051,Eye,81,82,,,642.4938347232135,399.6012985567077,642.5475736048592,354.5283179144102,-,-,0.0000,0.0000,0.0000,0.0000,0.0000,0.0000,-,-,-,-,-,-,-,-,-,-,-,-,-,-
66416,9422946.014,15:37:27:511,Trial019,FEDE Drte.avi,39,GreenYellow,98.0051,Eye,81,82,,,637.4816159253941,334.8654087462292,655.0176857382498,370.7998568175013,-,-,0.0000,0.0000,0.0000,0.0000,0.0000,0.0000,-,-,-,-,-,-,-,-,-,-,-,-,-,-
66419,9423005.64,15:37:27:570,Trial019,FEDE Drte.avi,39,GreenYellow,98.0051,Eye,81,82,,,641.6918533343912,465.0640968878061,649.9770089224347,295.183504286328,-,-,0.0000,0.0000,0.0000,0.0000,0.0000,0.0000,-,-,-,-,-,-,-,-,-,-,-,-,-,-
66422,9423065.271,15:37:27:630,Trial019,FEDE Drte.avi,39,GreenYellow,98.0051,Eye,81,82,,,633.2012374957186,371.32720720965256,644.9319915079886,355.31627666420025,-,-,0.0000,0.0000,0.0000,0.0000,0.0000,0.0000,-,-,-,-,-,-,-,-,-,-,-,-,-,-
66425,9423124.999,15:37:27:690,Trial019,FEDE Drte.avi,39,GreenYellow,98.0051,Eye,82,84,,,643.2157338834243,386.53578472137553,645.4851653231216,384.41679746135964,-,-,0.0000,0.0000,0.0000,0.0000,0.0000,0.0000,-,-,-,-,-,-,-,-,-,-,-,-,-,-
66428,9423184.622,15:37:27:749,Trial019,FEDE Drte.avi,39,GreenYellow,98.0051,Eye,82,83,,,645.592523520048,390.03242724099647,642.7774716767591,399.98772613997716,-,-,0.0000,0.0000,0.0000,0.0000,0.0000,0.0000,-,-,-,-,-,-,-,-,-,-,-,-,-,-
66431,9423244.379,15:37:27:809,Trial019,FEDE Drte.avi,39,GreenYellow,98.0051,Eye,82,83,,,641.0105150264534,354.7216246185789,642.417182874792,267.8172942661378,-,-,0.0000,0.0000,0.0000,0.0000,0.0000,0.0000,-,-,-,-,-,-,-,-,-,-,-,-,-,-
66434,9423304.029,15:37:27:869,Trial019,FEDE Drte.avi,39,GreenYellow,98.0051,Eye,82,83,,,639.845623154862,430.5630823613226,634.0469973364865,312.87095907816627,-,-,0.0000,0.0000,0.0000,0.0000,0.0000,0.0000,-,-,-,-,-,-,-,-,-,-,-,-,-,-
66437,9423363.623,15:37:27:928,Trial019,FEDE Drte.avi,39,GreenYellow,98.0051,Eye,83,85,,,639.1259139368972,381.06677494058255,635.8837788607121,418.9148831909599,-,-,0.0000,0.0000,0.0000,0.0000,0.0000,0.0000,-,-,-,-,-,-,-,-,-,-,-,-,-,-
66440,9423423.378,15:37:27:988,Trial019,FEDE Drte.avi,39,GreenYellow,98.0051,Eye,83,84,,,638.5744634498709,417.7896847843549,644.8004900807922,402.2860612763098,-,-,0.0000,0.0000,0.0000,0.0000,0.0000,0.0000,-,-,-,-,-,-,-,-,-,-,-,-,-,-
66443,9423482.994,15:37:28:048,Trial019,FEDE Drte.avi,39,GreenYellow,98.0051,Eye,83,84,,,641.9838529697071,367.8258417927172,644.8963402124806,430.3090475345345,-,-,0.0000,0.0000,0.0000,0.0000,0.0000,0.0000,-,-,-,-,-,-,-,-,-,-,-,-,-,-
66446,9423542.74,15:37:28:107,Trial019,FEDE Drte.avi,39,GreenYellow,98.0051,Eye,83,84,,,640.323981311628,467.8191822722774,644.0524676039241,368.3364572886883,-,-,0.0000,0.0000,0.0000,0.0000,0.0000,0.0000,-,-,-,-,-,-,-,-,-,-,-,-,-,-
66449,9423602.368,15:37:28:167,Trial019,FEDE Drte.avi,39,GreenYellow,98.0051,Eye,83,84,,,638.8837961943993,361.8753938769703,643.8823841579493,405.9398856343412,-,-,0.0000,0.0000,0.0000,0.0000,0.0000,0.0000,-,-,-,-,-,-,-,-,-,-,-,-,-,-
66452,9423661.988,15:37:28:227,Trial019,FEDE Drte.avi,39,GreenYellow,98.0051,Eye,83,84,,,636.591410061671,426.69596426348386,646.9088069814777,340.12374940153694,-,-,0.0000,0.0000,0.0000,0.0000,0.0000,0.0000,-,-,-,-,-,-,-,-,-,-,-,-,-,-
66455,9423721.741,15:37:28:286,Trial019,FEDE Drte.avi,39,GreenYellow,98.0051,Eye,83,84,,,638.8054491588679,437.596669843615,644.2468219538601,465.4374848582491,-,-,0.0000,0.0000,0.0000,0.0000,0.0000,0.0000,-,-,-,-,-,-,-,-,-,-,-,-,-,-
66458,9423781.376,15:37:28:346,Trial019,FEDE Drte.avi,39,GreenYellow,98.0051,Eye,83,84,,,631.4844528953935,344.07582587565685,651.6577512611121,356.22592450800096,-,-,0.0000,0.0000,0.0000,0.0000,0.0000,0.0000,-,-,-,-,-,-,-,-,-,-,-,-,-,-
66461,9423840.987,15:37:28:406,Trial019,FEDE Drte.avi,39,GreenYellow,98.0051,Eye,84,86,,,636.5176307737468,358.9666746813772,647.9616772807288,398.0416213321942,-,-,0.0000,0.0000,0.0000,0.0000,0.0000,0.0000,-,-,-,-,-,-,-,-,-,-,-,-,-,-
66464,9423900.746,15:37:28:465,Trial019,FEDE Drte.avi,39,GreenYellow,98.0051,Eye,84,85,,,634.5054066142313,335.5885008303566,649.4941439914116,359.1137442686522,-,-,0.0000,0.0000,0.0000,0.0000,0.0000,0.0000,-,-,-,-,-,-,-,-,-,-,-,-,-,-
66467,9423960.361,15:37:28:525,Trial019,FEDE Drte.avi,39,GreenYellow,98.0051,Eye,84,85,,,635.9648681792802,377.5716653915162,652.9402855269352,365.8345262772785,-,-,0.0000,0.0000,0.0000,0.0000,0.0000,0.0000,-,-,-,-,-,-,-,-,-,-,-,-,-,-
66470,9424020.118,15:37:28:585,Trial019,FEDE Drte.avi,39,GreenYellow,98.0051,Eye,84,85,,,634.2099609006117,371.7542128509059,643.4888681631815,343.14628665515386,-,-,0.0000,0.0000,0.0000,0.0000,0.0000,0.0000,-,-,-,-,-,-,-,-,-,-,-,-,-,-
66473,9424079.737,15:37:28:644,Trial019,FEDE Drte.avi,39,GreenYellow,98.0051,Eye,84,85,,,642.7104376163005,414.66455713086293,643.946323561222,394.77141416626955,-,-,0.0000,0.0000,0.0000,0.0000,0.0000,0.0000,-,-,-,-,-,-,-,-,-,-,-,-,-,-
66476,9424139.352,15:37:28:704,Trial019,FEDE Drte.avi,39,GreenYellow,98.0051,Eye,84,85,,,645.7343593961117,220.56839594016395,640.3065197040319,294.5983512826019,-,-,0.0000,0.0000,0.0000,0.0000,0.0000,0.0000,-,-,-,-,-,-,-,-,-,-,-,-,-,-
66479,9424199.108,15:37:28:764,Trial019,FEDE Drte.avi,39,GreenYellow,98.0051,Eye,85,87,,,646.9229012362858,351.1836341123599,642.8876872950585,372.00382680857274,-,-,0.0000,0.0000,0.0000,0.0000,0.0000,0.0000,-,-,-,-,-,-,-,-,-,-,-,-,-,-
66482,9424258.74,15:37:28:823,Trial019,FEDE Drte.avi,39,GreenYellow,98.0051,Eye,85,87,,,641.0928507202576,350.38948379744596,644.4757366375252,380.90149314356427,-,-,0.0000,0.0000,0.0000,0.0000,0.0000,0.0000,-,-,-,-,-,-,-,-,-,-,-,-,-,-
66485,9424318.363,15:37:28:883,Trial019,FEDE Drte.avi,39,GreenYellow,98.0051,Eye,85,86,,,636.1139174349179,495.64664379021303,637.7809898134876,332.3956578560459,-,-,0.0000,0.0000,0.0000,0.0000,0.0000,0.0000,-,-,-,-,-,-,-,-,-,-,-,-,-,-
66488,9424378.115,15:37:28:943,Trial019,FEDE Drte.avi,39,GreenYellow,98.0051,Eye,85,86,,,633.4034408941968,366.5904041104714,644.5215496441821,335.55161020482524,-,-,0.0000,0.0000,0.0000,0.0000,0.0000,0.0000,-,-,-,-,-,-,-,-,-,-,-,-,-,-
66491,9424437.732,15:37:29:002,Trial019,FEDE Drte.avi,39,GreenYellow,98.0051,Eye,85,86,,,643.9226609759367,406.01276593083423,639.6729214062224,445.3429785920749,-,-,0.0000,0.0000,0.0000,0.0000,0.0000,0.0000,-,-,-,-,-,-,-,-,-,-,-,-,-,-
66494,9424497.476,15:37:29:062,Trial019,FEDE Drte.avi,39,GreenYellow,98.0051,Eye,85,86,,,640.9421801037734,343.96274298611786,645.9353890383633,430.2563147984189,-,-,0.0000,0.0000,0.0000,0.0000,0.0000,0.0000,-,-,-,-,-,-,-,-,-,-,-,-,-,-
66497,9424557.104,15:37:29:122,Trial019,FEDE Drte.avi,39,GreenYellow,98.0051,Eye,85,86,,,650.9923879368256,320.347267424458,646.0502353927741,390.9285844633711,-,-,0.0000,0.0000,0.0000,0.0000,0.0000,0.0000,-,-,-,-,-,-,-,-,-,-,-,-,-,-
66500,9424616.737,15:37:29:181,Trial019,FEDE Drte.avi,39,GreenYellow,98.0051,Eye,85,86,,,654.7243332355984,336.4964228991004,650.4370035901611,342.8370453607006,-,-,0.0000,0.0000,0.0000,0.0000,0.0000,0.0000,-,-,-,-,-,-,-,-,-,-,-,-,-,-
66503,9424676.467,15:37:29:241,Trial019,FEDE Drte.avi,39,GreenYellow,98.0051,Eye,85,86,,,657.8166403568905,389.91143379400677,650.0572369732743,415.34175694631034,-,-,0.0000,0.0000,0.0000,0.0000,0.0000,0.0000,-,-,-,-,-,-,-,-,-,-,-,-,-,-
66506,9424736.123,15:37:29:301,Trial019,FEDE Drte.avi,39,GreenYellow,98.0051,Eye,85,86,,,662.6049219688642,392.53283122278856,652.8695423609474,391.8359921253368,-,-,0.0000,0.0000,0.0000,0.0000,0.0000,0.0000,-,-,-,-,-,-,-,-,-,-,-,-,-,-
66509,9424795.85,15:37:29:360,Trial019,FEDE Drte.avi,39,GreenYellow,98.0051,Eye,85,86,,,672.0497991144027,372.94425634616965,647.41162667727,321.4905680705048,-,-,0.0000,0.0000,0.0000,0.0000,0.0000,0.0000,-,-,-,-,-,-,-,-,-,-,-,-,-,-
66512,9424855.519,15:37:29:420,Trial019,FEDE Drte.avi,39,GreenYellow,98.0051,Eye,85,86,,,670.62598476811,362.6277531116811,647.7154841507762,403.118850845018,-,-,0.0000,0.0000,0.0000,0.0000,0.0000,0.0000,-,-,-,-,-,-,-,-,-,-,-,-,-,-
66515,9424915.099,15:37:29:480,Trial019,FEDE Drte.avi,39,GreenYellow,98.0051,Eye,85,86,,,668.0021463618743,506.4171774846766,647.8218760940488,383.79681973806055,-,-,0.0000,0.0000,0.0000,0.0000,0.0000,0.0000,-,-,-,-,-,-,-,-,-,-,-,-,-,-
66518,9424974.905,15:37:29:540,Trial019,FEDE Drte.avi,39,GreenYellow,98.0051,Eye,86,88,,,672.468424735683,420.85735303815227,652.3200491029522,438.377522407431,-,-,0.0000,0.0000,0.0000,0.0000,0.0000,0.0000,-,-,-,-,-,-,-,-,-,-,-,-,-,-
66521,9425034.472,15:37:29:599,Trial019,FEDE Drte.avi,39,GreenYellow,98.0051,Eye,86,87,,,662.3191295166444,398.01384676427926,643.3446120536014,399.2502646899837,-,-,0.0000,0.0000,0.0000,0.0000,0.0000,0.0000,-,-,-,-,-,-,-,-,-,-,-,-,-,-
66524,9425094.105,15:37:29:659,Trial019,FEDE Drte.avi,39,GreenYellow,98.0051,Eye,86,87,,,661.141584105001,385.19095678028845,643.0156481253758,360.36517003465497,-,-,0.0000,0.0000,0.0000,0.0000,0.0000,0.0000,-,-,-,-,-,-,-,-,-,-,-,-,-,-
66527,9425153.844,15:37:29:718,Trial019,FEDE Drte.avi,39,GreenYellow,98.0051,Eye,87,88,,,654.0694603182994,375.54116876408597,648.0293096556173,397.4707763554376,-,-,0.0000,0.0000,0.0000,0.0000,0.0000,0.0000,-,-,-,-,-,-,-,-,-,-,-,-,-,-
66530,9425213.498,15:37:29:778,Trial019,FEDE Drte.avi,39,GreenYellow,98.0051,Eye,87,88,,,641.5943203742099,303.74677506688806,644.9581804179606,344.3695104846235,-,-,0.0000,0.0000,0.0000,0.0000,0.0000,0.0000,-,-,-,-,-,-,-,-,-,-,-,-,-,-
66533,9425273.221,15:37:29:838,Trial019,FEDE Drte.avi,39,GreenYellow,98.0051,Eye,87,88,,,645.2304111500446,268.19376619896724,642.7666734037739,311.31267072117123,-,-,0.0000,0.0000,0.0000,0.0000,0.0000,0.0000,-,-,-,-,-,-,-,-,-,-,-,-,-,-
66536,9425332.894,15:37:29:898,Trial019,FEDE Drte.avi,39,GreenYellow,98.0051,Eye,87,88,,,643.8893965324038,416.05467618243404,642.9681234708413,360.6217297285824,-,-,0.0000,0.0000,0.0000,0.0000,0.0000,0.0000,-,-,-,-,-,-,-,-,-,-,-,-,-,-
66539,9425392.461,15:37:29:957,Trial019,FEDE Drte.avi,39,GreenYellow,98.0051,Eye,87,88,,,642.7090475418347,332.62417874185667,644.2409376962911,346.7874804452141,-,-,0.0000,0.0000,0.0000,0.0000,0.0000,0.0000,-,-,-,-,-,-,-,-,-,-,-,-,-,-
66542,9425452.238,15:37:30:017,Trial019,FEDE Drte.avi,39,GreenYellow,98.0051,Eye,87,88,,,647.080664287695,426.30096889653476,642.8902789709083,376.4122869215324,-,-,0.0000,0.0000,0.0000,0.0000,0.0000,0.0000,-,-,-,-,-,-,-,-,-,-,-,-,-,-
66545,9425511.842,15:37:30:076,Trial019,FEDE Drte.avi,39,GreenYellow,98.0051,Eye,88,90,,,647.7520345607052,434.7429133959977,650.3831917096478,405.2301051866863,-,-,0.0000,0.0000,0.0000,0.0000,0.0000,0.0000,-,-,-,-,-,-,-,-,-,-,-,-,-,-
66548,9425571.63,15:37:30:136,Trial019,FEDE Drte.avi,39,GreenYellow,98.0051,Eye,88,89,,,641.8343714032405,389.23770095417234,641.2447868096169,377.09699715663976,-,-,0.0000,0.0000,0.0000,0.0000,0.0000,0.0000,-,-,-,-,-,-,-,-,-,-,-,-,-,-
66551,9425631.216,15:37:30:196,Trial019,FEDE Drte.avi,39,GreenYellow,98.0051,Eye,88,89,,,631.3581883975166,448.81466909694626,634.1418142195453,402.314366247513,-,-,0.0000,0.0000,0.0000,0.0000,0.0000,0.0000,-,-,-,-,-,-,-,-,-,-,-,-,-,-
66554,9425690.855,15:37:30:255,Trial019,FEDE Drte.avi,39,GreenYellow,98.0051,Eye,89,90,,,621.5049092906414,407.5753393345298,630.6265403254322,415.78675787764416,-,-,0.0000,0.0000,0.0000,0.0000,0.0000,0.0000,-,-,-,-,-,-,-,-,-,-,-,-,-,-
66557,9425750.602,15:37:30:315,Trial019,FEDE Drte.avi,39,GreenYellow,98.0051,Eye,89,90,,,615.3178280375697,406.4558069196264,622.3669901693444,347.86477169300997,-,-,0.0000,0.0000,0.0000,0.0000,0.0000,0.0000,-,-,-,-,-,-,-,-,-,-,-,-,-,-
66560,9425810.223,15:37:30:375,Trial019,FEDE Drte.avi,39,GreenYellow,98.0051,Eye,89,90,,,606.9972509493093,332.6094817136605,615.7128478618414,363.3166935869579,-,-,0.0000,0.0000,0.0000,0.0000,0.0000,0.0000,-,-,-,-,-,-,-,-,-,-,-,-,-,-
66563,9425869.837,15:37:30:434,Trial019,FEDE Drte.avi,39,GreenYellow,98.0051,Eye,90,92,,,602.7546177902367,333.57733343694656,624.7433247064696,311.0631303445045,-,-,0.0000,0.0000,0.0000,0.0000,0.0000,0.0000,-,-,-,-,-,-,-,-,-,-,-,-,-,-
66566,9425929.597,15:37:30:494,Trial019,FEDE Drte.avi,39,GreenYellow,98.0051,Eye,90,91,,,609.7522801372165,302.7079535643172,626.0001192155597,351.77128984237754,-,-,0.0000,0.0000,0.0000,0.0000,0.0000,0.0000,-,-,-,-,-,-,-,-,-,-,-,-,-,-
66569,9425989.219,15:37:30:554,Trial019,FEDE Drte.avi,39,GreenYellow,98.0051,Eye,90,91,,,613.2687240241555,463.0461820350123,623.656284806582,460.0424896200229,-,-,0.0000,0.0000,0.0000,0.0000,0.0000,0.0000,-,-,-,-,-,-,-,-,-,-,-,-,-,-
66572,9426048.974,15:37:30:614,Trial019,FEDE Drte.avi,39,GreenYellow,98.0051,Eye,91,92,,,616.2301928037471,371.84366345417584,613.8289256363258,431.6762192172917,-,-,0.0000,0.0000,0.0000,0.0000,0.0000,0.0000,-,-,-,-,-,-,-,-,-,-,-,-,-,-
66575,9426108.591,15:37:30:673,Trial019,FEDE Drte.avi,39,GreenYellow,98.0051,Eye,91,92,,,619.3642526857008,326.977522082955,614.6363351617555,465.7797407102972,-,-,0.0000,0.0000,0.0000,0.0000,0.0000,0.0000,-,-,-,-,-,-,-,-,-,-,-,-,-,-
66578,9426168.335,15:37:30:733,Trial019,FEDE Drte.avi,39,GreenYellow,98.0051,Eye,91,92,,,609.7425406120669,404.5326111800362,604.30303709127,443.2331435556705,-,-,0.0000,0.0000,0.0000,0.0000,0.0000,0.0000,-,-,-,-,-,-,-,-,-,-,-,-,-,-
66581,9426227.98,15:37:30:793,Trial019,FEDE Drte.avi,39,GreenYellow,98.0051,Eye,91,92,,,604.1486741555882,340.10868745704204,603.3347122346048,326.8678745587828,-,-,0.0000,0.0000,0.0000,0.0000,0.0000,0.0000,-,-,-,-,-,-,-,-,-,-,-,-,-,-
66584,9426287.589,15:37:30:852,Trial019,FEDE Drte.avi,39,GreenYellow,98.0051,Eye,91,92,,,600.9267803557499,365.14104642812276,606.5969857737939,438.8555782495777,-,-,0.0000,0.0000,0.0000,0.0000,0.0000,0.0000,-,-,-,-,-,-,-,-,-,-,-,-,-,-
66587,9426347.332,15:37:30:912,Trial019,FEDE Drte.avi,39,GreenYellow,98.0051,Eye,91,92,,,592.1539278362719,344.8299991769549,597.1510122000715,432.08011007704147,-,-,0.0000,0.0000,0.0000,0.0000,0.0000,0.0000,-,-,-,-,-,-,-,-,-,-,-,-,-,-
66590,9426406.959,15:37:30:972,Trial019,FEDE Drte.avi,39,GreenYellow,98.0051,Eye,91,92,,,590.1177855291537,397.01997667410336,601.578014381907,427.86200576701475,-,-,0.0000,0.0000,0.0000,0.0000,0.0000,0.0000,-,-,-,-,-,-,-,-,-,-,-,-,-,-
66593,9426466.604,15:37:31:031,Trial019,FEDE Drte.avi,39,GreenYellow,98.0051,Eye,91,92,,,593.8873142789744,350.1047974660313,605.0139199105623,388.40832587283353,-,-,0.0000,0.0000,0.0000,0.0000,0.0000,0.0000,-,-,-,-,-,-,-,-,-,-,-,-,-,-
66596,9426526.342,15:37:31:091,Trial019,FEDE Drte.avi,39,GreenYellow,98.0051,Eye,91,92,,,590.9456357328902,317.3206428758926,604.2512542580434,451.065919288297,-,-,0.0000,0.0000,0.0000,0.0000,0.0000,0.0000,-,-,-,-,-,-,-,-,-,-,-,-,-,-
66599,9426585.946,15:37:31:151,Trial019,FEDE Drte.avi,39,GreenYellow,98.0051,Eye,91,92,,,594.7891441197014,345.30275810111107,600.6677500483482,460.09601199503504,-,-,0.0000,0.0000,0.0000,0.0000,0.0000,0.0000,-,-,-,-,-,-,-,-,-,-,-,-,-,-
66602,9426645.691,15:37:31:210,Trial019,FEDE Drte.avi,39,GreenYellow,98.0051,Eye,91,92,,,600.5646412315097,418.98459760336493,598.982829846225,380.80828080036787,-,-,0.0000,0.0000,0.0000,0.0000,0.0000,0.0000,-,-,-,-,-,-,-,-,-,-,-,-,-,-
66605,9426705.315,15:37:31:270,Trial019,FEDE Drte.avi,39,GreenYellow,98.0051,Eye,91,92,,,599.7497846767181,336.30446415483675,597.6604841785717,372.3219754970049,-,-,0.0000,0.0000,0.0000,0.0000,0.0000,0.0000,-,-,-,-,-,-,-,-,-,-,-,-,-,-
66608,9426764.935,15:37:31:330,Trial019,FEDE Drte.avi,39,GreenYellow,98.0051,Eye,91,92,,,599.6031869991521,345.91620419644266,601.9671773982975,339.85680551088706,-,-,0.0000,0.0000,0.0000,0.0000,0.0000,0.0000,-,-,-,-,-,-,-,-,-,-,-,-,-,-
66611,9426824.688,15:37:31:389,Trial019,FEDE Drte.avi,39,GreenYellow,98.0051,Eye,92,93,,,605.6266014211946,364.96397822494924,596.9072806973226,355.90523943631257,-,-,0.0000,0.0000,0.0000,0.0000,0.0000,0.0000,-,-,-,-,-,-,-,-,-,-,-,-,-,-
66614,9426884.31,15:37:31:449,Trial019,FEDE Drte.avi,39,GreenYellow,98.0051,Eye,92,93,,,604.9874025949907,341.89540580259165,595.4516251493247,454.48582615546513,-,-,0.0000,0.0000,0.0000,0.0000,0.0000,0.0000,-,-,-,-,-,-,-,-,-,-,-,-,-,-
66617,9426943.94,15:37:31:509,Trial019,FEDE Drte.avi,39,GreenYellow,98.0051,Eye,92,93,,,603.5554047770241,377.6325873882089,590.9486684304954,320.57939358033457,-,-,0.0000,0.0000,0.0000,0.0000,0.0000,0.0000,-,-,-,-,-,-,-,-,-,-,-,-,-,-
66620,9427003.684,15:37:31:568,Trial019,FEDE Drte.avi,39,GreenYellow,98.0051,Eye,92,93,,,600.5385092504746,436.61722934405566,592.0719131606526,480.91403895053134,-,-,0.0000,0.0000,0.0000,0.0000,0.0000,0.0000,-,-,-,-,-,-,-,-,-,-,-,-,-,-
66623,9427063.319,15:37:31:628,Trial019,FEDE Drte.avi,39,GreenYellow,98.0051,Eye,92,93,,,604.8562267960712,413.54302936179647,588.0767749426936,511.6665052200194,-,-,0.0000,0.0000,0.0000,0.0000,0.0000,0.0000,-,-,-,-,-,-,-,-,-,-,-,-,-,-
66626,9427123.057,15:37:31:688,Trial019,FEDE Drte.avi,39,GreenYellow,98.0051,Eye,93,95,,,619.1288281829284,283.53917831299106,598.4578035130893,344.2615747391739,-,-,0.0000,0.0000,0.0000,0.0000,0.0000,0.0000,-,-,-,-,-,-,-,-,-,-,-,-,-,-
66629,9427182.677,15:37:31:747,Trial019,FEDE Drte.avi,39,GreenYellow,98.0051,Eye,93,94,,,625.0311158755756,423.67838777611587,604.70155028861,421.5385799871659,-,-,0.0000,0.0000,0.0000,0.0000,0.0000,0.0000,-,-,-,-,-,-,-,-,-,-,-,-,-,-
66632,9427242.31,15:37:31:807,Trial019,FEDE Drte.avi,39,GreenYellow,98.0051,Eye,93,94,,,626.3864194479532,324.2186281503058,606.371778978434,391.7706206451322,-,-,0.0000,0.0000,0.0000,0.0000,0.0000,0.0000,-,-,-,-,-,-,-,-,-,-,-,-,-,-
66635,9427302.064,15:37:31:867,Trial019,FEDE Drte.avi,39,GreenYellow,98.0051,Eye,93,94,,,627.7390319782984,380.71088912674264,619.580526480138,414.3633214703841,-,-,0.0000,0.0000,0.0000,0.0000,0.0000,0.0000,-,-,-,-,-,-,-,-,-,-,-,-,-,-
66638,9427361.678,15:37:31:926,Trial019,FEDE Drte.avi,39,GreenYellow,98.0051,Eye,93,94,,,632.1276684532104,413.9971370026699,612.3666559236136,354.90188409758633,-,-,0.0000,0.0000,0.0000,0.0000,0.0000,0.0000,-,-,-,-,-,-,-,-,-,-,-,-,-,-
66641,9427421.434,15:37:31:986,Trial019,FEDE Drte.avi,39,GreenYellow,98.0051,Eye,93,94,,,639.369343503709,412.2190742058188,610.8420995457278,311.71028731248794,-,-,0.0000,0.0000,0.0000,0.0000,0.0000,0.0000,-,-,-,-,-,-,-,-,-,-,-,-,-,-
66644,9427481.05,15:37:32:046,Trial019,FEDE Drte.avi,39,GreenYellow,98.0051,Eye,93,94,,,640.690459279251,294.33191366846546,617.6757701751259,360.73524569595094,-,-,0.0000,0.0000,0.0000,0.0000,0.0000,0.0000,-,-,-,-,-,-,-,-,-,-,-,-,-,-
66647,9427540.671,15:37:32:105,Trial019,FEDE Drte.avi,39,GreenYellow,98.0051,Eye,94,96,,,640.8853454646629,350.5832042551975,623.5551646766174,426.4608467053548,-,-,0.0000,0.0000,0.0000,0.0000,0.0000,0.0000,-,-,-,-,-,-,-,-,-,-,-,-,-,-
66650,9427600.423,15:37:32:165,Trial019,FEDE Drte.avi,39,GreenYellow,98.0051,Eye,94,95,,,641.0424282457437,285.734924763922,629.8950805344172,287.9488271700814,-,-,0.0000,0.0000,0.0000,0.0000,0.0000,0.0000,-,-,-,-,-,-,-,-,-,-,-,-,-,-
66653,9427660.057,15:37:32:225,Trial019,FEDE Drte.avi,39,GreenYellow,98.0051,Eye,94,95,,,640.1669740166324,402.93162012445447,630.2642387509765,394.7468499449642,-,-,0.0000,0.0000,0.0000,0.0000,0.0000,0.0000,-,-,-,-,-,-,-,-,-,-,-,-,-,-
66656,9427719.672,15:37:32:284,Trial019,FEDE Drte.avi,39,GreenYellow,98.0051,Eye,94,95,,,636.5984292072592,367.34415618910543,632.5765501996821,307.8152128747542,-,-,0.0000,0.0000,0.0000,0.0000,0.0000,0.0000,-,-,-,-,-,-,-,-,-,-,-,-,-,-
66659,9427779.419,15:37:32:344,Trial019,FEDE Drte.avi,39,GreenYellow,98.0051,Eye,94,95,,,644.4091099064078,350.78586177840106,630.4370677990263,411.66475928204477,-,-,0.0000,0.0000,0.0000,0.0000,0.0000,0.0000,-,-,-,-,-,-,-,-,-,-,-,-,-,-
66662,9427839.046,15:37:32:404,Trial019,FEDE Drte.avi,39,GreenYellow,98.0051,Eye,95,97,,,634.0250938822229,359.6780552360147,630.9837337584016,446.0487250722962,-,-,0.0000,0.0000,0.0000,0.0000,0.0000,0.0000,-,-,-,-,-,-,-,-,-,-,-,-,-,-
66665,9427898.792,15:37:32:463,Trial019,FEDE Drte.avi,39,GreenYellow,98.0051,Eye,95,97,,,633.4503459882783,386.6166690684906,633.0300769383618,336.0386716127543,-,-,0.0000,0.0000,0.0000,0.0000,0.0000,0.0000,-,-,-,-,-,-,-,-,-,-,-,-,-,-
66668,9427958.419,15:37:32:523,Trial019,FEDE Drte.avi,39,GreenYellow,98.0051,Eye,95,96,,,636.7072831583622,396.6272650609253,632.9506973425096,384.3900350444336,-,-,0.0000,0.0000,0.0000,0.0000,0.0000,0.0000,-,-,-,-,-,-,-,-,-,-,-,-,-,-
66671,9428018.038,15:37:32:583,Trial019,FEDE Drte.avi,39,GreenYellow,98.0051,Eye,95,96,,,634.8355281057127,304.09252839341667,632.7404973203099,398.9225573684733,-,-,0.0000,0.0000,0.0000,0.0000,0.0000,0.0000,-,-,-,-,-,-,-,-,-,-,-,-,-,-
66674,9428077.793,15:37:32:642,Trial019,FEDE Drte.avi,39,GreenYellow,98.0051,Eye,95,96,,,634.5865396946866,337.31810278254636,637.7298836893709,452.3253871127266,-,-,0.0000,0.0000,0.0000,0.0000,0.0000,0.0000,-,-,-,-,-,-,-,-,-,-,-,-,-,-
66677,9428137.416,15:37:32:702,Trial019,FEDE Drte.avi,39,GreenYellow,98.0051,Eye,95,96,,,632.6762341755759,395.5880214290828,641.3692622964983,382.11158072354334,-,-,0.0000,0.0000,0.0000,0.0000,0.0000,0.0000,-,-,-,-,-,-,-,-,-,-,-,-,-,-
66680,9428197.04,15:37:32:762,Trial019,FEDE Drte.avi,39,GreenYellow,98.0051,Eye,95,96,,,631.8036265811701,384.77440586388235,647.4597290998496,423.5623309910387,-,-,0.0000,0.0000,0.0000,0.0000,0.0000,0.0000,-,-,-,-,-,-,-,-,-,-,-,-,-,-
66683,9428256.786,15:37:32:821,Trial019,FEDE Drte.avi,39,GreenYellow,98.0051,Eye,95,96,,,631.1388835307642,389.7965449791145,646.2892351921837,369.7737024249099,-,-,0.0000,0.0000,0.0000,0.0000,0.0000,0.0000,-,-,-,-,-,-,-,-,-,-,-,-,-,-
66686,9428316.42,15:37:32:881,Trial019,FEDE Drte.avi,39,GreenYellow,98.0051,Eye,96,98,,,639.1351807576415,502.29382970340157,633.3020933585174,273.85371178678304,-,-,0.0000,0.0000,0.0000,0.0000,0.0000,0.0000,-,-,-,-,-,-,-,-,-,-,-,-,-,-
66689,9428376.238,15:37:32:941,Trial019,FEDE Drte.avi,39,GreenYellow,98.0051,Eye,96,98,,,711.4691538456475,413.3881572695381,707.4881957628397,319.2205125127933,-,-,0.0000,0.0000,0.0000,0.0000,0.0000,0.0000,-,-,-,-,-,-,-,-,-,-,-,-,-,-
66692,9428435.789,15:37:33:000,Trial019,FEDE Drte.avi,39,GreenYellow,98.0051,Eye,96,97,,,764.457811871194,437.14093049708106,762.1096034210752,444.34258308431515,-,-,0.0000,0.0000,0.0000,0.0000,0.0000,0.0000,-,-,-,-,-,-,-,-,-,-,-,-,-,-
66695,9428495.509,15:37:33:060,Trial019,FEDE Drte.avi,39,GreenYellow,98.0051,Eye,96,97,,,801.1082721720271,456.3721465764614,794.1314817852094,414.16155339855777,-,-,0.0000,0.0000,0.0000,0.0000,0.0000,0.0000,-,-,-,-,-,-,-,-,-,-,-,-,-,-
66698,9428555.162,15:37:33:120,Trial019,FEDE Drte.avi,39,GreenYellow,98.0051,Eye,97,99,,,830.0569027748335,409.3987744118166,829.2564782786851,490.260202700891,-,-,0.0000,0.0000,0.0000,0.0000,0.0000,0.0000,-,-,-,-,-,-,-,-,-,-,-,-,-,-
66701,9428614.832,15:37:33:179,Trial019,FEDE Drte.avi,39,GreenYellow,98.0051,Eye,97,99,,,772.5518274739567,330.33595055971847,767.2333663314707,331.3223639213968,-,-,0.0000,0.0000,0.0000,0.0000,0.0000,0.0000,-,-,-,-,-,-,-,-,-,-,-,-,-,-
66704,9428674.531,15:37:33:239,Trial019,FEDE Drte.avi,39,GreenYellow,98.0051,Eye,97,98,,,725.9365175794285,433.48964071387786,720.5124381954955,425.8236539643589,-,-,0.0000,0.0000,0.0000,0.0000,0.0000,0.0000,-,-,-,-,-,-,-,-,-,-,-,-,-,-
66707,9428734.297,15:37:33:299,Trial019,FEDE Drte.avi,39,GreenYellow,98.0051,Eye,97,98,,,691.0777517250265,276.48826269081866,684.0066260134525,384.0620614678594,-,-,0.0000,0.0000,0.0000,0.0000,0.0000,0.0000,-,-,-,-,-,-,-,-,-,-,-,-,-,-
66710,9428793.786,15:37:33:358,Trial019,FEDE Drte.avi,39,GreenYellow,98.0051,Eye,97,98,,,656.498065742824,230.40020888390046,655.4446989242327,274.34173129393184,-,-,0.0000,0.0000,0.0000,0.0000,0.0000,0.0000,-,-,-,-,-,-,-,-,-,-,-,-,-,-
66713,9428853.602,15:37:33:418,Trial019,FEDE Drte.avi,39,GreenYellow,98.0051,Eye,98,100,,,597.60904867993,261.2751289097423,594.7092437206735,486.2213030026992,-,-,0.0000,0.0000,0.0000,0.0000,0.0000,0.0000,-,-,-,-,-,-,-,-,-,-,-,-,-,-
66716,9428913.16,15:37:33:478,Trial019,FEDE Drte.avi,39,GreenYellow,98.0051,Eye,98,5,,,508.74394750042393,369.0336928757868,510.58708359005317,344.9541988914973,-,-,0.0000,0.0000,0.0000,0.0000,0.0000,0.0000,-,-,-,-,-,-,-,-,-,-,-,-,-,-
66719,9428972.805,15:37:33:537,Trial019,FEDE Drte.avi,39,GreenYellow,98.0051,Eye,98,101,,,473.2167718425605,342.97208492319766,465.5708171679803,294.5385344204842,-,-,0.0000,0.0000,0.0000,0.0000,0.0000,0.0000,-,-,-,-,-,-,-,-,-,-,-,-,-,-
66722,9429032.526,15:37:33:597,Trial019,FEDE Drte.avi,39,GreenYellow,98.0051,Eye,98,99,,,441.5186789879493,412.23097583727696,426.345401446133,382.09813917874,-,-,0.0000,0.0000,0.0000,0.0000,0.0000,0.0000,-,-,-,-,-,-,-,-,-,-,-,-,-,-
66725,9429092.163,15:37:33:657,Trial019,FEDE Drte.avi,39,GreenYellow,98.0051,Eye,98,99,,,406.2225833992461,273.3062505704341,395.0369424809711,405.849472901484,-,-,0.0000,0.0000,0.0000,0.0000,0.0000,0.0000,-,-,-,-,-,-,-,-,-,-,-,-,-,-
66728,9429151.904,15:37:33:717,Trial019,FEDE Drte.avi,39,GreenYellow,98.0051,Eye,98,99,,,386.4258368937565,380.29826753040504,378.4163492365631,389.8819654948861,-,-,0.0000,0.0000,0.0000,0.0000,0.0000,0.0000,-,-,-,-,-,-,-,-,-,-,-,-,-,-
66731,9429211.565,15:37:33:776,Trial019,FEDE Drte.avi,39,GreenYellow,98.0051,Eye,98,99,,,368.08860654233166,441.45428964373804,366.5793360404687,459.6859407783179,-,-,0.0000,0.0000,0.0000,0.0000,0.0000,0.0000,-,-,-,-,-,-,-,-,-,-,-,-,-,-
66734,9429271.154,15:37:33:836,Trial019,FEDE Drte.avi,39,GreenYellow,98.0051,Eye,99,102,,,368.5409640988092,313.4648011776788,364.93027934838614,375.3522116446523,-,-,0.0000,0.0000,0.0000,0.0000,0.0000,0.0000,-,-,-,-,-,-,-,-,-,-,-,-,-,-
66737,9429330.905,15:37:33:896,Trial019,FEDE Drte.avi,39,GreenYellow,98.0051,Eye,99,102,,,393.9330233101298,376.658524043578,389.6627775333226,419.8832692661848,-,-,0.0000,0.0000,0.0000,0.0000,0.0000,0.0000,-,-,-,-,-,-,-,-,-,-,-,-,-,-
66740,9429390.546,15:37:33:955,Trial019,FEDE Drte.avi,39,GreenYellow,98.0051,Eye,99,100,,,441.92869305366617,381.81434537725863,448.825661261713,321.210263978544,-,-,0.0000,0.0000,0.0000,0.0000,0.0000,0.0000,-,-,-,-,-,-,-,-,-,-,-,-,-,-
66743,9429450.268,15:37:34:015,Trial019,FEDE Drte.avi,39,GreenYellow,98.0051,Eye,99,100,,,488.7555111032746,368.48930106752215,489.13048305151983,407.0755939352598,-,-,0.0000,0.0000,0.0000,0.0000,0.0000,0.0000,-,-,-,-,-,-,-,-,-,-,-,-,-,-
66746,9429509.924,15:37:34:075,Trial019,FEDE Drte.avi,39,GreenYellow,98.0051,Eye,100,101,,,525.018602515612,381.9641171051681,516.622764223654,361.858026053857,-,-,0.0000,0.0000,0.0000,0.0000,0.0000,0.0000,-,-,-,-,-,-,-,-,-,-,-,-,-,-
66749,9429569.524,15:37:34:134,Trial019,FEDE Drte.avi,39,GreenYellow,98.0051,Eye,100,101,,,549.3553661775694,414.7217626374091,550.8688144084678,338.0999473823944,-,-,0.0000,0.0000,0.0000,0.0000,0.0000,0.0000,-,-,-,-,-,-,-,-,-,-,-,-,-,-
66752,9429629.292,15:37:34:194,Trial019,FEDE Drte.avi,39,GreenYellow,98.0051,Eye,100,101,,,565.5756239809028,427.36500470121916,572.9602860145643,372.03558693933974,-,-,0.0000,0.0000,0.0000,0.0000,0.0000,0.0000,-,-,-,-,-,-,-,-,-,-,-,-,-,-
66755,9429688.896,15:37:34:254,Trial019,FEDE Drte.avi,39,GreenYellow,98.0051,Eye,101,102,,,586.2495519561185,445.2521824975876,587.8183103501586,332.47529642697594,-,-,0.0000,0.0000,0.0000,0.0000,0.0000,0.0000,-,-,-,-,-,-,-,-,-,-,-,-,-,-
66758,9429748.543,15:37:34:313,Trial019,FEDE Drte.avi,39,GreenYellow,98.0051,Eye,101,102,,,594.0072767890849,361.94379566991995,603.4735704102928,347.62746632406123,-,-,0.0000,0.0000,0.0000,0.0000,0.0000,0.0000,-,-,-,-,-,-,-,-,-,-,-,-,-,-
66761,9429808.281,15:37:34:373,Trial019,FEDE Drte.avi,39,GreenYellow,98.0051,Eye,101,102,,,612.4365143201402,376.1881152574813,611.2823631333918,320.42019906112137,-,-,0.0000,0.0000,0.0000,0.0000,0.0000,0.0000,-,-,-,-,-,-,-,-,-,-,-,-,-,-
66764,9429867.884,15:37:34:433,Trial019,FEDE Drte.avi,39,GreenYellow,98.0051,Eye,101,102,,,622.8860709808689,424.1060919720572,619.9249617874702,414.54614324934073,-,-,0.0000,0.0000,0.0000,0.0000,0.0000,0.0000,-,-,-,-,-,-,-,-,-,-,-,-,-,-
66767,9429927.652,15:37:34:492,Trial019,FEDE Drte.avi,39,GreenYellow,98.0051,Eye,101,102,,,628.3277540593708,466.3767008152351,622.182964546863,448.6078308145262,-,-,0.0000,0.0000,0.0000,0.0000,0.0000,0.0000,-,-,-,-,-,-,-,-,-,-,-,-,-,-
66770,9429987.292,15:37:34:552,Trial019,FEDE Drte.avi,39,GreenYellow,98.0051,Eye,101,102,,,627.8677802490785,311.39865082061704,630.0651758379702,381.00199082389446,-,-,0.0000,0.0000,0.0000,0.0000,0.0000,0.0000,-,-,-,-,-,-,-,-,-,-,-,-,-,-
66773,9430047.028,15:37:34:612,Trial019,FEDE Drte.avi,39,GreenYellow,98.0051,Eye,101,102,,,642.3244807855075,387.6216706613348,626.0909471132013,282.4167276622342,-,-,0.0000,0.0000,0.0000,0.0000,0.0000,0.0000,-,-,-,-,-,-,-,-,-,-,-,-,-,-
66776,9430106.655,15:37:34:671,Trial019,FEDE Drte.avi,39,GreenYellow,98.0051,Eye,101,102,,,639.3015875323503,405.05500840444074,622.5861049526185,438.79667866475614,-,-,0.0000,0.0000,0.0000,0.0000,0.0000,0.0000,-,-,-,-,-,-,-,-,-,-,-,-,-,-
66779,9430166.273,15:37:34:731,Trial019,FEDE Drte.avi,39,GreenYellow,98.0051,Eye,102,103,,,636.1085877733907,435.1858769156685,624.6283677567003,502.28911449373345,-,-,0.0000,0.0000,0.0000,0.0000,0.0000,0.0000,-,-,-,-,-,-,-,-,-,-,-,-,-,-
66782,9430226.014,15:37:34:791,Trial019,FEDE Drte.avi,39,GreenYellow,98.0051,Eye,102,103,,,638.8044543466671,427.32384802196935,629.4075710635882,442.6104458916883,-,-,0.0000,0.0000,0.0000,0.0000,0.0000,0.0000,-,-,-,-,-,-,-,-,-,-,-,-,-,-
66785,9430285.622,15:37:34:850,Trial019,FEDE Drte.avi,39,GreenYellow,98.0051,Eye,103,106,,,637.1007230032244,415.7162372478695,636.0848409281447,365.3133930910212,-,-,0.0000,0.0000,0.0000,0.0000,0.0000,0.0000,-,-,-,-,-,-,-,-,-,-,-,-,-,-
66788,9430345.384,15:37:34:910,Trial019,FEDE Drte.avi,39,GreenYellow,98.0051,Eye,103,104,,,640.281162061422,406.54967978900066,639.440611302437,344.70601339144923,-,-,0.0000,0.0000,0.0000,0.0000,0.0000,0.0000,-,-,-,-,-,-,-,-,-,-,-,-,-,-
66791,9430405.006,15:37:34:970,Trial019,FEDE Drte.avi,39,GreenYellow,98.0051,Eye,103,104,,,650.122644967858,408.72094824241765,639.1094090371172,423.4503233155088,-,-,0.0000,0.0000,0.0000,0.0000,0.0000,0.0000,-,-,-,-,-,-,-,-,-,-,-,-,-,-
66794,9430464.633,15:37:35:029,Trial019,FEDE Drte.avi,39,GreenYellow,98.0051,Eye,103,104,,,658.7761013924735,498.0604097312373,640.4449178397324,371.2888122975348,-,-,0.0000,0.0000,0.0000,0.0000,0.0000,0.0000,-,-,-,-,-,-,-,-,-,-,-,-,-,-
66797,9430524.373,15:37:35:089,Trial019,FEDE Drte.avi,39,GreenYellow,98.0051,Eye,103,104,,,653.8537747124493,377.82697480061773,637.0823429585553,431.58740883733185,-,-,0.0000,0.0000,0.0000,0.0000,0.0000,0.0000,-,-,-,-,-,-,-,-,-,-,-,-,-,-
66800,9430583.999,15:37:35:149,Trial019,FEDE Drte.avi,39,GreenYellow,98.0051,Eye,103,104,,,652.5359183387162,402.0844189233005,635.5855769536012,390.8056459070704,-,-,0.0000,0.0000,0.0000,0.0000,0.0000,0.0000,-,-,-,-,-,-,-,-,-,-,-,-,-,-
66803,9430643.76,15:37:35:208,Trial019,FEDE Drte.avi,39,GreenYellow,98.0051,Eye,104,107,,,644.3524845154536,518.1853138902105,617.9031030118998,368.3221638818226,-,-,0.0000,0.0000,0.0000,0.0000,0.0000,0.0000,-,-,-,-,-,-,-,-,-,-,-,-,-,-
66806,9430703.366,15:37:35:268,Trial019,FEDE Drte.avi,39,GreenYellow,98.0051,Eye,104,105,,,640.2084955392357,453.36896224208544,612.4793454545787,410.02332690855366,-,-,0.0000,0.0000,0.0000,0.0000,0.0000,0.0000,-,-,-,-,-,-,-,-,-,-,-,-,-,-
66809,9430762.995,15:37:35:328,Trial019,FEDE Drte.avi,39,GreenYellow,98.0051,Eye,104,105,,,636.5102717480235,387.9885594024387,612.9064345179319,357.84081090667735,-,-,0.0000,0.0000,0.0000,0.0000,0.0000,0.0000,-,-,-,-,-,-,-,-,-,-,-,-,-,-
66812,9430822.741,15:37:35:387,Trial019,FEDE Drte.avi,39,GreenYellow,98.0051,Eye,104,105,,,623.2339128346031,429.56092480835343,607.4595135613746,442.64182186119467,-,-,0.0000,0.0000,0.0000,0.0000,0.0000,0.0000,-,-,-,-,-,-,-,-,-,-,-,-,-,-
66815,9430882.368,15:37:35:447,Trial019,FEDE Drte.avi,39,GreenYellow,98.0051,Eye,104,105,,,603.8734278133852,419.98946746597454,606.7953906961385,448.7764732310342,-,-,0.0000,0.0000,0.0000,0.0000,0.0000,0.0000,-,-,-,-,-,-,-,-,-,-,-,-,-,-
66818,9430941.996,15:37:35:507,Trial019,FEDE Drte.avi,39,GreenYellow,98.0051,Eye,104,105,,,600.5364275566797,355.7921897838505,599.8809921631797,411.8521841063474,-,-,0.0000,0.0000,0.0000,0.0000,0.0000,0.0000,-,-,-,-,-,-,-,-,-,-,-,-,-,-
66821,9431001.74,15:37:35:566,Trial019,FEDE Drte.avi,39,GreenYellow,98.0051,Eye,105,106,,,595.0156106073562,270.51910150457553,595.6933625473151,390.34333778379255,-,-,0.0000,0.0000,0.0000,0.0000,0.0000,0.0000,-,-,-,-,-,-,-,-,-,-,-,-,-,-
66824,9431061.362,15:37:35:626,Trial019,FEDE Drte.avi,39,GreenYellow,98.0051,Eye,105,106,,,593.8515390317905,444.0211323367948,588.1321632938486,413.6849481115844,-,-,0.0000,0.0000,0.0000,0.0000,0.0000,0.0000,-,-,-,-,-,-,-,-,-,-,-,-,-,-
66827,9431120.989,15:37:35:686,Trial019,FEDE Drte.avi,39,GreenYellow,98.0051,Eye,106,107,,,589.5181244536668,415.4948133473186,583.4410026036578,360.6470480218336,-,-,0.0000,0.0000,0.0000,0.0000,0.0000,0.0000,-,-,-,-,-,-,-,-,-,-,-,-,-,-
66830,9431180.746,15:37:35:745,Trial019,FEDE Drte.avi,39,GreenYellow,98.0051,Eye,106,107,,,592.7723125232678,399.456739650556,583.1562096654726,332.46385914046886,-,-,0.0000,0.0000,0.0000,0.0000,0.0000,0.0000,-,-,-,-,-,-,-,-,-,-,-,-,-,-
66833,9431240.372,15:37:35:805,Trial019,FEDE Drte.avi,39,GreenYellow,98.0051,Eye,106,107,,,587.375848100749,398.54888315980304,582.7992586010664,500.41828398624085,-,-,0.0000,0.0000,0.0000,0.0000,0.0000,0.0000,-,-,-,-,-,-,-,-,-,-,-,-,-,-
66836,9431300.107,15:37:35:865,Trial019,FEDE Drte.avi,39,GreenYellow,98.0051,Eye,106,107,,,585.1704901037755,438.36939810923326,572.8673413117277,368.4389834316052,-,-,0.0000,0.0000,0.0000,0.0000,0.0000,0.0000,-,-,-,-,-,-,-,-,-,-,-,-,-,-
66839,9431359.734,15:37:35:924,Trial019,FEDE Drte.avi,39,GreenYellow,98.0051,Eye,106,107,,,584.7756277692338,393.6650769224752,571.8074915524297,378.5114826151698,-,-,0.0000,0.0000,0.0000,0.0000,0.0000,0.0000,-,-,-,-,-,-,-,-,-,-,-,-,-,-
66842,9431419.362,15:37:35:984,Trial019,FEDE Drte.avi,39,GreenYellow,98.0051,Eye,106,107,,,588.4447082698073,436.2552925675517,572.281732647862,370.9405585229997,-,-,0.0000,0.0000,0.0000,0.0000,0.0000,0.0000,-,-,-,-,-,-,-,-,-,-,-,-,-,-
66845,9431479.107,15:37:36:044,Trial019,FEDE Drte.avi,39,GreenYellow,98.0051,Eye,106,107,,,591.2731165815308,344.9663954580421,583.8684548366847,376.7359510853763,-,-,0.0000,0.0000,0.0000,0.0000,0.0000,0.0000,-,-,-,-,-,-,-,-,-,-,-,-,-,-
66848,9431538.728,15:37:36:103,Trial019,FEDE Drte.avi,39,GreenYellow,98.0051,Eye,106,107,,,590.6178745559612,510.22647370628164,586.0804864485813,369.10562657288824,-,-,0.0000,0.0000,0.0000,0.0000,0.0000,0.0000,-,-,-,-,-,-,-,-,-,-,-,-,-,-
66851,9431598.482,15:37:36:163,Trial019,FEDE Drte.avi,39,GreenYellow,98.0051,Eye,106,107,,,588.3829095925644,339.09315874729424,583.156316407243,427.9656166866214,-,-,0.0000,0.0000,0.0000,0.0000,0.0000,0.0000,-,-,-,-,-,-,-,-,-,-,-,-,-,-
66854,9431658.113,15:37:36:223,Trial019,FEDE Drte.avi,39,GreenYellow,98.0051,Eye,106,107,,,590.7625384557834,462.2370128542401,578.9021225490487,369.4585084522463,-,-,0.0000,0.0000,0.0000,0.0000,0.0000,0.0000,-,-,-,-,-,-,-,-,-,-,-,-,-,-
66857,9431717.735,15:37:36:282,Trial019,FEDE Drte.avi,39,GreenYellow,98.0051,Eye,106,107,,,591.3838909831778,315.17623998189583,574.8043690648574,449.9380863903185,-,-,0.0000,0.0000,0.0000,0.0000,0.0000,0.0000,-,-,-,-,-,-,-,-,-,-,-,-,-,-
66860,9431777.484,15:37:36:342,Trial019,FEDE Drte.avi,39,GreenYellow,98.0051,Eye,106,107,,,595.405646602503,416.1128806425139,574.8060273210522,417.45217548424046,-,-,0.0000,0.0000,0.0000,0.0000,0.0000,0.0000,-,-,-,-,-,-,-,-,-,-,-,-,-,-
66863,9431837.105,15:37:36:402,Trial019,FEDE Drte.avi,39,GreenYellow,98.0051,Eye,107,108,,,592.3743577832116,414.8579999083515,584.3384189313491,359.97273448371953,-,-,0.0000,0.0000,0.0000,0.0000,0.0000,0.0000,-,-,-,-,-,-,-,-,-,-,-,-,-,-
66866,9431896.85,15:37:36:461,Trial019,FEDE Drte.avi,39,GreenYellow,98.0051,Eye,107,108,,,583.9357556055816,436.85429375398945,594.4640343373641,374.1274891379654,-,-,0.0000,0.0000,0.0000,0.0000,0.0000,0.0000,-,-,-,-,-,-,-,-,-,-,-,-,-,-
66869,9431956.475,15:37:36:521,Trial019,FEDE Drte.avi,39,GreenYellow,98.0051,Eye,107,108,,,586.3824195050889,365.57063529344066,590.9774031313209,472.3772581283491,-,-,0.0000,0.0000,0.0000,0.0000,0.0000,0.0000,-,-,-,-,-,-,-,-,-,-,-,-,-,-
66872,9432016.172,15:37:36:581,Trial019,FEDE Drte.avi,39,GreenYellow,98.0051,Eye,107,108,,,590.2809212151742,405.574503560193,588.2395029611938,417.67864675608155,-,-,0.0000,0.0000,0.0000,0.0000,0.0000,0.0000,-,-,-,-,-,-,-,-,-,-,-,-,-,-
66875,9432075.847,15:37:36:640,Trial019,FEDE Drte.avi,39,GreenYellow,98.0051,Eye,108,111,,,597.4556500923896,408.16226041678215,589.7686193613907,429.1427716535429,-,-,0.0000,0.0000,0.0000,0.0000,0.0000,0.0000,-,-,-,-,-,-,-,-,-,-,-,-,-,-
66878,9432135.478,15:37:36:700,Trial019,FEDE Drte.avi,39,GreenYellow,98.0051,Eye,108,109,,,520.8593488288705,397.86848500638257,519.0002085903363,514.415262100933,-,-,0.0000,0.0000,0.0000,0.0000,0.0000,0.0000,-,-,-,-,-,-,-,-,-,-,-,-,-,-
66881,9432195.104,15:37:36:760,Trial019,FEDE Drte.avi,39,GreenYellow,98.0051,Eye,108,109,,,467.65393108063404,445.3613795391047,460.6787320314429,392.21805967147884,-,-,0.0000,0.0000,0.0000,0.0000,0.0000,0.0000,-,-,-,-,-,-,-,-,-,-,-,-,-,-
66884,9432254.846,15:37:36:819,Trial019,FEDE Drte.avi,39,GreenYellow,98.0051,Eye,108,109,,,428.85605088832267,356.7875089747088,420.15042525692115,456.3755899378034,-,-,0.0000,0.0000,0.0000,0.0000,0.0000,0.0000,-,-,-,-,-,-,-,-,-,-,-,-,-,-
66887,9432314.472,15:37:36:879,Trial019,FEDE Drte.avi,39,GreenYellow,98.0051,Eye,108,109,,,402.7864785564931,389.978008210989,399.2304534314834,413.61905846380256,-,-,0.0000,0.0000,0.0000,0.0000,0.0000,0.0000,-,-,-,-,-,-,-,-,-,-,-,-,-,-
66890,9432374.143,15:37:36:939,Trial019,FEDE Drte.avi,39,GreenYellow,98.0051,Eye,108,109,,,379.4734377518287,359.85762287007117,379.9636122045276,321.3431726460392,-,-,0.0000,0.0000,0.0000,0.0000,0.0000,0.0000,-,-,-,-,-,-,-,-,-,-,-,-,-,-
66893,9432433.847,15:37:36:998,Trial019,FEDE Drte.avi,39,GreenYellow,98.0051,Eye,108,109,,,359.80440398807355,348.9050350832546,359.1498575519402,402.702866075207,-,-,0.0000,0.0000,0.0000,0.0000,0.0000,0.0000,-,-,-,-,-,-,-,-,-,-,-,-,-,-
66896,9432493.492,15:37:37:058,Trial019,FEDE Drte.avi,39,GreenYellow,98.0051,Eye,108,109,,,347.80918278181105,404.18052554876533,343.9672690883022,408.5570213285827,-,-,0.0000,0.0000,0.0000,0.0000,0.0000,0.0000,-,-,-,-,-,-,-,-,-,-,-,-,-,-
66899,9432553.095,15:37:37:118,Trial019,FEDE Drte.avi,39,GreenYellow,98.0051,Eye,108,109,,,343.796162193953,433.0537377212202,337.43895691247246,376.1999278673858,-,-,0.0000,0.0000,0.0000,0.0000,0.0000,0.0000,-,-,-,-,-,-,-,-,-,-,-,-,-,-
66902,9432612.926,15:37:37:178,Trial019,FEDE Drte.avi,39,GreenYellow,98.0051,Eye,108,109,,,341.57918022382006,416.4869269388157,329.32468304738074,294.41376631122887,-,-,0.0000,0.0000,0.0000,0.0000,0.0000,0.0000,-,-,-,-,-,-,-,-,-,-,-,-,-,-
66905,9432672.466,15:37:37:237,Trial019,FEDE Drte.avi,39,GreenYellow,98.0051,Eye,108,109,,,338.66257759785293,334.7069394563357,328.72800986906844,433.0022232086997,-,-,0.0000,0.0000,0.0000,0.0000,0.0000,0.0000,-,-,-,-,-,-,-,-,-,-,-,-,-,-
66908,9432732.237,15:37:37:297,Trial019,FEDE Drte.avi,39,GreenYellow,98.0051,Eye,108,109,,,327.37257478217305,522.0143690188809,319.9975190267733,371.80565941246766,-,-,0.0000,0.0000,0.0000,0.0000,0.0000,0.0000,-,-,-,-,-,-,-,-,-,-,-,-,-,-
66911,9432791.845,15:37:37:356,Trial019,FEDE Drte.avi,39,GreenYellow,98.0051,Eye,108,109,,,317.48736667681015,431.825925391406,320.14322556032056,355.99539427023785,-,-,0.0000,0.0000,0.0000,0.0000,0.0000,0.0000,-,-,-,-,-,-,-,-,-,-,-,-,-,-
66914,9432851.466,15:37:37:416,Trial019,FEDE Drte.avi,39,GreenYellow,98.0051,Eye,109,110,,,314.5564176146599,305.9882664670638,322.31958773670067,508.51619718027274,-,-,0.0000,0.0000,0.0000,0.0000,0.0000,0.0000,-,-,-,-,-,-,-,-,-,-,-,-,-,-
66917,9432911.216,15:37:37:476,Trial019,FEDE Drte.avi,39,GreenYellow,98.0051,Eye,109,110,,,310.9985696410195,383.0714827601381,315.59336693438894,435.8312055587895,-,-,0.0000,0.0000,0.0000,0.0000,0.0000,0.0000,-,-,-,-,-,-,-,-,-,-,-,-,-,-
66920,9432970.859,15:37:37:535,Trial019,FEDE Drte.avi,39,GreenYellow,98.0051,Eye,109,110,,,310.98406094209986,389.35314050155694,311.2244348459583,403.20652371612096,-,-,0.0000,0.0000,0.0000,0.0000,0.0000,0.0000,-,-,-,-,-,-,-,-,-,-,-,-,-,-
66923,9433030.485,15:37:37:595,Trial019,FEDE Drte.avi,39,GreenYellow,98.0051,Eye,109,110,,,298.935656690275,405.28758134402176,308.1212067102095,488.42013870144496,-,-,0.0000,0.0000,0.0000,0.0000,0.0000,0.0000,-,-,-,-,-,-,-,-,-,-,-,-,-,-
66926,9433090.228,15:37:37:655,Trial019,FEDE Drte.avi,39,GreenYellow,98.0051,Eye,110,113,,,333.4211211586627,333.79065207567254,350.1336404671333,398.80662831955414,-,-,0.0000,0.0000,0.0000,0.0000,0.0000,0.0000,-,-,-,-,-,-,-,-,-,-,-,-,-,-
66929,9433149.838,15:37:37:714,Trial019,FEDE Drte.avi,39,GreenYellow,98.0051,Eye,110,111,,,409.20947376849927,466.0292629336855,420.006271977657,453.0112362752123,-,-,0.0000,0.0000,0.0000,0.0000,0.0000,0.0000,-,-,-,-,-,-,-,-,-,-,-,-,-,-
66932,9433209.601,15:37:37:774,Trial019,FEDE Drte.avi,39,GreenYellow,98.0051,Eye,110,111,,,465.021778574419,457.39530999098173,477.27559474190616,448.0966818429494,-,-,0.0000,0.0000,0.0000,0.0000,0.0000,0.0000,-,-,-,-,-,-,-,-,-,-,-,-,-,-
66935,9433269.212,15:37:37:834,Trial019,FEDE Drte.avi,39,GreenYellow,98.0051,Eye,110,111,,,498.3534825043522,346.2553459711021,515.9221301752518,349.97061857155506,-,-,0.0000,0.0000,0.0000,0.0000,0.0000,0.0000,-,-,-,-,-,-,-,-,-,-,-,-,-,-
66938,9433328.845,15:37:37:893,Trial019,FEDE Drte.avi,39,GreenYellow,98.0051,Eye,110,111,,,539.0729481490836,402.1728932489944,535.1881327428438,380.2041189446201,-,-,0.0000,0.0000,0.0000,0.0000,0.0000,0.0000,-,-,-,-,-,-,-,-,-,-,-,-,-,-
66941,9433388.578,15:37:37:953,Trial019,FEDE Drte.avi,39,GreenYellow,0.0,Eye,111,114,,,569.6125473826321,388.4082183414973,549.6376346685377,387.79553742871417,-,-,0.0000,0.0000,0.0000,0.0000,0.0000,0.0000,-,-,-,-,-,-,-,-,-,-,-,-,-,-
66944,9433448.213,15:37:38:013,Trial019,FEDE Drte.avi,39,GreenYellow,0.0,Eye,111,112,,,592.5172468077935,499.8426028478067,560.4747611128082,434.470724277043,-,-,0.0000,0.0000,0.0000,0.0000,0.0000,0.0000,-,-,-,-,-,-,-,-,-,-,-,-,-,-
66947,9433507.966,15:37:38:073,Trial019,FEDE Drte.avi,39,GreenYellow,0.0,Eye,111,112,,,609.6957713766645,434.0676170923985,568.6026059460111,435.97692012712935,-,-,0.0000,0.0000,0.0000,0.0000,0.0000,0.0000,-,-,-,-,-,-,-,-,-,-,-,-,-,-
66950,9433567.587,15:37:38:132,Trial019,FEDE Drte.avi,39,GreenYellow,0.0,Eye,111,112,,,,,,,-,-,0.0000,0.0000,0.0000,0.0000,0.0000,0.0000,-,-,-,-,-,-,-,-,-,-,-,-,-,-
66953,9433627.214,15:37:38:192,Trial019,FEDE Drte.avi,39,GreenYellow,0.0,Eye,111,112,,,,,,,-,-,0.0000,0.0000,0.0000,0.0000,0.0000,0.0000,-,-,-,-,-,-,-,-,-,-,-,-,-,-
66956,9433686.958,15:37:38:252,Trial019,FEDE Drte.avi,39,GreenYellow,0.0,Eye,111,112,,,,,,,-,-,0.0000,0.0000,0.0000,0.0000,0.0000,0.0000,-,-,-,-,-,-,-,-,-,-,-,-,-,-
66959,9433746.609,15:37:38:311,Trial019,FEDE Drte.avi,39,GreenYellow,0.0,Eye,111,112,,,,,,,-,-,0.0000,0.0000,0.0000,0.0000,0.0000,0.0000,-,-,-,-,-,-,-,-,-,-,-,-,-,-
66962,9433806.317,15:37:38:371,Trial019,FEDE Drte.avi,39,GreenYellow,0.0,Eye,111,112,,,,,,,-,-,0.0000,0.0000,0.0000,0.0000,0.0000,0.0000,-,-,-,-,-,-,-,-,-,-,-,-,-,-
66965,9433865.969,15:37:38:431,Trial019,FEDE Drte.avi,39,GreenYellow,0.0,Eye,111,112,,,,,,,-,-,0.0000,0.0000,0.0000,0.0000,0.0000,0.0000,-,-,-,-,-,-,-,-,-,-,-,-,-,-
66968,9433925.575,15:37:38:490,Trial019,FEDE Drte.avi,39,GreenYellow,98.0051,Eye,111,112,,,633.3722974937721,394.84596099948646,610.237066347814,388.8592757488397,-,-,0.0000,0.0000,0.0000,0.0000,0.0000,0.0000,-,-,-,-,-,-,-,-,-,-,-,-,-,-
66971,9433985.378,15:37:38:550,Trial019,FEDE Drte.avi,39,GreenYellow,98.0051,Eye,111,112,,,629.8853795408551,406.1006634213197,617.9244036196067,308.5828638685869,-,-,0.0000,0.0000,0.0000,0.0000,0.0000,0.0000,-,-,-,-,-,-,-,-,-,-,-,-,-,-
66974,9434044.948,15:37:38:610,Trial019,FEDE Drte.avi,39,GreenYellow,98.0051,Eye,111,112,,,630.5222092776041,374.77967930845483,624.382393808871,380.48610062651505,-,-,0.0000,0.0000,0.0000,0.0000,0.0000,0.0000,-,-,-,-,-,-,-,-,-,-,-,-,-,-
66977,9434104.574,15:37:38:669,Trial019,FEDE Drte.avi,39,GreenYellow,98.0051,Eye,111,112,,,635.4050439743769,363.1748342002109,627.4143793732643,394.51061319865363,-,-,0.0000,0.0000,0.0000,0.0000,0.0000,0.0000,-,-,-,-,-,-,-,-,-,-,-,-,-,-
66980,9434164.299,15:37:38:729,Trial019,FEDE Drte.avi,39,GreenYellow,98.0051,Eye,111,112,,,620.9994160819398,321.2083272872364,629.9745950816961,357.31098321473195,-,-,0.0000,0.0000,0.0000,0.0000,0.0000,0.0000,-,-,-,-,-,-,-,-,-,-,-,-,-,-
66983,9434223.931,15:37:38:789,Trial019,FEDE Drte.avi,39,GreenYellow,98.0051,Eye,111,112,,,619.6403493024552,458.9212645716627,627.3075723744694,410.6991334612221,-,-,0.0000,0.0000,0.0000,0.0000,0.0000,0.0000,-,-,-,-,-,-,-,-,-,-,-,-,-,-
66986,9434283.692,15:37:38:848,Trial019,FEDE Drte.avi,39,GreenYellow,98.0051,Eye,111,112,,,620.3041600974724,439.5947313172459,629.9693422025753,408.06227054116715,-,-,0.0000,0.0000,0.0000,0.0000,0.0000,0.0000,-,-,-,-,-,-,-,-,-,-,-,-,-,-
66989,9434343.306,15:37:38:908,Trial019,FEDE Drte.avi,39,GreenYellow,98.0051,Eye,111,112,,,621.0794503228892,396.33619830800865,627.8678581480825,369.1125226240238,-,-,0.0000,0.0000,0.0000,0.0000,0.0000,0.0000,-,-,-,-,-,-,-,-,-,-,-,-,-,-
66992,9434403.058,15:37:38:968,Trial019,FEDE Drte.avi,39,GreenYellow,98.0051,Eye,112,115,,,628.1853432592628,390.5910815751442,633.7544498569979,425.98372098378996,-,-,0.0000,0.0000,0.0000,0.0000,0.0000,0.0000,-,-,-,-,-,-,-,-,-,-,-,-,-,-
66995,9434462.689,15:37:39:027,Trial019,FEDE Drte.avi,39,GreenYellow,98.0051,Eye,112,113,,,634.6699463343024,393.9964341520894,642.5791530533686,339.28074830576554,-,-,0.0000,0.0000,0.0000,0.0000,0.0000,0.0000,-,-,-,-,-,-,-,-,-,-,-,-,-,-
66998,9434522.306,15:37:39:087,Trial019,FEDE Drte.avi,39,GreenYellow,98.0051,Eye,112,113,,,640.2375082322453,394.65907741358865,650.037131766922,401.4558281763856,-,-,0.0000,0.0000,0.0000,0.0000,0.0000,0.0000,-,-,-,-,-,-,-,-,-,-,-,-,-,-
67001,9434582.058,15:37:39:147,Trial019,FEDE Drte.avi,39,GreenYellow,98.0051,Eye,112,113,,,635.2521807315055,304.8970480673021,647.4490154282313,334.2984866128152,-,-,0.0000,0.0000,0.0000,0.0000,0.0000,0.0000,-,-,-,-,-,-,-,-,-,-,-,-,-,-
67004,9434641.671,15:37:39:206,Trial019,FEDE Drte.avi,39,GreenYellow,98.0051,Eye,112,113,,,635.2026898429676,417.5521018701298,643.3237020829899,403.1808377168193,-,-,0.0000,0.0000,0.0000,0.0000,0.0000,0.0000,-,-,-,-,-,-,-,-,-,-,-,-,-,-
67007,9434701.306,15:37:39:266,Trial019,FEDE Drte.avi,39,GreenYellow,98.0051,Eye,112,113,,,641.449783666811,456.6639680234559,651.786070103821,445.9969799642532,-,-,0.0000,0.0000,0.0000,0.0000,0.0000,0.0000,-,-,-,-,-,-,-,-,-,-,-,-,-,-
67010,9434761.049,15:37:39:326,Trial019,FEDE Drte.avi,39,GreenYellow,98.0051,Eye,113,114,,,651.0298911513102,446.2484320840747,659.4209065074658,455.3828540503282,-,-,0.0000,0.0000,0.0000,0.0000,0.0000,0.0000,-,-,-,-,-,-,-,-,-,-,-,-,-,-
67013,9434820.681,15:37:39:385,Trial019,FEDE Drte.avi,39,GreenYellow,98.0051,Eye,113,114,,,650.9276788963605,387.321828529092,660.1944475257882,393.9993990384921,-,-,0.0000,0.0000,0.0000,0.0000,0.0000,0.0000,-,-,-,-,-,-,-,-,-,-,-,-,-,-
67016,9434880.425,15:37:39:445,Trial019,FEDE Drte.avi,39,GreenYellow,98.0051,Eye,113,114,,,655.2709543546952,355.6723742229201,658.8794231292271,495.43043999957297,-,-,0.0000,0.0000,0.0000,0.0000,0.0000,0.0000,-,-,-,-,-,-,-,-,-,-,-,-,-,-
67019,9434940.056,15:37:39:505,Trial019,FEDE Drte.avi,39,GreenYellow,98.0051,Eye,113,114,,,652.8939084033971,401.30294287186786,658.1006041018927,392.00669044198213,-,-,0.0000,0.0000,0.0000,0.0000,0.0000,0.0000,-,-,-,-,-,-,-,-,-,-,-,-,-,-
67022,9434999.671,15:37:39:564,Trial019,FEDE Drte.avi,39,GreenYellow,98.0051,Eye,113,114,,,649.7407016792374,468.75626926308286,654.7027874409404,401.02201583435493,-,-,0.0000,0.0000,0.0000,0.0000,0.0000,0.0000,-,-,-,-,-,-,-,-,-,-,-,-,-,-
67025,9435059.43,15:37:39:624,Trial019,FEDE Drte.avi,39,GreenYellow,98.0051,Eye,113,114,,,649.4048280849001,435.31943594847866,654.1232539737465,424.5452946855923,-,-,0.0000,0.0000,0.0000,0.0000,0.0000,0.0000,-,-,-,-,-,-,-,-,-,-,-,-,-,-
67028,9435119.043,15:37:39:684,Trial019,FEDE Drte.avi,39,GreenYellow,98.0051,Eye,114,117,,,652.2538324434962,412.4255931408166,658.1353014628038,372.7023507044438,-,-,0.0000,0.0000,0.0000,0.0000,0.0000,0.0000,-,-,-,-,-,-,-,-,-,-,-,-,-,-
67031,9435178.804,15:37:39:743,Trial019,FEDE Drte.avi,39,GreenYellow,98.0051,Eye,114,117,,,659.521956247205,363.0939648274628,661.1788783796479,441.82295414980837,-,-,0.0000,0.0000,0.0000,0.0000,0.0000,0.0000,-,-,-,-,-,-,-,-,-,-,-,-,-,-
67034,9435238.427,15:37:39:803,Trial019,FEDE Drte.avi,39,GreenYellow,98.0051,Eye,114,117,,,662.1891722723943,395.73449250385323,655.2994837674403,387.3451959162638,-,-,0.0000,0.0000,0.0000,0.0000,0.0000,0.0000,-,-,-,-,-,-,-,-,-,-,-,-,-,-
67037,9435298.213,15:37:39:863,Trial019,FEDE Drte.avi,39,GreenYellow,98.0051,Eye,114,117,,,658.2965815665584,447.231486982594,654.144641296409,395.178511219436,-,-,0.0000,0.0000,0.0000,0.0000,0.0000,0.0000,-,-,-,-,-,-,-,-,-,-,-,-,-,-
67040,9435357.79,15:37:39:922,Trial019,FEDE Drte.avi,39,GreenYellow,98.0051,Eye,114,115,,,617.2440370737627,412.2460837123425,610.2548869766571,403.97014165463276,-,-,0.0000,0.0000,0.0000,0.0000,0.0000,0.0000,-,-,-,-,-,-,-,-,-,-,-,-,-,-
67043,9435417.432,15:37:39:982,Trial019,FEDE Drte.avi,39,GreenYellow,98.0051,Eye,114,115,,,578.5683353842693,312.6111950260871,575.7991939057396,375.2023352323514,-,-,0.0000,0.0000,0.0000,0.0000,0.0000,0.0000,-,-,-,-,-,-,-,-,-,-,-,-,-,-
67046,9435477.168,15:37:40:042,Trial019,FEDE Drte.avi,39,GreenYellow,98.0051,Eye,114,115,,,546.4051592288331,309.4384710304858,542.2444361602535,421.1972609034715,-,-,0.0000,0.0000,0.0000,0.0000,0.0000,0.0000,-,-,-,-,-,-,-,-,-,-,-,-,-,-
67049,9435536.878,15:37:40:102,Trial019,FEDE Drte.avi,39,GreenYellow,98.0051,Eye,114,115,,,534.3609933448587,334.0228647296714,526.7324751170141,378.27384005951563,-,-,0.0000,0.0000,0.0000,0.0000,0.0000,0.0000,-,-,-,-,-,-,-,-,-,-,-,-,-,-
67052,9435596.418,15:37:40:161,Trial019,FEDE Drte.avi,39,GreenYellow,98.0051,Eye,114,115,,,506.7835589952099,321.9587215327756,516.5528244327345,467.487747539539,-,-,0.0000,0.0000,0.0000,0.0000,0.0000,0.0000,-,-,-,-,-,-,-,-,-,-,-,-,-,-
67055,9435656.171,15:37:40:221,Trial019,FEDE Drte.avi,39,GreenYellow,98.0051,Eye,115,116,,,493.1456256398227,373.05711594129605,499.75916494990776,374.84649696412276,-,-,0.0000,0.0000,0.0000,0.0000,0.0000,0.0000,-,-,-,-,-,-,-,-,-,-,-,-,-,-
67058,9435715.792,15:37:40:280,Trial019,FEDE Drte.avi,39,GreenYellow,98.0051,Eye,115,116,,,489.59776430937507,412.6793333049022,490.006088379027,467.80884716962873,-,-,0.0000,0.0000,0.0000,0.0000,0.0000,0.0000,-,-,-,-,-,-,-,-,-,-,-,-,-,-
67061,9435775.625,15:37:40:340,Trial019,FEDE Drte.avi,39,GreenYellow,98.0051,Eye,115,116,,,479.8600099541419,391.37824066517453,489.0758966008817,358.2758625544624,-,-,0.0000,0.0000,0.0000,0.0000,0.0000,0.0000,-,-,-,-,-,-,-,-,-,-,-,-,-,-
67064,9435835.164,15:37:40:400,Trial019,FEDE Drte.avi,39,GreenYellow,98.0051,Eye,116,119,,,475.3949512874034,394.22015821266586,483.8416602676713,372.90952427396564,-,-,0.0000,0.0000,0.0000,0.0000,0.0000,0.0000,-,-,-,-,-,-,-,-,-,-,-,-,-,-
67067,9435894.849,15:37:40:459,Trial019,FEDE Drte.avi,39,GreenYellow,98.0051,Eye,116,119,,,466.86873427341357,402.57435531315133,480.56304170840656,429.13417341313357,-,-,0.0000,0.0000,0.0000,0.0000,0.0000,0.0000,-,-,-,-,-,-,-,-,-,-,-,-,-,-
67070,9435954.533,15:37:40:519,Trial019,FEDE Drte.avi,39,GreenYellow,98.0051,Eye,116,119,,,522.9839609456384,420.4647791322839,519.6184673768857,336.4612580061709,-,-,0.0000,0.0000,0.0000,0.0000,0.0000,0.0000,-,-,-,-,-,-,-,-,-,-,-,-,-,-
67073,9436014.19,15:37:40:579,Trial019,FEDE Drte.avi,39,GreenYellow,98.0051,Eye,116,117,,,554.1511934050025,381.9446798358811,554.3206805068179,371.4939437142391,-,-,0.0000,0.0000,0.0000,0.0000,0.0000,0.0000,-,-,-,-,-,-,-,-,-,-,-,-,-,-
67076,9436073.783,15:37:40:638,Trial019,FEDE Drte.avi,39,GreenYellow,98.0051,Eye,116,117,,,580.8758162022758,375.2282668760611,574.0554109188092,478.2059777159146,-,-,0.0000,0.0000,0.0000,0.0000,0.0000,0.0000,-,-,-,-,-,-,-,-,-,-,-,-,-,-
67079,9436133.597,15:37:40:698,Trial019,FEDE Drte.avi,39,GreenYellow,98.0051,Eye,116,117,,,599.1673618614827,363.6121252560435,592.3579795304385,337.3197001071937,-,-,0.0000,0.0000,0.0000,0.0000,0.0000,0.0000,-,-,-,-,-,-,-,-,-,-,-,-,-,-
67082,9436193.161,15:37:40:758,Trial019,FEDE Drte.avi,39,GreenYellow,98.0051,Eye,116,117,,,610.185481557824,383.5371414465278,610.0845833361653,381.327038132706,-,-,0.0000,0.0000,0.0000,0.0000,0.0000,0.0000,-,-,-,-,-,-,-,-,-,-,-,-,-,-
67085,9436252.988,15:37:40:818,Trial019,FEDE Drte.avi,39,GreenYellow,98.0051,Eye,117,120,,,621.3960065519935,402.54046275816336,622.8196332380913,322.1125405030247,-,-,0.0000,0.0000,0.0000,0.0000,0.0000,0.0000,-,-,-,-,-,-,-,-,-,-,-,-,-,-
67088,9436312.553,15:37:40:877,Trial019,FEDE Drte.avi,39,GreenYellow,98.0051,Eye,117,118,,,614.3524407701269,387.8537948075227,627.7387213949024,442.54197962994033,-,-,0.0000,0.0000,0.0000,0.0000,0.0000,0.0000,-,-,-,-,-,-,-,-,-,-,-,-,-,-
67091,9436372.156,15:37:40:937,Trial019,FEDE Drte.avi,39,GreenYellow,98.0051,Eye,117,118,,,615.5143135447346,400.0129470981757,630.7819091814,410.99418929529554,-,-,0.0000,0.0000,0.0000,0.0000,0.0000,0.0000,-,-,-,-,-,-,-,-,-,-,-,-,-,-
67094,9436431.906,15:37:40:997,Trial019,FEDE Drte.avi,39,GreenYellow,98.0051,Eye,117,118,,,613.3403217725213,395.91901115163347,626.2307913877333,310.5105962105288,-,-,0.0000,0.0000,0.0000,0.0000,0.0000,0.0000,-,-,-,-,-,-,-,-,-,-,-,-,-,-
67097,9436491.575,15:37:41:056,Trial019,FEDE Drte.avi,39,GreenYellow,98.0051,Eye,117,118,,,608.7482445731592,360.07998643861714,619.2931149512326,381.83146909669324,-,-,0.0000,0.0000,0.0000,0.0000,0.0000,0.0000,-,-,-,-,-,-,-,-,-,-,-,-,-,-
67100,9436551.278,15:37:41:116,Trial019,FEDE Drte.avi,39,GreenYellow,98.0051,Eye,117,118,,,610.92568490144,422.2596144086128,613.9143006000339,368.7381765615434,-,-,0.0000,0.0000,0.0000,0.0000,0.0000,0.0000,-,-,-,-,-,-,-,-,-,-,-,-,-,-
67103,9436610.91,15:37:41:176,Trial019,FEDE Drte.avi,39,GreenYellow,98.0051,Eye,117,118,,,606.4642026764586,301.00542653857923,611.5551974307346,294.63566048304284,-,-,0.0000,0.0000,0.0000,0.0000,0.0000,0.0000,-,-,-,-,-,-,-,-,-,-,-,-,-,-
67106,9436670.518,15:37:41:235,Trial019,FEDE Drte.avi,39,GreenYellow,98.0051,Eye,117,118,,,596.4635908729973,336.66063309792224,604.3479618763562,384.012095503044,-,-,0.0000,0.0000,0.0000,0.0000,0.0000,0.0000,-,-,-,-,-,-,-,-,-,-,-,-,-,-
67109,9436730.288,15:37:41:295,Trial019,FEDE Drte.avi,39,GreenYellow,98.0051,Eye,118,119,,,603.0677483337232,371.65568435105297,594.6238165856794,353.79643241203246,-,-,0.0000,0.0000,0.0000,0.0000,0.0000,0.0000,-,-,-,-,-,-,-,-,-,-,-,-,-,-
67112,9436789.924,15:37:41:355,Trial019,FEDE Drte.avi,39,GreenYellow,98.0051,Eye,118,119,,,603.9178708605353,365.2872621730791,593.1597154454488,422.68822009865465,-,-,0.0000,0.0000,0.0000,0.0000,0.0000,0.0000,-,-,-,-,-,-,-,-,-,-,-,-,-,-
67115,9436849.534,15:37:41:414,Trial019,FEDE Drte.avi,39,GreenYellow,98.0051,Eye,118,119,,,605.1501992619163,450.12841798512375,594.9624447750792,419.13814269201487,-,-,0.0000,0.0000,0.0000,0.0000,0.0000,0.0000,-,-,-,-,-,-,-,-,-,-,-,-,-,-
67118,9436909.298,15:37:41:474,Trial019,FEDE Drte.avi,39,GreenYellow,98.0051,Eye,118,119,,,600.198857144232,428.88899220404016,599.1181823893625,325.7719220315903,-,-,0.0000,0.0000,0.0000,0.0000,0.0000,0.0000,-,-,-,-,-,-,-,-,-,-,-,-,-,-
67121,9436968.906,15:37:41:534,Trial019,FEDE Drte.avi,39,GreenYellow,98.0051,Eye,118,119,,,602.3280870888866,406.06043104729014,604.087656524565,395.8060763432502,-,-,0.0000,0.0000,0.0000,0.0000,0.0000,0.0000,-,-,-,-,-,-,-,-,-,-,-,-,-,-
67124,9437028.653,15:37:41:593,Trial019,FEDE Drte.avi,39,GreenYellow,98.0051,Eye,119,122,,,602.0558337905842,424.64632749585746,612.4293329597025,428.5115927654265,-,-,0.0000,0.0000,0.0000,0.0000,0.0000,0.0000,-,-,-,-,-,-,-,-,-,-,-,-,-,-
67127,9437088.26,15:37:41:653,Trial019,FEDE Drte.avi,39,GreenYellow,98.0051,Eye,119,120,,,602.4580085126427,390.2892414220779,614.1434840496574,412.472017235719,-,-,0.0000,0.0000,0.0000,0.0000,0.0000,0.0000,-,-,-,-,-,-,-,-,-,-,-,-,-,-
67130,9437147.907,15:37:41:713,Trial019,FEDE Drte.avi,39,GreenYellow,98.0051,Eye,119,120,,,598.2622200124999,365.0147489854387,613.4378646561673,413.2316113285019,-,-,0.0000,0.0000,0.0000,0.0000,0.0000,0.0000,-,-,-,-,-,-,-,-,-,-,-,-,-,-
67133,9437207.653,15:37:41:772,Trial019,FEDE Drte.avi,39,GreenYellow,98.0051,Eye,119,120,,,593.6992753560882,325.02220948957427,604.2374905991943,395.23868524061714,-,-,0.0000,0.0000,0.0000,0.0000,0.0000,0.0000,-,-,-,-,-,-,-,-,-,-,-,-,-,-
67136,9437267.263,15:37:41:832,Trial019,FEDE Drte.avi,39,GreenYellow,98.0051,Eye,120,121,,,592.5585138766195,390.7798055177655,596.5063777302571,391.4024525924277,-,-,0.0000,0.0000,0.0000,0.0000,0.0000,0.0000,-,-,-,-,-,-,-,-,-,-,-,-,-,-
67139,9437326.876,15:37:41:892,Trial019,FEDE Drte.avi,39,GreenYellow,98.0051,Eye,120,121,,,592.8811776636421,452.48954363018544,597.6185368649716,375.49608547381587,-,-,0.0000,0.0000,0.0000,0.0000,0.0000,0.0000,-,-,-,-,-,-,-,-,-,-,-,-,-,-
67142,9437386.633,15:37:41:951,Trial019,FEDE Drte.avi,39,GreenYellow,98.0051,Eye,120,121,,,589.2863200519654,395.1986830306238,594.7065403130734,388.2234193039866,-,-,0.0000,0.0000,0.0000,0.0000,0.0000,0.0000,-,-,-,-,-,-,-,-,-,-,-,-,-,-
67145,9437446.267,15:37:42:011,Trial019,FEDE Drte.avi,39,GreenYellow,98.0051,Eye,120,121,,,585.8997739819606,376.7082829043268,588.2425441039238,386.8100678386175,-,-,0.0000,0.0000,0.0000,0.0000,0.0000,0.0000,-,-,-,-,-,-,-,-,-,-,-,-,-,-
67148,9437505.889,15:37:42:071,Trial019,FEDE Drte.avi,39,GreenYellow,98.0051,Eye,121,124,,,589.8210919875494,503.4695692597852,591.0706016618285,469.85836964055926,-,-,0.0000,0.0000,0.0000,0.0000,0.0000,0.0000,-,-,-,-,-,-,-,-,-,-,-,-,-,-
67151,9437565.649,15:37:42:130,Trial019,FEDE Drte.avi,39,GreenYellow,98.0051,Eye,121,122,,,593.7048786239651,435.7189736994314,586.3682106038401,424.4708920791372,-,-,0.0000,0.0000,0.0000,0.0000,0.0000,0.0000,-,-,-,-,-,-,-,-,-,-,-,-,-,-
67154,9437625.251,15:37:42:190,Trial019,FEDE Drte.avi,39,GreenYellow,98.0051,Eye,121,122,,,580.3973949783333,372.65093453232527,591.0771527494434,362.0551344288717,-,-,0.0000,0.0000,0.0000,0.0000,0.0000,0.0000,-,-,-,-,-,-,-,-,-,-,-,-,-,-
67157,9437685.001,15:37:42:250,Trial019,FEDE Drte.avi,39,GreenYellow,98.0051,Eye,121,122,,,580.9342939835218,314.2617781562368,582.8128562207559,480.73342974381796,-,-,0.0000,0.0000,0.0000,0.0000,0.0000,0.0000,-,-,-,-,-,-,-,-,-,-,-,-,-,-
67160,9437744.631,15:37:42:309,Trial019,FEDE Drte.avi,39,GreenYellow,98.0051,Eye,122,123,,,580.3757465877884,411.2804328926254,578.374816652717,389.93214568134493,-,-,0.0000,0.0000,0.0000,0.0000,0.0000,0.0000,-,-,-,-,-,-,-,-,-,-,-,-,-,-
67163,9437804.248,15:37:42:369,Trial019,FEDE Drte.avi,39,GreenYellow,98.0051,Eye,122,123,,,576.9679688207975,437.1399964494934,576.6384410937019,469.95120176145605,-,-,0.0000,0.0000,0.0000,0.0000,0.0000,0.0000,-,-,-,-,-,-,-,-,-,-,-,-,-,-
67166,9437864.024,15:37:42:429,Trial019,FEDE Drte.avi,39,GreenYellow,98.0051,Eye,122,123,,,586.8901276429362,406.7633036071486,582.5692520653095,386.01608476424036,-,-,0.0000,0.0000,0.0000,0.0000,0.0000,0.0000,-,-,-,-,-,-,-,-,-,-,-,-,-,-
67169,9437923.625,15:37:42:488,Trial019,FEDE Drte.avi,39,GreenYellow,98.0051,Eye,122,123,,,587.7728293329836,431.2436447377809,579.8701097259404,368.93254556188003,-,-,0.0000,0.0000,0.0000,0.0000,0.0000,0.0000,-,-,-,-,-,-,-,-,-,-,-,-,-,-
67172,9437983.376,15:37:42:548,Trial019,FEDE Drte.avi,39,GreenYellow,98.0051,Eye,123,126,,,588.8102865728875,475.98955290388,575.9037765669881,421.3380731413599,-,-,0.0000,0.0000,0.0000,0.0000,0.0000,0.0000,-,-,-,-,-,-,-,-,-,-,-,-,-,-
67175,9438042.994,15:37:42:608,Trial019,FEDE Drte.avi,39,GreenYellow,98.0051,Eye,123,124,,,590.7542656261913,420.4101914752273,580.5552355815724,400.845804829185,-,-,0.0000,0.0000,0.0000,0.0000,0.0000,0.0000,-,-,-,-,-,-,-,-,-,-,-,-,-,-
67178,9438102.624,15:37:42:667,Trial019,FEDE Drte.avi,39,GreenYellow,98.0051,Eye,123,127,,,590.0479091713786,425.305648791986,582.7348602383674,365.2184213001624,-,-,0.0000,0.0000,0.0000,0.0000,0.0000,0.0000,-,-,-,-,-,-,-,-,-,-,-,-,-,-
67181,9438162.244,15:37:42:727,Trial019,FEDE Drte.avi,39,GreenYellow,98.0051,Eye,4,6,,,506.4545821372135,403.7458104431323,500.9697954374551,329.99370339866596,-,-,0.0000,0.0000,0.0000,0.0000,0.0000,0.0000,-,-,-,-,-,-,-,-,-,-,-,-,-,-
67184,9438221.997,15:37:42:787,Trial019,FEDE Drte.avi,39,GreenYellow,98.0051,Eye,4,6,,,529.7121539547825,448.7529360397085,524.0900582728788,463.0990445442242,-,-,0.0000,0.0000,0.0000,0.0000,0.0000,0.0000,-,-,-,-,-,-,-,-,-,-,-,-,-,-
67187,9438281.609,15:37:42:846,Trial019,FEDE Drte.avi,39,GreenYellow,98.0051,Eye,5,6,,,461.2027295388482,277.68602579335317,456.98615777742043,363.71571425407853,-,-,0.0000,0.0000,0.0000,0.0000,0.0000,0.0000,-,-,-,-,-,-,-,-,-,-,-,-,-,-
67190,9438341.368,15:37:42:906,Trial019,FEDE Drte.avi,39,GreenYellow,98.0051,Eye,124,128,,,498.60718796676304,442.82490805189997,492.6514568366912,282.1153302447336,-,-,0.0000,0.0000,0.0000,0.0000,0.0000,0.0000,-,-,-,-,-,-,-,-,-,-,-,-,-,-
67193,9438400.985,15:37:42:966,Trial019,FEDE Drte.avi,39,GreenYellow,98.0051,Eye,124,125,,,515.9493471312568,289.12522439730213,517.9590694892506,369.84812817469304,-,-,0.0000,0.0000,0.0000,0.0000,0.0000,0.0000,-,-,-,-,-,-,-,-,-,-,-,-,-,-
67196,9438460.622,15:37:43:025,Trial019,FEDE Drte.avi,39,GreenYellow,98.0051,Eye,124,125,,,543.3406658874119,438.0023125599082,535.7291930504618,370.49718746432325,-,-,0.0000,0.0000,0.0000,0.0000,0.0000,0.0000,-,-,-,-,-,-,-,-,-,-,-,-,-,-
67199,9438520.362,15:37:43:085,Trial019,FEDE Drte.avi,39,GreenYellow,98.0051,Eye,124,125,,,550.3728966343733,382.79800968799947,537.7181234677306,433.48399582025354,-,-,0.0000,0.0000,0.0000,0.0000,0.0000,0.0000,-,-,-,-,-,-,-,-,-,-,-,-,-,-
67202,9438579.984,15:37:43:145,Trial019,FEDE Drte.avi,39,GreenYellow,98.0051,Eye,124,125,,,559.8441328791138,417.8338461227864,550.2949948254198,471.31944493417205,-,-,0.0000,0.0000,0.0000,0.0000,0.0000,0.0000,-,-,-,-,-,-,-,-,-,-,-,-,-,-
67205,9438639.732,15:37:43:204,Trial019,FEDE Drte.avi,39,GreenYellow,98.0051,Eye,124,125,,,564.9228225259809,422.3456038566363,557.7223572532816,529.9167538848092,-,-,0.0000,0.0000,0.0000,0.0000,0.0000,0.0000,-,-,-,-,-,-,-,-,-,-,-,-,-,-
67208,9438699.401,15:37:43:264,Trial019,FEDE Drte.avi,39,GreenYellow,98.0051,Eye,124,125,,,569.5684542938611,370.2134800715115,561.2368613324034,363.97714486042094,-,-,0.0000,0.0000,0.0000,0.0000,0.0000,0.0000,-,-,-,-,-,-,-,-,-,-,-,-,-,-
67211,9438758.977,15:37:43:324,Trial019,FEDE Drte.avi,39,GreenYellow,98.0051,Eye,125,129,,,575.0398066357201,376.9287466806187,569.4073560455232,344.1792207992863,-,-,0.0000,0.0000,0.0000,0.0000,0.0000,0.0000,-,-,-,-,-,-,-,-,-,-,-,-,-,-
67214,9438818.742,15:37:43:383,Trial019,FEDE Drte.avi,39,GreenYellow,98.0051,Eye,125,126,,,578.9325709178185,437.48741333213013,585.9535107249264,446.25148585803487,-,-,0.0000,0.0000,0.0000,0.0000,0.0000,0.0000,-,-,-,-,-,-,-,-,-,-,-,-,-,-
67217,9438878.347,15:37:43:443,Trial019,FEDE Drte.avi,39,GreenYellow,98.0051,Eye,125,126,,,587.0943281174638,372.68647895892656,591.9206325253277,450.4981714625188,-,-,0.0000,0.0000,0.0000,0.0000,0.0000,0.0000,-,-,-,-,-,-,-,-,-,-,-,-,-,-
67220,9438937.989,15:37:43:503,Trial019,FEDE Drte.avi,39,GreenYellow,98.0051,Eye,126,127,,,596.4720256683506,286.4312071178906,600.4729062260426,264.36642033028187,-,-,0.0000,0.0000,0.0000,0.0000,0.0000,0.0000,-,-,-,-,-,-,-,-,-,-,-,-,-,-
67223,9438997.73,15:37:43:562,Trial019,FEDE Drte.avi,39,GreenYellow,98.0051,Eye,126,127,,,604.2416708744604,398.6739719682712,612.061469500832,292.000936435208,-,-,0.0000,0.0000,0.0000,0.0000,0.0000,0.0000,-,-,-,-,-,-,-,-,-,-,-,-,-,-
67226,9439057.362,15:37:43:622,Trial019,FEDE Drte.avi,39,GreenYellow,98.0051,Eye,126,127,,,611.0963992662911,430.4675002186426,615.1580517671032,374.9803537550765,-,-,0.0000,0.0000,0.0000,0.0000,0.0000,0.0000,-,-,-,-,-,-,-,-,-,-,-,-,-,-
67229,9439117.107,15:37:43:682,Trial019,FEDE Drte.avi,39,GreenYellow,98.0051,Eye,126,127,,,603.0720302083658,337.25120834906625,616.4692908211271,421.372410779313,-,-,0.0000,0.0000,0.0000,0.0000,0.0000,0.0000,-,-,-,-,-,-,-,-,-,-,-,-,-,-
67232,9439176.814,15:37:43:741,Trial019,FEDE Drte.avi,39,GreenYellow,98.0051,Eye,126,127,,,615.1585002554165,397.747580593431,620.3592789488266,190.14741511020782,-,-,0.0000,0.0000,0.0000,0.0000,0.0000,0.0000,-,-,-,-,-,-,-,-,-,-,-,-,-,-
67235,9439236.354,15:37:43:801,Trial019,FEDE Drte.avi,39,GreenYellow,98.0051,Eye,126,127,,,615.3581510421891,427.0271628829598,626.1254474633417,388.60043443903874,-,-,0.0000,0.0000,0.0000,0.0000,0.0000,0.0000,-,-,-,-,-,-,-,-,-,-,-,-,-,-
67238,9439296.11,15:37:43:861,Trial019,FEDE Drte.avi,39,GreenYellow,98.0051,Eye,127,131,,,623.8477016026989,308.05060616445553,632.531239041575,377.8581829492615,-,-,0.0000,0.0000,0.0000,0.0000,0.0000,0.0000,-,-,-,-,-,-,-,-,-,-,-,-,-,-
67241,9439355.726,15:37:43:920,Trial019,FEDE Drte.avi,39,GreenYellow,98.0051,Eye,127,128,,,627.8406227358187,467.50088725622544,639.5903009469816,371.3838878529264,-,-,0.0000,0.0000,0.0000,0.0000,0.0000,0.0000,-,-,-,-,-,-,-,-,-,-,-,-,-,-
67244,9439415.457,15:37:43:980,Trial019,FEDE Drte.avi,39,GreenYellow,98.0051,Eye,127,128,,,627.3712493591661,429.87183155088104,637.8568114922485,421.4132539262661,-,-,0.0000,0.0000,0.0000,0.0000,0.0000,0.0000,-,-,-,-,-,-,-,-,-,-,-,-,-,-
67247,9439475.097,15:37:44:040,Trial019,FEDE Drte.avi,39,GreenYellow,98.0051,Eye,127,128,,,621.9528540260353,424.46161429260155,630.4000746359048,487.32295346426986,-,-,0.0000,0.0000,0.0000,0.0000,0.0000,0.0000,-,-,-,-,-,-,-,-,-,-,-,-,-,-
67250,9439534.809,15:37:44:099,Trial019,FEDE Drte.avi,39,GreenYellow,98.0051,Eye,127,128,,,615.7431095399667,397.1345326096943,630.3324010631117,339.1489532185345,-,-,0.0000,0.0000,0.0000,0.0000,0.0000,0.0000,-,-,-,-,-,-,-,-,-,-,-,-,-,-
67253,9439594.475,15:37:44:159,Trial019,FEDE Drte.avi,39,GreenYellow,98.0051,Eye,127,128,,,619.1373056081175,433.2017068905169,622.7398506371255,405.70904145786653,-,-,0.0000,0.0000,0.0000,0.0000,0.0000,0.0000,-,-,-,-,-,-,-,-,-,-,-,-,-,-
67256,9439654.171,15:37:44:219,Trial019,FEDE Drte.avi,39,GreenYellow,98.0051,Eye,127,128,,,617.1618495045184,357.6297955833487,619.5795760899728,346.4068159197832,-,-,0.0000,0.0000,0.0000,0.0000,0.0000,0.0000,-,-,-,-,-,-,-,-,-,-,-,-,-,-
67259,9439713.724,15:37:44:278,Trial019,FEDE Drte.avi,39,GreenYellow,98.0051,Eye,127,128,,,618.0434891559569,423.16620367002764,617.6838014709016,354.82549101712823,-,-,0.0000,0.0000,0.0000,0.0000,0.0000,0.0000,-,-,-,-,-,-,-,-,-,-,-,-,-,-
67262,9439773.534,15:37:44:338,Trial019,FEDE Drte.avi,39,GreenYellow,98.0051,Eye,128,129,,,624.4255831328095,452.242877910708,617.9903929559065,260.2008792239752,-,-,0.0000,0.0000,0.0000,0.0000,0.0000,0.0000,-,-,-,-,-,-,-,-,-,-,-,-,-,-
67265,9439833.095,15:37:44:398,Trial019,FEDE Drte.avi,39,GreenYellow,98.0051,Eye,128,129,,,639.0882091415372,373.73061589312,626.5625543194249,348.74746806597784,-,-,0.0000,0.0000,0.0000,0.0000,0.0000,0.0000,-,-,-,-,-,-,-,-,-,-,-,-,-,-
67268,9439892.886,15:37:44:458,Trial019,FEDE Drte.avi,39,GreenYellow,98.0051,Eye,128,129,,,640.3773369271909,296.4623022500296,631.782489724263,336.672120594238,-,-,0.0000,0.0000,0.0000,0.0000,0.0000,0.0000,-,-,-,-,-,-,-,-,-,-,-,-,-,-
67271,9439952.475,15:37:44:517,Trial019,FEDE Drte.avi,39,GreenYellow,98.0051,Eye,128,129,,,645.8581619447203,396.34353284881496,638.2978052207311,420.0955444783731,-,-,0.0000,0.0000,0.0000,0.0000,0.0000,0.0000,-,-,-,-,-,-,-,-,-,-,-,-,-,-
67274,9440012.105,15:37:44:577,Trial019,FEDE Drte.avi,39,GreenYellow,98.0051,Eye,128,129,,,645.0869155522535,359.6634848077417,644.7387114868295,340.60472424306437,-,-,0.0000,0.0000,0.0000,0.0000,0.0000,0.0000,-,-,-,-,-,-,-,-,-,-,-,-,-,-
67277,9440071.842,15:37:44:636,Trial019,FEDE Drte.avi,39,GreenYellow,98.0051,Eye,128,129,,,638.8370489911622,428.78906733562394,637.4439775753187,455.2519795916102,-,-,0.0000,0.0000,0.0000,0.0000,0.0000,0.0000,-,-,-,-,-,-,-,-,-,-,-,-,-,-
67280,9440131.514,15:37:44:696,Trial019,FEDE Drte.avi,39,GreenYellow,98.0051,Eye,128,129,,,636.8114363940288,353.07013102034244,640.3692214489555,420.0735504558778,-,-,0.0000,0.0000,0.0000,0.0000,0.0000,0.0000,-,-,-,-,-,-,-,-,-,-,-,-,-,-
67283,9440191.091,15:37:44:756,Trial019,FEDE Drte.avi,39,GreenYellow,98.0051,Eye,128,129,,,636.8402741220945,454.36572490119914,641.1115250701338,361.2030249771556,-,-,0.0000,0.0000,0.0000,0.0000,0.0000,0.0000,-,-,-,-,-,-,-,-,-,-,-,-,-,-
67286,9440250.842,15:37:44:815,Trial019,FEDE Drte.avi,39,GreenYellow,98.0051,Eye,129,133,,,642.5404950782865,362.0454346989719,644.5645137289738,392.61563569811085,-,-,0.0000,0.0000,0.0000,0.0000,0.0000,0.0000,-,-,-,-,-,-,-,-,-,-,-,-,-,-
67289,9440310.52,15:37:44:875,Trial019,FEDE Drte.avi,39,GreenYellow,98.0051,Eye,129,130,,,640.4096736090871,352.73532159609124,651.5921755821915,355.21501322560044,-,-,0.0000,0.0000,0.0000,0.0000,0.0000,0.0000,-,-,-,-,-,-,-,-,-,-,-,-,-,-
67292,9440370.227,15:37:44:935,Trial019,FEDE Drte.avi,39,GreenYellow,98.0051,Eye,129,130,,,636.1672475240613,392.76388971217636,648.861055666481,342.6049949583206,-,-,0.0000,0.0000,0.0000,0.0000,0.0000,0.0000,-,-,-,-,-,-,-,-,-,-,-,-,-,-
67295,9440429.858,15:37:44:994,Trial019,FEDE Drte.avi,39,GreenYellow,98.0051,Eye,129,130,,,640.0392608705698,410.96703980178756,651.1871820836784,471.5313602773831,-,-,0.0000,0.0000,0.0000,0.0000,0.0000,0.0000,-,-,-,-,-,-,-,-,-,-,-,-,-,-
67298,9440489.478,15:37:45:054,Trial019,FEDE Drte.avi,39,GreenYellow,98.0051,Eye,129,130,,,646.0660577268696,485.3605659835232,645.8143355452821,358.9838955656373,-,-,0.0000,0.0000,0.0000,0.0000,0.0000,0.0000,-,-,-,-,-,-,-,-,-,-,-,-,-,-
67301,9440549.276,15:37:45:114,Trial019,FEDE Drte.avi,39,GreenYellow,98.0051,Eye,129,130,,,640.9680987339493,382.3973292206456,648.4739241602903,442.0654833915286,-,-,0.0000,0.0000,0.0000,0.0000,0.0000,0.0000,-,-,-,-,-,-,-,-,-,-,-,-,-,-
67304,9440608.85,15:37:45:173,Trial019,FEDE Drte.avi,39,GreenYellow,98.0051,Eye,129,130,,,646.3831431744613,370.94191558518855,650.7493076005808,268.7661998737691,-,-,0.0000,0.0000,0.0000,0.0000,0.0000,0.0000,-,-,-,-,-,-,-,-,-,-,-,-,-,-
67307,9440668.588,15:37:45:233,Trial019,FEDE Drte.avi,39,GreenYellow,98.0051,Eye,130,131,,,647.8919891754554,431.6177436264658,656.5208877514361,309.58340695378087,-,-,0.0000,0.0000,0.0000,0.0000,0.0000,0.0000,-,-,-,-,-,-,-,-,-,-,-,-,-,-
67310,9440728.219,15:37:45:293,Trial019,FEDE Drte.avi,39,GreenYellow,98.0051,Eye,130,131,,,648.2978655056598,372.37364215919155,652.1873627659495,450.2052354830936,-,-,0.0000,0.0000,0.0000,0.0000,0.0000,0.0000,-,-,-,-,-,-,-,-,-,-,-,-,-,-
67313,9440787.855,15:37:45:352,Trial019,FEDE Drte.avi,39,GreenYellow,98.0051,Eye,131,135,,,646.308871615986,405.8886131376565,652.1659971948678,347.00040091625857,-,-,0.0000,0.0000,0.0000,0.0000,0.0000,0.0000,-,-,-,-,-,-,-,-,-,-,-,-,-,-
67316,9440847.591,15:37:45:412,Trial019,FEDE Drte.avi,39,GreenYellow,98.0051,Eye,131,132,,,640.9579838027859,385.16418950422263,649.3311351276545,466.40722046270014,-,-,0.0000,0.0000,0.0000,0.0000,0.0000,0.0000,-,-,-,-,-,-,-,-,-,-,-,-,-,-
67319,9440907.246,15:37:45:472,Trial019,FEDE Drte.avi,39,GreenYellow,98.0051,Eye,131,132,,,639.7769788893203,333.65078335399227,642.6778624874418,530.8769262809733,-,-,0.0000,0.0000,0.0000,0.0000,0.0000,0.0000,-,-,-,-,-,-,-,-,-,-,-,-,-,-
67322,9440966.825,15:37:45:531,Trial019,FEDE Drte.avi,39,GreenYellow,98.0051,Eye,131,132,,,633.5738196944427,372.73405326816095,635.3305662797802,425.0125776346294,-,-,0.0000,0.0000,0.0000,0.0000,0.0000,0.0000,-,-,-,-,-,-,-,-,-,-,-,-,-,-
67325,9441026.585,15:37:45:591,Trial019,FEDE Drte.avi,39,GreenYellow,98.0051,Eye,131,132,,,641.2010826506836,424.13465250785936,638.7109036261353,390.2989710895622,-,-,0.0000,0.0000,0.0000,0.0000,0.0000,0.0000,-,-,-,-,-,-,-,-,-,-,-,-,-,-
67328,9441086.188,15:37:45:651,Trial019,FEDE Drte.avi,39,GreenYellow,98.0051,Eye,131,132,,,646.5213505342086,376.63260907703165,629.0112197951664,308.9334168866727,-,-,0.0000,0.0000,0.0000,0.0000,0.0000,0.0000,-,-,-,-,-,-,-,-,-,-,-,-,-,-
67331,9441145.975,15:37:45:711,Trial019,FEDE Drte.avi,39,GreenYellow,98.0051,Eye,131,132,,,642.6927637683339,395.5853473931196,632.2869658721286,389.1778568882833,-,-,0.0000,0.0000,0.0000,0.0000,0.0000,0.0000,-,-,-,-,-,-,-,-,-,-,-,-,-,-
67334,9441205.563,15:37:45:770,Trial019,FEDE Drte.avi,39,GreenYellow,98.0051,Eye,131,132,,,651.0320108243391,397.33374231080967,635.4442948293213,430.1986395248995,-,-,0.0000,0.0000,0.0000,0.0000,0.0000,0.0000,-,-,-,-,-,-,-,-,-,-,-,-,-,-
67337,9441265.236,15:37:45:830,Trial019,FEDE Drte.avi,39,GreenYellow,98.0051,Eye,131,132,,,655.814683600342,357.13181443802165,635.6483021707775,385.4265114111034,-,-,0.0000,0.0000,0.0000,0.0000,0.0000,0.0000,-,-,-,-,-,-,-,-,-,-,-,-,-,-
67340,9441324.93,15:37:45:890,Trial019,FEDE Drte.avi,39,GreenYellow,98.0051,Eye,131,132,,,643.530023226429,411.82317812392404,649.4346257355269,502.1747582469467,-,-,0.0000,0.0000,0.0000,0.0000,0.0000,0.0000,-,-,-,-,-,-,-,-,-,-,-,-,-,-
67343,9441384.562,15:37:45:949,Trial019,FEDE Drte.avi,39,GreenYellow,98.0051,Eye,131,132,,,642.5121215285053,369.2622078978571,642.7710677936922,437.6832740381005,-,-,0.0000,0.0000,0.0000,0.0000,0.0000,0.0000,-,-,-,-,-,-,-,-,-,-,-,-,-,-
67346,9441444.188,15:37:46:009,Trial019,FEDE Drte.avi,39,GreenYellow,98.0051,Eye,131,132,,,638.0405197069132,388.4062011446854,646.3241850130551,339.7754643403771,-,-,0.0000,0.0000,0.0000,0.0000,0.0000,0.0000,-,-,-,-,-,-,-,-,-,-,-,-,-,-
67349,9441503.943,15:37:46:069,Trial019,FEDE Drte.avi,39,GreenYellow,98.0051,Eye,131,132,,,644.1482573394212,401.0718777751778,648.8283254990349,386.95180945682256,-,-,0.0000,0.0000,0.0000,0.0000,0.0000,0.0000,-,-,-,-,-,-,-,-,-,-,-,-,-,-
67352,9441563.556,15:37:46:128,Trial019,FEDE Drte.avi,39,GreenYellow,98.0051,Eye,132,133,,,642.732720748475,333.9643313882049,647.1121881668389,406.3883762196271,-,-,0.0000,0.0000,0.0000,0.0000,0.0000,0.0000,-,-,-,-,-,-,-,-,-,-,-,-,-,-
67355,9441623.313,15:37:46:188,Trial019,FEDE Drte.avi,39,GreenYellow,98.0051,Eye,132,133,,,649.204062126344,381.35138233541966,646.7316292116408,386.86149598340967,-,-,0.0000,0.0000,0.0000,0.0000,0.0000,0.0000,-,-,-,-,-,-,-,-,-,-,-,-,-,-
67358,9441682.932,15:37:46:248,Trial019,FEDE Drte.avi,39,GreenYellow,98.0051,Eye,132,133,,,652.4404928201767,370.16410206234303,656.9193310479222,432.97548882684964,-,-,0.0000,0.0000,0.0000,0.0000,0.0000,0.0000,-,-,-,-,-,-,-,-,-,-,-,-,-,-
67361,9441742.562,15:37:46:307,Trial019,FEDE Drte.avi,39,GreenYellow,98.0051,Eye,132,133,,,660.3224965441184,394.79888005890433,666.9787182125858,463.58659069334516,-,-,0.0000,0.0000,0.0000,0.0000,0.0000,0.0000,-,-,-,-,-,-,-,-,-,-,-,-,-,-
67364,9441802.306,15:37:46:367,Trial019,FEDE Drte.avi,39,GreenYellow,98.0051,Eye,132,133,,,660.2202393816873,452.35505433297453,665.8935610672937,348.9078280664738,-,-,0.0000,0.0000,0.0000,0.0000,0.0000,0.0000,-,-,-,-,-,-,-,-,-,-,-,-,-,-
67367,9441861.932,15:37:46:427,Trial019,FEDE Drte.avi,39,GreenYellow,98.0051,Eye,133,134,,,667.2910119082176,335.6049919217537,668.822459729926,429.32904631656373,-,-,0.0000,0.0000,0.0000,0.0000,0.0000,0.0000,-,-,-,-,-,-,-,-,-,-,-,-,-,-
67370,9441921.683,15:37:46:486,Trial019,FEDE Drte.avi,39,GreenYellow,98.0051,Eye,133,134,,,664.5546762715991,400.8485103217982,664.8089707916262,319.4010579662236,-,-,0.0000,0.0000,0.0000,0.0000,0.0000,0.0000,-,-,-,-,-,-,-,-,-,-,-,-,-,-
67373,9441981.312,15:37:46:546,Trial019,FEDE Drte.avi,39,GreenYellow,98.0051,Eye,133,134,,,657.8757853805181,402.15943439345943,667.5304188453423,357.8632469324525,-,-,0.0000,0.0000,0.0000,0.0000,0.0000,0.0000,-,-,-,-,-,-,-,-,-,-,-,-,-,-
67376,9442040.927,15:37:46:606,Trial019,FEDE Drte.avi,39,GreenYellow,98.0051,Eye,134,138,,,656.0657935072147,360.6225085201434,672.1600262037965,477.9009441816712,-,-,0.0000,0.0000,0.0000,0.0000,0.0000,0.0000,-,-,-,-,-,-,-,-,-,-,-,-,-,-
67379,9442100.671,15:37:46:665,Trial019,FEDE Drte.avi,39,GreenYellow,98.0051,Eye,134,135,,,642.8836403903624,388.6971333340665,650.9217663558443,407.5828179308298,-,-,0.0000,0.0000,0.0000,0.0000,0.0000,0.0000,-,-,-,-,-,-,-,-,-,-,-,-,-,-
67382,9442160.302,15:37:46:725,Trial019,FEDE Drte.avi,39,GreenYellow,98.0051,Eye,134,135,,,643.5903609763016,461.750290702098,636.4030552543056,445.49522294971223,-,-,0.0000,0.0000,0.0000,0.0000,0.0000,0.0000,-,-,-,-,-,-,-,-,-,-,-,-,-,-
67385,9442219.922,15:37:46:785,Trial019,FEDE Drte.avi,39,GreenYellow,98.0051,Eye,135,139,,,634.6018366634004,426.5773379763782,631.7873099480449,401.9861410320201,-,-,0.0000,0.0000,0.0000,0.0000,0.0000,0.0000,-,-,-,-,-,-,-,-,-,-,-,-,-,-
67388,9442279.667,15:37:46:844,Trial019,FEDE Drte.avi,39,GreenYellow,98.0051,Eye,135,136,,,630.6231542880522,430.9522813165222,629.7535909695938,519.8593207290779,-,-,0.0000,0.0000,0.0000,0.0000,0.0000,0.0000,-,-,-,-,-,-,-,-,-,-,-,-,-,-
67391,9442339.304,15:37:46:904,Trial019,FEDE Drte.avi,39,GreenYellow,98.0051,Eye,135,136,,,631.3247171773561,449.5816015685868,631.4303778007763,404.91251979029266,-,-,0.0000,0.0000,0.0000,0.0000,0.0000,0.0000,-,-,-,-,-,-,-,-,-,-,-,-,-,-
67394,9442399.046,15:37:46:964,Trial019,FEDE Drte.avi,39,GreenYellow,98.0051,Eye,136,140,,,630.0657809906877,457.437326186449,625.8568522735159,440.64075002389484,-,-,0.0000,0.0000,0.0000,0.0000,0.0000,0.0000,-,-,-,-,-,-,-,-,-,-,-,-,-,-
67397,9442458.668,15:37:47:023,Trial019,FEDE Drte.avi,39,GreenYellow,98.0051,Eye,136,140,,,633.0235782323215,405.07356901130925,623.3535416424478,418.5631730822418,-,-,0.0000,0.0000,0.0000,0.0000,0.0000,0.0000,-,-,-,-,-,-,-,-,-,-,-,-,-,-
67400,9442518.293,15:37:47:083,Trial019,FEDE Drte.avi,39,GreenYellow,98.0051,Eye,136,137,,,636.3966047373807,356.1320172683859,628.894260963684,459.4788593671103,-,-,0.0000,0.0000,0.0000,0.0000,0.0000,0.0000,-,-,-,-,-,-,-,-,-,-,-,-,-,-
67403,9442578.078,15:37:47:143,Trial019,FEDE Drte.avi,39,GreenYellow,98.0051,Eye,137,141,,,637.4718044413801,336.8614393695369,625.3434127056336,431.63102208709097,-,-,0.0000,0.0000,0.0000,0.0000,0.0000,0.0000,-,-,-,-,-,-,-,-,-,-,-,-,-,-
67406,9442637.668,15:37:47:202,Trial019,FEDE Drte.avi,39,GreenYellow,98.0051,Eye,137,138,,,644.9228123577453,417.3790910873828,619.9499480449488,344.58135560734644,-,-,0.0000,0.0000,0.0000,0.0000,0.0000,0.0000,-,-,-,-,-,-,-,-,-,-,-,-,-,-
67409,9442697.327,15:37:47:262,Trial019,FEDE Drte.avi,39,GreenYellow,98.0051,Eye,137,138,,,636.3410346751509,432.3171148979962,622.7510719706542,331.5088908191796,-,-,0.0000,0.0000,0.0000,0.0000,0.0000,0.0000,-,-,-,-,-,-,-,-,-,-,-,-,-,-
67412,9442757.039,15:37:47:322,Trial019,FEDE Drte.avi,39,GreenYellow,98.0051,Eye,138,142,,,636.1530129024735,363.6081357149158,623.7204523622438,415.2527347575714,-,-,0.0000,0.0000,0.0000,0.0000,0.0000,0.0000,-,-,-,-,-,-,-,-,-,-,-,-,-,-
67415,9442816.755,15:37:47:381,Trial019,FEDE Drte.avi,39,GreenYellow,98.0051,Eye,138,139,,,631.2082568042333,382.21607781460204,630.2651324327269,378.62560801138545,-,-,0.0000,0.0000,0.0000,0.0000,0.0000,0.0000,-,-,-,-,-,-,-,-,-,-,-,-,-,-
67418,9442876.413,15:37:47:441,Trial019,FEDE Drte.avi,39,GreenYellow,98.0051,Eye,138,139,,,629.9432207757454,300.16000697507866,636.174446425881,377.61344140981566,-,-,0.0000,0.0000,0.0000,0.0000,0.0000,0.0000,-,-,-,-,-,-,-,-,-,-,-,-,-,-
67421,9442936.077,15:37:47:501,Trial019,FEDE Drte.avi,39,GreenYellow,98.0051,Eye,139,143,,,633.4130970331081,298.00898378879936,634.6964346027393,368.289733182564,-,-,0.0000,0.0000,0.0000,0.0000,0.0000,0.0000,-,-,-,-,-,-,-,-,-,-,-,-,-,-
67424,9442995.792,15:37:47:560,Trial019,FEDE Drte.avi,39,GreenYellow,98.0051,Eye,139,140,,,631.46729222996,401.4207156390704,636.8008980119314,383.80185333954034,-,-,0.0000,0.0000,0.0000,0.0000,0.0000,0.0000,-,-,-,-,-,-,-,-,-,-,-,-,-,-
67427,9443055.445,15:37:47:620,Trial019,FEDE Drte.avi,39,GreenYellow,98.0051,Eye,139,140,,,634.1255325149498,386.9790541633625,639.460592713782,364.5294512415697,-,-,0.0000,0.0000,0.0000,0.0000,0.0000,0.0000,-,-,-,-,-,-,-,-,-,-,-,-,-,-
67430,9443115.039,15:37:47:680,Trial019,FEDE Drte.avi,39,GreenYellow,98.0051,Eye,6,7,,,539.7452209470307,337.14562519652037,543.7465160961549,295.2854356806829,-,-,0.0000,0.0000,0.0000,0.0000,0.0000,0.0000,-,-,-,-,-,-,-,-,-,-,-,-,-,-
67433,9443174.87,15:37:47:739,Trial019,FEDE Drte.avi,39,GreenYellow,98.0051,Eye,6,7,,,519.4541217164323,370.66648958887777,508.39660012848503,372.3985100766174,-,-,0.0000,0.0000,0.0000,0.0000,0.0000,0.0000,-,-,-,-,-,-,-,-,-,-,-,-,-,-
67436,9443234.411,15:37:47:799,Trial019,FEDE Drte.avi,39,GreenYellow,98.0051,Eye,140,144,,,530.9520769383458,426.7578252953992,519.6598602844841,386.0602624718889,-,-,0.0000,0.0000,0.0000,0.0000,0.0000,0.0000,-,-,-,-,-,-,-,-,-,-,-,-,-,-
67439,9443294.069,15:37:47:859,Trial019,FEDE Drte.avi,39,GreenYellow,98.0051,Eye,140,144,,,460.1638590534699,385.0077615294723,451.69469656307365,375.8686913692106,-,-,0.0000,0.0000,0.0000,0.0000,0.0000,0.0000,-,-,-,-,-,-,-,-,-,-,-,-,-,-
67442,9443353.797,15:37:47:918,Trial019,FEDE Drte.avi,39,GreenYellow,98.0051,Eye,140,141,,,408.78288755453883,331.6012956877184,402.43101568674166,320.2469037578855,-,-,0.0000,0.0000,0.0000,0.0000,0.0000,0.0000,-,-,-,-,-,-,-,-,-,-,-,-,-,-
67445,9443413.473,15:37:47:978,Trial019,FEDE Drte.avi,39,GreenYellow,98.0051,Eye,140,141,,,370.30220823863436,287.1534715475712,365.5383043377864,419.0674458535654,-,-,0.0000,0.0000,0.0000,0.0000,0.0000,0.0000,-,-,-,-,-,-,-,-,-,-,-,-,-,-
67448,9443473.152,15:37:48:038,Trial019,FEDE Drte.avi,39,GreenYellow,98.0051,Eye,7,141,,,341.5563829946241,354.79555578851364,337.9834550689881,346.90911880061503,-,-,0.0000,0.0000,0.0000,0.0000,0.0000,0.0000,-,-,-,-,-,-,-,-,-,-,-,-,-,-
67451,9443818.401,15:37:48:383,Trial019,FEDE Drte.avi,39,GreenYellow,98.0051,Eye,141,145,,,415.8725224754012,292.9635501657319,406.0649812422312,336.3013601752878,-,-,0.0000,0.0000,0.0000,0.0000,0.0000,0.0000,-,-,-,-,-,-,-,-,-,-,-,-,-,-
67454,9443878.035,15:37:48:443,Trial019,FEDE Drte.avi,39,GreenYellow,98.0051,Eye,141,142,,,462.41380539085685,372.7693234260204,457.4421426936491,401.70162977967686,-,-,0.0000,0.0000,0.0000,0.0000,0.0000,0.0000,-,-,-,-,-,-,-,-,-,-,-,-,-,-
67457,9443937.641,15:37:48:502,Trial019,FEDE Drte.avi,39,GreenYellow,98.0051,Eye,142,146,,,502.23222129551925,314.3641248876447,498.357089671262,355.21884798342916,-,-,0.0000,0.0000,0.0000,0.0000,0.0000,0.0000,-,-,-,-,-,-,-,-,-,-,-,-,-,-
67460,9443997.272,15:37:48:562,Trial019,FEDE Drte.avi,39,GreenYellow,98.0051,Eye,142,146,,,523.5873005867979,404.6731451426616,531.5636631396774,316.93053808568243,-,-,0.0000,0.0000,0.0000,0.0000,0.0000,0.0000,-,-,-,-,-,-,-,-,-,-,-,-,-,-
67463,9444056.902,15:37:48:622,Trial019,FEDE Drte.avi,39,GreenYellow,98.0051,Eye,142,143,,,550.1468382681844,417.09693378054914,565.3139507612923,495.8421593566417,-,-,0.0000,0.0000,0.0000,0.0000,0.0000,0.0000,-,-,-,-,-,-,-,-,-,-,-,-,-,-
67466,9444116.648,15:37:48:681,Trial019,FEDE Drte.avi,39,GreenYellow,98.0051,Eye,142,143,,,577.1899627312381,393.1431657989982,590.165980630613,335.12435990032134,-,-,0.0000,0.0000,0.0000,0.0000,0.0000,0.0000,-,-,-,-,-,-,-,-,-,-,-,-,-,-
67469,9444176.264,15:37:48:741,Trial019,FEDE Drte.avi,39,GreenYellow,98.0051,Eye,143,144,,,596.6806160722082,352.5761861928776,611.7333242025013,426.44264255605054,-,-,0.0000,0.0000,0.0000,0.0000,0.0000,0.0000,-,-,-,-,-,-,-,-,-,-,-,-,-,-
67472,9444236.021,15:37:48:801,Trial019,FEDE Drte.avi,39,GreenYellow,98.0051,Eye,143,144,,,618.7815501477257,366.5903735127997,613.2042121029494,347.67879693535264,-,-,0.0000,0.0000,0.0000,0.0000,0.0000,0.0000,-,-,-,-,-,-,-,-,-,-,-,-,-,-
67475,9444295.651,15:37:48:860,Trial019,FEDE Drte.avi,39,GreenYellow,98.0051,Eye,144,148,,,629.0712156251985,303.9873117618918,615.2344618637019,372.1726735218173,-,-,0.0000,0.0000,0.0000,0.0000,0.0000,0.0000,-,-,-,-,-,-,-,-,-,-,-,-,-,-
67478,9444355.264,15:37:48:920,Trial019,FEDE Drte.avi,39,GreenYellow,98.0051,Eye,144,145,,,635.3768095242286,391.745775491658,627.6751745639338,361.41614039945864,-,-,0.0000,0.0000,0.0000,0.0000,0.0000,0.0000,-,-,-,-,-,-,-,-,-,-,-,-,-,-
67481,9444415.111,15:37:48:980,Trial019,FEDE Drte.avi,39,GreenYellow,98.0051,Eye,144,145,,,639.4727426582923,327.1672719905992,629.5014767039675,397.663697917696,-,-,0.0000,0.0000,0.0000,0.0000,0.0000,0.0000,-,-,-,-,-,-,-,-,-,-,-,-,-,-
67484,9444474.638,15:37:49:039,Trial019,FEDE Drte.avi,39,GreenYellow,98.0051,Eye,145,149,,,642.6005187293697,382.07907318276375,636.8191814400355,412.55040935753095,-,-,0.0000,0.0000,0.0000,0.0000,0.0000,0.0000,-,-,-,-,-,-,-,-,-,-,-,-,-,-
67487,9444534.445,15:37:49:099,Trial019,FEDE Drte.avi,39,GreenYellow,98.0051,Eye,145,149,,,645.9621521885795,301.63575333191744,649.9408011957308,434.4364691705342,-,-,0.0000,0.0000,0.0000,0.0000,0.0000,0.0000,-,-,-,-,-,-,-,-,-,-,-,-,-,-
67490,9444594.044,15:37:49:159,Trial019,FEDE Drte.avi,39,GreenYellow,98.0051,Eye,145,149,,,657.3516584008681,376.0465529236421,663.0639435630595,397.3999522713118,-,-,0.0000,0.0000,0.0000,0.0000,0.0000,0.0000,-,-,-,-,-,-,-,-,-,-,-,-,-,-
67493,9444653.696,15:37:49:218,Trial019,FEDE Drte.avi,39,GreenYellow,98.0051,Eye,145,149,,,658.9226595499111,355.8231734276262,662.1910292373906,430.60116954181376,-,-,0.0000,0.0000,0.0000,0.0000,0.0000,0.0000,-,-,-,-,-,-,-,-,-,-,-,-,-,-
67496,9444713.389,15:37:49:278,Trial019,FEDE Drte.avi,39,GreenYellow,98.0051,Eye,145,149,,,667.4404212209533,332.83431420417975,669.4362524232789,369.60878454539636,-,-,0.0000,0.0000,0.0000,0.0000,0.0000,0.0000,-,-,-,-,-,-,-,-,-,-,-,-,-,-
67499,9444773.066,15:37:49:338,Trial019,FEDE Drte.avi,39,GreenYellow,98.0051,Eye,145,146,,,658.0197285867156,356.16710234313985,664.6286467539122,319.52609797359156,-,-,0.0000,0.0000,0.0000,0.0000,0.0000,0.0000,-,-,-,-,-,-,-,-,-,-,-,-,-,-
67502,9444832.759,15:37:49:397,Trial019,FEDE Drte.avi,39,GreenYellow,98.0051,Eye,145,146,,,653.8556630980614,366.02174470942293,653.4396221252371,339.82924410913677,-,-,0.0000,0.0000,0.0000,0.0000,0.0000,0.0000,-,-,-,-,-,-,-,-,-,-,-,-,-,-
67505,9444892.402,15:37:49:457,Trial019,FEDE Drte.avi,39,GreenYellow,98.0051,Eye,145,146,,,646.8842219751381,372.00789742364515,654.1546039024067,342.52659237936604,-,-,0.0000,0.0000,0.0000,0.0000,0.0000,0.0000,-,-,-,-,-,-,-,-,-,-,-,-,-,-
67508,9444952.001,15:37:49:517,Trial019,FEDE Drte.avi,39,GreenYellow,98.0051,Eye,146,147,,,645.2286547249269,312.11647099259426,658.8370863028971,429.48384624767016,-,-,0.0000,0.0000,0.0000,0.0000,0.0000,0.0000,-,-,-,-,-,-,-,-,-,-,-,-,-,-
67511,9445011.763,15:37:49:576,Trial019,FEDE Drte.avi,39,GreenYellow,98.0051,Eye,146,147,,,639.5973469687333,458.5317930167601,656.7301417450907,353.45362133362846,-,-,0.0000,0.0000,0.0000,0.0000,0.0000,0.0000,-,-,-,-,-,-,-,-,-,-,-,-,-,-
67514,9445071.379,15:37:49:636,Trial019,FEDE Drte.avi,39,GreenYellow,98.0051,Eye,146,147,,,639.0820463224997,348.18849078407186,653.8528744601934,432.5868770559716,-,-,0.0000,0.0000,0.0000,0.0000,0.0000,0.0000,-,-,-,-,-,-,-,-,-,-,-,-,-,-
67517,9445131.135,15:37:49:696,Trial019,FEDE Drte.avi,39,GreenYellow,98.0051,Eye,147,151,,,629.3849526493151,490.16699277218424,649.0288585929555,410.1201817631931,-,-,0.0000,0.0000,0.0000,0.0000,0.0000,0.0000,-,-,-,-,-,-,-,-,-,-,-,-,-,-
67520,9445190.755,15:37:49:755,Trial019,FEDE Drte.avi,39,GreenYellow,98.0051,Eye,147,148,,,636.2488593012606,306.6175062725982,642.5036299352264,400.5227229805714,-,-,0.0000,0.0000,0.0000,0.0000,0.0000,0.0000,-,-,-,-,-,-,-,-,-,-,-,-,-,-
67523,9445250.388,15:37:49:815,Trial019,FEDE Drte.avi,39,GreenYellow,98.0051,Eye,147,148,,,642.6237483435834,322.6725934406915,631.5720095906167,424.25234086762083,-,-,0.0000,0.0000,0.0000,0.0000,0.0000,0.0000,-,-,-,-,-,-,-,-,-,-,-,-,-,-
67526,9445310.012,15:37:49:875,Trial019,FEDE Drte.avi,39,GreenYellow,98.0051,Eye,147,148,,,643.198687462882,375.1679453003121,638.3012446793288,312.5882870077436,-,-,0.0000,0.0000,0.0000,0.0000,0.0000,0.0000,-,-,-,-,-,-,-,-,-,-,-,-,-,-
67529,9445369.744,15:37:49:934,Trial019,FEDE Drte.avi,39,GreenYellow,98.0051,Eye,147,148,,,647.7268828174779,371.6382103253905,641.7700111796793,487.4669270137814,-,-,0.0000,0.0000,0.0000,0.0000,0.0000,0.0000,-,-,-,-,-,-,-,-,-,-,-,-,-,-
67532,9445429.374,15:37:49:994,Trial019,FEDE Drte.avi,39,GreenYellow,98.0051,Eye,147,148,,,646.0907399361582,316.70988334271874,645.8862521514144,362.54650394302416,-,-,0.0000,0.0000,0.0000,0.0000,0.0000,0.0000,-,-,-,-,-,-,-,-,-,-,-,-,-,-
67535,9445488.998,15:37:50:054,Trial019,FEDE Drte.avi,39,GreenYellow,98.0051,Eye,147,148,,,647.6304374792164,451.6919436462916,650.6925738587886,439.30488448651096,-,-,0.0000,0.0000,0.0000,0.0000,0.0000,0.0000,-,-,-,-,-,-,-,-,-,-,-,-,-,-
67538,9445548.82,15:37:50:113,Trial019,FEDE Drte.avi,39,GreenYellow,98.0051,Eye,148,152,,,647.8556326874561,394.81791578122153,656.6280790808146,460.99000207229494,-,-,0.0000,0.0000,0.0000,0.0000,0.0000,0.0000,-,-,-,-,-,-,-,-,-,-,-,-,-,-
67541,9445608.382,15:37:50:173,Trial019,FEDE Drte.avi,39,GreenYellow,98.0051,Eye,148,152,,,654.4388073195491,388.84822382013175,658.9904035477136,374.57745115648316,-,-,0.0000,0.0000,0.0000,0.0000,0.0000,0.0000,-,-,-,-,-,-,-,-,-,-,-,-,-,-
67544,9445668.111,15:37:50:233,Trial019,FEDE Drte.avi,39,GreenYellow,98.0051,Eye,148,149,,,653.9406308698173,384.4215982736425,656.3348406527156,391.75039343465494,-,-,0.0000,0.0000,0.0000,0.0000,0.0000,0.0000,-,-,-,-,-,-,-,-,-,-,-,-,-,-
67547,9445727.758,15:37:50:292,Trial019,FEDE Drte.avi,39,GreenYellow,98.0051,Eye,148,149,,,646.3800998424089,439.71467832573865,656.321100718641,406.27102426655915,-,-,0.0000,0.0000,0.0000,0.0000,0.0000,0.0000,-,-,-,-,-,-,-,-,-,-,-,-,-,-
67550,9445787.4,15:37:50:352,Trial019,FEDE Drte.avi,39,GreenYellow,98.0051,Eye,148,149,,,638.0133647817275,401.53937266634745,655.1944258859105,400.7836659509797,-,-,0.0000,0.0000,0.0000,0.0000,0.0000,0.0000,-,-,-,-,-,-,-,-,-,-,-,-,-,-
67553,9445847.128,15:37:50:412,Trial019,FEDE Drte.avi,39,GreenYellow,98.0051,Eye,148,149,,,644.7971157546217,390.28165966950644,658.5510009367785,445.0146073277354,-,-,0.0000,0.0000,0.0000,0.0000,0.0000,0.0000,-,-,-,-,-,-,-,-,-,-,-,-,-,-
67556,9445906.729,15:37:50:471,Trial019,FEDE Drte.avi,39,GreenYellow,98.0051,Eye,148,149,,,651.9588114038767,426.0213749493287,662.2106546472203,388.9127586074924,-,-,0.0000,0.0000,0.0000,0.0000,0.0000,0.0000,-,-,-,-,-,-,-,-,-,-,-,-,-,-
67559,9445966.496,15:37:50:531,Trial019,FEDE Drte.avi,39,GreenYellow,98.0051,Eye,149,153,,,644.0481986968224,409.1599305310667,656.4413967929119,416.33251277140334,-,-,0.0000,0.0000,0.0000,0.0000,0.0000,0.0000,-,-,-,-,-,-,-,-,-,-,-,-,-,-
67562,9446026.14,15:37:50:591,Trial019,FEDE Drte.avi,39,GreenYellow,98.0051,Eye,149,150,,,646.3827764215082,286.60126659378994,649.2505398855243,437.5815542077721,-,-,0.0000,0.0000,0.0000,0.0000,0.0000,0.0000,-,-,-,-,-,-,-,-,-,-,-,-,-,-
67565,9446085.74,15:37:50:650,Trial019,FEDE Drte.avi,39,GreenYellow,98.0051,Eye,149,150,,,647.5816177760739,429.8686613453252,650.5964592764893,350.11123866912646,-,-,0.0000,0.0000,0.0000,0.0000,0.0000,0.0000,-,-,-,-,-,-,-,-,-,-,-,-,-,-
67568,9446145.478,15:37:50:710,Trial019,FEDE Drte.avi,39,GreenYellow,98.0051,Eye,149,150,,,645.0454278400613,372.4497201633942,643.654612956427,328.64728783007564,-,-,0.0000,0.0000,0.0000,0.0000,0.0000,0.0000,-,-,-,-,-,-,-,-,-,-,-,-,-,-
67571,9446205.122,15:37:50:770,Trial019,FEDE Drte.avi,39,GreenYellow,98.0051,Eye,149,150,,,638.6339600268803,378.9566656551508,640.1233301958232,457.5941555943119,-,-,0.0000,0.0000,0.0000,0.0000,0.0000,0.0000,-,-,-,-,-,-,-,-,-,-,-,-,-,-
67574,9446264.758,15:37:50:829,Trial019,FEDE Drte.avi,39,GreenYellow,98.0051,Eye,149,150,,,633.1950881164164,359.50648778699053,642.0596699864659,264.92108848527084,-,-,0.0000,0.0000,0.0000,0.0000,0.0000,0.0000,-,-,-,-,-,-,-,-,-,-,-,-,-,-
67577,9446324.484,15:37:50:889,Trial019,FEDE Drte.avi,39,GreenYellow,98.0051,Eye,149,150,,,624.5261569762671,404.0754196852179,644.6521223424828,325.8782154978299,-,-,0.0000,0.0000,0.0000,0.0000,0.0000,0.0000,-,-,-,-,-,-,-,-,-,-,-,-,-,-
67580,9446384.103,15:37:50:949,Trial019,FEDE Drte.avi,39,GreenYellow,98.0051,Eye,149,150,,,628.9189051906825,291.37091883364553,639.3374037893612,362.63139574461303,-,-,0.0000,0.0000,0.0000,0.0000,0.0000,0.0000,-,-,-,-,-,-,-,-,-,-,-,-,-,-
67583,9446443.843,15:37:51:008,Trial019,FEDE Drte.avi,39,GreenYellow,98.0051,Eye,149,150,,,631.4213244756611,413.05415563336703,633.7783219477458,422.0537107282133,-,-,0.0000,0.0000,0.0000,0.0000,0.0000,0.0000,-,-,-,-,-,-,-,-,-,-,-,-,-,-
67586,9446503.471,15:37:51:068,Trial019,FEDE Drte.avi,39,GreenYellow,98.0051,Eye,150,151,,,633.2410916064565,388.9330183872231,631.6780189134671,374.36596685451343,-,-,0.0000,0.0000,0.0000,0.0000,0.0000,0.0000,-,-,-,-,-,-,-,-,-,-,-,-,-,-
67589,9446563.096,15:37:51:128,Trial019,FEDE Drte.avi,39,GreenYellow,98.0051,Eye,150,151,,,635.8742915099697,379.75039440317454,627.1905379725343,406.442731432122,-,-,0.0000,0.0000,0.0000,0.0000,0.0000,0.0000,-,-,-,-,-,-,-,-,-,-,-,-,-,-
67592,9446622.851,15:37:51:187,Trial019,FEDE Drte.avi,39,GreenYellow,98.0051,Eye,151,155,,,632.4130353922733,402.54839721556465,626.2384248653432,434.09282222460587,-,-,0.0000,0.0000,0.0000,0.0000,0.0000,0.0000,-,-,-,-,-,-,-,-,-,-,-,-,-,-
67595,9446682.471,15:37:51:247,Trial019,FEDE Drte.avi,39,GreenYellow,98.0051,Eye,151,155,,,639.0411811479569,452.30388009535693,634.86530647949,428.65451705013345,-,-,0.0000,0.0000,0.0000,0.0000,0.0000,0.0000,-,-,-,-,-,-,-,-,-,-,-,-,-,-
67598,9446742.087,15:37:51:307,Trial019,FEDE Drte.avi,39,GreenYellow,98.0051,Eye,151,155,,,639.2501977199981,362.2467143023273,635.8268376648005,373.4063128088933,-,-,0.0000,0.0000,0.0000,0.0000,0.0000,0.0000,-,-,-,-,-,-,-,-,-,-,-,-,-,-
9279,9447354.585,15:37:51:919,Trial020,Eye Tracking (ballon gauche).avi,39,GreenYellow,72.5269,Information,1,1,,,639.406960149029,465.79371578208446,636.5479860537833,391.7749900251628,-,-,-,-,-,-,-,-,-,-,-,-,-,-,-,eye tracking (ballon gauche).avi,-,-,-,-,-,-
9282,9447398.592,15:37:51:963,Trial020,Eye Tracking (ballon gauche).avi,39,GreenYellow,72.5269,Eye,1,1,,,642.813058811997,359.93134529987856,635.3835558323966,405.0552397102207,Visage,Visage,0.0000,0.0000,0.0000,0.0000,0.0000,0.0000,-,-,-,-,-,-,-,-,visage/yeux,Local,7,visage/yeux,Local,7
9285,9447463.341,15:37:52:028,Trial020,Eye Tracking (ballon gauche).avi,39,GreenYellow,72.5269,Eye,1,1,,,640.3441012078925,389.05785066863916,647.8548806283213,334.21089423647527,Visage,Visage,0.0000,0.0000,0.0000,0.0000,0.0000,0.0000,-,-,-,-,-,-,-,-,visage/yeux,Local,7,visage/yeux,Local,7
9288,9447519.828,15:37:52:084,Trial020,Eye Tracking (ballon gauche).avi,39,GreenYellow,72.5269,Eye,1,1,,,641.2935097999888,358.9339630437386,650.1911964592853,362.9317573012384,Visage,Visage,0.0000,0.0000,0.0000,0.0000,0.0000,0.0000,-,-,-,-,-,-,-,-,visage/yeux,Local,7,visage/yeux,Local,7
9291,9447591.196,15:37:52:156,Trial020,Eye Tracking (ballon gauche).avi,39,GreenYellow,72.5269,Eye,1,1,,,645.8291647168256,307.8651023281982,641.2807224366882,370.6637401678588,Visage,Visage,0.0000,0.0000,0.0000,0.0000,0.0000,0.0000,-,-,-,-,-,-,-,-,visage/yeux,Local,7,visage/yeux,Local,7
9294,9447659.62,15:37:52:224,Trial020,Eye Tracking (ballon gauche).avi,39,GreenYellow,72.5269,Eye,2,2,,,639.920305977502,364.3417748758691,644.4291870779033,349.41296508742244,-,-,0.0000,0.0000,0.0000,0.0000,0.0000,0.0000,-,-,-,-,-,-,-,-,-,-,-,-,-,-
9297,9447716.702,15:37:52:281,Trial020,Eye Tracking (ballon gauche).avi,39,GreenYellow,72.5269,Eye,2,2,,,645.8727532113863,395.49242697263,646.1897205674187,404.7974131727648,Visage,Visage,0.0000,0.0000,0.0000,0.0000,0.0000,0.0000,-,-,-,-,-,-,-,-,visage/yeux,Local,7,visage/yeux,Local,7
9300,9447850.782,15:37:52:415,Trial020,Eye Tracking (ballon gauche).avi,39,GreenYellow,72.5269,Eye,2,2,,,646.9739768691123,281.9546491924949,644.2720744691352,411.70780486142536,Visage,Visage,0.0000,0.0000,0.0000,0.0000,0.0000,0.0000,-,-,-,-,-,-,-,-,visage/yeux,Local,7,visage/yeux,Local,7
9303,9447926.966,15:37:52:491,Trial020,Eye Tracking (ballon gauche).avi,39,GreenYellow,72.5269,Eye,2,2,,,644.8893284899483,305.2981352717617,645.1708791007004,381.1727267358912,-,-,0.0000,0.0000,0.0000,0.0000,0.0000,0.0000,-,-,-,-,-,-,-,-,-,-,-,-,-,-
9306,9447975.327,15:37:52:540,Trial020,Eye Tracking (ballon gauche).avi,39,GreenYellow,72.5269,Eye,2,2,,,643.8099701202714,343.4926639503657,648.8474078821095,444.7213554619843,-,-,0.0000,0.0000,0.0000,0.0000,0.0000,0.0000,-,-,-,-,-,-,-,-,-,-,-,-,-,-
9309,9448037.515,15:37:52:602,Trial020,Eye Tracking (ballon gauche).avi,39,GreenYellow,72.5269,Eye,2,2,,,643.482911234432,458.64316881984377,649.374691900111,367.0564588928645,-,-,0.0000,0.0000,0.0000,0.0000,0.0000,0.0000,-,-,-,-,-,-,-,-,-,-,-,-,-,-
9312,9448094.704,15:37:52:659,Trial020,Eye Tracking (ballon gauche).avi,39,GreenYellow,72.5269,Eye,2,2,,,644.2092299811677,393.0821763774718,649.5116729623837,396.24106800017637,-,-,0.0000,0.0000,0.0000,0.0000,0.0000,0.0000,-,-,-,-,-,-,-,-,-,-,-,-,-,-
9315,9448154.314,15:37:52:719,Trial020,Eye Tracking (ballon gauche).avi,39,GreenYellow,72.5269,Eye,-,2,,,645.8172955835385,385.52527026097727,647.305232471597,390.5232709536446,Visage,Visage,0.0000,0.0000,0.0000,0.0000,0.0000,0.0000,-,-,-,-,-,-,-,-,visage/yeux,Local,7,visage/yeux,Local,7
9318,9448214.079,15:37:52:778,Trial020,Eye Tracking (ballon gauche).avi,39,GreenYellow,72.5269,Eye,-,2,,,649.4102272872366,381.80478026739513,645.6974057114985,413.87811631470265,Visage,Visage,0.0000,0.0000,0.0000,0.0000,0.0000,0.0000,-,-,-,-,-,-,-,-,visage/yeux,Local,7,visage/yeux,Local,7
9321,9448273.699,15:37:52:838,Trial020,Eye Tracking (ballon gauche).avi,39,GreenYellow,72.5269,Eye,-,2,,,645.929472539414,315.6586325788012,644.1031922801645,316.41958246805575,Visage,Visage,0.0000,0.0000,0.0000,0.0000,0.0000,0.0000,-,-,-,-,-,-,-,-,visage/yeux,Local,7,visage/yeux,Local,7
9324,9448333.329,15:37:52:898,Trial020,Eye Tracking (ballon gauche).avi,39,GreenYellow,72.5269,Eye,-,2,,,653.773549547935,406.89227868255267,643.0778057674108,425.52941261982215,-,-,0.0000,0.0000,0.0000,0.0000,0.0000,0.0000,-,-,-,-,-,-,-,-,-,-,-,-,-,-
9327,9448393.053,15:37:52:957,Trial020,Eye Tracking (ballon gauche).avi,39,GreenYellow,72.5269,Eye,1,1,,,554.345818592046,360.00251763422773,546.324010756653,364.6313269740884,-,-,0.0000,0.0000,0.0000,0.0000,0.0000,0.0000,-,-,-,-,-,-,-,-,-,-,-,-,-,-
9330,9448452.701,15:37:53:017,Trial020,Eye Tracking (ballon gauche).avi,39,GreenYellow,72.5269,Eye,2,1,,,577.2129708016384,316.6151589162323,583.6190344864817,422.73243136932945,-,-,0.0000,0.0000,0.0000,0.0000,0.0000,0.0000,-,-,-,-,-,-,-,-,-,-,-,-,-,-
9333,9448513.087,15:37:53:078,Trial020,Eye Tracking (ballon gauche).avi,39,GreenYellow,72.5269,Eye,3,3,,,590.7345842017371,389.5317129268633,604.4706996753121,318.68581319105425,Visage,Visage,0.0000,0.0000,0.0000,0.0000,0.0000,0.0000,-,-,-,-,-,-,-,-,visage/yeux,Local,7,visage/yeux,Local,7
9336,9448575.615,15:37:53:140,Trial020,Eye Tracking (ballon gauche).avi,39,GreenYellow,72.5269,Eye,3,3,,,609.2571155787286,356.1185796382008,619.1424052704696,401.0534894301551,Visage,Visage,0.0000,0.0000,0.0000,0.0000,0.0000,0.0000,-,-,-,-,-,-,-,-,visage/yeux,Local,7,visage/yeux,Local,7
9339,9448651.58,15:37:53:216,Trial020,Eye Tracking (ballon gauche).avi,39,GreenYellow,72.5269,Eye,3,3,,,618.5768650410579,396.41822708911303,624.5226848560283,385.2759884991689,Visage,Visage,0.0000,0.0000,0.0000,0.0000,0.0000,0.0000,-,-,-,-,-,-,-,-,visage/yeux,Local,7,visage/yeux,Local,7
9342,9448716.266,15:37:53:281,Trial020,Eye Tracking (ballon gauche).avi,39,GreenYellow,72.5269,Eye,3,3,,,620.7746631897468,391.29541308819415,636.2692539479867,373.69243860601364,Visage,Visage,0.0000,0.0000,0.0000,0.0000,0.0000,0.0000,-,-,-,-,-,-,-,-,visage/yeux,Local,7,visage/yeux,Local,7
9345,9448810.687,15:37:53:375,Trial020,Eye Tracking (ballon gauche).avi,39,GreenYellow,72.5269,Eye,4,4,,,632.2600372440324,419.83192785191824,635.6978721221474,406.7591971564053,Visage,Visage,0.0000,0.0000,0.0000,0.0000,0.0000,0.0000,-,-,-,-,-,-,-,-,visage/yeux,Local,7,visage/yeux,Local,7
9348,9448890.32,15:37:53:455,Trial020,Eye Tracking (ballon gauche).avi,39,GreenYellow,72.5269,Eye,4,4,,,636.2867112753671,366.4838437054675,647.1272848541998,373.35900036783886,Visage,Visage,0.0000,0.0000,0.0000,0.0000,0.0000,0.0000,-,-,-,-,-,-,-,-,visage/yeux,Local,7,visage/yeux,Local,7
9351,9448949.94,15:37:53:514,Trial020,Eye Tracking (ballon gauche).avi,39,GreenYellow,72.5269,Eye,4,4,,,642.252648506894,318.8846486419253,638.9827305028242,424.59170762800505,Visage,Visage,0.0000,0.0000,0.0000,0.0000,0.0000,0.0000,-,-,-,-,-,-,-,-,visage/yeux,Local,7,visage/yeux,Local,7
9354,9449009.68,15:37:53:574,Trial020,Eye Tracking (ballon gauche).avi,39,GreenYellow,72.5269,Eye,4,4,,,650.8145474040718,404.04898811057467,641.5477116602005,306.7189184483368,-,-,0.0000,0.0000,0.0000,0.0000,0.0000,0.0000,-,-,-,-,-,-,-,-,-,-,-,-,-,-
9357,9449069.31,15:37:53:634,Trial020,Eye Tracking (ballon gauche).avi,39,GreenYellow,72.5269,Eye,4,4,,,653.0400397287036,479.4243496423203,641.5465217977207,342.2395369379951,Visage,Visage,0.0000,0.0000,0.0000,0.0000,0.0000,0.0000,-,-,-,-,-,-,-,-,visage/yeux,Local,7,visage/yeux,Local,7
9360,9449128.94,15:37:53:693,Trial020,Eye Tracking (ballon gauche).avi,39,GreenYellow,72.5269,Eye,5,5,,,656.2525833648183,406.04403653452084,638.6061041445183,377.3629295568044,-,-,0.0000,0.0000,0.0000,0.0000,0.0000,0.0000,-,-,-,-,-,-,-,-,-,-,-,-,-,-
9363,9449188.677,15:37:53:753,Trial020,Eye Tracking (ballon gauche).avi,39,GreenYellow,72.5269,Eye,5,5,,,657.7893956895543,395.2506249578003,642.662742077707,476.4840305287658,-,-,0.0000,0.0000,0.0000,0.0000,0.0000,0.0000,-,-,-,-,-,-,-,-,-,-,-,-,-,-
9366,9449248.314,15:37:53:813,Trial020,Eye Tracking (ballon gauche).avi,39,GreenYellow,72.5269,Eye,5,5,,,653.998840109195,264.17606235895073,647.4082028171066,397.6579031341831,Visage,Visage,0.0000,0.0000,0.0000,0.0000,0.0000,0.0000,-,-,-,-,-,-,-,-,visage/yeux,Local,7,visage/yeux,Local,7
9369,9449308.047,15:37:53:872,Trial020,Eye Tracking (ballon gauche).avi,39,GreenYellow,72.5269,Eye,6,6,,,656.9106435764139,353.5234337896019,650.7524434483796,342.87561421757346,Visage,Visage,0.0000,0.0000,0.0000,0.0000,0.0000,0.0000,-,-,-,-,-,-,-,-,visage/yeux,Local,7,visage/yeux,Local,7
9372,9449367.684,15:37:53:932,Trial020,Eye Tracking (ballon gauche).avi,39,GreenYellow,72.5269,Eye,6,6,,,657.8744331879728,389.01452556183483,645.2065114731497,418.340417779733,Visage,Visage,0.0000,0.0000,0.0000,0.0000,0.0000,0.0000,-,-,-,-,-,-,-,-,visage/yeux,Local,7,visage/yeux,Local,7
9375,9449435.95,15:37:54:000,Trial020,Eye Tracking (ballon gauche).avi,39,GreenYellow,72.5269,Eye,6,6,,,658.2016490246393,431.86148919962255,640.7819175639765,342.0046896819813,Visage,Visage,0.0000,0.0000,0.0000,0.0000,0.0000,0.0000,-,-,-,-,-,-,-,-,visage/yeux,Local,7,visage/yeux,Local,7
9378,9449487.047,15:37:54:051,Trial020,Eye Tracking (ballon gauche).avi,39,GreenYellow,72.5269,Eye,6,6,,,662.2695735931569,380.0537828075315,635.5161293589067,373.9905100652447,Visage,Visage,0.0000,0.0000,0.0000,0.0000,0.0000,0.0000,-,-,-,-,-,-,-,-,visage/yeux,Local,7,visage/yeux,Local,7
9381,9449546.674,15:37:54:111,Trial020,Eye Tracking (ballon gauche).avi,39,GreenYellow,72.5269,Eye,6,6,,,654.3161348762585,415.86050657230794,634.0915313885729,459.0577177176403,Visage,Visage,0.0000,0.0000,0.0000,0.0000,0.0000,0.0000,-,-,-,-,-,-,-,-,visage/yeux,Local,7,visage/yeux,Local,7
9384,9449606.312,15:37:54:171,Trial020,Eye Tracking (ballon gauche).avi,39,GreenYellow,72.5269,Eye,6,6,,,647.7499947685214,342.2333613480048,633.0727407842045,336.8014238251386,Visage,Visage,0.0000,0.0000,0.0000,0.0000,0.0000,0.0000,-,-,-,-,-,-,-,-,visage/yeux,Local,7,visage/yeux,Local,7
9387,9449666.052,15:37:54:230,Trial020,Eye Tracking (ballon gauche).avi,39,GreenYellow,72.5269,Eye,6,6,,,646.0970392752363,318.43503851293696,639.913413229347,364.48167892692925,Visage,Visage,0.0000,0.0000,0.0000,0.0000,0.0000,0.0000,-,-,-,-,-,-,-,-,visage/yeux,Local,7,visage/yeux,Local,7
9390,9449752.338,15:37:54:317,Trial020,Eye Tracking (ballon gauche).avi,39,GreenYellow,72.5269,Eye,7,7,,,641.7175700061524,393.63633271153753,649.7366272670976,440.56981566507335,-,-,0.0000,0.0000,0.0000,0.0000,0.0000,0.0000,-,-,-,-,-,-,-,-,-,-,-,-,-,-
9393,9449805.308,15:37:54:370,Trial020,Eye Tracking (ballon gauche).avi,39,GreenYellow,72.5269,Eye,7,7,,,641.5058133879091,315.55506315357457,649.1816031935135,397.9171416156838,Visage,Visage,0.0000,0.0000,0.0000,0.0000,0.0000,0.0000,-,-,-,-,-,-,-,-,visage/yeux,Local,7,visage/yeux,Local,7
9396,9449864.984,15:37:54:429,Trial020,Eye Tracking (ballon gauche).avi,39,GreenYellow,72.5269,Eye,7,7,,,641.9689283801414,374.178461286407,637.2169854768347,490.28211288117507,-,-,0.0000,0.0000,0.0000,0.0000,0.0000,0.0000,-,-,-,-,-,-,-,-,-,-,-,-,-,-
9399,9449924.569,15:37:54:489,Trial020,Eye Tracking (ballon gauche).avi,39,GreenYellow,72.5269,Eye,7,7,,,653.8679358654443,342.787773833939,635.471281098412,370.4822232325759,-,-,0.0000,0.0000,0.0000,0.0000,0.0000,0.0000,-,-,-,-,-,-,-,-,-,-,-,-,-,-
9402,9449984.338,15:37:54:549,Trial020,Eye Tracking (ballon gauche).avi,39,GreenYellow,72.5269,Eye,7,7,,,657.4379646621524,387.57388119020646,642.967255887608,436.3484605065101,-,-,0.0000,0.0000,0.0000,0.0000,0.0000,0.0000,-,-,-,-,-,-,-,-,-,-,-,-,-,-
9405,9450043.923,15:37:54:608,Trial020,Eye Tracking (ballon gauche).avi,39,GreenYellow,72.5269,Eye,7,7,,,647.1238403552354,342.5383305390925,644.6934091988278,424.2974891394761,-,-,0.0000,0.0000,0.0000,0.0000,0.0000,0.0000,-,-,-,-,-,-,-,-,-,-,-,-,-,-
9408,9450112.743,15:37:54:677,Trial020,Eye Tracking (ballon gauche).avi,39,GreenYellow,72.5269,Eye,7,7,,,637.9989901881172,418.870643474874,654.4692776547602,438.3244076279335,-,-,0.0000,0.0000,0.0000,0.0000,0.0000,0.0000,-,-,-,-,-,-,-,-,-,-,-,-,-,-
9411,9450163.301,15:37:54:728,Trial020,Eye Tracking (ballon gauche).avi,39,GreenYellow,72.5269,Eye,7,7,,,642.3097988379975,364.9207475877125,652.7563880392886,348.7901886576309,-,-,0.0000,0.0000,0.0000,0.0000,0.0000,0.0000,-,-,-,-,-,-,-,-,-,-,-,-,-,-
9414,9450223.114,15:37:54:788,Trial020,Eye Tracking (ballon gauche).avi,39,GreenYellow,72.5269,Eye,7,7,,,643.5842645559499,339.06220523558204,657.8196883989986,328.810899918195,Visage,Visage,0.0000,0.0000,0.0000,0.0000,0.0000,0.0000,-,-,-,-,-,-,-,-,visage/yeux,Local,7,visage/yeux,Local,7
9417,9450309.992,15:37:54:874,Trial020,Eye Tracking (ballon gauche).avi,39,GreenYellow,72.5269,Eye,8,8,,,645.1368083427683,367.6656145750223,651.0643268088244,380.48098161185703,Visage,Visage,0.0000,0.0000,0.0000,0.0000,0.0000,0.0000,-,-,-,-,-,-,-,-,visage/yeux,Local,7,visage/yeux,Local,7
9420,9450362.18,15:37:54:927,Trial020,Eye Tracking (ballon gauche).avi,39,GreenYellow,72.5269,Eye,8,8,,,642.9617008590916,311.15695971584046,648.6478477258541,366.572928760944,Visage,Visage,0.0000,0.0000,0.0000,0.0000,0.0000,0.0000,-,-,-,-,-,-,-,-,visage/yeux,Local,7,visage/yeux,Local,7
9423,9450432.043,15:37:54:996,Trial020,Eye Tracking (ballon gauche).avi,39,GreenYellow,72.5269,Eye,8,8,,,642.0104724225155,384.7496941971072,653.7487822933857,407.5805382502444,-,-,0.0000,0.0000,0.0000,0.0000,0.0000,0.0000,-,-,-,-,-,-,-,-,-,-,-,-,-,-
9426,9450481.541,15:37:55:046,Trial020,Eye Tracking (ballon gauche).avi,39,GreenYellow,72.5269,Eye,9,9,,,640.8172988074975,406.6595418333139,649.3705314159077,305.4870407234299,Visage,Visage,0.0000,0.0000,0.0000,0.0000,0.0000,0.0000,-,-,-,-,-,-,-,-,visage/yeux,Local,7,visage/yeux,Local,7
9429,9450541.307,15:37:55:106,Trial020,Eye Tracking (ballon gauche).avi,39,GreenYellow,72.5269,Eye,9,9,,,644.441179370404,376.122703681619,648.589776844465,400.17266452562956,-,-,0.0000,0.0000,0.0000,0.0000,0.0000,0.0000,-,-,-,-,-,-,-,-,-,-,-,-,-,-
9432,9450600.905,15:37:55:165,Trial020,Eye Tracking (ballon gauche).avi,39,GreenYellow,72.5269,Eye,9,9,,,641.5933551943432,418.8826470935679,647.8810218406417,361.1662358396675,-,-,0.0000,0.0000,0.0000,0.0000,0.0000,0.0000,-,-,-,-,-,-,-,-,-,-,-,-,-,-
9435,9450660.556,15:37:55:225,Trial020,Eye Tracking (ballon gauche).avi,39,GreenYellow,72.5269,Eye,10,10,,,646.0605866856147,359.6526485673089,647.155199614682,333.64695723087885,-,-,0.0000,0.0000,0.0000,0.0000,0.0000,0.0000,-,-,-,-,-,-,-,-,-,-,-,-,-,-
9438,9450774.627,15:37:55:339,Trial020,Eye Tracking (ballon gauche).avi,39,GreenYellow,72.5269,Eye,10,10,,,647.517563692557,319.4817888524475,646.8527403293419,448.0137821441568,Visage,Visage,0.0000,0.0000,0.0000,0.0000,0.0000,0.0000,-,-,-,-,-,-,-,-,visage/yeux,Local,7,visage/yeux,Local,7
9441,9450855.677,15:37:55:420,Trial020,Eye Tracking (ballon gauche).avi,39,GreenYellow,72.5269,Eye,11,11,,,648.2585061060639,445.1561488577066,645.7708639633779,331.8487092598925,-,-,0.0000,0.0000,0.0000,0.0000,0.0000,0.0000,-,-,-,-,-,-,-,-,-,-,-,-,-,-
9444,9450899.296,15:37:55:464,Trial020,Eye Tracking (ballon gauche).avi,39,GreenYellow,72.5269,Eye,11,11,,,651.4391337606937,345.8539414853922,641.5220039847612,368.9259497637597,-,-,0.0000,0.0000,0.0000,0.0000,0.0000,0.0000,-,-,-,-,-,-,-,-,-,-,-,-,-,-
9447,9450958.89,15:37:55:523,Trial020,Eye Tracking (ballon gauche).avi,39,GreenYellow,72.5269,Eye,11,11,,,632.7193693756179,314.10930714043633,631.1861837407911,476.75244602936795,-,-,0.0000,0.0000,0.0000,0.0000,0.0000,0.0000,-,-,-,-,-,-,-,-,-,-,-,-,-,-
9450,9451018.659,15:37:55:583,Trial020,Eye Tracking (ballon gauche).avi,39,GreenYellow,72.5269,Eye,12,12,,,570.0100941715403,437.11248275888846,564.4465486956667,425.9252204495633,BallonVisible,BallonVisible,0.0000,0.0000,0.0000,0.0000,0.0000,0.0000,-,-,-,-,-,-,-,-,,Local,2,,Local,2
9453,9451078.275,15:37:55:643,Trial020,Eye Tracking (ballon gauche).avi,39,GreenYellow,72.5269,Eye,12,12,,,517.3335107487875,451.10782729689555,512.9604877564094,366.9087086952071,BallonVisible,BallonVisible,0.0000,0.0000,0.0000,0.0000,0.0000,0.0000,-,-,-,-,-,-,-,-,,Local,2,,Local,2
9456,9451157.759,15:37:55:722,Trial020,Eye Tracking (ballon gauche).avi,39,GreenYellow,72.5269,Eye,12,12,,,482.5157672058959,332.4687168505764,467.2877245784316,352.0018960735702,BallonVisible,BallonVisible,0.0000,0.0000,0.0000,0.0000,0.0000,0.0000,-,-,-,-,-,-,-,-,,Local,2,,Local,2
9459,9451217.553,15:37:55:782,Trial020,Eye Tracking (ballon gauche).avi,39,GreenYellow,72.5269,Eye,12,12,,,451.39249233412875,411.6623242325177,446.96840260468986,308.19237731162434,BallonVisible,BallonVisible,0.0000,0.0000,0.0000,0.0000,0.0000,0.0000,-,-,-,-,-,-,-,-,,Local,2,,Local,2
9462,9451278.635,15:37:55:843,Trial020,Eye Tracking (ballon gauche).avi,39,GreenYellow,72.5269,Eye,12,12,,,424.73293815735707,335.01257818904116,427.18056536872393,447.1871650022657,BallonVisible,BallonVisible,0.0000,0.0000,0.0000,0.0000,0.0000,0.0000,-,-,-,-,-,-,-,-,,Local,2,,Local,2
9465,9451336.892,15:37:55:901,Trial020,Eye Tracking (ballon gauche).avi,39,GreenYellow,72.5269,Eye,12,12,,,407.5570607384904,338.86155692075397,414.2327445405149,395.76020626592026,BallonVisible,BallonVisible,0.0000,0.0000,0.0000,0.0000,0.0000,0.0000,-,-,-,-,-,-,-,-,,Local,2,,Local,2
9468,9451408.506,15:37:55:973,Trial020,Eye Tracking (ballon gauche).avi,39,GreenYellow,72.5269,Eye,13,13,,,398.84002459901365,424.74450668600707,395.37103362339946,429.4155364949489,-,-,0.0000,0.0000,0.0000,0.0000,0.0000,0.0000,-,-,-,-,-,-,-,-,-,-,-,-,-,-
9471,9451479.812,15:37:56:044,Trial020,Eye Tracking (ballon gauche).avi,39,GreenYellow,72.5269,Eye,13,-,,,366.71640037658807,376.5188811787257,362.28978662794344,306.3052069850851,-,-,0.0000,0.0000,0.0000,0.0000,0.0000,0.0000,-,-,-,-,-,-,-,-,-,-,-,-,-,-
9474,9451535.774,15:37:56:100,Trial020,Eye Tracking (ballon gauche).avi,39,GreenYellow,72.5269,Eye,13,-,,,368.63792585994094,427.87017977680244,360.2555619669538,423.0933413393202,-,-,0.0000,0.0000,0.0000,0.0000,0.0000,0.0000,-,-,-,-,-,-,-,-,-,-,-,-,-,-
9477,9451595.988,15:37:56:160,Trial020,Eye Tracking (ballon gauche).avi,39,GreenYellow,72.5269,Eye,13,2,,,331.31041670607567,292.03853395632535,333.95618464251197,289.32404387860413,-,-,0.0000,0.0000,0.0000,0.0000,0.0000,0.0000,-,-,-,-,-,-,-,-,-,-,-,-,-,-
9480,9451694.889,15:37:56:259,Trial020,Eye Tracking (ballon gauche).avi,39,GreenYellow,72.5269,Eye,14,14,,,335.60307544103046,278.97545347984374,342.5111403632242,384.7526121205895,-,-,0.0000,0.0000,0.0000,0.0000,0.0000,0.0000,-,-,-,-,-,-,-,-,-,-,-,-,-,-
9483,9451774.405,15:37:56:339,Trial020,Eye Tracking (ballon gauche).avi,39,GreenYellow,72.5269,Eye,14,14,,,334.54117754920105,377.7638996882577,346.3633452765713,328.783753874049,-,-,0.0000,0.0000,0.0000,0.0000,0.0000,0.0000,-,-,-,-,-,-,-,-,-,-,-,-,-,-
9486,9451873.923,15:37:56:438,Trial020,Eye Tracking (ballon gauche).avi,39,GreenYellow,72.5269,Eye,14,13,,,368.79770502358133,395.4337758180206,371.96369486335203,460.7004551909489,-,-,0.0000,0.0000,0.0000,0.0000,0.0000,0.0000,-,-,-,-,-,-,-,-,-,-,-,-,-,-
9489,9451933.518,15:37:56:498,Trial020,Eye Tracking (ballon gauche).avi,39,GreenYellow,72.5269,Eye,14,13,,,406.7830482020579,401.83974076225064,420.4569522050673,497.8587341567253,-,-,0.0000,0.0000,0.0000,0.0000,0.0000,0.0000,-,-,-,-,-,-,-,-,-,-,-,-,-,-
9492,9451993.268,15:37:56:558,Trial020,Eye Tracking (ballon gauche).avi,39,GreenYellow,72.5269,Eye,14,13,,,483.6702420425439,276.593999083664,487.75008789798846,370.47325604556073,-,-,0.0000,0.0000,0.0000,0.0000,0.0000,0.0000,-,-,-,-,-,-,-,-,-,-,-,-,-,-
9495,9452052.896,15:37:56:617,Trial020,Eye Tracking (ballon gauche).avi,39,GreenYellow,72.5269,Eye,15,15,,,537.7148304060938,341.41181284026425,539.9879777391942,415.8859670256467,Visage,Visage,0.0000,0.0000,0.0000,0.0000,0.0000,0.0000,-,-,-,-,-,-,-,-,visage/yeux,Local,7,visage/yeux,Local,7
9498,9452112.509,15:37:56:677,Trial020,Eye Tracking (ballon gauche).avi,39,GreenYellow,72.5269,Eye,15,15,,,579.7232955909075,302.3192541097451,577.1926421049308,353.9705405642108,-,-,0.0000,0.0000,0.0000,0.0000,0.0000,0.0000,-,-,-,-,-,-,-,-,-,-,-,-,-,-
9501,9452172.25,15:37:56:737,Trial020,Eye Tracking (ballon gauche).avi,39,GreenYellow,72.5269,Eye,15,14,,,573.3198262678203,382.79904488693137,571.8788279220641,430.99036036770633,-,-,0.0000,0.0000,0.0000,0.0000,0.0000,0.0000,-,-,-,-,-,-,-,-,-,-,-,-,-,-
9504,9452231.887,15:37:56:796,Trial020,Eye Tracking (ballon gauche).avi,39,GreenYellow,72.5269,Eye,16,16,,,526.9523952558027,327.04319188697093,527.1555078606821,368.3903274040852,BallonVisible,BallonVisible,0.0000,0.0000,0.0000,0.0000,0.0000,0.0000,-,-,-,-,-,-,-,-,,Local,2,,Local,2
9507,9452291.514,15:37:56:856,Trial020,Eye Tracking (ballon gauche).avi,39,GreenYellow,72.5269,Eye,16,15,,,499.4384476203936,285.86354135073344,488.68710830410055,385.3291518073398,BallonVisible,BallonVisible,0.0000,0.0000,0.0000,0.0000,0.0000,0.0000,-,-,-,-,-,-,-,-,,Local,2,,Local,2
9510,9452371.134,15:37:56:936,Trial020,Eye Tracking (ballon gauche).avi,39,GreenYellow,72.5269,Eye,16,15,,,464.8182794219124,373.1135487600577,459.5291805144492,372.2284843982089,BallonVisible,BallonVisible,0.0000,0.0000,0.0000,0.0000,0.0000,0.0000,-,-,-,-,-,-,-,-,,Local,2,,Local,2
9513,9452450.634,15:37:57:015,Trial020,Eye Tracking (ballon gauche).avi,39,GreenYellow,72.5269,Eye,16,15,,,507.6298433895865,335.8377693982231,503.5052923405426,378.4218579289413,Visage,Visage,0.0000,0.0000,0.0000,0.0000,0.0000,0.0000,-,-,-,-,-,-,-,-,visage/yeux,Local,7,visage/yeux,Local,7
9516,9452530.264,15:37:57:095,Trial020,Eye Tracking (ballon gauche).avi,39,GreenYellow,72.5269,Eye,16,15,,,532.3687747193114,417.6089599654338,539.1375527567451,426.2224696591087,Visage,Visage,0.0000,0.0000,0.0000,0.0000,0.0000,0.0000,-,-,-,-,-,-,-,-,visage/yeux,Local,7,visage/yeux,Local,7
9519,9452589.88,15:37:57:154,Trial020,Eye Tracking (ballon gauche).avi,39,GreenYellow,72.5269,Eye,16,15,,,561.526283883784,393.8068732712283,565.0612253816862,364.2449881137824,Visage,Visage,0.0000,0.0000,0.0000,0.0000,0.0000,0.0000,-,-,-,-,-,-,-,-,visage/yeux,Local,7,visage/yeux,Local,7
9522,9452709.242,15:37:57:274,Trial020,Eye Tracking (ballon gauche).avi,39,GreenYellow,72.5269,Eye,16,15,,,522.224207879676,371.03746536802595,523.8945133591916,378.9796691096708,BallonVisible,BallonVisible,0.0000,0.0000,0.0000,0.0000,0.0000,0.0000,-,-,-,-,-,-,-,-,,Local,2,,Local,2
9525,9452788.865,15:37:57:353,Trial020,Eye Tracking (ballon gauche).avi,39,GreenYellow,72.5269,Eye,17,17,,,485.61710011436423,341.5110168847595,488.80201534730827,376.09052840901546,BallonVisible,BallonVisible,0.0000,0.0000,0.0000,0.0000,0.0000,0.0000,-,-,-,-,-,-,-,-,,Local,2,,Local,2
9528,9452948.0,15:37:57:512,Trial020,Eye Tracking (ballon gauche).avi,39,GreenYellow,72.5269,Eye,17,17,,,453.0757844386884,368.3610139548062,455.46557390217373,320.90856699674373,BallonVisible,BallonVisible,0.0000,0.0000,0.0000,0.0000,0.0000,0.0000,-,-,-,-,-,-,-,-,,Local,2,,Local,2
9531,9453027.495,15:37:57:592,Trial020,Eye Tracking (ballon gauche).avi,39,GreenYellow,72.5269,Eye,17,17,,,435.8544258408523,279.71497327098325,429.6032980863421,436.96562594844545,BallonVisible,BallonVisible,0.0000,0.0000,0.0000,0.0000,0.0000,0.0000,-,-,-,-,-,-,-,-,,Local,2,,Local,2
9534,9453127.004,15:37:57:691,Trial020,Eye Tracking (ballon gauche).avi,39,GreenYellow,72.5269,Eye,17,17,,,413.97804783031984,344.57514936076905,419.2245321544111,356.5111510995456,BallonVisible,BallonVisible,0.0000,0.0000,0.0000,0.0000,0.0000,0.0000,-,-,-,-,-,-,-,-,,Local,2,,Local,2
9537,9453186.624,15:37:57:751,Trial020,Eye Tracking (ballon gauche).avi,39,GreenYellow,72.5269,Eye,17,16,,,373.2457728640581,403.6394358355486,383.06480734364845,439.9193869931865,-,-,0.0000,0.0000,0.0000,0.0000,0.0000,0.0000,-,-,-,-,-,-,-,-,-,-,-,-,-,-
9540,9453305.988,15:37:57:870,Trial020,Eye Tracking (ballon gauche).avi,39,GreenYellow,72.5269,Eye,17,16,,,372.3981359654771,370.04968015866876,377.51732715517784,380.2406538740558,BallonVisible,BallonVisible,0.0000,0.0000,0.0000,0.0000,0.0000,0.0000,-,-,-,-,-,-,-,-,,Local,2,,Local,2
9543,9453405.528,15:37:57:970,Trial020,Eye Tracking (ballon gauche).avi,39,GreenYellow,72.5269,Eye,18,18,,,434.91901309870394,360.926834696628,431.1263131378059,332.91041343382017,Visage,Visage,0.0000,0.0000,0.0000,0.0000,0.0000,0.0000,-,-,-,-,-,-,-,-,visage/yeux,Local,7,visage/yeux,Local,7
9546,9453484.98,15:37:58:049,Trial020,Eye Tracking (ballon gauche).avi,39,GreenYellow,72.5269,Eye,18,18,,,476.58958442009725,359.3973052725816,469.1678409694074,460.5538657672163,Visage,Visage,0.0000,0.0000,0.0000,0.0000,0.0000,0.0000,-,-,-,-,-,-,-,-,visage/yeux,Local,7,visage/yeux,Local,7
9549,9453544.758,15:37:58:109,Trial020,Eye Tracking (ballon gauche).avi,39,GreenYellow,72.5269,Eye,18,17,,,510.30418637373,284.1327157841457,512.3245317654088,393.5081806416445,Visage,Visage,0.0000,0.0000,0.0000,0.0000,0.0000,0.0000,-,-,-,-,-,-,-,-,visage/yeux,Local,7,visage/yeux,Local,7
9552,9453604.375,15:37:58:169,Trial020,Eye Tracking (ballon gauche).avi,39,GreenYellow,72.5269,Eye,18,17,,,465.1773405612887,324.37674696115187,472.0299269515678,365.781885532811,BallonVisible,BallonVisible,0.0000,0.0000,0.0000,0.0000,0.0000,0.0000,-,-,-,-,-,-,-,-,,Local,2,,Local,2
9555,9453703.89,15:37:58:268,Trial020,Eye Tracking (ballon gauche).avi,39,GreenYellow,72.5269,Eye,18,17,,,435.1583097266174,363.2249389637376,439.9796840962361,352.01084414703365,BallonVisible,BallonVisible,0.0000,0.0000,0.0000,0.0000,0.0000,0.0000,-,-,-,-,-,-,-,-,,Local,2,,Local,2
9558,9453783.387,15:37:58:348,Trial020,Eye Tracking (ballon gauche).avi,39,GreenYellow,72.5269,Eye,19,19,,,408.950772881029,364.6202206439817,417.719353021299,370.5836062848404,BallonVisible,BallonVisible,0.0000,0.0000,0.0000,0.0000,0.0000,0.0000,-,-,-,-,-,-,-,-,,Local,2,,Local,2
9561,9453902.767,15:37:58:467,Trial020,Eye Tracking (ballon gauche).avi,39,GreenYellow,72.5269,Eye,19,19,,,391.46562686997515,386.4295667319859,399.9636444923449,403.56441171753545,BallonVisible,BallonVisible,0.0000,0.0000,0.0000,0.0000,0.0000,0.0000,-,-,-,-,-,-,-,-,,Local,2,,Local,2
9564,9453982.274,15:37:58:547,Trial020,Eye Tracking (ballon gauche).avi,39,GreenYellow,72.5269,Eye,19,19,,,375.6015645821976,341.31377232040313,386.8284139515562,398.87089815897355,BallonVisible,BallonVisible,0.0000,0.0000,0.0000,0.0000,0.0000,0.0000,-,-,-,-,-,-,-,-,,Local,2,,Local,2
9567,9454041.979,15:37:58:606,Trial020,Eye Tracking (ballon gauche).avi,39,GreenYellow,72.5269,Eye,19,19,,,378.0961448072741,399.5216060920937,376.5959517446778,360.24769031067797,BallonVisible,BallonVisible,0.0000,0.0000,0.0000,0.0000,0.0000,0.0000,-,-,-,-,-,-,-,-,,Local,2,,Local,2
9570,9454101.599,15:37:58:666,Trial020,Eye Tracking (ballon gauche).avi,39,GreenYellow,72.5269,Eye,19,18,,,376.93324212939194,376.80148249098136,369.4326855660354,269.5680622577771,BallonVisible,BallonVisible,0.0000,0.0000,0.0000,0.0000,0.0000,0.0000,-,-,-,-,-,-,-,-,,Local,2,,Local,2
9573,9454220.994,15:37:58:785,Trial020,Eye Tracking (ballon gauche).avi,39,GreenYellow,72.5269,Eye,20,20,,,367.9203280104562,346.60456433596715,369.0342092713875,311.6454341626155,BallonVisible,BallonVisible,0.0000,0.0000,0.0000,0.0000,0.0000,0.0000,-,-,-,-,-,-,-,-,,Local,2,,Local,2
9576,9454320.473,15:37:58:885,Trial020,Eye Tracking (ballon gauche).avi,39,GreenYellow,72.5269,Eye,20,20,,,361.5561129304988,400.40621815764854,370.2842726995558,396.2920509500084,BallonVisible,BallonVisible,0.0000,0.0000,0.0000,0.0000,0.0000,0.0000,-,-,-,-,-,-,-,-,,Local,2,,Local,2
9579,9454419.855,15:37:58:984,Trial020,Eye Tracking (ballon gauche).avi,39,GreenYellow,72.5269,Eye,20,20,,,374.06311587169773,368.5903039228417,373.8287884222673,371.2855352546987,BallonVisible,BallonVisible,0.0000,0.0000,0.0000,0.0000,0.0000,0.0000,-,-,-,-,-,-,-,-,,Local,2,,Local,2
9582,9454519.341,15:37:59:084,Trial020,Eye Tracking (ballon gauche).avi,39,GreenYellow,72.5269,Eye,20,20,,,375.366495405903,368.51250121871914,365.5285106050161,368.7112831066503,BallonVisible,BallonVisible,0.0000,0.0000,0.0000,0.0000,0.0000,0.0000,-,-,-,-,-,-,-,-,,Local,2,,Local,2
9585,9454578.959,15:37:59:143,Trial020,Eye Tracking (ballon gauche).avi,39,GreenYellow,72.5269,Eye,20,19,,,437.37384887499286,387.62707262108756,430.66487608271245,355.852612218684,Visage,Visage,0.0000,0.0000,0.0000,0.0000,0.0000,0.0000,-,-,-,-,-,-,-,-,visage/yeux,Local,7,visage/yeux,Local,7
9588,9454678.461,15:37:59:243,Trial020,Eye Tracking (ballon gauche).avi,39,GreenYellow,72.5269,Eye,21,21,,,489.9844763072507,323.11661727726505,465.44595752557075,311.94084716030756,Visage,Visage,0.0000,0.0000,0.0000,0.0000,0.0000,0.0000,-,-,-,-,-,-,-,-,visage/yeux,Local,7,visage/yeux,Local,7
9591,9454777.972,15:37:59:342,Trial020,Eye Tracking (ballon gauche).avi,39,GreenYellow,72.5269,Eye,21,21,,,520.5506720097097,313.6923266171641,494.940580449437,254.60660884233107,Visage,Visage,0.0000,0.0000,0.0000,0.0000,0.0000,0.0000,-,-,-,-,-,-,-,-,visage/yeux,Local,7,visage/yeux,Local,7
9594,9454857.478,15:37:59:422,Trial020,Eye Tracking (ballon gauche).avi,39,GreenYellow,72.5269,Eye,22,22,,,538.5522835847314,381.2693489246067,517.84419876541,335.0034641793068,Visage,Visage,0.0000,0.0000,0.0000,0.0000,0.0000,0.0000,-,-,-,-,-,-,-,-,visage/yeux,Local,7,visage/yeux,Local,7
9597,9454976.856,15:37:59:541,Trial020,Eye Tracking (ballon gauche).avi,39,GreenYellow,72.5269,Eye,22,22,,,562.456488323542,355.99731858178546,532.9702329010302,335.0528784448611,Visage,Visage,0.0000,0.0000,0.0000,0.0000,0.0000,0.0000,-,-,-,-,-,-,-,-,visage/yeux,Local,7,visage/yeux,Local,7
9600,9455056.337,15:37:59:621,Trial020,Eye Tracking (ballon gauche).avi,39,GreenYellow,72.5269,Eye,23,23,,,561.9639464922017,381.23176656351893,541.599428553865,443.2567140146197,Visage,Visage,0.0000,0.0000,0.0000,0.0000,0.0000,0.0000,-,-,-,-,-,-,-,-,visage/yeux,Local,7,visage/yeux,Local,7
9603,9455116.073,15:37:59:680,Trial020,Eye Tracking (ballon gauche).avi,39,GreenYellow,72.5269,Eye,23,23,,,570.8601294365603,409.26704958621804,558.5080549167508,422.9934828409018,Visage,Visage,0.0000,0.0000,0.0000,0.0000,0.0000,0.0000,-,-,-,-,-,-,-,-,visage/yeux,Local,7,visage/yeux,Local,7
9606,9455175.734,15:37:59:740,Trial020,Eye Tracking (ballon gauche).avi,39,GreenYellow,72.5269,Eye,23,23,,,578.1885556032737,432.59854625374066,573.6122685388669,377.76618331492284,Visage,Visage,0.0000,0.0000,0.0000,0.0000,0.0000,0.0000,-,-,-,-,-,-,-,-,visage/yeux,Local,7,visage/yeux,Local,7
9609,9455235.342,15:37:59:800,Trial020,Eye Tracking (ballon gauche).avi,39,GreenYellow,0.0,Eye,23,23,,,583.6848752283087,378.73977934619614,584.9404287554539,464.01154875566647,Visage,Visage,0.0000,0.0000,0.0000,0.0000,0.0000,0.0000,-,-,-,-,-,-,-,-,visage/yeux,Local,7,visage/yeux,Local,7
9612,9455295.09,15:37:59:860,Trial020,Eye Tracking (ballon gauche).avi,39,GreenYellow,0.0,Eye,23,23,,,587.8071149470849,397.6238442339216,593.4365489178942,378.2582145205233,Visage,Visage,0.0000,0.0000,0.0000,0.0000,0.0000,0.0000,-,-,-,-,-,-,-,-,visage/yeux,Local,7,visage/yeux,Local,7
9615,9455354.686,15:37:59:919,Trial020,Eye Tracking (ballon gauche).avi,39,GreenYellow,0.0,Eye,23,23,,,590.8987947361671,355.7532980099855,599.8086390397245,388.0067986574141,Visage,Visage,0.0000,0.0000,0.0000,0.0000,0.0000,0.0000,-,-,-,-,-,-,-,-,visage/yeux,Local,7,visage/yeux,Local,7
9618,9455414.457,15:37:59:979,Trial020,Eye Tracking (ballon gauche).avi,39,GreenYellow,0.0,Eye,23,23,,,,,,,Visage,Visage,0.0000,0.0000,0.0000,0.0000,0.0000,0.0000,-,-,-,-,-,-,-,-,visage/yeux,Local,7,visage/yeux,Local,7
9621,9455493.961,15:38:00:058,Trial020,Eye Tracking (ballon gauche).avi,39,GreenYellow,0.0,Eye,23,22,,,,,,,Visage,Visage,0.0000,0.0000,0.0000,0.0000,0.0000,0.0000,-,-,-,-,-,-,-,-,visage/yeux,Local,7,visage/yeux,Local,7
9624,9455553.689,15:38:00:118,Trial020,Eye Tracking (ballon gauche).avi,39,GreenYellow,0.0,Eye,23,22,,,,,,,Visage,Visage,0.0000,0.0000,0.0000,0.0000,0.0000,0.0000,-,-,-,-,-,-,-,-,visage/yeux,Local,7,visage/yeux,Local,7
9627,9455613.327,15:38:00:178,Trial020,Eye Tracking (ballon gauche).avi,39,GreenYellow,0.0,Eye,23,22,,,,,,,Visage,Visage,0.0000,0.0000,0.0000,0.0000,0.0000,0.0000,-,-,-,-,-,-,-,-,visage/yeux,Local,7,visage/yeux,Local,7
9630,9455672.951,15:38:00:237,Trial020,Eye Tracking (ballon gauche).avi,39,GreenYellow,0.0,Eye,23,22,,,,,,,Visage,Visage,0.0000,0.0000,0.0000,0.0000,0.0000,0.0000,-,-,-,-,-,-,-,-,visage/yeux,Local,7,visage/yeux,Local,7
9633,9455732.708,15:38:00:297,Trial020,Eye Tracking (ballon gauche).avi,39,GreenYellow,0.0,Eye,23,22,,,,,,,-,-,0.0000,0.0000,0.0000,0.0000,0.0000,0.0000,-,-,-,-,-,-,-,-,-,-,-,-,-,-
9636,9455794.36,15:38:00:359,Trial020,Eye Tracking (ballon gauche).avi,39,GreenYellow,0.0,Eye,23,22,,,,,,,-,-,0.0000,0.0000,0.0000,0.0000,0.0000,0.0000,-,-,-,-,-,-,-,-,-,-,-,-,-,-
9639,9455873.465,15:38:00:438,Trial020,Eye Tracking (ballon gauche).avi,39,GreenYellow,0.0,Eye,23,22,,,,,,,-,-,0.0000,0.0000,0.0000,0.0000,0.0000,0.0000,-,-,-,-,-,-,-,-,-,-,-,-,-,-
9642,9455951.45,15:38:00:516,Trial020,Eye Tracking (ballon gauche).avi,39,GreenYellow,0.0,Eye,24,24,,,,,,,BallonVisible,BallonVisible,0.0000,0.0000,0.0000,0.0000,0.0000,0.0000,-,-,-,-,-,-,-,-,,Local,2,,Local,2
9645,9456050.943,15:38:00:615,Trial020,Eye Tracking (ballon gauche).avi,39,GreenYellow,0.0,Eye,24,24,,,,,,,BallonVisible,BallonVisible,0.0000,0.0000,0.0000,0.0000,0.0000,0.0000,-,-,-,-,-,-,-,-,,Local,2,,Local,2
9648,9456130.443,15:38:00:695,Trial020,Eye Tracking (ballon gauche).avi,39,GreenYellow,0.0,Eye,24,23,,,,,,,BallonVisible,BallonVisible,0.0000,0.0000,0.0000,0.0000,0.0000,0.0000,-,-,-,-,-,-,-,-,,Local,2,,Local,2
9651,9456190.19,15:38:00:755,Trial020,Eye Tracking (ballon gauche).avi,39,GreenYellow,0.0,Eye,24,23,,,,,,,-,-,0.0000,0.0000,0.0000,0.0000,0.0000,0.0000,-,-,-,-,-,-,-,-,-,-,-,-,-,-
9654,9456289.569,15:38:00:854,Trial020,Eye Tracking (ballon gauche).avi,39,GreenYellow,0.0,Eye,25,25,,,,,,,Visage,Visage,0.0000,0.0000,0.0000,0.0000,0.0000,0.0000,-,-,-,-,-,-,-,-,visage/yeux,Local,7,visage/yeux,Local,7
9657,9456349.308,15:38:00:914,Trial020,Eye Tracking (ballon gauche).avi,39,GreenYellow,0.0,Eye,25,25,,,,,,,Visage,Visage,0.0000,0.0000,0.0000,0.0000,0.0000,0.0000,-,-,-,-,-,-,-,-,visage/yeux,Local,7,visage/yeux,Local,7
9660,9456428.796,15:38:00:993,Trial020,Eye Tracking (ballon gauche).avi,39,GreenYellow,0.0,Eye,26,26,,,,,,,Visage,Visage,0.0000,0.0000,0.0000,0.0000,0.0000,0.0000,-,-,-,-,-,-,-,-,visage/yeux,Local,7,visage/yeux,Local,7
9663,9456488.568,15:38:01:053,Trial020,Eye Tracking (ballon gauche).avi,39,GreenYellow,0.0,Eye,26,26,,,,,,,Visage,Visage,0.0000,0.0000,0.0000,0.0000,0.0000,0.0000,-,-,-,-,-,-,-,-,visage/yeux,Local,7,visage/yeux,Local,7
9666,9456548.178,15:38:01:113,Trial020,Eye Tracking (ballon gauche).avi,39,GreenYellow,0.0,Eye,26,26,,,,,,,Visage,Visage,0.0000,0.0000,0.0000,0.0000,0.0000,0.0000,-,-,-,-,-,-,-,-,visage/yeux,Local,7,visage/yeux,Local,7
9669,9456607.808,15:38:01:172,Trial020,Eye Tracking (ballon gauche).avi,39,GreenYellow,0.0,Eye,26,26,,,,,,,Visage,Visage,0.0000,0.0000,0.0000,0.0000,0.0000,0.0000,-,-,-,-,-,-,-,-,visage/yeux,Local,7,visage/yeux,Local,7
9672,9456667.584,15:38:01:232,Trial020,Eye Tracking (ballon gauche).avi,39,GreenYellow,0.0,Eye,26,26,,,,,,,Visage,Visage,0.0000,0.0000,0.0000,0.0000,0.0000,0.0000,-,-,-,-,-,-,-,-,visage/yeux,Local,7,visage/yeux,Local,7
9675,9456747.045,15:38:01:311,Trial020,Eye Tracking (ballon gauche).avi,39,GreenYellow,0.0,Eye,26,25,,,,,,,Visage,Visage,0.0000,0.0000,0.0000,0.0000,0.0000,0.0000,-,-,-,-,-,-,-,-,visage/yeux,Local,7,visage/yeux,Local,7
9678,9456806.81,15:38:01:371,Trial020,Eye Tracking (ballon gauche).avi,39,GreenYellow,72.5269,Eye,27,27,,,646.5718131698067,404.13780290860973,629.5914881810105,427.07972867829983,-,-,0.0000,0.0000,0.0000,0.0000,0.0000,0.0000,-,-,-,-,-,-,-,-,-,-,-,-,-,-
9681,9456866.458,15:38:01:431,Trial020,Eye Tracking (ballon gauche).avi,39,GreenYellow,72.5269,Eye,27,26,,,643.764541097973,353.28079180487146,635.1857484771733,358.60655387880934,Visage,Visage,0.0000,0.0000,0.0000,0.0000,0.0000,0.0000,-,-,-,-,-,-,-,-,visage/yeux,Local,7,visage/yeux,Local,7
9684,9456945.951,15:38:01:510,Trial020,Eye Tracking (ballon gauche).avi,39,GreenYellow,72.5269,Eye,28,28,,,586.151426095082,433.2303773773806,580.8394880877802,459.85765925337085,-,-,0.0000,0.0000,0.0000,0.0000,0.0000,0.0000,-,-,-,-,-,-,-,-,-,-,-,-,-,-
9687,9457025.586,15:38:01:590,Trial020,Eye Tracking (ballon gauche).avi,39,GreenYellow,72.5269,Eye,28,28,,,540.300622726537,422.542907426419,527.144242693683,361.59290641089206,-,-,0.0000,0.0000,0.0000,0.0000,0.0000,0.0000,-,-,-,-,-,-,-,-,-,-,-,-,-,-
9690,9457105.064,15:38:01:669,Trial020,Eye Tracking (ballon gauche).avi,39,GreenYellow,72.5269,Eye,28,27,,,545.2967465380622,390.2103635894398,542.0021679261351,411.42076533494816,Visage,Visage,0.0000,0.0000,0.0000,0.0000,0.0000,0.0000,-,-,-,-,-,-,-,-,visage/yeux,Local,7,visage/yeux,Local,7
9693,9457204.567,15:38:01:769,Trial020,Eye Tracking (ballon gauche).avi,39,GreenYellow,72.5269,Eye,29,29,,,572.9988663938127,478.25869926694656,565.2475983880009,381.5799411576024,Visage,Visage,0.0000,0.0000,0.0000,0.0000,0.0000,0.0000,-,-,-,-,-,-,-,-,visage/yeux,Local,7,visage/yeux,Local,7
9696,9457272.901,15:38:01:837,Trial020,Eye Tracking (ballon gauche).avi,39,GreenYellow,72.5269,Eye,29,28,,,593.334300395924,391.8018992464729,580.0498868504629,354.5067757710736,Visage,Visage,0.0000,0.0000,0.0000,0.0000,0.0000,0.0000,-,-,-,-,-,-,-,-,visage/yeux,Local,7,visage/yeux,Local,7
9699,9457363.71,15:38:01:928,Trial020,Eye Tracking (ballon gauche).avi,39,GreenYellow,0.0,Eye,29,28,,,608.5858758975074,385.3714564279065,591.1516031973093,352.20524560213846,Visage,Visage,0.0000,0.0000,0.0000,0.0000,0.0000,0.0000,-,-,-,-,-,-,-,-,visage/yeux,Local,7,visage/yeux,Local,7
9702,9457463.189,15:38:02:028,Trial020,Eye Tracking (ballon gauche).avi,39,GreenYellow,0.0,Eye,30,30,,,620.0245575236951,323.60860505878065,599.4778904574442,370.30387969346043,-,-,0.0000,0.0000,0.0000,0.0000,0.0000,0.0000,-,-,-,-,-,-,-,-,-,-,-,-,-,-
9705,9457582.572,15:38:02:147,Trial020,Eye Tracking (ballon gauche).avi,39,GreenYellow,0.0,Eye,30,30,,,628.6035687433357,367.2238903834381,605.7226059025453,419.2593033511137,-,-,0.0000,0.0000,0.0000,0.0000,0.0000,0.0000,-,-,-,-,-,-,-,-,-,-,-,-,-,-
9708,9457662.06,15:38:02:226,Trial020,Eye Tracking (ballon gauche).avi,39,GreenYellow,0.0,Eye,30,29,,,,,,,-,-,0.0000,0.0000,0.0000,0.0000,0.0000,0.0000,-,-,-,-,-,-,-,-,-,-,-,-,-,-
9711,9457761.553,15:38:02:326,Trial020,Eye Tracking (ballon gauche).avi,39,GreenYellow,0.0,Eye,30,29,,,,,,,-,-,0.0000,0.0000,0.0000,0.0000,0.0000,0.0000,-,-,-,-,-,-,-,-,-,-,-,-,-,-
9714,9457821.176,15:38:02:386,Trial020,Eye Tracking (ballon gauche).avi,39,GreenYellow,0.0,Eye,30,29,,,,,,,-,-,0.0000,0.0000,0.0000,0.0000,0.0000,0.0000,-,-,-,-,-,-,-,-,-,-,-,-,-,-
9717,9457900.809,15:38:02:465,Trial020,Eye Tracking (ballon gauche).avi,39,GreenYellow,0.0,Eye,31,31,,,,,,,-,-,0.0000,0.0000,0.0000,0.0000,0.0000,0.0000,-,-,-,-,-,-,-,-,-,-,-,-,-,-
9720,9458000.154,15:38:02:565,Trial020,Eye Tracking (ballon gauche).avi,39,GreenYellow,0.0,Eye,31,31,,,,,,,-,-,0.0000,0.0000,0.0000,0.0000,0.0000,0.0000,-,-,-,-,-,-,-,-,-,-,-,-,-,-
9723,9458099.683,15:38:02:664,Trial020,Eye Tracking (ballon gauche).avi,39,GreenYellow,0.0,Eye,31,30,,,,,,,-,-,0.0000,0.0000,0.0000,0.0000,0.0000,0.0000,-,-,-,-,-,-,-,-,-,-,-,-,-,-
9726,9458191.835,15:38:02:756,Trial020,Eye Tracking (ballon gauche).avi,39,GreenYellow,0.0,Eye,31,30,,,,,,,-,-,0.0000,0.0000,0.0000,0.0000,0.0000,0.0000,-,-,-,-,-,-,-,-,-,-,-,-,-,-
9729,9458258.79,15:38:02:823,Trial020,Eye Tracking (ballon gauche).avi,39,GreenYellow,0.0,Eye,32,32,,,,,,,-,-,0.0000,0.0000,0.0000,0.0000,0.0000,0.0000,-,-,-,-,-,-,-,-,-,-,-,-,-,-
9732,9458338.419,15:38:02:903,Trial020,Eye Tracking (ballon gauche).avi,39,GreenYellow,0.0,Eye,32,31,,,,,,,Visage,Visage,0.0000,0.0000,0.0000,0.0000,0.0000,0.0000,-,-,-,-,-,-,-,-,visage/yeux,Local,7,visage/yeux,Local,7
9735,9458437.771,15:38:03:002,Trial020,Eye Tracking (ballon gauche).avi,39,GreenYellow,0.0,Eye,32,31,,,,,,,-,-,0.0000,0.0000,0.0000,0.0000,0.0000,0.0000,-,-,-,-,-,-,-,-,-,-,-,-,-,-
9738,9458497.536,15:38:03:062,Trial020,Eye Tracking (ballon gauche).avi,39,GreenYellow,0.0,Eye,2,3,,,,,,,-,-,0.0000,0.0000,0.0000,0.0000,0.0000,0.0000,-,-,-,-,-,-,-,-,-,-,-,-,-,-
9741,9458557.152,15:38:03:122,Trial020,Eye Tracking (ballon gauche).avi,39,GreenYellow,0.0,Eye,2,3,,,,,,,-,-,0.0000,0.0000,0.0000,0.0000,0.0000,0.0000,-,-,-,-,-,-,-,-,-,-,-,-,-,-
9744,9458901.158,15:38:03:466,Trial020,Eye Tracking (ballon gauche).avi,39,GreenYellow,0.0,Eye,33,33,,,,,,,-,-,0.0000,0.0000,0.0000,0.0000,0.0000,0.0000,-,-,-,-,-,-,-,-,-,-,-,-,-,-
9747,9459012.94,15:38:03:577,Trial020,Eye Tracking (ballon gauche).avi,39,GreenYellow,0.0,Eye,33,33,,,,,,,-,-,0.0000,0.0000,0.0000,0.0000,0.0000,0.0000,-,-,-,-,-,-,-,-,-,-,-,-,-,-
9750,9459080.146,15:38:03:645,Trial020,Eye Tracking (ballon gauche).avi,39,GreenYellow,0.0,Eye,33,32,,,,,,,Visage,Visage,0.0000,0.0000,0.0000,0.0000,0.0000,0.0000,-,-,-,-,-,-,-,-,visage/yeux,Local,7,visage/yeux,Local,7
9753,9459191.837,15:38:03:756,Trial020,Eye Tracking (ballon gauche).avi,39,GreenYellow,0.0,Eye,33,32,,,,,,,Visage,Visage,0.0000,0.0000,0.0000,0.0000,0.0000,0.0000,-,-,-,-,-,-,-,-,visage/yeux,Local,7,visage/yeux,Local,7
9756,9459241.682,15:38:03:806,Trial020,Eye Tracking (ballon gauche).avi,39,GreenYellow,0.0,Eye,34,34,,,,,,,-,-,0.0000,0.0000,0.0000,0.0000,0.0000,0.0000,-,-,-,-,-,-,-,-,-,-,-,-,-,-
9759,9459377.206,15:38:03:942,Trial020,Eye Tracking (ballon gauche).avi,39,GreenYellow,0.0,Eye,34,33,,,,,,,Visage,Visage,0.0000,0.0000,0.0000,0.0000,0.0000,0.0000,-,-,-,-,-,-,-,-,visage/yeux,Local,7,visage/yeux,Local,7
9762,9459454.348,15:38:04:019,Trial020,Eye Tracking (ballon gauche).avi,39,GreenYellow,0.0,Eye,35,35,,,,,,,Visage,Visage,0.0000,0.0000,0.0000,0.0000,0.0000,0.0000,-,-,-,-,-,-,-,-,visage/yeux,Local,7,visage/yeux,Local,7
9765,9459517.744,15:38:04:082,Trial020,Eye Tracking (ballon gauche).avi,39,GreenYellow,0.0,Eye,35,34,,,,,,,-,-,0.0000,0.0000,0.0000,0.0000,0.0000,0.0000,-,-,-,-,-,-,-,-,-,-,-,-,-,-
9768,9459611.579,15:38:04:176,Trial020,Eye Tracking (ballon gauche).avi,39,GreenYellow,0.0,Eye,35,34,,,,,,,-,-,0.0000,0.0000,0.0000,0.0000,0.0000,0.0000,-,-,-,-,-,-,-,-,-,-,-,-,-,-
9771,9459676.864,15:38:04:241,Trial020,Eye Tracking (ballon gauche).avi,39,GreenYellow,0.0,Eye,36,36,,,,,,,Visage,Visage,0.0000,0.0000,0.0000,0.0000,0.0000,0.0000,-,-,-,-,-,-,-,-,visage/yeux,Local,7,visage/yeux,Local,7
9774,9459816.137,15:38:04:381,Trial020,Eye Tracking (ballon gauche).avi,39,GreenYellow,0.0,Eye,36,36,,,,,,,-,-,0.0000,0.0000,0.0000,0.0000,0.0000,0.0000,-,-,-,-,-,-,-,-,-,-,-,-,-,-
9777,9459895.765,15:38:04:460,Trial020,Eye Tracking (ballon gauche).avi,39,GreenYellow,0.0,Eye,-,-,,,,,,,-,-,0.0000,0.0000,0.0000,0.0000,0.0000,0.0000,-,-,-,-,-,-,-,-,-,-,-,-,-,-
9780,9459955.366,15:38:04:520,Trial020,Eye Tracking (ballon gauche).avi,39,GreenYellow,0.0,Eye,-,-,,,,,,,-,-,0.0000,0.0000,0.0000,0.0000,0.0000,0.0000,-,-,-,-,-,-,-,-,-,-,-,-,-,-
9783,9460034.858,15:38:04:599,Trial020,Eye Tracking (ballon gauche).avi,39,GreenYellow,0.0,Eye,3,4,,,,,,,-,-,0.0000,0.0000,0.0000,0.0000,0.0000,0.0000,-,-,-,-,-,-,-,-,-,-,-,-,-,-
9786,9460094.617,15:38:04:659,Trial020,Eye Tracking (ballon gauche).avi,39,GreenYellow,0.0,Eye,3,4,,,,,,,-,-,0.0000,0.0000,0.0000,0.0000,0.0000,0.0000,-,-,-,-,-,-,-,-,-,-,-,-,-,-
9789,9460561.943,15:38:05:126,Trial020,Eye Tracking (ballon gauche).avi,39,GreenYellow,0.0,Eye,3,4,,,,,,,-,-,0.0000,0.0000,0.0000,0.0000,0.0000,0.0000,-,-,-,-,-,-,-,-,-,-,-,-,-,-
9792,9460781.851,15:38:05:346,Trial020,Eye Tracking (ballon gauche).avi,39,GreenYellow,0.0,Eye,37,37,,,,,,,-,-,0.0000,0.0000,0.0000,0.0000,0.0000,0.0000,-,-,-,-,-,-,-,-,-,-,-,-,-,-
9795,9460881.237,15:38:05:446,Trial020,Eye Tracking (ballon gauche).avi,39,GreenYellow,0.0,Eye,37,37,,,,,,,-,-,0.0000,0.0000,0.0000,0.0000,0.0000,0.0000,-,-,-,-,-,-,-,-,-,-,-,-,-,-
9798,9461012.947,15:38:05:577,Trial020,Eye Tracking (ballon gauche).avi,39,GreenYellow,0.0,Eye,37,37,,,,,,,-,-,0.0000,0.0000,0.0000,0.0000,0.0000,0.0000,-,-,-,-,-,-,-,-,-,-,-,-,-,-
9801,9461072.716,15:38:05:637,Trial020,Eye Tracking (ballon gauche).avi,39,GreenYellow,0.0,Eye,37,37,,,,,,,-,-,0.0000,0.0000,0.0000,0.0000,0.0000,0.0000,-,-,-,-,-,-,-,-,-,-,-,-,-,-
9804,9461174.081,15:38:05:738,Trial020,Eye Tracking (ballon gauche).avi,39,GreenYellow,0.0,Eye,37,37,,,,,,,Visage,Visage,0.0000,0.0000,0.0000,0.0000,0.0000,0.0000,-,-,-,-,-,-,-,-,visage/yeux,Local,7,visage/yeux,Local,7
9807,9461219.346,15:38:05:784,Trial020,Eye Tracking (ballon gauche).avi,39,GreenYellow,72.5269,Eye,36,35,,,659.9925855228587,362.04140669724296,653.5734570341219,428.395983398889,Visage,Visage,0.0000,0.0000,0.0000,0.0000,0.0000,0.0000,-,-,-,-,-,-,-,-,visage/yeux,Local,7,visage/yeux,Local,7
9810,9461279.091,15:38:05:844,Trial020,Eye Tracking (ballon gauche).avi,39,GreenYellow,72.5269,Eye,36,35,,,649.2302416894744,439.7056930694818,646.1993631689329,409.72229183841864,Visage,Visage,0.0000,0.0000,0.0000,0.0000,0.0000,0.0000,-,-,-,-,-,-,-,-,visage/yeux,Local,7,visage/yeux,Local,7
9813,9461364.518,15:38:05:929,Trial020,Eye Tracking (ballon gauche).avi,39,GreenYellow,72.5269,Eye,36,35,,,635.3186004465254,448.94267465498854,638.2663891369687,389.77443012719795,Visage,Visage,0.0000,0.0000,0.0000,0.0000,0.0000,0.0000,-,-,-,-,-,-,-,-,visage/yeux,Local,7,visage/yeux,Local,7
9816,9461433.08,15:38:05:997,Trial020,Eye Tracking (ballon gauche).avi,39,GreenYellow,72.5269,Eye,36,35,,,627.601487193607,359.3553034332544,628.2188763902543,371.58957881219754,Visage,Visage,0.0000,0.0000,0.0000,0.0000,0.0000,0.0000,-,-,-,-,-,-,-,-,visage/yeux,Local,7,visage/yeux,Local,7
9819,9461477.976,15:38:06:042,Trial020,Eye Tracking (ballon gauche).avi,39,GreenYellow,72.5269,Eye,36,35,,,626.565454306786,366.34438849353495,630.045121817161,327.2119949004329,Visage,Visage,0.0000,0.0000,0.0000,0.0000,0.0000,0.0000,-,-,-,-,-,-,-,-,visage/yeux,Local,7,visage/yeux,Local,7
9822,9461538.585,15:38:06:103,Trial020,Eye Tracking (ballon gauche).avi,39,GreenYellow,72.5269,Eye,36,35,,,622.26620112104,382.578897895354,624.7686514974962,397.31522463225355,Visage,Visage,0.0000,0.0000,0.0000,0.0000,0.0000,0.0000,-,-,-,-,-,-,-,-,visage/yeux,Local,7,visage/yeux,Local,7
9825,9461597.34,15:38:06:162,Trial020,Eye Tracking (ballon gauche).avi,39,GreenYellow,72.5269,Eye,38,38,,,615.948204745364,342.78500854864586,627.977715582876,384.7998760106797,Visage,Visage,0.0000,0.0000,0.0000,0.0000,0.0000,0.0000,-,-,-,-,-,-,-,-,visage/yeux,Local,7,visage/yeux,Local,7
9828,9461678.073,15:38:06:242,Trial020,Eye Tracking (ballon gauche).avi,39,GreenYellow,72.5269,Eye,38,38,,,621.3248219152232,446.7925292566117,624.5966460892946,413.4633527883798,Visage,Visage,0.0000,0.0000,0.0000,0.0000,0.0000,0.0000,-,-,-,-,-,-,-,-,visage/yeux,Local,7,visage/yeux,Local,7
9831,9461771.739,15:38:06:336,Trial020,Eye Tracking (ballon gauche).avi,39,GreenYellow,72.5269,Eye,39,39,,,621.0711427880951,413.67653791676275,617.866994411659,394.2290894122427,Visage,Visage,0.0000,0.0000,0.0000,0.0000,0.0000,0.0000,-,-,-,-,-,-,-,-,visage/yeux,Local,7,visage/yeux,Local,7
9834,9461816.095,15:38:06:381,Trial020,Eye Tracking (ballon gauche).avi,39,GreenYellow,72.5269,Eye,39,39,,,611.9276208918377,365.89310314271347,616.1220751958684,329.397189058722,Visage,Visage,0.0000,0.0000,0.0000,0.0000,0.0000,0.0000,-,-,-,-,-,-,-,-,visage/yeux,Local,7,visage/yeux,Local,7
9837,9461875.82,15:38:06:440,Trial020,Eye Tracking (ballon gauche).avi,39,GreenYellow,72.5269,Eye,39,39,,,609.3933383845635,404.38359623439425,618.2302377017527,382.03541350671304,Visage,Visage,0.0000,0.0000,0.0000,0.0000,0.0000,0.0000,-,-,-,-,-,-,-,-,visage/yeux,Local,7,visage/yeux,Local,7
9840,9461956.526,15:38:06:521,Trial020,Eye Tracking (ballon gauche).avi,39,GreenYellow,72.5269,Eye,38,37,,,612.0772430554177,386.2347138424315,618.474517205584,395.9600113785997,Visage,Visage,0.0000,0.0000,0.0000,0.0000,0.0000,0.0000,-,-,-,-,-,-,-,-,visage/yeux,Local,7,visage/yeux,Local,7
9843,9462015.087,15:38:06:580,Trial020,Eye Tracking (ballon gauche).avi,39,GreenYellow,72.5269,Eye,38,37,,,605.8223370469545,384.8873576433144,611.179987163689,385.09544390914664,Visage,Visage,0.0000,0.0000,0.0000,0.0000,0.0000,0.0000,-,-,-,-,-,-,-,-,visage/yeux,Local,7,visage/yeux,Local,7
9846,9462074.699,15:38:06:639,Trial020,Eye Tracking (ballon gauche).avi,39,GreenYellow,72.5269,Eye,38,37,,,555.8263377460715,380.2787387262144,564.2175889651157,329.2227522858925,-,-,0.0000,0.0000,0.0000,0.0000,0.0000,0.0000,-,-,-,-,-,-,-,-,-,-,-,-,-,-
9849,9462151.81,15:38:06:716,Trial020,Eye Tracking (ballon gauche).avi,39,GreenYellow,72.5269,Eye,38,37,,,522.2083119975586,333.4638686899678,519.0737547396072,332.30310395851814,BallonVisible,BallonVisible,0.0000,0.0000,0.0000,0.0000,0.0000,0.0000,-,-,-,-,-,-,-,-,,Local,2,,Local,2
9852,9462194.796,15:38:06:759,Trial020,Eye Tracking (ballon gauche).avi,39,GreenYellow,72.5269,Eye,40,40,,,500.7300333434185,361.11966430196907,502.36605357368137,337.7777819920134,-,-,0.0000,0.0000,0.0000,0.0000,0.0000,0.0000,-,-,-,-,-,-,-,-,-,-,-,-,-,-
9855,9462273.908,15:38:06:838,Trial020,Eye Tracking (ballon gauche).avi,39,GreenYellow,72.5269,Eye,40,40,,,471.3381270559549,459.09369883779425,474.1452434111801,299.6627234455826,-,-,0.0000,0.0000,0.0000,0.0000,0.0000,0.0000,-,-,-,-,-,-,-,-,-,-,-,-,-,-
9858,9462333.342,15:38:06:898,Trial020,Eye Tracking (ballon gauche).avi,39,GreenYellow,72.5269,Eye,39,38,,,450.92425309437897,334.83810228050834,453.3172847870354,413.51558324611005,-,-,0.0000,0.0000,0.0000,0.0000,0.0000,0.0000,-,-,-,-,-,-,-,-,-,-,-,-,-,-
9861,9462392.946,15:38:06:957,Trial020,Eye Tracking (ballon gauche).avi,39,GreenYellow,72.5269,Eye,39,38,,,427.09167797047314,347.9416984997593,444.0179569455963,336.67116204138057,-,-,0.0000,0.0000,0.0000,0.0000,0.0000,0.0000,-,-,-,-,-,-,-,-,-,-,-,-,-,-
9864,9462452.592,15:38:07:017,Trial020,Eye Tracking (ballon gauche).avi,39,GreenYellow,72.5269,Eye,39,38,,,472.1068657158836,377.16972206691565,477.15215245072636,436.6265468934534,Visage,Visage,0.0000,0.0000,0.0000,0.0000,0.0000,0.0000,-,-,-,-,-,-,-,-,visage/yeux,Local,7,visage/yeux,Local,7
9867,9462515.096,15:38:07:080,Trial020,Eye Tracking (ballon gauche).avi,39,GreenYellow,72.5269,Eye,39,38,,,503.9826406147188,355.27498974475884,511.02247884360787,426.57369950956786,Visage,Visage,0.0000,0.0000,0.0000,0.0000,0.0000,0.0000,-,-,-,-,-,-,-,-,visage/yeux,Local,7,visage/yeux,Local,7
9870,9462618.433,15:38:07:183,Trial020,Eye Tracking (ballon gauche).avi,39,GreenYellow,72.5269,Eye,39,38,,,534.1641364164722,369.29340694618435,529.2184138128871,395.80929930593845,Visage,Visage,0.0000,0.0000,0.0000,0.0000,0.0000,0.0000,-,-,-,-,-,-,-,-,visage/yeux,Local,7,visage/yeux,Local,7
9873,9462691.32,15:38:07:256,Trial020,Eye Tracking (ballon gauche).avi,39,GreenYellow,72.5269,Eye,39,38,,,559.4821266629099,363.2046750927194,555.7993983579115,414.37877793636756,Visage,Visage,0.0000,0.0000,0.0000,0.0000,0.0000,0.0000,-,-,-,-,-,-,-,-,visage/yeux,Local,7,visage/yeux,Local,7
9876,9462750.977,15:38:07:315,Trial020,Eye Tracking (ballon gauche).avi,39,GreenYellow,72.5269,Eye,39,38,,,570.6390430016687,365.8648452645048,576.060790169715,325.66912261908743,Visage,Visage,0.0000,0.0000,0.0000,0.0000,0.0000,0.0000,-,-,-,-,-,-,-,-,visage/yeux,Local,7,visage/yeux,Local,7
9879,9462810.702,15:38:07:375,Trial020,Eye Tracking (ballon gauche).avi,39,GreenYellow,72.5269,Eye,41,41,,,587.3441145383379,314.54758016376263,572.2529532673732,354.07936874756905,Visage,Visage,0.0000,0.0000,0.0000,0.0000,0.0000,0.0000,-,-,-,-,-,-,-,-,visage/yeux,Local,7,visage/yeux,Local,7
9882,9462873.503,15:38:07:438,Trial020,Eye Tracking (ballon gauche).avi,39,GreenYellow,72.5269,Eye,41,41,,,603.3873338484012,440.63249629485796,592.0185694023825,333.97031113358645,Visage,Visage,0.0000,0.0000,0.0000,0.0000,0.0000,0.0000,-,-,-,-,-,-,-,-,visage/yeux,Local,7,visage/yeux,Local,7
9885,9462929.964,15:38:07:494,Trial020,Eye Tracking (ballon gauche).avi,39,GreenYellow,72.5269,Eye,41,41,,,612.4213120663112,398.71197674932387,607.6631717505751,336.62753187597013,Visage,Visage,0.0000,0.0000,0.0000,0.0000,0.0000,0.0000,-,-,-,-,-,-,-,-,visage/yeux,Local,7,visage/yeux,Local,7
9888,9463029.435,15:38:07:594,Trial020,Eye Tracking (ballon gauche).avi,39,GreenYellow,72.5269,Eye,40,39,,,625.2287994160484,393.76698950403124,617.8083565056297,358.445632923022,-,-,0.0000,0.0000,0.0000,0.0000,0.0000,0.0000,-,-,-,-,-,-,-,-,-,-,-,-,-,-
9891,9463128.961,15:38:07:693,Trial020,Eye Tracking (ballon gauche).avi,39,GreenYellow,72.5269,Eye,40,39,,,631.26491004344,387.72351555463985,618.8306349542718,278.6948223780137,Visage,Visage,0.0000,0.0000,0.0000,0.0000,0.0000,0.0000,-,-,-,-,-,-,-,-,visage/yeux,Local,7,visage/yeux,Local,7
9894,9463228.322,15:38:07:793,Trial020,Eye Tracking (ballon gauche).avi,39,GreenYellow,72.5269,Eye,40,39,,,636.9416102750222,425.4733412520894,622.0703453880171,324.7972497941734,-,-,0.0000,0.0000,0.0000,0.0000,0.0000,0.0000,-,-,-,-,-,-,-,-,-,-,-,-,-,-
9897,9463307.948,15:38:07:872,Trial020,Eye Tracking (ballon gauche).avi,39,GreenYellow,72.5269,Eye,42,42,,,638.1037065046925,255.8824943383361,619.1792179777608,351.92204160878373,Visage,Visage,0.0000,0.0000,0.0000,0.0000,0.0000,0.0000,-,-,-,-,-,-,-,-,visage/yeux,Local,7,visage/yeux,Local,7
9900,9463427.301,15:38:07:992,Trial020,Eye Tracking (ballon gauche).avi,39,GreenYellow,72.5269,Eye,42,42,,,634.2939806606093,371.6012382283252,615.1273236489479,399.2831755125932,Visage,Visage,0.0000,0.0000,0.0000,0.0000,0.0000,0.0000,-,-,-,-,-,-,-,-,visage/yeux,Local,7,visage/yeux,Local,7
9903,9463546.561,15:38:08:111,Trial020,Eye Tracking (ballon gauche).avi,39,GreenYellow,72.5269,Eye,42,42,,,623.2459014468402,376.2622830463053,611.4250665124994,499.53873649453067,Visage,Visage,0.0000,0.0000,0.0000,0.0000,0.0000,0.0000,-,-,-,-,-,-,-,-,visage/yeux,Local,7,visage/yeux,Local,7
9906,9463606.323,15:38:08:171,Trial020,Eye Tracking (ballon gauche).avi,39,GreenYellow,72.5269,Eye,41,40,,,619.0617702515573,379.87343265311137,607.2865842293007,304.7022322984232,Visage,Visage,0.0000,0.0000,0.0000,0.0000,0.0000,0.0000,-,-,-,-,-,-,-,-,visage/yeux,Local,7,visage/yeux,Local,7
9909,9463685.823,15:38:08:250,Trial020,Eye Tracking (ballon gauche).avi,39,GreenYellow,72.5269,Eye,41,40,,,621.1659860576547,385.3238354829798,608.7884791456914,377.88971823141077,Visage,Visage,0.0000,0.0000,0.0000,0.0000,0.0000,0.0000,-,-,-,-,-,-,-,-,visage/yeux,Local,7,visage/yeux,Local,7
9912,9463785.336,15:38:08:350,Trial020,Eye Tracking (ballon gauche).avi,39,GreenYellow,72.5269,Eye,43,43,,,623.7095419202456,390.250602014095,606.2704938996205,447.18497197157416,-,-,0.0000,0.0000,0.0000,0.0000,0.0000,0.0000,-,-,-,-,-,-,-,-,-,-,-,-,-,-
9915,9463864.833,15:38:08:429,Trial020,Eye Tracking (ballon gauche).avi,39,GreenYellow,72.5269,Eye,43,43,,,624.8603844189164,434.0648670479547,607.0460948331761,314.0773649349975,-,-,0.0000,0.0000,0.0000,0.0000,0.0000,0.0000,-,-,-,-,-,-,-,-,-,-,-,-,-,-
9918,9463944.485,15:38:08:509,Trial020,Eye Tracking (ballon gauche).avi,39,GreenYellow,72.5269,Eye,44,44,,,552.0450978174115,395.6521997418513,550.9186771069441,423.198777240379,-,-,0.0000,0.0000,0.0000,0.0000,0.0000,0.0000,-,-,-,-,-,-,-,-,-,-,-,-,-,-
9921,9464043.959,15:38:08:608,Trial020,Eye Tracking (ballon gauche).avi,39,GreenYellow,72.5269,Eye,44,44,,,503.4175555246633,329.09323496405705,498.90905296112146,462.96240847663495,-,-,0.0000,0.0000,0.0000,0.0000,0.0000,0.0000,-,-,-,-,-,-,-,-,-,-,-,-,-,-
9924,9464123.433,15:38:08:688,Trial020,Eye Tracking (ballon gauche).avi,39,GreenYellow,72.5269,Eye,44,44,,,456.85616156493177,463.3627205404986,456.0156616361754,442.14476960737636,-,-,0.0000,0.0000,0.0000,0.0000,0.0000,0.0000,-,-,-,-,-,-,-,-,-,-,-,-,-,-
9927,9464183.117,15:38:08:748,Trial020,Eye Tracking (ballon gauche).avi,39,GreenYellow,72.5269,Eye,43,42,,,432.4037490343143,395.1406471043882,439.56608139218713,378.07325736587666,-,-,0.0000,0.0000,0.0000,0.0000,0.0000,0.0000,-,-,-,-,-,-,-,-,-,-,-,-,-,-
9930,9464262.719,15:38:08:827,Trial020,Eye Tracking (ballon gauche).avi,39,GreenYellow,72.5269,Eye,43,42,,,403.2775452695494,309.1043680626859,423.72423102360733,397.3515666662815,-,-,0.0000,0.0000,0.0000,0.0000,0.0000,0.0000,-,-,-,-,-,-,-,-,-,-,-,-,-,-
9933,9464362.194,15:38:08:927,Trial020,Eye Tracking (ballon gauche).avi,39,GreenYellow,72.5269,Eye,43,42,,,387.2751692639056,412.6408607548965,403.43600256119805,374.48859579338665,-,-,0.0000,0.0000,0.0000,0.0000,0.0000,0.0000,-,-,-,-,-,-,-,-,-,-,-,-,-,-
9936,9464461.573,15:38:09:026,Trial020,Eye Tracking (ballon gauche).avi,39,GreenYellow,72.5269,Eye,43,42,,,376.851691735478,326.27174282821034,397.8009850544358,438.266663393494,-,-,0.0000,0.0000,0.0000,0.0000,0.0000,0.0000,-,-,-,-,-,-,-,-,-,-,-,-,-,-
9939,9464541.195,15:38:09:106,Trial020,Eye Tracking (ballon gauche).avi,39,GreenYellow,72.5269,Eye,43,42,,,367.49076916047017,357.82833445735844,385.34120763237917,457.184706788855,-,-,0.0000,0.0000,0.0000,0.0000,0.0000,0.0000,-,-,-,-,-,-,-,-,-,-,-,-,-,-
9942,9464620.679,15:38:09:185,Trial020,Eye Tracking (ballon gauche).avi,39,GreenYellow,72.5269,Eye,43,42,,,363.0050310415642,370.7083555827618,381.28318537269536,417.7493910258779,-,-,0.0000,0.0000,0.0000,0.0000,0.0000,0.0000,-,-,-,-,-,-,-,-,-,-,-,-,-,-
9945,9464700.293,15:38:09:265,Trial020,Eye Tracking (ballon gauche).avi,39,GreenYellow,72.5269,Eye,43,42,,,361.53750991288086,429.50330365698704,374.65279178555653,445.6345582752333,-,-,0.0000,0.0000,0.0000,0.0000,0.0000,0.0000,-,-,-,-,-,-,-,-,-,-,-,-,-,-
9948,9464759.923,15:38:09:324,Trial020,Eye Tracking (ballon gauche).avi,39,GreenYellow,72.5269,Eye,43,42,,,360.1159902967831,395.20731615380566,369.900162154985,389.4774994175496,-,-,0.0000,0.0000,0.0000,0.0000,0.0000,0.0000,-,-,-,-,-,-,-,-,-,-,-,-,-,-
9951,9464830.524,15:38:09:395,Trial020,Eye Tracking (ballon gauche).avi,39,GreenYellow,72.5269,Eye,43,42,,,324.29520793136516,394.1598221804511,347.9273237565683,299.5613905722871,-,-,0.0000,0.0000,0.0000,0.0000,0.0000,0.0000,-,-,-,-,-,-,-,-,-,-,-,-,-,-
9954,9464899.177,15:38:09:464,Trial020,Eye Tracking (ballon gauche).avi,39,GreenYellow,72.5269,Eye,43,42,,,335.26990721959686,427.98299754354895,345.5357182564032,386.8815992558427,BallonVisible,BallonVisible,0.0000,0.0000,0.0000,0.0000,0.0000,0.0000,-,-,-,-,-,-,-,-,,Local,2,,Local,2
9957,9464978.923,15:38:09:543,Trial020,Eye Tracking (ballon gauche).avi,39,GreenYellow,72.5269,Eye,43,42,,,344.0259178845302,326.3115775152413,348.61012556107886,319.2092223818428,BallonVisible,BallonVisible,0.0000,0.0000,0.0000,0.0000,0.0000,0.0000,-,-,-,-,-,-,-,-,,Local,2,,Local,2
9960,9465058.305,15:38:09:623,Trial020,Eye Tracking (ballon gauche).avi,39,GreenYellow,72.5269,Eye,43,42,,,382.0670246665577,504.37421156916275,376.1072503314229,341.14441121311285,-,-,0.0000,0.0000,0.0000,0.0000,0.0000,0.0000,-,-,-,-,-,-,-,-,-,-,-,-,-,-
9963,9465137.935,15:38:09:702,Trial020,Eye Tracking (ballon gauche).avi,39,GreenYellow,72.5269,Eye,45,45,,,440.1865270653577,418.97809080124944,440.10103228151456,418.7223619160453,Visage,Visage,0.0000,0.0000,0.0000,0.0000,0.0000,0.0000,-,-,-,-,-,-,-,-,visage/yeux,Local,7,visage/yeux,Local,7
9966,9465197.53,15:38:09:762,Trial020,Eye Tracking (ballon gauche).avi,39,GreenYellow,72.5269,Eye,45,45,,,479.6221199938075,375.3265486543686,486.6935690491483,351.68025520937476,Visage,Visage,0.0000,0.0000,0.0000,0.0000,0.0000,0.0000,-,-,-,-,-,-,-,-,visage/yeux,Local,7,visage/yeux,Local,7
9969,9465297.064,15:38:09:861,Trial020,Eye Tracking (ballon gauche).avi,39,GreenYellow,72.5269,Eye,44,43,,,514.6283841096525,421.18712760333176,518.4247911577938,454.6781045429857,Visage,Visage,0.0000,0.0000,0.0000,0.0000,0.0000,0.0000,-,-,-,-,-,-,-,-,visage/yeux,Local,7,visage/yeux,Local,7
9972,9465356.65,15:38:09:921,Trial020,Eye Tracking (ballon gauche).avi,39,GreenYellow,72.5269,Eye,44,43,,,540.702363506616,363.76536845172313,541.1636796240157,401.8825230293602,Visage,Visage,0.0000,0.0000,0.0000,0.0000,0.0000,0.0000,-,-,-,-,-,-,-,-,visage/yeux,Local,7,visage/yeux,Local,7
9975,9465476.039,15:38:10:040,Trial020,Eye Tracking (ballon gauche).avi,39,GreenYellow,72.5269,Eye,46,46,,,557.2742859328116,346.4346895541818,553.4641404424324,345.9531350798408,Visage,Visage,0.0000,0.0000,0.0000,0.0000,0.0000,0.0000,-,-,-,-,-,-,-,-,visage/yeux,Local,7,visage/yeux,Local,7
9978,9465575.406,15:38:10:140,Trial020,Eye Tracking (ballon gauche).avi,39,GreenYellow,72.5269,Eye,46,46,,,567.9481862781714,366.05472567832874,574.3406218817247,362.0383535205355,Visage,Visage,0.0000,0.0000,0.0000,0.0000,0.0000,0.0000,-,-,-,-,-,-,-,-,visage/yeux,Local,7,visage/yeux,Local,7
9981,9465655.05,15:38:10:219,Trial020,Eye Tracking (ballon gauche).avi,39,GreenYellow,72.5269,Eye,46,46,,,571.6609202384839,373.1431636807211,578.268519359094,384.17104135342055,Visage,Visage,0.0000,0.0000,0.0000,0.0000,0.0000,0.0000,-,-,-,-,-,-,-,-,visage/yeux,Local,7,visage/yeux,Local,7
9984,9465714.638,15:38:10:279,Trial020,Eye Tracking (ballon gauche).avi,39,GreenYellow,72.5269,Eye,45,44,,,580.7173739862678,354.8269929459974,588.7231097131034,469.29138901213287,Visage,Visage,0.0000,0.0000,0.0000,0.0000,0.0000,0.0000,-,-,-,-,-,-,-,-,visage/yeux,Local,7,visage/yeux,Local,7
9987,9465774.409,15:38:10:339,Trial020,Eye Tracking (ballon gauche).avi,39,GreenYellow,72.5269,Eye,45,5,,,589.9021053613351,376.72835799984466,595.8275110874778,373.5337411780764,-,-,0.0000,0.0000,0.0000,0.0000,0.0000,0.0000,-,-,-,-,-,-,-,-,-,-,-,-,-,-
9990,9465873.756,15:38:10:438,Trial020,Eye Tracking (ballon gauche).avi,39,GreenYellow,72.5269,Eye,45,45,,,600.892219661083,392.1260625204645,593.7474281324196,433.43792442492827,Visage,Visage,0.0000,0.0000,0.0000,0.0000,0.0000,0.0000,-,-,-,-,-,-,-,-,visage/yeux,Local,7,visage/yeux,Local,7
9993,9465953.413,15:38:10:518,Trial020,Eye Tracking (ballon gauche).avi,39,GreenYellow,72.5269,Eye,47,47,,,600.9403927677929,332.0989989515816,598.956866608038,305.6752800273795,Visage,Visage,0.0000,0.0000,0.0000,0.0000,0.0000,0.0000,-,-,-,-,-,-,-,-,visage/yeux,Local,7,visage/yeux,Local,7
9996,9466013.005,15:38:10:577,Trial020,Eye Tracking (ballon gauche).avi,39,GreenYellow,72.5269,Eye,47,47,,,602.6429096742838,389.20522156204964,598.7078086359973,300.29791327731584,Visage,Visage,0.0000,0.0000,0.0000,0.0000,0.0000,0.0000,-,-,-,-,-,-,-,-,visage/yeux,Local,7,visage/yeux,Local,7
9999,9466092.638,15:38:10:657,Trial020,Eye Tracking (ballon gauche).avi,39,GreenYellow,72.5269,Eye,47,47,,,600.3287889307866,365.0949994899933,599.5713492039457,406.20475682564836,Visage,Visage,0.0000,0.0000,0.0000,0.0000,0.0000,0.0000,-,-,-,-,-,-,-,-,visage/yeux,Local,7,visage/yeux,Local,7
10002,9466152.264,15:38:10:717,Trial020,Eye Tracking (ballon gauche).avi,39,GreenYellow,72.5269,Eye,47,47,,,603.8582151236219,260.8054729776603,600.777121895027,385.20002862894097,Visage,Visage,0.0000,0.0000,0.0000,0.0000,0.0000,0.0000,-,-,-,-,-,-,-,-,visage/yeux,Local,7,visage/yeux,Local,7
10005,9466211.897,15:38:10:776,Trial020,Eye Tracking (ballon gauche).avi,39,GreenYellow,72.5269,Eye,47,47,,,601.1756044354365,367.9174580468354,605.4580259610684,380.4971633614814,Visage,Visage,0.0000,0.0000,0.0000,0.0000,0.0000,0.0000,-,-,-,-,-,-,-,-,visage/yeux,Local,7,visage/yeux,Local,7
10008,9466271.654,15:38:10:836,Trial020,Eye Tracking (ballon gauche).avi,39,GreenYellow,72.5269,Eye,46,46,,,603.2463136759736,393.1412653061624,613.9979868882964,294.7727755503139,Visage,Visage,0.0000,0.0000,0.0000,0.0000,0.0000,0.0000,-,-,-,-,-,-,-,-,visage/yeux,Local,7,visage/yeux,Local,7
10011,9466331.247,15:38:10:896,Trial020,Eye Tracking (ballon gauche).avi,39,GreenYellow,72.5269,Eye,48,48,,,530.0134177309213,277.28070298614364,547.0405673416343,432.8125596733679,BallonVisible,BallonVisible,0.0000,0.0000,0.0000,0.0000,0.0000,0.0000,-,-,-,-,-,-,-,-,,Local,2,,Local,2
10014,9466450.647,15:38:11:015,Trial020,Eye Tracking (ballon gauche).avi,39,GreenYellow,72.5269,Eye,47,47,,,473.29155044350796,315.7882907186549,484.27280487218445,422.759450544673,BallonVisible,BallonVisible,0.0000,0.0000,0.0000,0.0000,0.0000,0.0000,-,-,-,-,-,-,-,-,,Local,2,,Local,2
10017,9466530.123,15:38:11:095,Trial020,Eye Tracking (ballon gauche).avi,39,GreenYellow,72.5269,Eye,47,47,,,429.3805315033652,432.9433653412747,434.20903363337135,400.02075317224165,BallonVisible,BallonVisible,0.0000,0.0000,0.0000,0.0000,0.0000,0.0000,-,-,-,-,-,-,-,-,,Local,2,,Local,2
10020,9466649.53,15:38:11:214,Trial020,Eye Tracking (ballon gauche).avi,39,GreenYellow,72.5269,Eye,47,47,,,423.3678637100178,419.5086793806231,431.144128326962,389.4679170913551,BallonVisible,BallonVisible,0.0000,0.0000,0.0000,0.0000,0.0000,0.0000,-,-,-,-,-,-,-,-,,Local,2,,Local,2
10023,9466729.134,15:38:11:294,Trial020,Eye Tracking (ballon gauche).avi,39,GreenYellow,72.5269,Eye,47,47,,,410.4006022393038,334.5812491040672,412.951048395008,349.94766801007415,BallonVisible,BallonVisible,0.0000,0.0000,0.0000,0.0000,0.0000,0.0000,-,-,-,-,-,-,-,-,,Local,2,,Local,2
10026,9466828.636,15:38:11:393,Trial020,Eye Tracking (ballon gauche).avi,39,GreenYellow,72.5269,Eye,49,49,,,475.0828575925586,412.5363354161105,475.20572869651636,304.8304070930308,Visage,Visage,0.0000,0.0000,0.0000,0.0000,0.0000,0.0000,-,-,-,-,-,-,-,-,visage/yeux,Local,7,visage/yeux,Local,7
10029,9466888.261,15:38:11:453,Trial020,Eye Tracking (ballon gauche).avi,39,GreenYellow,72.5269,Eye,49,49,,,517.811862105943,338.8890706252063,519.0909306434143,338.7024742025905,Visage,Visage,0.0000,0.0000,0.0000,0.0000,0.0000,0.0000,-,-,-,-,-,-,-,-,visage/yeux,Local,7,visage/yeux,Local,7
10032,9466987.757,15:38:11:552,Trial020,Eye Tracking (ballon gauche).avi,39,GreenYellow,72.5269,Eye,49,49,,,550.314321671923,363.2827673144968,560.5048091518249,308.88568245349654,Visage,Visage,0.0000,0.0000,0.0000,0.0000,0.0000,0.0000,-,-,-,-,-,-,-,-,visage/yeux,Local,7,visage/yeux,Local,7
10035,9467107.04,15:38:11:671,Trial020,Eye Tracking (ballon gauche).avi,39,GreenYellow,72.5269,Eye,50,50,,,578.7816628274797,338.4788066023727,586.2831783594416,362.0390753406789,Visage,Visage,0.0000,0.0000,0.0000,0.0000,0.0000,0.0000,-,-,-,-,-,-,-,-,visage/yeux,Local,7,visage/yeux,Local,7
10038,9467226.375,15:38:11:791,Trial020,Eye Tracking (ballon gauche).avi,39,GreenYellow,72.5269,Eye,50,50,,,597.8289336391665,389.55750354519006,607.92588834475,378.7224269598837,Visage,Visage,0.0000,0.0000,0.0000,0.0000,0.0000,0.0000,-,-,-,-,-,-,-,-,visage/yeux,Local,7,visage/yeux,Local,7
10041,9467306.008,15:38:11:870,Trial020,Eye Tracking (ballon gauche).avi,39,GreenYellow,72.5269,Eye,51,51,,,622.6156464210015,410.3958110352553,616.7698020776279,370.6467842980159,-,-,0.0000,0.0000,0.0000,0.0000,0.0000,0.0000,-,-,-,-,-,-,-,-,-,-,-,-,-,-
10044,9467385.546,15:38:11:950,Trial020,Eye Tracking (ballon gauche).avi,39,GreenYellow,72.5269,Eye,51,51,,,626.5382188347868,391.6305403970432,621.5123381928482,447.05590966559856,Visage,Visage,0.0000,0.0000,0.0000,0.0000,0.0000,0.0000,-,-,-,-,-,-,-,-,visage/yeux,Local,7,visage/yeux,Local,7
10047,9467504.905,15:38:12:069,Trial020,Eye Tracking (ballon gauche).avi,39,GreenYellow,72.5269,Eye,52,52,,,634.420560590487,429.55718924818797,628.5869942287605,436.4969740580096,Visage,Visage,0.0000,0.0000,0.0000,0.0000,0.0000,0.0000,-,-,-,-,-,-,-,-,visage/yeux,Local,7,visage/yeux,Local,7
10050,9467584.42,15:38:12:149,Trial020,Eye Tracking (ballon gauche).avi,39,GreenYellow,72.5269,Eye,52,52,,,641.1494907240589,335.2926486573537,637.3891199266262,374.2392057527851,Visage,Visage,0.0000,0.0000,0.0000,0.0000,0.0000,0.0000,-,-,-,-,-,-,-,-,visage/yeux,Local,7,visage/yeux,Local,7
10053,9467664.036,15:38:12:228,Trial020,Eye Tracking (ballon gauche).avi,39,GreenYellow,72.5269,Eye,51,51,,,638.5628811136373,346.62718471698145,629.5048143484335,425.18820395938155,-,-,0.0000,0.0000,0.0000,0.0000,0.0000,0.0000,-,-,-,-,-,-,-,-,-,-,-,-,-,-
10056,9467743.505,15:38:12:308,Trial020,Eye Tracking (ballon gauche).avi,39,GreenYellow,72.5269,Eye,51,51,,,631.0549039855345,459.1167530862516,628.3588567216176,337.77124797297944,Visage,Visage,0.0000,0.0000,0.0000,0.0000,0.0000,0.0000,-,-,-,-,-,-,-,-,visage/yeux,Local,7,visage/yeux,Local,7
10059,9467823.131,15:38:12:388,Trial020,Eye Tracking (ballon gauche).avi,39,GreenYellow,72.5269,Eye,53,53,,,565.3278561643979,376.4078883343539,556.8825074674506,421.03451970447526,BallonVisible,BallonVisible,0.0000,0.0000,0.0000,0.0000,0.0000,0.0000,-,-,-,-,-,-,-,-,,Local,2,,Local,2
10062,9467902.667,15:38:12:467,Trial020,Eye Tracking (ballon gauche).avi,39,GreenYellow,72.5269,Eye,53,53,,,517.3054637338546,366.6561712367675,512.3862209969595,301.13755021566857,BallonVisible,BallonVisible,0.0000,0.0000,0.0000,0.0000,0.0000,0.0000,-,-,-,-,-,-,-,-,,Local,2,,Local,2
10065,9467982.282,15:38:12:547,Trial020,Eye Tracking (ballon gauche).avi,39,GreenYellow,72.5269,Eye,-,6,,,470.3786708401467,352.87697612005525,462.72878987335355,428.6692997376339,BallonVisible,BallonVisible,0.0000,0.0000,0.0000,0.0000,0.0000,0.0000,-,-,-,-,-,-,-,-,,Local,2,,Local,2
10068,9468081.772,15:38:12:646,Trial020,Eye Tracking (ballon gauche).avi,39,GreenYellow,72.5269,Eye,4,6,,,415.2017661039156,336.19703172359715,401.8432031536348,344.9714952771645,-,-,0.0000,0.0000,0.0000,0.0000,0.0000,0.0000,-,-,-,-,-,-,-,-,-,-,-,-,-,-
10071,9468153.62,15:38:12:718,Trial020,Eye Tracking (ballon gauche).avi,39,GreenYellow,72.5269,Eye,4,6,,,377.88089111127096,251.07054826367062,349.5038892063029,347.20749723996425,-,-,0.0000,0.0000,0.0000,0.0000,0.0000,0.0000,-,-,-,-,-,-,-,-,-,-,-,-,-,-
10074,9468502.888,15:38:13:067,Trial020,Eye Tracking (ballon gauche).avi,39,GreenYellow,72.5269,Eye,4,6,,,343.89010330393154,345.01185790811263,317.98385809591707,331.074700568735,-,-,0.0000,0.0000,0.0000,0.0000,0.0000,0.0000,-,-,-,-,-,-,-,-,-,-,-,-,-,-
10077,9468735.926,15:38:13:300,Trial020,Eye Tracking (ballon gauche).avi,39,GreenYellow,72.5269,Eye,4,6,,,321.9753087744541,380.16559170611197,302.5456248684433,318.1273982565611,-,-,0.0000,0.0000,0.0000,0.0000,0.0000,0.0000,-,-,-,-,-,-,-,-,-,-,-,-,-,-
10080,9468872.23,15:38:13:437,Trial020,Eye Tracking (ballon gauche).avi,39,GreenYellow,72.5269,Eye,4,6,,,305.50385984912043,305.53564324702523,290.93159691961233,324.14829598963973,-,-,0.0000,0.0000,0.0000,0.0000,0.0000,0.0000,-,-,-,-,-,-,-,-,-,-,-,-,-,-
10083,9469119.463,15:38:13:684,Trial020,Eye Tracking (ballon gauche).avi,39,GreenYellow,72.5269,Eye,4,54,,,382.0441518890489,268.920554757674,368.09244836238673,280.7616455593334,Visage,Visage,0.0000,0.0000,0.0000,0.0000,0.0000,0.0000,-,-,-,-,-,-,-,-,visage/yeux,Local,7,visage/yeux,Local,7
10086,9469198.949,15:38:13:763,Trial020,Eye Tracking (ballon gauche).avi,39,GreenYellow,72.5269,Eye,54,54,,,435.89438874356233,375.9767415759712,424.69108611116746,269.9676549264165,Visage,Visage,0.0000,0.0000,0.0000,0.0000,0.0000,0.0000,-,-,-,-,-,-,-,-,visage/yeux,Local,7,visage/yeux,Local,7
10089,9469311.047,15:38:13:875,Trial020,Eye Tracking (ballon gauche).avi,39,GreenYellow,72.5269,Eye,54,54,,,481.6001108170226,400.8031930712173,471.08578661355557,395.2736430848501,Visage,Visage,0.0000,0.0000,0.0000,0.0000,0.0000,0.0000,-,-,-,-,-,-,-,-,visage/yeux,Local,7,visage/yeux,Local,7
10092,9469397.815,15:38:13:962,Trial020,Eye Tracking (ballon gauche).avi,39,GreenYellow,72.5269,Eye,52,53,,,511.66776916567426,341.4408764995825,505.53275439925216,334.2784709764744,Visage,Visage,0.0000,0.0000,0.0000,0.0000,0.0000,0.0000,-,-,-,-,-,-,-,-,visage/yeux,Local,7,visage/yeux,Local,7
10095,9469519.08,15:38:14:083,Trial020,Eye Tracking (ballon gauche).avi,39,GreenYellow,72.5269,Eye,52,53,,,539.5237255501963,275.14822937774323,530.0496832403007,379.82262801836987,Visage,Visage,0.0000,0.0000,0.0000,0.0000,0.0000,0.0000,-,-,-,-,-,-,-,-,visage/yeux,Local,7,visage/yeux,Local,7
10098,9469596.711,15:38:14:161,Trial020,Eye Tracking (ballon gauche).avi,39,GreenYellow,72.5269,Eye,52,53,,,558.5493867399902,358.0687293261768,556.9338855121389,327.7420748697204,-,-,0.0000,0.0000,0.0000,0.0000,0.0000,0.0000,-,-,-,-,-,-,-,-,-,-,-,-,-,-
10101,9469671.369,15:38:14:236,Trial020,Eye Tracking (ballon gauche).avi,39,GreenYellow,72.5269,Eye,55,55,,,568.51639563617,397.5809013530026,569.4424650192299,366.6787803165602,-,-,0.0000,0.0000,0.0000,0.0000,0.0000,0.0000,-,-,-,-,-,-,-,-,-,-,-,-,-,-
10104,9469753.209,15:38:14:318,Trial020,Eye Tracking (ballon gauche).avi,39,GreenYellow,72.5269,Eye,55,55,,,583.4609780561243,444.1178697300494,574.1011313999704,327.6096860327007,Visage,Visage,0.0000,0.0000,0.0000,0.0000,0.0000,0.0000,-,-,-,-,-,-,-,-,visage/yeux,Local,7,visage/yeux,Local,7
10107,9469795.563,15:38:14:360,Trial020,Eye Tracking (ballon gauche).avi,39,GreenYellow,72.5269,Eye,55,55,,,586.8359308422009,361.8619000938903,582.4806693271603,448.1628055478112,Visage,Visage,0.0000,0.0000,0.0000,0.0000,0.0000,0.0000,-,-,-,-,-,-,-,-,visage/yeux,Local,7,visage/yeux,Local,7
10110,9469855.79,15:38:14:420,Trial020,Eye Tracking (ballon gauche).avi,39,GreenYellow,72.5269,Eye,55,55,,,593.8952863919117,317.9802293175077,593.218175498818,343.033311368035,Visage,Visage,0.0000,0.0000,0.0000,0.0000,0.0000,0.0000,-,-,-,-,-,-,-,-,visage/yeux,Local,7,visage/yeux,Local,7
10113,9469914.937,15:38:14:479,Trial020,Eye Tracking (ballon gauche).avi,39,GreenYellow,72.5269,Eye,56,56,,,599.9546034478701,398.29659388799587,607.895253510921,388.22143690984035,Visage,Visage,0.0000,0.0000,0.0000,0.0000,0.0000,0.0000,-,-,-,-,-,-,-,-,visage/yeux,Local,7,visage/yeux,Local,7
10116,9469990.712,15:38:14:555,Trial020,Eye Tracking (ballon gauche).avi,39,GreenYellow,72.5269,Eye,56,56,,,598.887791550479,371.80286777257606,609.4028493458046,351.1582586641384,-,-,0.0000,0.0000,0.0000,0.0000,0.0000,0.0000,-,-,-,-,-,-,-,-,-,-,-,-,-,-
10119,9470074.057,15:38:14:638,Trial020,Eye Tracking (ballon gauche).avi,39,GreenYellow,72.5269,Eye,54,55,,,600.4276299735933,373.3294168336367,614.2232381754915,404.2741754806005,-,-,0.0000,0.0000,0.0000,0.0000,0.0000,0.0000,-,-,-,-,-,-,-,-,-,-,-,-,-,-
10122,9470133.713,15:38:14:698,Trial020,Eye Tracking (ballon gauche).avi,39,GreenYellow,72.5269,Eye,54,55,,,593.3239540746501,384.37417190711903,615.5511278248032,425.7715909927202,Visage,Visage,0.0000,0.0000,0.0000,0.0000,0.0000,0.0000,-,-,-,-,-,-,-,-,visage/yeux,Local,7,visage/yeux,Local,7
10125,9470195.785,15:38:14:760,Trial020,Eye Tracking (ballon gauche).avi,39,GreenYellow,72.5269,Eye,54,55,,,584.958831662138,389.9930559608259,609.1720526042848,379.6617647640726,Visage,Visage,0.0000,0.0000,0.0000,0.0000,0.0000,0.0000,-,-,-,-,-,-,-,-,visage/yeux,Local,7,visage/yeux,Local,7
10128,9470253.077,15:38:14:817,Trial020,Eye Tracking (ballon gauche).avi,39,GreenYellow,72.5269,Eye,57,57,,,582.5834591885107,440.99391017418463,605.7110227724991,405.5167021831478,Visage,Visage,0.0000,0.0000,0.0000,0.0000,0.0000,0.0000,-,-,-,-,-,-,-,-,visage/yeux,Local,7,visage/yeux,Local,7
10131,9470312.688,15:38:14:877,Trial020,Eye Tracking (ballon gauche).avi,39,GreenYellow,72.5269,Eye,57,57,,,595.373004474318,379.95298154330425,601.9897736574117,423.9925511980482,-,-,0.0000,0.0000,0.0000,0.0000,0.0000,0.0000,-,-,-,-,-,-,-,-,-,-,-,-,-,-
10134,9470372.452,15:38:14:937,Trial020,Eye Tracking (ballon gauche).avi,39,GreenYellow,72.5269,Eye,55,56,,,602.2249121051968,245.24429715637714,606.3243602710056,375.6868013464785,Visage,Visage,0.0000,0.0000,0.0000,0.0000,0.0000,0.0000,-,-,-,-,-,-,-,-,visage/yeux,Local,7,visage/yeux,Local,7
10137,9470432.066,15:38:14:996,Trial020,Eye Tracking (ballon gauche).avi,39,GreenYellow,72.5269,Eye,58,58,,,599.61604201993,397.3182595622406,605.5416551564015,328.2954537172892,Visage,Visage,0.0000,0.0000,0.0000,0.0000,0.0000,0.0000,-,-,-,-,-,-,-,-,visage/yeux,Local,7,visage/yeux,Local,7
10140,9470491.828,15:38:15:056,Trial020,Eye Tracking (ballon gauche).avi,39,GreenYellow,72.5269,Eye,58,58,,,597.675178452048,426.7746906453371,598.8200927707327,337.4445082812467,-,-,0.0000,0.0000,0.0000,0.0000,0.0000,0.0000,-,-,-,-,-,-,-,-,-,-,-,-,-,-
10143,9470557.021,15:38:15:121,Trial020,Eye Tracking (ballon gauche).avi,39,GreenYellow,72.5269,Eye,56,57,,,596.218780923982,420.8880858314647,597.1127873177638,370.3435427162241,-,-,0.0000,0.0000,0.0000,0.0000,0.0000,0.0000,-,-,-,-,-,-,-,-,-,-,-,-,-,-
10146,9470611.074,15:38:15:175,Trial020,Eye Tracking (ballon gauche).avi,39,GreenYellow,72.5269,Eye,59,59,,,604.1319992398397,450.5910038921816,608.69035248042,381.9618243195701,Visage,Visage,0.0000,0.0000,0.0000,0.0000,0.0000,0.0000,-,-,-,-,-,-,-,-,visage/yeux,Local,7,visage/yeux,Local,7
10149,9470673.328,15:38:15:238,Trial020,Eye Tracking (ballon gauche).avi,39,GreenYellow,72.5269,Eye,59,59,,,614.6432384739902,412.1300165384155,615.8182355241141,341.7886874056413,-,-,0.0000,0.0000,0.0000,0.0000,0.0000,0.0000,-,-,-,-,-,-,-,-,-,-,-,-,-,-
10152,9470730.436,15:38:15:295,Trial020,Eye Tracking (ballon gauche).avi,39,GreenYellow,72.5269,Eye,60,60,,,618.5759226691785,437.6428311190688,618.9553690303205,357.05049685056736,Visage,Visage,0.0000,0.0000,0.0000,0.0000,0.0000,0.0000,-,-,-,-,-,-,-,-,visage/yeux,Local,7,visage/yeux,Local,7
10155,9470790.181,15:38:15:355,Trial020,Eye Tracking (ballon gauche).avi,39,GreenYellow,72.5269,Eye,60,60,,,627.2776076877893,416.48251486148905,622.5200250974162,440.0108839651375,Visage,Visage,0.0000,0.0000,0.0000,0.0000,0.0000,0.0000,-,-,-,-,-,-,-,-,visage/yeux,Local,7,visage/yeux,Local,7
10158,9470849.823,15:38:15:414,Trial020,Eye Tracking (ballon gauche).avi,39,GreenYellow,72.5269,Eye,60,60,,,631.2695762540733,379.07259394357624,629.044356386792,453.49814641785366,Visage,Visage,0.0000,0.0000,0.0000,0.0000,0.0000,0.0000,-,-,-,-,-,-,-,-,visage/yeux,Local,7,visage/yeux,Local,7
10161,9470909.428,15:38:15:474,Trial020,Eye Tracking (ballon gauche).avi,39,GreenYellow,72.5269,Eye,60,60,,,640.1698439974978,395.30266743231294,628.4141698592717,398.3746782889634,-,-,0.0000,0.0000,0.0000,0.0000,0.0000,0.0000,-,-,-,-,-,-,-,-,-,-,-,-,-,-
10164,9470969.188,15:38:15:534,Trial020,Eye Tracking (ballon gauche).avi,39,GreenYellow,72.5269,Eye,60,60,,,644.6441548163933,387.00405263356146,637.2113042774681,445.7892654580844,Visage,Visage,0.0000,0.0000,0.0000,0.0000,0.0000,0.0000,-,-,-,-,-,-,-,-,visage/yeux,Local,7,visage/yeux,Local,7
10167,9471031.731,15:38:15:596,Trial020,Eye Tracking (ballon gauche).avi,39,GreenYellow,72.5269,Eye,60,60,,,652.6647917389824,337.4533186271286,651.2326312725088,494.46070551846145,-,-,0.0000,0.0000,0.0000,0.0000,0.0000,0.0000,-,-,-,-,-,-,-,-,-,-,-,-,-,-
10170,9471088.444,15:38:15:653,Trial020,Eye Tracking (ballon gauche).avi,39,GreenYellow,72.5269,Eye,58,59,,,645.1431790365062,395.88440543423286,657.7361996085879,433.01974058885514,-,-,0.0000,0.0000,0.0000,0.0000,0.0000,0.0000,-,-,-,-,-,-,-,-,-,-,-,-,-,-
10173,9471148.181,15:38:15:713,Trial020,Eye Tracking (ballon gauche).avi,39,GreenYellow,72.5269,Eye,61,61,,,646.7511894650949,445.38883199518483,656.4191986116841,396.6065554989161,Visage,Visage,0.0000,0.0000,0.0000,0.0000,0.0000,0.0000,-,-,-,-,-,-,-,-,visage/yeux,Local,7,visage/yeux,Local,7
10176,9471207.81,15:38:15:772,Trial020,Eye Tracking (ballon gauche).avi,39,GreenYellow,72.5269,Eye,61,61,,,646.5594680909956,362.72960827493336,655.9103064166741,374.8078157466613,Visage,Visage,0.0000,0.0000,0.0000,0.0000,0.0000,0.0000,-,-,-,-,-,-,-,-,visage/yeux,Local,7,visage/yeux,Local,7
10179,9471270.986,15:38:15:835,Trial020,Eye Tracking (ballon gauche).avi,39,GreenYellow,72.5269,Eye,62,62,,,643.2204176634135,379.5676550025951,647.6124324397608,493.20382833406757,Visage,Visage,0.0000,0.0000,0.0000,0.0000,0.0000,0.0000,-,-,-,-,-,-,-,-,visage/yeux,Local,7,visage/yeux,Local,7
10182,9471327.178,15:38:15:892,Trial020,Eye Tracking (ballon gauche).avi,39,GreenYellow,72.5269,Eye,62,62,,,639.2085682731591,404.03372486388446,641.0851208627308,400.82115275702085,Visage,Visage,0.0000,0.0000,0.0000,0.0000,0.0000,0.0000,-,-,-,-,-,-,-,-,visage/yeux,Local,7,visage/yeux,Local,7
10185,9471386.802,15:38:15:951,Trial020,Eye Tracking (ballon gauche).avi,39,GreenYellow,72.5269,Eye,62,62,,,637.3066859663018,344.2165603098007,641.1174220607708,441.74216121319074,Visage,Visage,0.0000,0.0000,0.0000,0.0000,0.0000,0.0000,-,-,-,-,-,-,-,-,visage/yeux,Local,7,visage/yeux,Local,7
10188,9471446.571,15:38:16:011,Trial020,Eye Tracking (ballon gauche).avi,39,GreenYellow,72.5269,Eye,63,63,,,641.3053763924164,435.77400447181594,642.2933532021015,316.4801732842974,-,-,0.0000,0.0000,0.0000,0.0000,0.0000,0.0000,-,-,-,-,-,-,-,-,-,-,-,-,-,-
10191,9471506.18,15:38:16:071,Trial020,Eye Tracking (ballon gauche).avi,39,GreenYellow,72.5269,Eye,63,63,,,638.4818957768466,437.0118278325827,638.070465972966,412.2199094007054,-,-,0.0000,0.0000,0.0000,0.0000,0.0000,0.0000,-,-,-,-,-,-,-,-,-,-,-,-,-,-
10194,9471565.923,15:38:16:130,Trial020,Eye Tracking (ballon gauche).avi,39,GreenYellow,72.5269,Eye,63,63,,,644.892630425991,486.19024099101813,639.9219205362991,418.44400464626125,-,-,0.0000,0.0000,0.0000,0.0000,0.0000,0.0000,-,-,-,-,-,-,-,-,-,-,-,-,-,-
10197,9471625.595,15:38:16:190,Trial020,Eye Tracking (ballon gauche).avi,39,GreenYellow,72.5269,Eye,63,63,,,653.9011878394125,386.2655847905995,641.3926443833784,484.69399294009173,-,-,0.0000,0.0000,0.0000,0.0000,0.0000,0.0000,-,-,-,-,-,-,-,-,-,-,-,-,-,-
10200,9471685.188,15:38:16:250,Trial020,Eye Tracking (ballon gauche).avi,39,GreenYellow,72.5269,Eye,63,63,,,655.3449390205554,397.2837953216752,639.211922378517,431.4505408539211,-,-,0.0000,0.0000,0.0000,0.0000,0.0000,0.0000,-,-,-,-,-,-,-,-,-,-,-,-,-,-
10203,9471751.457,15:38:16:316,Trial020,Eye Tracking (ballon gauche).avi,39,GreenYellow,72.5269,Eye,63,63,,,651.7754670809406,485.6005919214322,639.3562004795625,407.0902031571563,-,-,0.0000,0.0000,0.0000,0.0000,0.0000,0.0000,-,-,-,-,-,-,-,-,-,-,-,-,-,-
10206,9471804.56,15:38:16:369,Trial020,Eye Tracking (ballon gauche).avi,39,GreenYellow,72.5269,Eye,63,63,,,657.5317222835529,335.75756778766925,633.6171235862962,355.31471835906893,-,-,0.0000,0.0000,0.0000,0.0000,0.0000,0.0000,-,-,-,-,-,-,-,-,-,-,-,-,-,-
10209,9471864.364,15:38:16:429,Trial020,Eye Tracking (ballon gauche).avi,39,GreenYellow,72.5269,Eye,64,64,,,653.1052750303211,383.67625355437093,640.2976408811356,378.32003670312184,-,-,0.0000,0.0000,0.0000,0.0000,0.0000,0.0000,-,-,-,-,-,-,-,-,-,-,-,-,-,-
10212,9471923.916,15:38:16:488,Trial020,Eye Tracking (ballon gauche).avi,39,GreenYellow,72.5269,Eye,64,64,,,658.2411955225923,437.77380137962405,643.3811406690266,425.2300317392789,-,-,0.0000,0.0000,0.0000,0.0000,0.0000,0.0000,-,-,-,-,-,-,-,-,-,-,-,-,-,-
10215,9471983.604,15:38:16:548,Trial020,Eye Tracking (ballon gauche).avi,39,GreenYellow,72.5269,Eye,64,64,,,657.4445038283783,380.61922625840964,642.6041799619746,464.9159954099766,-,-,0.0000,0.0000,0.0000,0.0000,0.0000,0.0000,-,-,-,-,-,-,-,-,-,-,-,-,-,-
10218,9472043.315,15:38:16:608,Trial020,Eye Tracking (ballon gauche).avi,39,GreenYellow,72.5269,Eye,64,64,,,660.1420482142587,451.7623220812234,639.2372915837883,462.795615434998,-,-,0.0000,0.0000,0.0000,0.0000,0.0000,0.0000,-,-,-,-,-,-,-,-,-,-,-,-,-,-
10221,9472122.886,15:38:16:687,Trial020,Eye Tracking (ballon gauche).avi,39,GreenYellow,72.5269,Eye,65,65,,,657.4448559359815,453.149250734554,645.5713401273805,346.3119796937955,-,-,0.0000,0.0000,0.0000,0.0000,0.0000,0.0000,-,-,-,-,-,-,-,-,-,-,-,-,-,-
10224,9472182.548,15:38:16:747,Trial020,Eye Tracking (ballon gauche).avi,39,GreenYellow,72.5269,Eye,65,65,,,655.8255986781605,358.1097208557417,639.2224695086984,403.22142675740366,-,-,0.0000,0.0000,0.0000,0.0000,0.0000,0.0000,-,-,-,-,-,-,-,-,-,-,-,-,-,-
10227,9472242.195,15:38:16:807,Trial020,Eye Tracking (ballon gauche).avi,39,GreenYellow,72.5269,Eye,65,65,,,652.641964501326,330.13966972882463,641.8326026551127,461.53145508213686,Visage,Visage,0.0000,0.0000,0.0000,0.0000,0.0000,0.0000,-,-,-,-,-,-,-,-,visage/yeux,Local,7,visage/yeux,Local,7
10230,9472301.797,15:38:16:866,Trial020,Eye Tracking (ballon gauche).avi,39,GreenYellow,72.5269,Eye,65,65,,,654.5548440149292,313.15836896969245,640.9721470992816,378.0691645883847,-,-,0.0000,0.0000,0.0000,0.0000,0.0000,0.0000,-,-,-,-,-,-,-,-,-,-,-,-,-,-
10233,9472361.549,15:38:16:926,Trial020,Eye Tracking (ballon gauche).avi,39,GreenYellow,72.5269,Eye,63,64,,,649.7718204074986,276.2710405962258,638.3879736791592,436.7338325480191,Visage,Visage,0.0000,0.0000,0.0000,0.0000,0.0000,0.0000,-,-,-,-,-,-,-,-,visage/yeux,Local,7,visage/yeux,Local,7
10236,9472454.405,15:38:17:019,Trial020,Eye Tracking (ballon gauche).avi,39,GreenYellow,72.5269,Eye,66,66,,,641.278223465351,348.80901415165516,637.7570253083713,512.0459176662239,Visage,Visage,0.0000,0.0000,0.0000,0.0000,0.0000,0.0000,-,-,-,-,-,-,-,-,visage/yeux,Local,7,visage/yeux,Local,7
10239,9472500.786,15:38:17:065,Trial020,Eye Tracking (ballon gauche).avi,39,GreenYellow,72.5269,Eye,66,66,,,640.5469275150377,284.22644924261135,635.6692262850906,366.7005524690931,Visage,Visage,0.0000,0.0000,0.0000,0.0000,0.0000,0.0000,-,-,-,-,-,-,-,-,visage/yeux,Local,7,visage/yeux,Local,7
10242,9472560.408,15:38:17:125,Trial020,Eye Tracking (ballon gauche).avi,39,GreenYellow,72.5269,Eye,66,66,,,637.7931924009666,378.7510052096444,630.6774813507703,392.56430549798074,Visage,Visage,0.0000,0.0000,0.0000,0.0000,0.0000,0.0000,-,-,-,-,-,-,-,-,visage/yeux,Local,7,visage/yeux,Local,7
10245,9472620.045,15:38:17:184,Trial020,Eye Tracking (ballon gauche).avi,39,GreenYellow,72.5269,Eye,66,66,,,641.7309099553446,367.8450798346516,631.1954369921287,345.9113449072332,Visage,Visage,0.0000,0.0000,0.0000,0.0000,0.0000,0.0000,-,-,-,-,-,-,-,-,visage/yeux,Local,7,visage/yeux,Local,7
10248,9472679.795,15:38:17:244,Trial020,Eye Tracking (ballon gauche).avi,39,GreenYellow,72.5269,Eye,64,65,,,640.5484896279048,492.8914889929459,624.150640151782,369.0870221223379,Visage,Visage,0.0000,0.0000,0.0000,0.0000,0.0000,0.0000,-,-,-,-,-,-,-,-,visage/yeux,Local,7,visage/yeux,Local,7
10251,9472739.402,15:38:17:304,Trial020,Eye Tracking (ballon gauche).avi,39,GreenYellow,72.5269,Eye,67,67,,,636.8691150710727,350.8651271682555,631.8267891783385,482.3421893961067,-,-,0.0000,0.0000,0.0000,0.0000,0.0000,0.0000,-,-,-,-,-,-,-,-,-,-,-,-,-,-
10254,9472799.157,15:38:17:364,Trial020,Eye Tracking (ballon gauche).avi,39,GreenYellow,72.5269,Eye,65,66,,,643.0567167641833,339.50953327333605,637.5533826517731,349.21040896318846,Visage,Visage,0.0000,0.0000,0.0000,0.0000,0.0000,0.0000,-,-,-,-,-,-,-,-,visage/yeux,Local,7,visage/yeux,Local,7
10257,9472871.582,15:38:17:436,Trial020,Eye Tracking (ballon gauche).avi,39,GreenYellow,72.5269,Eye,68,68,,,639.8386790061247,346.1237905032215,636.5323478712894,396.83370267148365,-,-,0.0000,0.0000,0.0000,0.0000,0.0000,0.0000,-,-,-,-,-,-,-,-,-,-,-,-,-,-
10260,9472918.39,15:38:17:483,Trial020,Eye Tracking (ballon gauche).avi,39,GreenYellow,72.5269,Eye,68,68,,,634.2582600476106,345.644300952066,635.5619490693254,450.50603902484784,-,-,0.0000,0.0000,0.0000,0.0000,0.0000,0.0000,-,-,-,-,-,-,-,-,-,-,-,-,-,-
10263,9472992.678,15:38:17:557,Trial020,Eye Tracking (ballon gauche).avi,39,GreenYellow,72.5269,Eye,68,68,,,628.3282770237547,445.3998751254768,631.8867310045806,358.9833793103376,Visage,Visage,0.0000,0.0000,0.0000,0.0000,0.0000,0.0000,-,-,-,-,-,-,-,-,visage/yeux,Local,7,visage/yeux,Local,7
10266,9473037.774,15:38:17:602,Trial020,Eye Tracking (ballon gauche).avi,39,GreenYellow,72.5269,Eye,68,68,,,632.2837409532416,412.94444953227816,635.8510233607872,377.69308322615893,-,-,0.0000,0.0000,0.0000,0.0000,0.0000,0.0000,-,-,-,-,-,-,-,-,-,-,-,-,-,-
10269,9473097.417,15:38:17:662,Trial020,Eye Tracking (ballon gauche).avi,39,GreenYellow,72.5269,Eye,66,67,,,632.2895678158933,385.6767012535137,639.2512971794622,402.1336076089546,-,-,0.0000,0.0000,0.0000,0.0000,0.0000,0.0000,-,-,-,-,-,-,-,-,-,-,-,-,-,-
10272,9473157.144,15:38:17:722,Trial020,Eye Tracking (ballon gauche).avi,39,GreenYellow,72.5269,Eye,69,69,,,639.7687316317326,453.3945135570293,640.749370196833,341.6582405180008,Visage,Visage,0.0000,0.0000,0.0000,0.0000,0.0000,0.0000,-,-,-,-,-,-,-,-,visage/yeux,Local,7,visage/yeux,Local,7
10275,9473216.772,15:38:17:781,Trial020,Eye Tracking (ballon gauche).avi,39,GreenYellow,72.5269,Eye,69,69,,,641.5600044099926,357.2177768791478,639.6253560061305,449.6860980098564,-,-,0.0000,0.0000,0.0000,0.0000,0.0000,0.0000,-,-,-,-,-,-,-,-,-,-,-,-,-,-
10278,9473276.521,15:38:17:841,Trial020,Eye Tracking (ballon gauche).avi,39,GreenYellow,72.5269,Eye,69,69,,,643.9613939585105,381.8017795035642,636.1078879228912,398.40616678612173,Visage,Visage,0.0000,0.0000,0.0000,0.0000,0.0000,0.0000,-,-,-,-,-,-,-,-,visage/yeux,Local,7,visage/yeux,Local,7
10281,9473336.154,15:38:17:901,Trial020,Eye Tracking (ballon gauche).avi,39,GreenYellow,72.5269,Eye,69,69,,,644.4268508607659,403.09980203938306,636.4260077436111,350.7354345508431,-,-,0.0000,0.0000,0.0000,0.0000,0.0000,0.0000,-,-,-,-,-,-,-,-,-,-,-,-,-,-
10284,9473395.772,15:38:17:960,Trial020,Eye Tracking (ballon gauche).avi,39,GreenYellow,72.5269,Eye,67,68,,,638.0541449020157,337.4735153242478,637.5286317220052,408.7937047386833,-,-,0.0000,0.0000,0.0000,0.0000,0.0000,0.0000,-,-,-,-,-,-,-,-,-,-,-,-,-,-
10287,9473455.524,15:38:18:020,Trial020,Eye Tracking (ballon gauche).avi,39,GreenYellow,72.5269,Eye,70,70,,,638.8579140301505,465.43844632047075,638.4255374849715,499.8442019692416,-,-,0.0000,0.0000,0.0000,0.0000,0.0000,0.0000,-,-,-,-,-,-,-,-,-,-,-,-,-,-
10290,9473538.673,15:38:18:103,Trial020,Eye Tracking (ballon gauche).avi,39,GreenYellow,72.5269,Eye,70,70,,,636.8011026600245,421.4095357907376,634.6895655187396,443.54848689146337,-,-,0.0000,0.0000,0.0000,0.0000,0.0000,0.0000,-,-,-,-,-,-,-,-,-,-,-,-,-,-
10293,9473594.757,15:38:18:159,Trial020,Eye Tracking (ballon gauche).avi,39,GreenYellow,72.5269,Eye,70,70,,,636.7138468099462,437.7994262637785,634.917723517483,500.7179815677032,-,-,0.0000,0.0000,0.0000,0.0000,0.0000,0.0000,-,-,-,-,-,-,-,-,-,-,-,-,-,-
10296,9473654.392,15:38:18:219,Trial020,Eye Tracking (ballon gauche).avi,39,GreenYellow,72.5269,Eye,71,71,,,627.179279819178,505.262152040792,640.1136694878925,476.6407115303308,-,-,0.0000,0.0000,0.0000,0.0000,0.0000,0.0000,-,-,-,-,-,-,-,-,-,-,-,-,-,-
10299,9473715.339,15:38:18:280,Trial020,Eye Tracking (ballon gauche).avi,39,GreenYellow,72.5269,Eye,71,71,,,638.2713778657906,399.2163597667683,636.8421041530391,449.6089822462528,-,-,0.0000,0.0000,0.0000,0.0000,0.0000,0.0000,-,-,-,-,-,-,-,-,-,-,-,-,-,-
10302,9473773.775,15:38:18:338,Trial020,Eye Tracking (ballon gauche).avi,39,GreenYellow,72.5269,Eye,71,71,,,637.1473131962408,463.6987121474623,636.3773647303381,440.4555626520761,-,-,0.0000,0.0000,0.0000,0.0000,0.0000,0.0000,-,-,-,-,-,-,-,-,-,-,-,-,-,-
10305,9473833.371,15:38:18:398,Trial020,Eye Tracking (ballon gauche).avi,39,GreenYellow,72.5269,Eye,69,70,,,637.0748764131154,487.170991114354,630.6938847422571,488.62098192775215,-,-,0.0000,0.0000,0.0000,0.0000,0.0000,0.0000,-,-,-,-,-,-,-,-,-,-,-,-,-,-
10308,9473953.648,15:38:18:518,Trial020,Eye Tracking (ballon gauche).avi,39,GreenYellow,72.5269,Eye,69,70,,,541.9633178558345,326.4766598533488,537.1775741026909,430.9259193089365,-,-,0.0000,0.0000,0.0000,0.0000,0.0000,0.0000,-,-,-,-,-,-,-,-,-,-,-,-,-,-
10311,9474032.387,15:38:18:597,Trial020,Eye Tracking (ballon gauche).avi,39,GreenYellow,72.5269,Eye,72,72,,,582.5301269583427,407.32020754491765,566.1581741840866,427.3011890806483,Visage,Visage,0.0000,0.0000,0.0000,0.0000,0.0000,0.0000,-,-,-,-,-,-,-,-,visage/yeux,Local,7,visage/yeux,Local,7
10314,9474111.883,15:38:18:676,Trial020,Eye Tracking (ballon gauche).avi,39,GreenYellow,72.5269,Eye,72,72,,,601.5089636558778,376.771110427657,597.6096007889381,354.6634674119894,Visage,Visage,0.0000,0.0000,0.0000,0.0000,0.0000,0.0000,-,-,-,-,-,-,-,-,visage/yeux,Local,7,visage/yeux,Local,7
10317,9474191.506,15:38:18:756,Trial020,Eye Tracking (ballon gauche).avi,39,GreenYellow,72.5269,Eye,72,72,,,615.6189767323565,496.66129061051396,614.6806913886538,375.920942321314,Visage,Visage,0.0000,0.0000,0.0000,0.0000,0.0000,0.0000,-,-,-,-,-,-,-,-,visage/yeux,Local,7,visage/yeux,Local,7
10320,9474290.886,15:38:18:855,Trial020,Eye Tracking (ballon gauche).avi,39,GreenYellow,72.5269,Eye,70,71,,,628.9869155287068,373.08535329956163,617.5080680676674,363.9067065757824,Visage,Visage,0.0000,0.0000,0.0000,0.0000,0.0000,0.0000,-,-,-,-,-,-,-,-,visage/yeux,Local,7,visage/yeux,Local,7
10323,9474410.252,15:38:18:975,Trial020,Eye Tracking (ballon gauche).avi,39,GreenYellow,72.5269,Eye,73,73,,,637.24410357118,458.3174543162987,634.6496582756699,404.7242078397616,Visage,Visage,0.0000,0.0000,0.0000,0.0000,0.0000,0.0000,-,-,-,-,-,-,-,-,visage/yeux,Local,7,visage/yeux,Local,7
10326,9474529.641,15:38:19:094,Trial020,Eye Tracking (ballon gauche).avi,39,GreenYellow,72.5269,Eye,71,72,,,641.887646504492,339.9218513499755,627.4357099527972,442.7248776875137,-,-,0.0000,0.0000,0.0000,0.0000,0.0000,0.0000,-,-,-,-,-,-,-,-,-,-,-,-,-,-
10329,9474609.118,15:38:19:174,Trial020,Eye Tracking (ballon gauche).avi,39,GreenYellow,72.5269,Eye,71,72,,,642.7586754977547,426.984609300335,632.0866624991621,398.0959680519089,Visage,Visage,0.0000,0.0000,0.0000,0.0000,0.0000,0.0000,-,-,-,-,-,-,-,-,visage/yeux,Local,7,visage/yeux,Local,7
10332,9474668.865,15:38:19:233,Trial020,Eye Tracking (ballon gauche).avi,39,GreenYellow,72.5269,Eye,71,72,,,641.0364751860955,380.61807524763765,635.3377087283706,428.30921868283474,-,-,0.0000,0.0000,0.0000,0.0000,0.0000,0.0000,-,-,-,-,-,-,-,-,-,-,-,-,-,-
10335,9474748.36,15:38:19:313,Trial020,Eye Tracking (ballon gauche).avi,39,GreenYellow,72.5269,Eye,71,72,,,640.4694689871145,412.6355275712018,647.8558019638668,463.4893920772097,Visage,Visage,0.0000,0.0000,0.0000,0.0000,0.0000,0.0000,-,-,-,-,-,-,-,-,visage/yeux,Local,7,visage/yeux,Local,7
10338,9474808.0,15:38:19:372,Trial020,Eye Tracking (ballon gauche).avi,39,GreenYellow,72.5269,Eye,71,72,,,644.5845968476572,319.82991288277947,650.7579631466153,394.58073838417323,Visage,Visage,0.0000,0.0000,0.0000,0.0000,0.0000,0.0000,-,-,-,-,-,-,-,-,visage/yeux,Local,7,visage/yeux,Local,7
10341,9474867.737,15:38:19:432,Trial020,Eye Tracking (ballon gauche).avi,39,GreenYellow,72.5269,Eye,71,72,,,652.7944177497507,335.5388398902785,644.324546236291,333.5147714734212,Visage,Visage,0.0000,0.0000,0.0000,0.0000,0.0000,0.0000,-,-,-,-,-,-,-,-,visage/yeux,Local,7,visage/yeux,Local,7
10344,9474947.247,15:38:19:512,Trial020,Eye Tracking (ballon gauche).avi,39,GreenYellow,72.5269,Eye,74,74,,,654.499482601056,340.18536981904674,649.3491754087462,367.133837640719,Visage,Visage,0.0000,0.0000,0.0000,0.0000,0.0000,0.0000,-,-,-,-,-,-,-,-,visage/yeux,Local,7,visage/yeux,Local,7
10347,9475006.995,15:38:19:571,Trial020,Eye Tracking (ballon gauche).avi,39,GreenYellow,72.5269,Eye,74,74,,,657.0823603696051,465.4185448259465,657.3743378296607,408.5513696973181,Visage,Visage,0.0000,0.0000,0.0000,0.0000,0.0000,0.0000,-,-,-,-,-,-,-,-,visage/yeux,Local,7,visage/yeux,Local,7
10350,9475086.491,15:38:19:651,Trial020,Eye Tracking (ballon gauche).avi,39,GreenYellow,72.5269,Eye,72,73,,,649.9041145212839,487.86358432745584,643.1873201406105,341.1179722715221,Visage,Visage,0.0000,0.0000,0.0000,0.0000,0.0000,0.0000,-,-,-,-,-,-,-,-,visage/yeux,Local,7,visage/yeux,Local,7
10353,9475166.126,15:38:19:731,Trial020,Eye Tracking (ballon gauche).avi,39,GreenYellow,72.5269,Eye,75,75,,,643.4002430285311,340.9530573763071,633.6163129961982,403.21062681045606,Visage,Visage,0.0000,0.0000,0.0000,0.0000,0.0000,0.0000,-,-,-,-,-,-,-,-,visage/yeux,Local,7,visage/yeux,Local,7
10356,9475225.74,15:38:19:790,Trial020,Eye Tracking (ballon gauche).avi,39,GreenYellow,72.5269,Eye,75,75,,,639.4317202091544,403.603249284332,641.3480141798154,300.88223860702266,Visage,Visage,0.0000,0.0000,0.0000,0.0000,0.0000,0.0000,-,-,-,-,-,-,-,-,visage/yeux,Local,7,visage/yeux,Local,7
10359,9475285.504,15:38:19:850,Trial020,Eye Tracking (ballon gauche).avi,39,GreenYellow,72.5269,Eye,75,75,,,636.8944817075821,359.6305618256163,645.4333725499661,379.12859139424074,Visage,Visage,0.0000,0.0000,0.0000,0.0000,0.0000,0.0000,-,-,-,-,-,-,-,-,visage/yeux,Local,7,visage/yeux,Local,7
10362,9475345.266,15:38:19:910,Trial020,Eye Tracking (ballon gauche).avi,39,GreenYellow,72.5269,Eye,75,75,,,636.8071630519988,365.93637213861876,647.1553108810014,442.251634681997,Visage,Visage,0.0000,0.0000,0.0000,0.0000,0.0000,0.0000,-,-,-,-,-,-,-,-,visage/yeux,Local,7,visage/yeux,Local,7
10365,9475424.665,15:38:19:989,Trial020,Eye Tracking (ballon gauche).avi,39,GreenYellow,72.5269,Eye,76,76,,,639.5989166896669,346.2979408961025,635.6825116363623,350.0183903687046,Visage,Visage,0.0000,0.0000,0.0000,0.0000,0.0000,0.0000,-,-,-,-,-,-,-,-,visage/yeux,Local,7,visage/yeux,Local,7
10368,9475543.999,15:38:20:108,Trial020,Eye Tracking (ballon gauche).avi,39,GreenYellow,72.5269,Eye,74,75,,,640.0066839840719,367.0232329611523,631.789591941971,348.70487970225787,Visage,Visage,0.0000,0.0000,0.0000,0.0000,0.0000,0.0000,-,-,-,-,-,-,-,-,visage/yeux,Local,7,visage/yeux,Local,7
10371,9475603.73,15:38:20:168,Trial020,Eye Tracking (ballon gauche).avi,39,GreenYellow,72.5269,Eye,77,77,,,639.075159059317,263.24613544438546,627.26970406137,365.2409034910641,Visage,Visage,0.0000,0.0000,0.0000,0.0000,0.0000,0.0000,-,-,-,-,-,-,-,-,visage/yeux,Local,7,visage/yeux,Local,7
10374,9475703.111,15:38:20:268,Trial020,Eye Tracking (ballon gauche).avi,39,GreenYellow,72.5269,Eye,77,77,,,642.8126211140632,461.5304613588179,631.1526902402869,336.83416197681447,Visage,Visage,0.0000,0.0000,0.0000,0.0000,0.0000,0.0000,-,-,-,-,-,-,-,-,visage/yeux,Local,7,visage/yeux,Local,7
10377,9475762.884,15:38:20:327,Trial020,Eye Tracking (ballon gauche).avi,39,GreenYellow,72.5269,Eye,75,76,,,641.3526236993509,433.2466892546769,636.8135740541115,435.5483083922553,Visage,Visage,0.0000,0.0000,0.0000,0.0000,0.0000,0.0000,-,-,-,-,-,-,-,-,visage/yeux,Local,7,visage/yeux,Local,7
10380,9475862.253,15:38:20:427,Trial020,Eye Tracking (ballon gauche).avi,39,GreenYellow,72.5269,Eye,75,76,,,641.8224908009771,322.63800832209154,639.4804074112756,417.1842936088205,-,-,0.0000,0.0000,0.0000,0.0000,0.0000,0.0000,-,-,-,-,-,-,-,-,-,-,-,-,-,-
10383,9475941.861,15:38:20:506,Trial020,Eye Tracking (ballon gauche).avi,39,GreenYellow,72.5269,Eye,78,78,,,642.6926991414458,407.6116917467985,648.7792815770221,452.7498102336832,Visage,Visage,0.0000,0.0000,0.0000,0.0000,0.0000,0.0000,-,-,-,-,-,-,-,-,visage/yeux,Local,7,visage/yeux,Local,7
10386,9476021.38,15:38:20:586,Trial020,Eye Tracking (ballon gauche).avi,39,GreenYellow,72.5269,Eye,76,77,,,647.1760416243283,417.7501543235953,651.8356147513282,370.2050696263148,Visage,Visage,0.0000,0.0000,0.0000,0.0000,0.0000,0.0000,-,-,-,-,-,-,-,-,visage/yeux,Local,7,visage/yeux,Local,7
10389,9476081.106,15:38:20:646,Trial020,Eye Tracking (ballon gauche).avi,39,GreenYellow,72.5269,Eye,79,79,,,649.7550854980693,347.1014204995554,660.8066675339588,387.688443011612,Visage,Visage,0.0000,0.0000,0.0000,0.0000,0.0000,0.0000,-,-,-,-,-,-,-,-,visage/yeux,Local,7,visage/yeux,Local,7
10392,9476140.724,15:38:20:705,Trial020,Eye Tracking (ballon gauche).avi,39,GreenYellow,72.5269,Eye,79,79,,,656.8834303317552,386.54742458941723,660.2447948345139,348.89647154024675,Visage,Visage,0.0000,0.0000,0.0000,0.0000,0.0000,0.0000,-,-,-,-,-,-,-,-,visage/yeux,Local,7,visage/yeux,Local,7
10395,9476200.36,15:38:20:765,Trial020,Eye Tracking (ballon gauche).avi,39,GreenYellow,72.5269,Eye,77,78,,,652.5677892247668,458.4686085698681,657.3843809482061,292.73404400891934,Visage,Visage,0.0000,0.0000,0.0000,0.0000,0.0000,0.0000,-,-,-,-,-,-,-,-,visage/yeux,Local,7,visage/yeux,Local,7
10398,9476279.974,15:38:20:844,Trial020,Eye Tracking (ballon gauche).avi,39,GreenYellow,72.5269,Eye,77,78,,,658.4343742392773,384.1836258381087,664.2050701964218,339.08501312797796,Visage,Visage,0.0000,0.0000,0.0000,0.0000,0.0000,0.0000,-,-,-,-,-,-,-,-,visage/yeux,Local,7,visage/yeux,Local,7
10401,9476354.035,15:38:20:918,Trial020,Eye Tracking (ballon gauche).avi,39,GreenYellow,72.5269,Eye,77,78,,,708.1614780090429,396.08227339348315,715.2659040935492,386.9593968419747,-,-,0.0000,0.0000,0.0000,0.0000,0.0000,0.0000,-,-,-,-,-,-,-,-,-,-,-,-,-,-
10404,9476439.095,15:38:21:004,Trial020,Eye Tracking (ballon gauche).avi,39,GreenYellow,72.5269,Eye,80,80,,,755.9934797746704,386.89396886356474,776.1337962524428,400.2857533275651,-,-,0.0000,0.0000,0.0000,0.0000,0.0000,0.0000,-,-,-,-,-,-,-,-,-,-,-,-,-,-
10407,9476538.611,15:38:21:103,Trial020,Eye Tracking (ballon gauche).avi,39,GreenYellow,72.5269,Eye,80,80,,,800.3035811736972,368.08128965370065,807.6935187863452,403.849714803255,-,-,0.0000,0.0000,0.0000,0.0000,0.0000,0.0000,-,-,-,-,-,-,-,-,-,-,-,-,-,-
10410,9476618.113,15:38:21:183,Trial020,Eye Tracking (ballon gauche).avi,39,GreenYellow,72.5269,Eye,78,79,,,839.6714040646792,360.54068577149627,840.9482276316378,317.78800962013133,-,-,0.0000,0.0000,0.0000,0.0000,0.0000,0.0000,-,-,-,-,-,-,-,-,-,-,-,-,-,-
10413,9476677.715,15:38:21:242,Trial020,Eye Tracking (ballon gauche).avi,39,GreenYellow,72.5269,Eye,78,79,,,867.8585517661098,359.6923007071871,865.4822234030567,348.9328713836941,-,-,0.0000,0.0000,0.0000,0.0000,0.0000,0.0000,-,-,-,-,-,-,-,-,-,-,-,-,-,-
10416,9476777.224,15:38:21:342,Trial020,Eye Tracking (ballon gauche).avi,39,GreenYellow,72.5269,Eye,78,79,,,881.0006185004077,404.4021041939969,891.9402835649757,367.5017466917068,-,-,0.0000,0.0000,0.0000,0.0000,0.0000,0.0000,-,-,-,-,-,-,-,-,-,-,-,-,-,-
10419,9476836.829,15:38:21:401,Trial020,Eye Tracking (ballon gauche).avi,39,GreenYellow,72.5269,Eye,78,79,,,725.0348529803051,315.2538708018074,733.2396017787311,296.87055513944824,-,-,0.0000,0.0000,0.0000,0.0000,0.0000,0.0000,-,-,-,-,-,-,-,-,-,-,-,-,-,-
10422,9476936.363,15:38:21:501,Trial020,Eye Tracking (ballon gauche).avi,39,GreenYellow,72.5269,Eye,78,79,,,608.0005024939128,335.3861424638767,614.1540640927323,328.64036121095666,-,-,0.0000,0.0000,0.0000,0.0000,0.0000,0.0000,-,-,-,-,-,-,-,-,-,-,-,-,-,-
10425,9477035.815,15:38:21:600,Trial020,Eye Tracking (ballon gauche).avi,39,GreenYellow,72.5269,Eye,78,79,,,628.404950200573,304.4930257491296,634.0819250446069,350.47505981169076,-,-,0.0000,0.0000,0.0000,0.0000,0.0000,0.0000,-,-,-,-,-,-,-,-,-,-,-,-,-,-
10428,9477155.072,15:38:21:719,Trial020,Eye Tracking (ballon gauche).avi,39,GreenYellow,72.5269,Eye,78,79,,,630.266170147236,385.08417908847,642.1438256337052,316.9726936692914,-,-,0.0000,0.0000,0.0000,0.0000,0.0000,0.0000,-,-,-,-,-,-,-,-,-,-,-,-,-,-
10431,9477254.579,15:38:21:819,Trial020,Eye Tracking (ballon gauche).avi,39,GreenYellow,72.5269,Eye,81,81,,,644.6388523546427,353.5670798733305,651.415712639151,393.58604451633806,Visage,Visage,0.0000,0.0000,0.0000,0.0000,0.0000,0.0000,-,-,-,-,-,-,-,-,visage/yeux,Local,7,visage/yeux,Local,7
10434,9477314.222,15:38:21:879,Trial020,Eye Tracking (ballon gauche).avi,39,GreenYellow,72.5269,Eye,81,81,,,642.936007907468,452.11491234360466,657.5234981648483,356.8136995136998,Visage,Visage,0.0000,0.0000,0.0000,0.0000,0.0000,0.0000,-,-,-,-,-,-,-,-,visage/yeux,Local,7,visage/yeux,Local,7
10437,9477373.962,15:38:21:938,Trial020,Eye Tracking (ballon gauche).avi,39,GreenYellow,72.5269,Eye,79,80,,,645.0659175296547,359.2569449837895,666.4009492497964,337.0312870434268,Visage,Visage,0.0000,0.0000,0.0000,0.0000,0.0000,0.0000,-,-,-,-,-,-,-,-,visage/yeux,Local,7,visage/yeux,Local,7
10440,9477433.59,15:38:21:998,Trial020,Eye Tracking (ballon gauche).avi,39,GreenYellow,72.5269,Eye,82,82,,,658.0610931172696,373.642042415716,668.15099107237,331.03684338851036,Visage,Visage,0.0000,0.0000,0.0000,0.0000,0.0000,0.0000,-,-,-,-,-,-,-,-,visage/yeux,Local,7,visage/yeux,Local,7
10443,9477513.207,15:38:22:078,Trial020,Eye Tracking (ballon gauche).avi,39,GreenYellow,72.5269,Eye,82,82,,,660.4820674635979,379.6461339825164,673.8149407391211,338.9620093277297,Visage,Visage,0.0000,0.0000,0.0000,0.0000,0.0000,0.0000,-,-,-,-,-,-,-,-,visage/yeux,Local,7,visage/yeux,Local,7
10446,9477592.705,15:38:22:157,Trial020,Eye Tracking (ballon gauche).avi,39,GreenYellow,72.5269,Eye,-,-,,,673.284935924446,277.6986758916611,683.2289481040967,304.31585617616184,Visage,Visage,0.0000,0.0000,0.0000,0.0000,0.0000,0.0000,-,-,-,-,-,-,-,-,visage/yeux,Local,7,visage/yeux,Local,7
10449,9477672.315,15:38:22:237,Trial020,Eye Tracking (ballon gauche).avi,39,GreenYellow,72.5269,Eye,-,-,,,666.7375825175103,468.2877660636259,688.8485276904859,369.7392721990126,Visage,Visage,0.0000,0.0000,0.0000,0.0000,0.0000,0.0000,-,-,-,-,-,-,-,-,visage/yeux,Local,7,visage/yeux,Local,7
10452,9477731.949,15:38:22:296,Trial020,Eye Tracking (ballon gauche).avi,39,GreenYellow,72.5269,Eye,-,-,,,674.4568909654323,315.82407275845907,682.5615808579034,376.1742147291725,Visage,Visage,0.0000,0.0000,0.0000,0.0000,0.0000,0.0000,-,-,-,-,-,-,-,-,visage/yeux,Local,7,visage/yeux,Local,7
10455,9477811.574,15:38:22:376,Trial020,Eye Tracking (ballon gauche).avi,39,GreenYellow,72.5269,Eye,-,-,,,693.1523327051306,304.7768673240181,695.8355576192479,448.7800641988036,-,-,0.0000,0.0000,0.0000,0.0000,0.0000,0.0000,-,-,-,-,-,-,-,-,-,-,-,-,-,-
10458,9477871.194,15:38:22:436,Trial020,Eye Tracking (ballon gauche).avi,39,GreenYellow,72.5269,Eye,5,7,,,584.0274449115294,340.6542286918652,586.0398635971173,335.93107128210846,-,-,0.0000,0.0000,0.0000,0.0000,0.0000,0.0000,-,-,-,-,-,-,-,-,-,-,-,-,-,-
10461,9477930.816,15:38:22:495,Trial020,Eye Tracking (ballon gauche).avi,39,GreenYellow,72.5269,Eye,5,7,,,502.1272127400449,309.9063529319483,503.63652675423594,302.0132274745237,-,-,0.0000,0.0000,0.0000,0.0000,0.0000,0.0000,-,-,-,-,-,-,-,-,-,-,-,-,-,-
10464,9478112.627,15:38:22:677,Trial020,Eye Tracking (ballon gauche).avi,39,GreenYellow,72.5269,Eye,5,7,,,440.75031340414125,299.1476406614918,441.88229891478454,295.5119248171894,-,-,0.0000,0.0000,0.0000,0.0000,0.0000,0.0000,-,-,-,-,-,-,-,-,-,-,-,-,-,-
10467,9478414.959,15:38:22:979,Trial020,Eye Tracking (ballon gauche).avi,39,GreenYellow,72.5269,Eye,80,81,,,510.7796586175899,274.49315303109046,500.8146193044294,275.71007917275307,Visage,Visage,0.0000,0.0000,0.0000,0.0000,0.0000,0.0000,-,-,-,-,-,-,-,-,visage/yeux,Local,7,visage/yeux,Local,7
10470,9478499.355,15:38:23:064,Trial020,Eye Tracking (ballon gauche).avi,39,GreenYellow,72.5269,Eye,80,81,,,556.1947637661722,328.5726649790121,547.5936425093939,368.07232219739757,-,-,0.0000,0.0000,0.0000,0.0000,0.0000,0.0000,-,-,-,-,-,-,-,-,-,-,-,-,-,-
10473,9478574.052,15:38:23:138,Trial020,Eye Tracking (ballon gauche).avi,39,GreenYellow,72.5269,Eye,80,81,,,598.7814926764336,217.97694016512565,573.7518806105029,331.8777038869988,Visage,Visage,0.0000,0.0000,0.0000,0.0000,0.0000,0.0000,-,-,-,-,-,-,-,-,visage/yeux,Local,7,visage/yeux,Local,7
10476,9478654.863,15:38:23:219,Trial020,Eye Tracking (ballon gauche).avi,39,GreenYellow,72.5269,Eye,80,81,,,602.8895259376127,364.5120868906101,593.0359948097096,241.01640781350835,Visage,Visage,0.0000,0.0000,0.0000,0.0000,0.0000,0.0000,-,-,-,-,-,-,-,-,visage/yeux,Local,7,visage/yeux,Local,7
10479,9478754.438,15:38:23:319,Trial020,Eye Tracking (ballon gauche).avi,39,GreenYellow,72.5269,Eye,83,83,,,624.682648195678,249.58210769907737,616.793293392638,371.77506868876503,Visage,Visage,0.0000,0.0000,0.0000,0.0000,0.0000,0.0000,-,-,-,-,-,-,-,-,visage/yeux,Local,7,visage/yeux,Local,7
10482,9478812.686,15:38:23:377,Trial020,Eye Tracking (ballon gauche).avi,39,GreenYellow,72.5269,Eye,81,82,,,631.8406657525018,271.287104424213,625.4961481826035,197.3009301254274,Visage,Visage,0.0000,0.0000,0.0000,0.0000,0.0000,0.0000,-,-,-,-,-,-,-,-,visage/yeux,Local,7,visage/yeux,Local,7
10485,9478878.46,15:38:23:443,Trial020,Eye Tracking (ballon gauche).avi,39,GreenYellow,72.5269,Eye,81,82,,,637.9714706101818,365.20372362055434,637.8697746115463,362.0295490895797,Visage,Visage,0.0000,0.0000,0.0000,0.0000,0.0000,0.0000,-,-,-,-,-,-,-,-,visage/yeux,Local,7,visage/yeux,Local,7
10488,9478978.85,15:38:23:543,Trial020,Eye Tracking (ballon gauche).avi,39,GreenYellow,72.5269,Eye,81,82,,,644.2067285234918,430.89814928540085,654.4035944964016,280.676413452046,-,-,0.0000,0.0000,0.0000,0.0000,0.0000,0.0000,-,-,-,-,-,-,-,-,-,-,-,-,-,-
10491,9479064.783,15:38:23:629,Trial020,Eye Tracking (ballon gauche).avi,39,GreenYellow,72.5269,Eye,84,84,,,657.0128524686102,426.368162049167,661.4341864403136,253.72672673020082,Visage,Visage,0.0000,0.0000,0.0000,0.0000,0.0000,0.0000,-,-,-,-,-,-,-,-,visage/yeux,Local,7,visage/yeux,Local,7
10494,9479149.932,15:38:23:714,Trial020,Eye Tracking (ballon gauche).avi,39,GreenYellow,72.5269,Eye,84,84,,,659.9779078022817,322.02823367074564,666.9625219469139,379.4601000370208,Visage,Visage,0.0000,0.0000,0.0000,0.0000,0.0000,0.0000,-,-,-,-,-,-,-,-,visage/yeux,Local,7,visage/yeux,Local,7
10497,9479210.528,15:38:23:775,Trial020,Eye Tracking (ballon gauche).avi,39,GreenYellow,72.5269,Eye,84,84,,,669.175056758882,370.2130416736816,668.1003000984254,272.7753794112615,Visage,Visage,0.0000,0.0000,0.0000,0.0000,0.0000,0.0000,-,-,-,-,-,-,-,-,visage/yeux,Local,7,visage/yeux,Local,7
10500,9479274.835,15:38:23:839,Trial020,Eye Tracking (ballon gauche).avi,39,GreenYellow,72.5269,Eye,85,85,,,671.3623796558155,311.33733209764665,669.4850793003451,396.79791364756716,Visage,Visage,0.0000,0.0000,0.0000,0.0000,0.0000,0.0000,-,-,-,-,-,-,-,-,visage/yeux,Local,7,visage/yeux,Local,7
10503,9479329.801,15:38:23:894,Trial020,Eye Tracking (ballon gauche).avi,39,GreenYellow,72.5269,Eye,85,85,,,669.7217989837982,360.61140450712924,669.6952460018782,370.9366356814428,Visage,Visage,0.0000,0.0000,0.0000,0.0000,0.0000,0.0000,-,-,-,-,-,-,-,-,visage/yeux,Local,7,visage/yeux,Local,7
10506,9479389.565,15:38:23:954,Trial020,Eye Tracking (ballon gauche).avi,39,GreenYellow,72.5269,Eye,83,84,,,670.1034685001523,296.5302925029716,678.0132161637365,337.662530402182,Visage,Visage,0.0000,0.0000,0.0000,0.0000,0.0000,0.0000,-,-,-,-,-,-,-,-,visage/yeux,Local,7,visage/yeux,Local,7
10509,9479449.166,15:38:24:014,Trial020,Eye Tracking (ballon gauche).avi,39,GreenYellow,72.5269,Eye,86,86,,,677.9720839515807,350.6558959802841,669.3534116077313,317.63963344705354,Visage,Visage,0.0000,0.0000,0.0000,0.0000,0.0000,0.0000,-,-,-,-,-,-,-,-,visage/yeux,Local,7,visage/yeux,Local,7
10512,9479508.906,15:38:24:073,Trial020,Eye Tracking (ballon gauche).avi,39,GreenYellow,72.5269,Eye,86,86,,,687.6302760817468,388.19283574807366,671.0229528025881,377.8297256244552,Visage,Visage,0.0000,0.0000,0.0000,0.0000,0.0000,0.0000,-,-,-,-,-,-,-,-,visage/yeux,Local,7,visage/yeux,Local,7
10515,9479568.532,15:38:24:133,Trial020,Eye Tracking (ballon gauche).avi,39,GreenYellow,72.5269,Eye,84,85,,,677.078374568975,356.5690993590239,672.0000278008101,381.06125902430216,Visage,Visage,0.0000,0.0000,0.0000,0.0000,0.0000,0.0000,-,-,-,-,-,-,-,-,visage/yeux,Local,7,visage/yeux,Local,7
10518,9479648.032,15:38:24:212,Trial020,Eye Tracking (ballon gauche).avi,39,GreenYellow,72.5269,Eye,87,87,,,672.7843465471892,442.69746725986124,670.1991596791548,323.67356089035803,Visage,Visage,0.0000,0.0000,0.0000,0.0000,0.0000,0.0000,-,-,-,-,-,-,-,-,visage/yeux,Local,7,visage/yeux,Local,7
10521,9479727.666,15:38:24:292,Trial020,Eye Tracking (ballon gauche).avi,39,GreenYellow,72.5269,Eye,87,87,,,676.0049139786835,292.03531246895375,662.6428000141211,358.72427919003104,-,-,0.0000,0.0000,0.0000,0.0000,0.0000,0.0000,-,-,-,-,-,-,-,-,-,-,-,-,-,-
10524,9479787.284,15:38:24:352,Trial020,Eye Tracking (ballon gauche).avi,39,GreenYellow,72.5269,Eye,87,87,,,676.0389003022941,411.7229397189228,669.0042805838087,412.21023183446084,-,-,0.0000,0.0000,0.0000,0.0000,0.0000,0.0000,-,-,-,-,-,-,-,-,-,-,-,-,-,-
10527,9479847.047,15:38:24:411,Trial020,Eye Tracking (ballon gauche).avi,39,GreenYellow,72.5269,Eye,87,87,,,675.1714594605805,384.72199221983755,671.2111887782168,451.98260376635255,-,-,0.0000,0.0000,0.0000,0.0000,0.0000,0.0000,-,-,-,-,-,-,-,-,-,-,-,-,-,-
10530,9479913.65,15:38:24:478,Trial020,Eye Tracking (ballon gauche).avi,39,GreenYellow,72.5269,Eye,87,87,,,684.9406516481145,463.184477578627,674.4405641873237,380.1170128853339,-,-,0.0000,0.0000,0.0000,0.0000,0.0000,0.0000,-,-,-,-,-,-,-,-,-,-,-,-,-,-
10533,9479966.291,15:38:24:531,Trial020,Eye Tracking (ballon gauche).avi,39,GreenYellow,72.5269,Eye,85,86,,,675.5425147279279,387.4986887819282,669.2276783409892,357.66916692639876,-,-,0.0000,0.0000,0.0000,0.0000,0.0000,0.0000,-,-,-,-,-,-,-,-,-,-,-,-,-,-
10536,9480026.04,15:38:24:590,Trial020,Eye Tracking (ballon gauche).avi,39,GreenYellow,72.5269,Eye,88,88,,,743.4682086597242,369.967242221058,745.6844906177009,384.44195234575824,-,-,0.0000,0.0000,0.0000,0.0000,0.0000,0.0000,-,-,-,-,-,-,-,-,-,-,-,-,-,-
10539,9480085.657,15:38:24:650,Trial020,Eye Tracking (ballon gauche).avi,39,GreenYellow,72.5269,Eye,88,88,,,802.0224856756375,354.1605390591613,806.9565481270396,373.43612405158905,-,-,0.0000,0.0000,0.0000,0.0000,0.0000,0.0000,-,-,-,-,-,-,-,-,-,-,-,-,-,-
10542,9480152.871,15:38:24:717,Trial020,Eye Tracking (ballon gauche).avi,39,GreenYellow,72.5269,Eye,88,88,,,843.435739982064,391.85952510358794,846.2500260121354,456.41202502039874,-,-,0.0000,0.0000,0.0000,0.0000,0.0000,0.0000,-,-,-,-,-,-,-,-,-,-,-,-,-,-
10545,9480205.032,15:38:24:769,Trial020,Eye Tracking (ballon gauche).avi,39,GreenYellow,72.5269,Eye,89,89,,,875.7979116490715,420.6369059497236,876.7907687469203,446.7464352499246,-,-,0.0000,0.0000,0.0000,0.0000,0.0000,0.0000,-,-,-,-,-,-,-,-,-,-,-,-,-,-
10548,9480271.029,15:38:24:835,Trial020,Eye Tracking (ballon gauche).avi,39,GreenYellow,72.5269,Eye,89,89,,,896.9684839791726,416.0203149473963,901.8695139524216,409.40452730012765,-,-,0.0000,0.0000,0.0000,0.0000,0.0000,0.0000,-,-,-,-,-,-,-,-,-,-,-,-,-,-
10551,9480324.405,15:38:24:889,Trial020,Eye Tracking (ballon gauche).avi,39,GreenYellow,72.5269,Eye,87,88,,,917.5085744302035,417.6937098587293,910.9096102474919,467.7677340627097,-,-,0.0000,0.0000,0.0000,0.0000,0.0000,0.0000,-,-,-,-,-,-,-,-,-,-,-,-,-,-
10554,9480384.078,15:38:24:948,Trial020,Eye Tracking (ballon gauche).avi,39,GreenYellow,72.5269,Eye,87,88,,,933.617700464142,430.30685213099383,921.3699516200547,493.5407721670113,-,-,0.0000,0.0000,0.0000,0.0000,0.0000,0.0000,-,-,-,-,-,-,-,-,-,-,-,-,-,-
10557,9480443.683,15:38:25:008,Trial020,Eye Tracking (ballon gauche).avi,39,GreenYellow,72.5269,Eye,90,90,,,938.0184344234292,462.20235932079265,925.6404789853186,437.77013649785044,-,-,0.0000,0.0000,0.0000,0.0000,0.0000,0.0000,-,-,-,-,-,-,-,-,-,-,-,-,-,-
10560,9480503.407,15:38:25:068,Trial020,Eye Tracking (ballon gauche).avi,39,GreenYellow,72.5269,Eye,90,90,,,942.5837770854232,472.5036311084207,937.5087327021365,351.9285262958841,-,-,0.0000,0.0000,0.0000,0.0000,0.0000,0.0000,-,-,-,-,-,-,-,-,-,-,-,-,-,-
10563,9480563.045,15:38:25:127,Trial020,Eye Tracking (ballon gauche).avi,39,GreenYellow,72.5269,Eye,90,90,,,936.6707751434632,451.12032847956687,936.1018199246967,485.357110020914,-,-,0.0000,0.0000,0.0000,0.0000,0.0000,0.0000,-,-,-,-,-,-,-,-,-,-,-,-,-,-
10566,9480622.796,15:38:25:187,Trial020,Eye Tracking (ballon gauche).avi,39,GreenYellow,72.5269,Eye,91,91,,,877.1263907319448,462.266777358363,881.5165524101719,337.71784133195337,-,-,0.0000,0.0000,0.0000,0.0000,0.0000,0.0000,-,-,-,-,-,-,-,-,-,-,-,-,-,-
10569,9480682.398,15:38:25:247,Trial020,Eye Tracking (ballon gauche).avi,39,GreenYellow,72.5269,Eye,91,91,,,830.0093961556328,357.17812516934646,835.9896510669835,422.66843711607834,-,-,0.0000,0.0000,0.0000,0.0000,0.0000,0.0000,-,-,-,-,-,-,-,-,-,-,-,-,-,-
10572,9480742.043,15:38:25:306,Trial020,Eye Tracking (ballon gauche).avi,39,GreenYellow,72.5269,Eye,91,91,,,799.8797461668393,361.82968781477103,804.9063149139165,378.02067755659976,-,-,0.0000,0.0000,0.0000,0.0000,0.0000,0.0000,-,-,-,-,-,-,-,-,-,-,-,-,-,-
10575,9480801.784,15:38:25:366,Trial020,Eye Tracking (ballon gauche).avi,39,GreenYellow,72.5269,Eye,91,91,,,773.5608284685944,318.8185546541077,777.1173294345681,374.1506480831664,-,-,0.0000,0.0000,0.0000,0.0000,0.0000,0.0000,-,-,-,-,-,-,-,-,-,-,-,-,-,-
10578,9480861.414,15:38:25:426,Trial020,Eye Tracking (ballon gauche).avi,39,GreenYellow,72.5269,Eye,89,90,,,755.1413140808985,337.5928997473018,760.6082080938269,367.4722046588926,-,-,0.0000,0.0000,0.0000,0.0000,0.0000,0.0000,-,-,-,-,-,-,-,-,-,-,-,-,-,-
10581,9480921.01,15:38:25:485,Trial020,Eye Tracking (ballon gauche).avi,39,GreenYellow,72.5269,Eye,92,92,,,736.7206685691644,409.30831579882073,739.9806956741801,362.4387062575829,Visage,Visage,0.0000,0.0000,0.0000,0.0000,0.0000,0.0000,-,-,-,-,-,-,-,-,visage/yeux,Local,7,visage/yeux,Local,7
10584,9481000.629,15:38:25:565,Trial020,Eye Tracking (ballon gauche).avi,39,GreenYellow,72.5269,Eye,92,92,,,714.0697947470655,425.0437498638338,720.0424465555456,386.1092924713742,Visage,Visage,0.0000,0.0000,0.0000,0.0000,0.0000,0.0000,-,-,-,-,-,-,-,-,visage/yeux,Local,7,visage/yeux,Local,7
10587,9481060.275,15:38:25:625,Trial020,Eye Tracking (ballon gauche).avi,39,GreenYellow,72.5269,Eye,92,92,,,699.4628673712111,298.9612053158576,702.0387629140968,426.46060788585737,Visage,Visage,0.0000,0.0000,0.0000,0.0000,0.0000,0.0000,-,-,-,-,-,-,-,-,visage/yeux,Local,7,visage/yeux,Local,7
10590,9481120.005,15:38:25:684,Trial020,Eye Tracking (ballon gauche).avi,39,GreenYellow,72.5269,Eye,90,91,,,687.898123958484,355.20698937865365,697.1499202861482,441.15900003226,-,-,0.0000,0.0000,0.0000,0.0000,0.0000,0.0000,-,-,-,-,-,-,-,-,-,-,-,-,-,-
10593,9481179.653,15:38:25:744,Trial020,Eye Tracking (ballon gauche).avi,39,GreenYellow,72.5269,Eye,93,93,,,671.2108429502172,468.655131372195,693.3446413577328,343.21959277469375,-,-,0.0000,0.0000,0.0000,0.0000,0.0000,0.0000,-,-,-,-,-,-,-,-,-,-,-,-,-,-
10596,9481239.387,15:38:25:804,Trial020,Eye Tracking (ballon gauche).avi,39,GreenYellow,72.5269,Eye,91,92,,,672.2615570272643,314.78801060190415,685.6920028249015,392.52702967327195,Visage,Visage,0.0000,0.0000,0.0000,0.0000,0.0000,0.0000,-,-,-,-,-,-,-,-,visage/yeux,Local,7,visage/yeux,Local,7
10599,9481299.026,15:38:25:863,Trial020,Eye Tracking (ballon gauche).avi,39,GreenYellow,72.5269,Eye,91,92,,,660.4332906473053,398.57145784272956,669.0615835798629,327.05408444559794,-,-,0.0000,0.0000,0.0000,0.0000,0.0000,0.0000,-,-,-,-,-,-,-,-,-,-,-,-,-,-
10602,9481358.629,15:38:25:923,Trial020,Eye Tracking (ballon gauche).avi,39,GreenYellow,72.5269,Eye,94,94,,,662.4204261499782,405.2364907461783,668.9995298693857,371.465949324612,-,-,0.0000,0.0000,0.0000,0.0000,0.0000,0.0000,-,-,-,-,-,-,-,-,-,-,-,-,-,-
10605,9481449.559,15:38:26:014,Trial020,Eye Tracking (ballon gauche).avi,39,GreenYellow,72.5269,Eye,94,94,,,662.2713251358977,475.6574053880957,673.5082064689044,292.4823857206215,-,-,0.0000,0.0000,0.0000,0.0000,0.0000,0.0000,-,-,-,-,-,-,-,-,-,-,-,-,-,-
10608,9481497.881,15:38:26:062,Trial020,Eye Tracking (ballon gauche).avi,39,GreenYellow,72.5269,Eye,94,94,,,665.075008267469,400.30436234139916,667.8666355397839,439.2519061083292,-,-,0.0000,0.0000,0.0000,0.0000,0.0000,0.0000,-,-,-,-,-,-,-,-,-,-,-,-,-,-
10611,9481557.626,15:38:26:122,Trial020,Eye Tracking (ballon gauche).avi,39,GreenYellow,72.5269,Eye,94,94,,,667.8719111413584,360.0281727237667,673.3829617329156,479.21123897653865,-,-,0.0000,0.0000,0.0000,0.0000,0.0000,0.0000,-,-,-,-,-,-,-,-,-,-,-,-,-,-
10614,9481617.266,15:38:26:182,Trial020,Eye Tracking (ballon gauche).avi,39,GreenYellow,72.5269,Eye,94,94,,,671.9907131571109,471.8055402053013,673.0330323240221,380.52983381646897,-,-,0.0000,0.0000,0.0000,0.0000,0.0000,0.0000,-,-,-,-,-,-,-,-,-,-,-,-,-,-
10617,9481676.886,15:38:26:241,Trial020,Eye Tracking (ballon gauche).avi,39,GreenYellow,72.5269,Eye,95,95,,,663.1896381836518,376.30859285570125,679.0644623247543,422.27910970576534,Visage,Visage,0.0000,0.0000,0.0000,0.0000,0.0000,0.0000,-,-,-,-,-,-,-,-,visage/yeux,Local,7,visage/yeux,Local,7
10620,9481736.639,15:38:26:301,Trial020,Eye Tracking (ballon gauche).avi,39,GreenYellow,72.5269,Eye,95,95,,,666.0345992353614,343.57970765905065,676.2758753639581,359.1800584526518,Visage,Visage,0.0000,0.0000,0.0000,0.0000,0.0000,0.0000,-,-,-,-,-,-,-,-,visage/yeux,Local,7,visage/yeux,Local,7
10623,9481796.251,15:38:26:361,Trial020,Eye Tracking (ballon gauche).avi,39,GreenYellow,72.5269,Eye,96,96,,,657.9126623111846,318.20138922267154,667.8617723485496,378.4882810179478,-,-,0.0000,0.0000,0.0000,0.0000,0.0000,0.0000,-,-,-,-,-,-,-,-,-,-,-,-,-,-
10626,9481855.881,15:38:26:420,Trial020,Eye Tracking (ballon gauche).avi,39,GreenYellow,72.5269,Eye,96,96,,,656.0749927716122,435.04306003477706,667.3033422979503,340.115364977305,Visage,Visage,0.0000,0.0000,0.0000,0.0000,0.0000,0.0000,-,-,-,-,-,-,-,-,visage/yeux,Local,7,visage/yeux,Local,7
10629,9481918.803,15:38:26:483,Trial020,Eye Tracking (ballon gauche).avi,39,GreenYellow,72.5269,Eye,94,95,,,556.244579613467,377.4409664344265,564.6658417582205,378.8160307820334,-,-,0.0000,0.0000,0.0000,0.0000,0.0000,0.0000,-,-,-,-,-,-,-,-,-,-,-,-,-,-
10632,9481975.245,15:38:26:540,Trial020,Eye Tracking (ballon gauche).avi,39,GreenYellow,72.5269,Eye,97,97,,,589.1919608049658,339.5020785820659,585.8414918709993,369.0768039799784,-,-,0.0000,0.0000,0.0000,0.0000,0.0000,0.0000,-,-,-,-,-,-,-,-,-,-,-,-,-,-
10635,9482035.004,15:38:26:599,Trial020,Eye Tracking (ballon gauche).avi,39,GreenYellow,72.5269,Eye,97,97,,,616.1571722540622,362.08548502877034,593.949382882313,389.6139206490191,-,-,0.0000,0.0000,0.0000,0.0000,0.0000,0.0000,-,-,-,-,-,-,-,-,-,-,-,-,-,-
10638,9482094.622,15:38:26:659,Trial020,Eye Tracking (ballon gauche).avi,39,GreenYellow,72.5269,Eye,95,96,,,617.9378774997375,365.2935053156498,611.7831709223816,385.58272652304896,-,-,0.0000,0.0000,0.0000,0.0000,0.0000,0.0000,-,-,-,-,-,-,-,-,-,-,-,-,-,-
10641,9482159.621,15:38:26:724,Trial020,Eye Tracking (ballon gauche).avi,39,GreenYellow,72.5269,Eye,95,96,,,527.6001107602635,265.1544416007537,522.9840808272465,349.56744389524755,-,-,0.0000,0.0000,0.0000,0.0000,0.0000,0.0000,-,-,-,-,-,-,-,-,-,-,-,-,-,-
10644,9482213.988,15:38:26:778,Trial020,Eye Tracking (ballon gauche).avi,39,GreenYellow,72.5269,Eye,95,96,,,566.0303462843316,429.1512363545437,551.8228749961982,331.5869256876392,-,-,0.0000,0.0000,0.0000,0.0000,0.0000,0.0000,-,-,-,-,-,-,-,-,-,-,-,-,-,-
10647,9482273.604,15:38:26:838,Trial020,Eye Tracking (ballon gauche).avi,39,GreenYellow,72.5269,Eye,95,96,,,594.8026793628645,375.6982375965779,579.1652204034231,372.1990694470667,-,-,0.0000,0.0000,0.0000,0.0000,0.0000,0.0000,-,-,-,-,-,-,-,-,-,-,-,-,-,-
10650,9482333.372,15:38:26:898,Trial020,Eye Tracking (ballon gauche).avi,39,GreenYellow,72.5269,Eye,98,98,,,613.4205828159752,462.30488792168074,603.7073212027694,371.7563563395191,-,-,0.0000,0.0000,0.0000,0.0000,0.0000,0.0000,-,-,-,-,-,-,-,-,-,-,-,-,-,-
10653,9482392.977,15:38:26:957,Trial020,Eye Tracking (ballon gauche).avi,39,GreenYellow,72.5269,Eye,98,98,,,617.7150877510572,439.3261345931805,620.483494515744,439.3936383019402,-,-,0.0000,0.0000,0.0000,0.0000,0.0000,0.0000,-,-,-,-,-,-,-,-,-,-,-,-,-,-
10656,9482452.62,15:38:27:017,Trial020,Eye Tracking (ballon gauche).avi,39,GreenYellow,72.5269,Eye,98,98,,,612.6689075810765,446.0173482291181,623.8654341043797,428.3330118152338,-,-,0.0000,0.0000,0.0000,0.0000,0.0000,0.0000,-,-,-,-,-,-,-,-,-,-,-,-,-,-
10659,9482512.352,15:38:27:077,Trial020,Eye Tracking (ballon gauche).avi,39,GreenYellow,72.5269,Eye,98,98,,,619.9830939414276,411.29541496925145,642.432047920329,328.2543744874464,-,-,0.0000,0.0000,0.0000,0.0000,0.0000,0.0000,-,-,-,-,-,-,-,-,-,-,-,-,-,-
10662,9482571.996,15:38:27:136,Trial020,Eye Tracking (ballon gauche).avi,39,GreenYellow,72.5269,Eye,98,98,,,630.0135236596568,392.7743612986199,649.2504612618125,459.57986118717497,-,-,0.0000,0.0000,0.0000,0.0000,0.0000,0.0000,-,-,-,-,-,-,-,-,-,-,-,-,-,-
10665,9482631.599,15:38:27:196,Trial020,Eye Tracking (ballon gauche).avi,39,GreenYellow,72.5269,Eye,96,97,,,637.4513682868333,369.8302004629602,647.6622211308669,342.5457532720957,-,-,0.0000,0.0000,0.0000,0.0000,0.0000,0.0000,-,-,-,-,-,-,-,-,-,-,-,-,-,-
10668,9482691.358,15:38:27:256,Trial020,Eye Tracking (ballon gauche).avi,39,GreenYellow,72.5269,Eye,96,97,,,641.7658275243696,392.7063829442255,642.9286117801053,330.6548566850123,-,-,0.0000,0.0000,0.0000,0.0000,0.0000,0.0000,-,-,-,-,-,-,-,-,-,-,-,-,-,-
10671,9482750.972,15:38:27:315,Trial020,Eye Tracking (ballon gauche).avi,39,GreenYellow,72.5269,Eye,96,97,,,648.9744427857133,466.3206726898232,646.5455410227447,419.11429838589476,-,-,0.0000,0.0000,0.0000,0.0000,0.0000,0.0000,-,-,-,-,-,-,-,-,-,-,-,-,-,-
10674,9482850.48,15:38:27:415,Trial020,Eye Tracking (ballon gauche).avi,39,GreenYellow,72.5269,Eye,99,99,,,648.6205639364355,387.29441584312974,650.7238228495595,421.1532118739043,-,-,0.0000,0.0000,0.0000,0.0000,0.0000,0.0000,-,-,-,-,-,-,-,-,-,-,-,-,-,-
10677,9482910.107,15:38:27:475,Trial020,Eye Tracking (ballon gauche).avi,39,GreenYellow,72.5269,Eye,99,99,,,643.2642027207761,466.6769863804017,654.6654605542873,370.7711553216932,-,-,0.0000,0.0000,0.0000,0.0000,0.0000,0.0000,-,-,-,-,-,-,-,-,-,-,-,-,-,-
10680,9482969.855,15:38:27:534,Trial020,Eye Tracking (ballon gauche).avi,39,GreenYellow,72.5269,Eye,97,98,,,645.6467959689897,400.5223651180074,650.0715296886156,484.72032178254653,-,-,0.0000,0.0000,0.0000,0.0000,0.0000,0.0000,-,-,-,-,-,-,-,-,-,-,-,-,-,-
10683,9483049.35,15:38:27:614,Trial020,Eye Tracking (ballon gauche).avi,39,GreenYellow,72.5269,Eye,97,98,,,649.6266931390453,499.7451803873814,651.4348374026712,347.32426503709644,-,-,0.0000,0.0000,0.0000,0.0000,0.0000,0.0000,-,-,-,-,-,-,-,-,-,-,-,-,-,-
10686,9483148.86,15:38:27:713,Trial020,Eye Tracking (ballon gauche).avi,39,GreenYellow,72.5269,Eye,97,98,,,657.1174953655396,472.357210549344,657.6779804957655,398.4813395490552,-,-,0.0000,0.0000,0.0000,0.0000,0.0000,0.0000,-,-,-,-,-,-,-,-,-,-,-,-,-,-
10689,9483208.484,15:38:27:773,Trial020,Eye Tracking (ballon gauche).avi,39,GreenYellow,72.5269,Eye,97,98,,,660.7333748405312,531.0029143886384,665.2261401988511,438.2695222503349,-,-,0.0000,0.0000,0.0000,0.0000,0.0000,0.0000,-,-,-,-,-,-,-,-,-,-,-,-,-,-
10692,9483268.23,15:38:27:833,Trial020,Eye Tracking (ballon gauche).avi,39,GreenYellow,72.5269,Eye,97,98,,,663.5808647491374,361.45059754935033,668.1135878019378,389.84848870084676,-,-,0.0000,0.0000,0.0000,0.0000,0.0000,0.0000,-,-,-,-,-,-,-,-,-,-,-,-,-,-
10695,9483327.85,15:38:27:892,Trial020,Eye Tracking (ballon gauche).avi,39,GreenYellow,72.5269,Eye,97,98,,,658.2816895828159,428.3494262221913,660.4028687595192,477.28245048668276,Visage,Visage,0.0000,0.0000,0.0000,0.0000,0.0000,0.0000,-,-,-,-,-,-,-,-,visage/yeux,Local,7,visage/yeux,Local,7
